contradiction_id,node_id_1,node_id_2,relationship_type,description,conflicting_sources,resolution_status
CONTR_1,,,contradicts,Противоречие между использованием боковых анкеров и их негативным влиянием на массив,Доклад_Румянцев А.Е.pdf,open
CONTR_2,,,contradicts,,Доклад_Румянцев А.Е.pdf,open
CONTR_3,,,contradicts,,НДС Комсомольский.pdf,open
CONTR_4,,,contradicts,Разные нормативные документы и научные исследования принимают в качестве значения пиковой скорости V разные показатели.,Доклад_Федосеев А.В.pdf,open
CONTR_5,,,contradicts,,Презентация для  научного совета.pptx,open
CONTR_6,,,contradicts,Ограниченность справочной информации о свойствах соединений платиновых металлов,Презентация для  научного совета.pptx,open
CONTR_7,,,contradicts,,Презентация Измерение НДС Техсовет.pdf,open
CONTR_8,,,contradicts,Проблемы и сложности при измерениях методом overcoring,Презентация Измерение НДС Техсовет.pdf,open
CONTR_9,,,contradicts,,Презентация Измерение НДС Техсовет.pdf,open
CONTR_10,,,contradicts,,Прогнозирование_участков_концентрации_напряжений_в_массиве_горных.pptx,open
CONTR_11,,,contradicts,Разные нормативные документы и научные исследования принимают в качестве значения пиковой скорости V разные показатели,Презентация Тяпкина ПА.pptx,open
CONTR_12,,,contradicts,Природная нестационарность исходных геотехнических данных исключает возможность использования геостатистических методов интерполяции,Трофимов А.В. Опыт создания блочных геомеханических моделей в ГГИС.pdf,open
CONTR_13,,,contradicts,Противоречие в прогнозировании сейсмособытий малой энергии,Прогнозирование_участков_концентрации_напряжений_в_массиве_горных.pptx,open
CONTR_14,,,contradicts,Влияние стального обсадного трубопровода на точность определения азимута,Трофимов А.В. Опыт создания блочных геомеханических моделей в ГГИС.pdf,open
CONTR_15,,,contradicts,Стандартные модули для обработки записей землетрясений в ПК SCAD Office и ЛИРА 10 не позволяют получить корректные сейсмограммы из инструментальных акселерограмм,Тяпкина ПА_Пермь_Зимняя школа.pdf,open
CONTR_16,,,contradicts,Нет противоречий в предоставленном тексте.,ГП № 1-2024.pdf,open
CONTR_17,,,contradicts,,ГП № 1-2024.pdf,open
CONTR_18,,,contradicts,,ГП № 1-2024.pdf,open
CONTR_19,,,contradicts,,ГП № 1-2024.pdf,open
CONTR_20,,,contradicts,Нет противоречий,ГП № 1-2024.pdf,open
CONTR_21,,,contradicts,,ГП № 1-2024.pdf,open
CONTR_22,,,contradicts,,ГП № 1-2024.pdf,open
CONTR_23,,,contradicts,,ГП № 1-2024.pdf,open
CONTR_24,,,contradicts,Отсутствие отечественных нормативных подходов к использованию крупногабаритных шин (КГШ) в горной промышленности,ГП № 1-2024.pdf,open
CONTR_25,,,contradicts,,ГП № 1-2024.pdf,open
CONTR_26,,,contradicts,,ГП № 1-2024.pdf,open
CONTR_27,,,contradicts,,ГП № 1-2024.pdf,open
CONTR_28,,,contradicts,Определение содержания органического углерода требует сложных лабораторных анализов,ГП № 1-2024.pdf,open
CONTR_29,,,contradicts,,ГП № 1-2024.pdf,open
CONTR_30,,,contradicts,,ГП № 1-2024.pdf,open
CONTR_31,,,contradicts,"Выбор минимального значения наработки до отказа не оправдан экономически, а выбор максимального увеличивает вероятность аварийного отказа",ГП № 1-2024.pdf,open
CONTR_32,,,contradicts,Существующие методики определения межремонтного периода не учитывают влияния горнотехнических условий функционирования техники.,ГП № 1-2024.pdf,open
CONTR_33,,,contradicts,,ГП № 1-2024.pdf,open
CONTR_34,,,contradicts,Вопросы оценки минимального промышленного и бортового содержания ценных компонентов и вредных примесей в рудах при переходе на циклично-поточную технологию остаются недостаточно изученными.,ГП № 1-2024.pdf,open
CONTR_35,,,contradicts,,ГП № 1-2024.pdf,open
CONTR_36,,,contradicts,,ГП № 1-2024.pdf,open
CONTR_37,,,contradicts,,ГП № 1-2024.pdf,open
CONTR_38,,,contradicts,,ГП № 1-2024.pdf,open
CONTR_39,,,contradicts,,ГП № 1-2024.pdf,open
CONTR_40,,,contradicts,,ГП № 1-2024.pdf,open
CONTR_41,,,contradicts,"Противоречие между необходимостью развития золотодобывающей отрасли и сдерживающими факторами, такими как плоская шкала корпоративных налогов",ГП № 1-2024.pdf,open
CONTR_42,,,contradicts,,ГП № 1-2024.pdf,open
CONTR_43,,,contradicts,,ГП № 1-2024.pdf,open
CONTR_44,,,contradicts,Противоречие в способности диатомитов адсорбировать тяжёлые металлы,ГП № 1-2024.pdf,open
CONTR_45,,,contradicts,Противоречий в тексте не обнаружено.,ГП № 1-2024.pdf,open
CONTR_46,,,contradicts,,ГП № 1-2024.pdf,open
CONTR_47,,,contradicts,,ГП № 1-2024.pdf,open
CONTR_48,,,contradicts,Влияние скорости нагружения на прочность скальных пород,ГП № 1-2024.pdf,open
CONTR_49,,,contradicts,Отсутствие противоречий в представленном тексте.,ГП № 1-2024.pdf,open
CONTR_50,,,contradicts,,ГП № 1-2024.pdf,open
CONTR_51,,,contradicts,,ГП № 1-2024.pdf,open
CONTR_52,,,contradicts,нет противоречий,ГП № 1-2024.pdf,open
CONTR_53,,,contradicts,,ГП № 1-2024.pdf,open
CONTR_54,,,contradicts,,ГП № 1-2024.pdf,open
CONTR_55,,,contradicts,Меньшие потери при валовой отработке пластов приводят к значительному увеличению разубоживания угля.,ГП № 1-2024.pdf,open
CONTR_56,,,contradicts,Изменение геометрии футеровок нижнего ряда чаши дробилок,ГП № 1-2024.pdf,open
CONTR_57,,,contradicts,,ГП № 2-2024.pdf,open
CONTR_58,,,contradicts,,ГП № 2-2024.pdf,open
CONTR_59,,,contradicts,,ГП № 2-2024.pdf,open
CONTR_60,,,contradicts,,ГП № 2-2024.pdf,open
CONTR_61,,,contradicts,Изначально результаты тестовой эксплуатации шин Triangle были неоднозначными,ГП № 2-2024.pdf,open
CONTR_62,,,contradicts,Отсутствие необходимых функций в программном обеспечении Micromine,ГП № 2-2024.pdf,open
CONTR_63,,,contradicts,,ГП № 2-2024.pdf,open
CONTR_64,,,contradicts,Нет информации о противоречиях,ГП № 2-2024.pdf,open
CONTR_65,,,contradicts,Противоречия в подходах к разработке АСУ,ГП № 2-2024.pdf,open
CONTR_66,,,contradicts,Конкуренция на рынке редукторов в России,ГП № 2-2024.pdf,open
CONTR_67,,,contradicts,,ГП № 2-2024.pdf,open
CONTR_68,,,contradicts,Противоречия между самостоятельными разработками и обращением к вендору,ГП № 2-2024.pdf,open
CONTR_69,,,contradicts,,ГП № 2-2024.pdf,open
CONTR_70,,,contradicts,Проблемы с сертификацией комплектующих,ГП № 2-2024.pdf,open
CONTR_71,,,contradicts,,ГП № 2-2024.pdf,open
CONTR_72,,,contradicts,Отсутствие готовых эффективных решений по регенерации некондиционных эмульсионных матриц в России,ГП № 2-2024.pdf,open
CONTR_73,,,contradicts,Отсутствие законодательно закрепленной утилизации эмульсионной матрицы в Российской Федерации,ГП № 2-2024.pdf,open
CONTR_74,,,contradicts,Нет противоречий в статье,ГП № 2-2024.pdf,open
CONTR_75,,,contradicts,,ГП № 2-2024.pdf,open
CONTR_76,,,contradicts,"Ходимость шин из дружественных стран меньше, чем у проверенных импортных брендов",ГП № 2-2024.pdf,open
CONTR_77,,,contradicts,,ГП № 2-2024.pdf,open
CONTR_78,,,contradicts,,ГП № 2-2024.pdf,open
CONTR_79,,,contradicts,,ГП № 2-2024.pdf,open
CONTR_80,,,contradicts,,ГП № 2-2024.pdf,open
CONTR_81,,,contradicts,Сопротивление руководителей производственных подразделений организации деятельности по формированию контуров контроля технологического процесса,ГП № 2-2024.pdf,open
CONTR_82,,,contradicts,,ГП № 2-2024.pdf,open
CONTR_83,,,contradicts,Проблемы при использовании компримированного природного газа в условиях экстремально низких температур,ГП № 2-2024.pdf,open
CONTR_84,,,contradicts,,ГП № 2-2024.pdf,open
CONTR_85,,,contradicts,Отсутствие технических решений для использования газобаллонного оборудования в условиях переменных термобарических условий,ГП № 2-2024.pdf,open
CONTR_86,,,contradicts,,ГП № 2-2024.pdf,open
CONTR_87,,,contradicts,Общепринятый подход к учёту местных сопротивлений требует уточнения с учётом существующих условий ведения горных работ.,ГП № 2-2024.pdf,open
CONTR_88,,,contradicts,,ГП № 2-2024.pdf,open
CONTR_89,,,contradicts,Нет противоречий,ГП № 2-2024.pdf,open
CONTR_90,,,contradicts,,ГП № 2-2024.pdf,open
CONTR_91,,,contradicts,Необходимость пересмотра допущений о местных сопротивлениях в угольных шахтах,ГП № 2-2024.pdf,open
CONTR_92,,,contradicts,,ГП № 2-2024.pdf,open
CONTR_93,,,contradicts,,ГП № 2-2024.pdf,open
CONTR_94,,,contradicts,Противоречий в тексте не обнаружено,ГП № 2-2024.pdf,open
CONTR_95,,,contradicts,,ГП № 2-2024.pdf,open
CONTR_96,,,contradicts,Фактический угол растекания сгущенных хвостов отличается от проектного,ГП № 2-2024.pdf,open
CONTR_97,,,contradicts,Редкая замена насоса может привести к значительному увеличению расхода топлива и снижению производительности экскаватора,ГП № 2-2024.pdf,open
CONTR_98,,,contradicts,Отсутствие методов установления оптимальных наработок между заменами насосов гидравлического экскаватора,ГП № 2-2024.pdf,open
CONTR_99,,,contradicts,Изменение реологических параметров сгущенных хвостов в зависимости от места отбора проб,ГП № 2-2024.pdf,open
CONTR_100,,,contradicts,Противоречий в тексте не обнаружено,ГП № 2-2024.pdf,open
CONTR_101,,,contradicts,"Несоответствие параметров, создаваемых намывом искусственных массивов, по сравнению с проектными решениями",ГП № 2-2024.pdf,open
CONTR_102,,,contradicts,,ГП № 2-2024.pdf,open
CONTR_103,,,contradicts,,ГП № 2-2024.pdf,open
CONTR_104,,,contradicts,,ГП № 2-2024.pdf,open
CONTR_105,,,contradicts,,ГП № 2-2024.pdf,open
CONTR_106,,,contradicts,,ГП № 2-2024.pdf,open
CONTR_107,,,contradicts,,ГП № 2-2024.pdf,open
CONTR_108,,,contradicts,,ГП № 2-2024.pdf,open
CONTR_109,,,contradicts,,ГП № 2-2024.pdf,open
CONTR_110,,,contradicts,Необходимость учета особенностей технологии изготовления деталей соединений и специфики применяемых материалов при разработке предложений по повышению ресурса рабочих колес и других быстроизнашиваемых элементов.,ГП № 2-2024.pdf,open
CONTR_111,,,contradicts,,ГП № 2-2024.pdf,open
CONTR_112,,,contradicts,,ГП № 2-2024.pdf,open
CONTR_113,,,contradicts,Противоречия в данных о выбросах СО2,ГП № 2-2024.pdf,open
CONTR_114,,,contradicts,Противоречия между владельцем ресурса и инвестором по поводу оценки стоимости месторождения и распределения доходов,ГП № 2-2024.pdf,open
CONTR_115,,,contradicts,"Отсутствие правовых норм выделения, расчёта, определения границ горной ренты и её составляющих типов.",ГП № 2-2024.pdf,open
CONTR_116,,,contradicts,Противоречие в оценках ассимиляционного потенциала лесных экосистем,ГП № 2-2024.pdf,open
CONTR_117,,,contradicts,"Противоречие между стоимостной оценкой стоимости капитала и премии за капитал и приростом запасов, ростом цены на продукт, окупаемостью капитала, ростом производства и производительности",ГП № 2-2024.pdf,open
CONTR_118,,,contradicts,"Противоречие между системой окупаемости капитала и системой кодов западного типа, которая оценивает резервы как часть ресурсов, извлекаемых при экономической приемлемости.",ГП № 2-2024.pdf,open
CONTR_119,,,contradicts,Отсутствие общепризнанного мнения о горной ренте и её распределении.,ГП № 2-2024.pdf,open
CONTR_120,,,contradicts,,ГП № 3-2024.pdf,open
CONTR_121,,,contradicts,,ГП № 3-2024.pdf,open
CONTR_122,,,contradicts,,ГП № 3-2024.pdf,open
CONTR_123,,,contradicts,,ГП № 3-2024.pdf,open
CONTR_124,,,contradicts,,ГП № 3-2024.pdf,open
CONTR_125,,,contradicts,Нет противоречий в предоставленном тексте.,ГП № 3-2024.pdf,open
CONTR_126,,,contradicts,,ГП № 3-2024.pdf,open
CONTR_127,,,contradicts,,ГП № 3-2024.pdf,open
CONTR_128,,,contradicts,,ГП № 3-2024.pdf,open
CONTR_129,,,contradicts,Ограничение области применения устройств выявления повреждённой фазы,ГП № 3-2024.pdf,open
CONTR_130,,,contradicts,Ограниченность защитной функции коммутационного устройства,ГП № 3-2024.pdf,open
CONTR_131,,,contradicts,Нет противоречий в тексте,ГП № 3-2024.pdf,open
CONTR_132,,,contradicts,,ГП № 3-2024.pdf,open
CONTR_133,,,contradicts,,ГП № 3-2024.pdf,open
CONTR_134,,,contradicts,Противоречие между стремлением свести габариты и металлоемкость ДПУ к минимуму и риском «подпрессовки» дробилки рудой из разгрузочного бункера,ГП № 3-2024.pdf,open
CONTR_135,,,contradicts,,ГП № 3-2024.pdf,open
CONTR_136,,,contradicts,Нет противоречий,ГП № 3-2024.pdf,open
CONTR_137,,,contradicts,,ГП № 3-2024.pdf,open
CONTR_138,,,contradicts,,ГП № 3-2024.pdf,open
CONTR_139,,,contradicts,,ГП № 3-2024.pdf,open
CONTR_140,,,contradicts,,ГП № 3-2024.pdf,open
CONTR_141,,,contradicts,"Преобразование Фурье не обеспечивает информацией о тренде изменения частотных параметров со временем, что необходимо для прогнозных оценок.",ГП № 3-2024.pdf,open
CONTR_142,,,contradicts,Сложности применения искусственных нейронных сетей в анализе сигналов,ГП № 3-2024.pdf,open
CONTR_143,,,contradicts,,ГП № 3-2024.pdf,open
CONTR_144,,,contradicts,,ГП № 3-2024.pdf,open
CONTR_145,,,contradicts,,ГП № 3-2024.pdf,open
CONTR_146,,,contradicts,,ГП № 3-2024.pdf,open
CONTR_147,,,contradicts,,ГП № 3-2024.pdf,open
CONTR_148,,,contradicts,Определение объема цифровых технологий для внедрения,ГП № 3-2024.pdf,open
CONTR_149,,,contradicts,Оценка экономической целесообразности цифровизации может быть затруднена из-за множества факторов.,ГП № 3-2024.pdf,open
CONTR_150,,,contradicts,Влияние человеческого фактора на качество компонентов взрывчатого вещества,ГП № 3-2024.pdf,open
CONTR_151,,,contradicts,,ГП № 3-2024.pdf,open
CONTR_152,,,contradicts,нет противоречий,ГП № 3-2024.pdf,open
CONTR_153,,,contradicts,Противоречия в трактовке термина 'геоинформатика'.,ГП № 3-2024.pdf,open
CONTR_154,,,contradicts,,ГП № 3-2024.pdf,open
CONTR_155,,,contradicts,,ГП № 3-2024.pdf,open
CONTR_156,,,contradicts,Недостаточность информации о месторождении может привести к снижению ожидаемых технико-экономических показателей проекта,ГП № 3-2024.pdf,open
CONTR_157,,,contradicts,Недостаточность знаний о месторождении ведет к неопределенности и риску недостижения проектных показателей.,ГП № 3-2024.pdf,open
CONTR_158,,,contradicts,,ГП № 3-2024.pdf,open
CONTR_159,,,contradicts,,ГП № 3-2024.pdf,open
CONTR_160,,,contradicts,,ГП № 3-2024.pdf,open
CONTR_161,,,contradicts,,ГП № 3-2024.pdf,open
CONTR_162,,,contradicts,,ГП № 3-2024.pdf,open
CONTR_163,,,contradicts,,ГП № 3-2024.pdf,open
CONTR_164,,,contradicts,,ГП № 3-2024.pdf,open
CONTR_165,,,contradicts,,ГП № 3-2024.pdf,open
CONTR_166,,,contradicts,Влияние экологических требований на производство оксида магния в Китае,ГП № 3-2024.pdf,open
CONTR_167,,,contradicts,,ГП № 3-2024.pdf,open
CONTR_168,,,contradicts,Ограниченные возможности добычи природного магнезитового сырья и необходимость использования альтернативных техногенных источников сырья.,ГП № 3-2024.pdf,open
CONTR_169,,,contradicts,,ГП № 3-2024.pdf,open
CONTR_170,,,contradicts,Противоречия в углах наклона траектории отработки забоя для механических лопат,ГП № 3-2024.pdf,open
CONTR_171,,,contradicts,,ГП № 3-2024.pdf,open
CONTR_172,,,contradicts,Проблемы развития угольной компании,ГП № 3-2024.pdf,open
CONTR_173,,,contradicts,,ГП № 3-2024.pdf,open
CONTR_174,,,contradicts,,ГП № 4-2024.pdf,open
CONTR_175,,,contradicts,,ГП № 4-2024.pdf,open
CONTR_176,,,contradicts,,ГП № 4-2024.pdf,open
CONTR_177,,,contradicts,,ГП № 4-2024.pdf,open
CONTR_178,,,contradicts,,ГП № 4-2024.pdf,open
CONTR_179,,,contradicts,,ГП № 4-2024.pdf,open
CONTR_180,,,contradicts,,ГП № 4-2024.pdf,open
CONTR_181,,,contradicts,,ГП № 4-2024.pdf,open
CONTR_182,,,contradicts,,ГП № 4-2024.pdf,open
CONTR_183,,,contradicts,Срыв поставок техники иностранными поставщиками,ГП № 4-2024.pdf,open
CONTR_184,,,contradicts,,ГП № 4-2024.pdf,open
CONTR_185,,,contradicts,,ГП № 4-2024.pdf,open
CONTR_186,,,contradicts,,ГП № 4-2024.pdf,open
CONTR_187,,,contradicts,,ГП № 4-2024.pdf,open
CONTR_188,,,contradicts,Проблема высоких температур в шахтах,ГП № 4-2024.pdf,open
CONTR_189,,,contradicts,Противоречие между использованием традиционных и новых источников энергии.,ГП № 4-2024.pdf,open
CONTR_190,,,contradicts,,ГП № 4-2024.pdf,open
CONTR_191,,,contradicts,,ГП № 4-2024.pdf,open
CONTR_192,,,contradicts,,ГП № 4-2024.pdf,open
CONTR_193,,,contradicts,,ГП № 4-2024.pdf,open
CONTR_194,,,contradicts,,ГП № 4-2024.pdf,open
CONTR_195,,,contradicts,,ГП № 4-2024.pdf,open
CONTR_196,,,contradicts,,ГП № 4-2024.pdf,open
CONTR_197,,,contradicts,Отсутствие информации о конкретных технологиях и их эффективности,ГП № 4-2024.pdf,open
CONTR_198,,,contradicts,,ГП № 4-2024.pdf,open
CONTR_199,,,contradicts,Нет противоречий,ГП № 4-2024.pdf,open
CONTR_200,,,contradicts,,ГП № 4-2024.pdf,open
CONTR_201,,,contradicts,,ГП № 4-2024.pdf,open
CONTR_202,,,contradicts,,ГП № 4-2024.pdf,open
CONTR_203,,,contradicts,Связь между частотой схода оползней и площадью водосбора не обнаружена.,ГП № 4-2024.pdf,open
CONTR_204,,,contradicts,Отсутствие требований к элементарному расчёту естественного проветривания в ФНиП,ГП № 4-2024.pdf,open
CONTR_205,,,contradicts,,ГП № 4-2024.pdf,open
CONTR_206,,,contradicts,,ГП № 4-2024.pdf,open
CONTR_207,,,contradicts,,ГП № 4-2024.pdf,open
CONTR_208,,,contradicts,,ГП № 4-2024.pdf,open
CONTR_209,,,contradicts,,ГП № 4-2024.pdf,open
CONTR_210,,,contradicts,Противоречие между необходимостью водопонижения и его негативным воздействием на окружающую среду.,ГП № 4-2024.pdf,open
CONTR_211,,,contradicts,,ГП № 4-2024.pdf,open
CONTR_212,,,contradicts,,ГП № 4-2024.pdf,open
CONTR_213,,,contradicts,Нет противоречий,ГП № 4-2024.pdf,open
CONTR_214,,,contradicts,,ГП № 4-2024.pdf,open
CONTR_215,,,contradicts,,ГП № 4-2024.pdf,open
CONTR_216,,,contradicts,,ГП № 4-2024.pdf,open
CONTR_217,,,contradicts,,ГП № 4-2024.pdf,open
CONTR_218,,,contradicts,Не выявлена прямая зависимость между температурой пород и концентрацией оксида углерода.,ГП № 4-2024.pdf,open
CONTR_219,,,contradicts,,ГП № 4-2024.pdf,open
CONTR_220,,,contradicts,Отсутствие четкой зависимости между температурой пород и концентрацией оксида углерода,ГП № 4-2024.pdf,open
CONTR_221,,,contradicts,Отсутствие прямой зависимости между температурой пород и концентрацией выделяющегося оксида углерода,ГП № 4-2024.pdf,open
CONTR_222,,,contradicts,,ГП № 4-2024.pdf,open
CONTR_223,,,contradicts,,ГП № 4-2024.pdf,open
CONTR_224,,,contradicts,,ГП № 4-2024.pdf,open
CONTR_225,,,contradicts,Сложность определения генезиса провалов в регионах с развитой горнодобывающей промышленностью,ГП № 4-2024.pdf,open
CONTR_226,,,contradicts,,ГП № 4-2024.pdf,open
CONTR_227,,,contradicts,,ГП № 4-2024.pdf,open
CONTR_228,,,contradicts,,ГП № 4-2024.pdf,open
CONTR_229,,,contradicts,Противоречие между расчетными размерами зон необратимых деформаций и экспериментальными данными,ГП № 4-2024.pdf,open
CONTR_230,,,contradicts,Нет противоречий,ГП № 4-2024.pdf,open
CONTR_231,,,contradicts,Эффективность цифровых решений в горном производстве,ГП № 4-2024.pdf,open
CONTR_232,,,contradicts,Сложность перехода на удаленное управление,ГП № 4-2024.pdf,open
CONTR_233,,,contradicts,Условность разделения проекта на этапы,ГП № 4-2024.pdf,open
CONTR_234,,,contradicts,,ГП № 4-2024.pdf,open
CONTR_235,,,contradicts,Нет противоречий,ГП № 4-2024.pdf,open
CONTR_236,,,contradicts,,ГП № 5-2024.pdf,open
CONTR_237,,,contradicts,,ГП № 5-2024.pdf,open
CONTR_238,,,contradicts,,ГП № 5-2024.pdf,open
CONTR_239,,,contradicts,,ГП № 5-2024.pdf,open
CONTR_240,,,contradicts,,ГП № 5-2024.pdf,open
CONTR_241,,,contradicts,,ГП № 5-2024.pdf,open
CONTR_242,,,contradicts,,ГП № 5-2024.pdf,open
CONTR_243,,,contradicts,,ГП № 5-2024.pdf,open
CONTR_244,,,contradicts,Противоречия в классификациях прочностных свойств горных пород,ГП № 5-2024.pdf,open
CONTR_245,,,contradicts,Результаты расчета скорости детонации ЭВВ оказываются завышенными либо существенно заниженными по отношению к экспериментально измеренным значениям.,ГП № 5-2024.pdf,open
CONTR_246,,,contradicts,,ГП № 5-2024.pdf,open
CONTR_247,,,contradicts,Отсутствие единых принципов в организации АСУ и различные типы ЭВМ вызывают несовместимость ПО,ГП № 5-2024.pdf,open
CONTR_248,,,contradicts,,ГП № 5-2024.pdf,open
CONTR_249,,,contradicts,Противоречие между системами разработки,ГП № 5-2024.pdf,open
CONTR_250,,,contradicts,Противоречия в параметрах временного предохранительного целика на рудниках «Мир» и «Пионер»,ГП № 5-2024.pdf,open
CONTR_251,,,contradicts,,ГП № 5-2024.pdf,open
CONTR_252,,,contradicts,,ГП № 5-2024.pdf,open
CONTR_253,,,contradicts,,ГП № 5-2024.pdf,open
CONTR_254,,,contradicts,,ГП № 5-2024.pdf,open
CONTR_255,,,contradicts,Низкая заинтересованность в переработке отходов,ГП № 5-2024.pdf,open
CONTR_256,,,contradicts,"Зарубежные страны обладают меньшими территориями и высокой плотностью населения, в отличие от России, где отходы часто находятся далеко от глаз общественности и не вызывают беспокойства.",ГП № 5-2024.pdf,open
CONTR_257,,,contradicts,Низкая заинтересованность в переработке или использовании промышленных отходов,ГП № 5-2024.pdf,open
CONTR_258,,,contradicts,,ГП № 5-2024.pdf,open
CONTR_259,,,contradicts,Существующие подходы к определению зон наведенной трещиноватости являются весьма ориентировочными и не учитывают глубину расположения взрываемого заряда.,ГП № 5-2024.pdf,open
CONTR_260,,,contradicts,Противоречия между различными моделями для оценки зон разрушения вокруг удлиненного скважинного заряда.,ГП № 5-2024.pdf,open
CONTR_261,,,contradicts,,ГП № 5-2024.pdf,open
CONTR_262,,,contradicts,Отсутствие единого представления о механизме разрушения среды при взрыве,ГП № 5-2024.pdf,open
CONTR_263,,,contradicts,,ГП № 5-2024.pdf,open
CONTR_264,,,contradicts,,ГП № 5-2024.pdf,open
CONTR_265,,,contradicts,,ГП № 5-2024.pdf,open
CONTR_266,,,contradicts,,ГП № 5-2024.pdf,open
CONTR_267,,,contradicts,Низкий уровень осведомленности о проектах и инициативах в области экологии среди респондентов.,ГП № 5-2024.pdf,open
CONTR_268,,,contradicts,Противоречие между устойчивостью связи инновационности с этнокультурным фактором и возможностью его купирования при целенаправленной работе.,ГП № 5-2024.pdf,open
CONTR_269,,,contradicts,,ГП № 5-2024.pdf,open
CONTR_270,,,contradicts,"Различия в оценках запасов нефти, полученных разными методами",ГП № 5-2024.pdf,open
CONTR_271,,,contradicts,,ГП № 5-2024.pdf,open
CONTR_272,,,contradicts,Расхождения между прогнозируемыми и реальными запасами нефти при использовании объемного метода.,ГП № 5-2024.pdf,open
CONTR_273,,,contradicts,Различия в оценках запасов нефти при применении объёмного метода,ГП № 5-2024.pdf,open
CONTR_274,,,contradicts,Нет противоречий в тексте.,ГП № 5-2024.pdf,open
CONTR_275,,,contradicts,,ГП № 5-2024.pdf,open
CONTR_276,,,contradicts,Нет противоречий в тексте,ГП № 5-2024.pdf,open
CONTR_277,,,contradicts,,ГП № 5-2024.pdf,open
CONTR_278,,,contradicts,,ГП № 5-2024.pdf,open
CONTR_279,,,contradicts,,ГП № 5-2024.pdf,open
CONTR_280,,,contradicts,Противоречий в тексте не обнаружено,ГП № 5-2024.pdf,open
CONTR_281,,,contradicts,,ГП № 5-2024.pdf,open
CONTR_282,,,contradicts,,ГП № 5-2024.pdf,open
CONTR_283,,,contradicts,,ГП № 5-2024.pdf,open
CONTR_284,,,contradicts,Неясность генезиса ДКП-2019,ГП № 5-2024.pdf,open
CONTR_285,,,contradicts,,ГП № 5-2024.pdf,open
CONTR_286,,,contradicts,Отсутствие однозначных объяснений резкого роста изменений площади провала в четвертый год измерений,ГП № 5-2024.pdf,open
CONTR_287,,,contradicts,,ГП № 5-2024.pdf,open
CONTR_288,,,contradicts,,ГП № 5-2024.pdf,open
CONTR_289,,,contradicts,,ГП № 5-2024.pdf,open
CONTR_290,,,contradicts,,ГП № 5-2024.pdf,open
CONTR_291,,,contradicts,,ГП № 5-2024.pdf,open
CONTR_292,,,contradicts,,ГП № 5-2024.pdf,open
CONTR_293,,,contradicts,Противоречий в тексте не обнаружено.,ГП № 5-2024.pdf,open
CONTR_294,,,contradicts,Отсутствие апробированных методик и рекомендаций по оценке режимов работы карьерных экскаваторов в Узбекистане,ГП № 5-2024.pdf,open
CONTR_295,,,contradicts,,ГП № 5-2024.pdf,open
CONTR_296,,,contradicts,,ГП № 5-2024.pdf,open
CONTR_297,,,contradicts,Противоречие в представлениях о структуре угольных пластов,ГП № 5-2024.pdf,open
CONTR_298,,,contradicts,Свойства и признаки в рекомендациях не отражают свойств газодинамической опасности.,ГП № 5-2024.pdf,open
CONTR_299,,,contradicts,Противоречие в достоверности определения свойств угля в пласте,ГП № 5-2024.pdf,open
CONTR_300,,,contradicts,Противоречие в определении газодинамического явления и горного удара,ГП № 5-2024.pdf,open
CONTR_301,,,contradicts,Противоречие между теоретическими концепциями и применяемыми методами предотвращения газодинамических явлений,ГП № 5-2024.pdf,open
CONTR_302,,,contradicts,,ГП № 5-2024.pdf,open
CONTR_303,,,contradicts,"Противоречие между существующими представлениями о газодинамических явлениях и новой гипотезой, сформулированной в статье.",ГП № 5-2024.pdf,open
CONTR_304,,,contradicts,,ГП № 5-2024.pdf,open
CONTR_305,,,contradicts,,ГП № 5-2024.pdf,open
CONTR_306,,,contradicts,,ГП № 6-2024.pdf,open
CONTR_307,,,contradicts,,ГП № 6-2024.pdf,open
CONTR_308,,,contradicts,,ГП № 6-2024.pdf,open
CONTR_309,,,contradicts,,ГП № 6-2024.pdf,open
CONTR_310,,,contradicts,Проблема недостаточного наполнения ковшей при различных траекториях движения экскаватора,ГП № 6-2024.pdf,open
CONTR_311,,,contradicts,,ГП № 6-2024.pdf,open
CONTR_312,,,contradicts,,ГП № 6-2024.pdf,open
CONTR_313,,,contradicts,,ГП № 6-2024.pdf,open
CONTR_314,,,contradicts,,ГП № 6-2024.pdf,open
CONTR_315,,,contradicts,,ГП № 6-2024.pdf,open
CONTR_316,,,contradicts,Противоречий в тексте не обнаружено,ГП № 6-2024.pdf,open
CONTR_317,,,contradicts,Противоречие в подходах к моделированию загрязнения атмосферы карьерного пространства,ГП № 6-2024.pdf,open
CONTR_318,,,contradicts,,ГП № 6-2024.pdf,open
CONTR_319,,,contradicts,,ГП № 6-2024.pdf,open
CONTR_320,,,contradicts,Ограничения использования спутниковых снимков среднего пространственного разрешения для мониторинга динамики восстановления природных экосистем вблизи горнопромышленных объектов,ГП № 6-2024.pdf,open
CONTR_321,,,contradicts,,ГП № 6-2024.pdf,open
CONTR_322,,,contradicts,Противоречие между ожидаемым уменьшением даты максимальной вегетации из-за потепления климата и фактическим увеличением даты на большинстве мониторинговых полигонов,ГП № 6-2024.pdf,open
CONTR_323,,,contradicts,,ГП № 6-2024.pdf,open
CONTR_324,,,contradicts,,ГП № 6-2024.pdf,open
CONTR_325,,,contradicts,Неполное химическое превращение и неустойчивая детонация современных ПВВ при производстве взрывных работ в реальных условиях горного производства.,ГП № 6-2024.pdf,open
CONTR_326,,,contradicts,,ГП № 6-2024.pdf,open
CONTR_327,,,contradicts,,ГП № 6-2024.pdf,open
CONTR_328,,,contradicts,Влияние увеличения веса единовременно взрываемого ПВВ на нагрузку на атмосферу,ГП № 6-2024.pdf,open
CONTR_329,,,contradicts,,ГП № 6-2024.pdf,open
CONTR_330,,,contradicts,Противоречия в научных взглядах на торфяную науку и технику,ГП № 6-2024.pdf,open
CONTR_331,,,contradicts,Разные способы добычи торфа имеют свои преимущества и недостатки,ГП № 6-2024.pdf,open
CONTR_332,,,contradicts,Существующие критерии и методы прогноза опасности горных ударов недостаточно надежны.,ГП № 6-2024.pdf,open
CONTR_333,,,contradicts,Нет противоречий в тексте,ГП № 6-2024.pdf,open
CONTR_334,,,contradicts,Сложность прогнозирования удароопасности массива горных пород месторождения,ГП № 6-2024.pdf,open
CONTR_335,,,contradicts,Отсутствие первичных данных испытаний и координат отобранных проб для многих месторождений,ГП № 6-2024.pdf,open
CONTR_336,,,contradicts,Зависимость удароопасности от прочности горных пород,ГП № 6-2024.pdf,open
CONTR_337,,,contradicts,Неэффективность текущего подхода к нормированию периодичности капитального ремонта,ГП № 6-2024.pdf,open
CONTR_338,,,contradicts,,ГП № 6-2024.pdf,open
CONTR_339,,,contradicts,,ГП № 6-2024.pdf,open
CONTR_340,,,contradicts,,ГП № 6-2024.pdf,open
CONTR_341,,,contradicts,,ГП № 6-2024.pdf,open
CONTR_342,,,contradicts,,ГП № 6-2024.pdf,open
CONTR_343,,,contradicts,,ГП № 6-2024.pdf,open
CONTR_344,,,contradicts,Необходимость маневрирования техническими параметрами БВР в пределах одного месторождения,ГП № 6-2024.pdf,open
CONTR_345,,,contradicts,,ГП № 6-2024.pdf,open
CONTR_346,,,contradicts,,ГП № 6-2024.pdf,open
CONTR_347,,,contradicts,,ГП № 6-2024.pdf,open
CONTR_348,,,contradicts,,ГП № 6-2024.pdf,open
CONTR_349,,,contradicts,,ГП № 6-2024.pdf,open
CONTR_350,,,contradicts,,ГП № 6-2024.pdf,open
CONTR_351,,,contradicts,,ГП № 6-2024.pdf,open
CONTR_352,,,contradicts,,ГП № 6-2024.pdf,open
CONTR_353,,,contradicts,,ГП № 6-2024.pdf,open
CONTR_354,,,contradicts,Снижение скорости детонации относительно заявленных характеристик,ГП № 6-2024.pdf,open
CONTR_355,,,contradicts,"Отсутствие сравнительных исследований взрывчатых свойств ПЭВВ, получаемых на основе эмульсионных кондиционных полуфабрикатов и полученных из регенератов",ГП № 6-2024.pdf,open
CONTR_356,,,contradicts,,ГП № 6-2024.pdf,open
CONTR_357,,,contradicts,Выбор между максимизирующим и усредняющим пулингом зависит от конкретной задачи и типа угольных пород,ГП № 6-2024.pdf,open
CONTR_358,,,contradicts,использование концентрированной соляной кислоты требует дополнительных мер по защите от агрессивного воздействия,ГП № 6-2024.pdf,open
CONTR_359,,,contradicts,Неверно подобранные растворы ПАВ могут снижать эффективность разупрочняющих процессов или оказывать противоположное действие,ГП № 6-2024.pdf,open
CONTR_360,,,contradicts,,ГП № 6-2024.pdf,open
CONTR_361,,,contradicts,Нет противоречий,ГП № 6-2024.pdf,open
CONTR_362,,,contradicts,,ГП № 6-2024.pdf,open
CONTR_363,,,contradicts,Противоречия между необходимостью использования угля для выработки теплоэнергии и негативным влиянием этого процесса на окружающую среду.,ГП № 6-2024.pdf,open
CONTR_364,,,contradicts,Противоречий в тексте не обнаружено,ГП № 6-2024.pdf,open
CONTR_365,,,contradicts,Необходимость корректировки схем углеснабжения в арктических территориях,ГП № 6-2024.pdf,open
CONTR_366,,,contradicts,,ГП № 6-2024.pdf,open
CONTR_367,,,contradicts,,ГП № 6-2024.pdf,open
CONTR_368,,,contradicts,"Планы по лесовосстановлению выполняются на 100%, но являются несопоставимо маленькими относительно требуемых объёмов",ГП № 6-2024.pdf,open
CONTR_369,,,contradicts,Нормативные потери и пылевидные выбросы от угольной продукции не всегда отражают фактические показатели.,ГП № 6-2024.pdf,open
CONTR_370,,,contradicts,Неполное использование потенциала лесных ресурсов Тувы.,ГП № 6-2024.pdf,open
CONTR_371,,,contradicts,,ГП № 6-2024.pdf,open
CONTR_372,,,contradicts,"Необходимость разработки устройства для натяжения АК, адаптированного к условиям выполнения работ в шахте",ГП № 6-2024.pdf,open
CONTR_373,,,contradicts,Нет противоречий,ГП № 6-2024.pdf,open
CONTR_374,,,contradicts,Невозможность выделения тонкой фракции посредством пневмосепарации при перевалке рудной массы с повышенной влажностью,ГП № 6-2024.pdf,open
CONTR_375,,,contradicts,"Автор признает, что подобные исследования были проведены только в одной скважине и на одной площади, что позволяет говорить о получении только предположительного количественного результата.",ГП № 6-2024.pdf,open
CONTR_376,,,contradicts,,ГП № 6-2024.pdf,open
CONTR_377,,,contradicts,Фактическая несущая способность открытого ствола часто оказывается выше расчётной величины гидроразрыва пород,ГП № 6-2024.pdf,open
CONTR_378,,,contradicts,Отсутствие единого определения BigData в горном деле,ГП № 6-2024.pdf,open
CONTR_379,,,contradicts,,ГП № 6-2024.pdf,open
CONTR_380,,,contradicts,Нет противоречий,ГП № 6-2024.pdf,open
CONTR_381,,,contradicts,,ГП № 1-2025.pdf,open
CONTR_382,,,contradicts,"Санкции привели к прекращению поставок западной карьерной техники, но некоторые поставщики продолжили свою деятельность, ограничив свои возможности.",ГП № 1-2025.pdf,open
CONTR_383,,,contradicts,Инертность и консерватизм системы высшего образования противоречат стремительному развитию интеллектуальных систем управления и цифровой трансформации.,ГП № 1-2025.pdf,open
CONTR_384,,,contradicts,,ГП № 1-2025.pdf,open
CONTR_385,,,contradicts,"Предполагалось, что с углублением карьера затраты будут снижаться, но практически это предположение не подтвердилось.",ГП № 1-2025.pdf,open
CONTR_386,,,contradicts,"Правило Л.Д. Шевякова, разработанное для подземных работ, имеет свои ограничения для карьерных условий",ГП № 1-2025.pdf,open
CONTR_387,,,contradicts,Противоречия в оценке запасов алмазов на месторождении трубки Мир,ГП № 1-2025.pdf,open
CONTR_388,,,contradicts,,ГП № 1-2025.pdf,open
CONTR_389,,,contradicts,Форма рудного тела на глубоких горизонтах,ГП № 1-2025.pdf,open
CONTR_390,,,contradicts,,ГП № 1-2025.pdf,open
CONTR_391,,,contradicts,,ГП № 1-2025.pdf,open
CONTR_392,,,contradicts,,ГП № 1-2025.pdf,open
CONTR_393,,,contradicts,Отсутствие единой методики сбора данных для угольных месторождений,ГП № 1-2025.pdf,open
CONTR_394,,,contradicts,,ГП № 1-2025.pdf,open
CONTR_395,,,contradicts,,ГП № 1-2025.pdf,open
CONTR_396,,,contradicts,,ГП № 1-2025.pdf,open
CONTR_397,,,contradicts,Ограничение скорости движения вызывает дискуссии,ГП № 1-2025.pdf,open
CONTR_398,,,contradicts,Противоречие между применяемыми нормативными инструкциями и рекомендациями по безопасному ведению горных работ и необходимостью изменения парадигмы приращения знаний о технологических причинах горных ударов и внезапных выбросов метана из угольного пласта.,ГП № 1-2025.pdf,open
CONTR_399,,,contradicts,Противоречие в определении места горного удара,ГП № 1-2025.pdf,open
CONTR_400,,,contradicts,Противоречие в определении коэффициента удароопасности угольных пластов,ГП № 1-2025.pdf,open
CONTR_401,,,contradicts,Противоречие в определении причин горных ударов и выбросов метана,ГП № 1-2025.pdf,open
CONTR_402,,,contradicts,,ГП № 1-2025.pdf,open
CONTR_403,,,contradicts,,ГП № 1-2025.pdf,open
CONTR_404,,,contradicts,,ГП № 1-2025.pdf,open
CONTR_405,,,contradicts,,ГП № 1-2025.pdf,open
CONTR_406,,,contradicts,,ГП № 1-2025.pdf,open
CONTR_407,,,contradicts,Противоречий в тексте не обнаружено,ГП № 1-2025.pdf,open
CONTR_408,,,contradicts,Хрупкость теплоизоляционного покрытия из льда требует контроля качества при намораживании и эксплуатации,ГП № 1-2025.pdf,open
CONTR_409,,,contradicts,Противоречие между восприятием необходимости процедуры выдачи наряда и её фактическим применением,ГП № 1-2025.pdf,open
CONTR_410,,,contradicts,,ГП № 1-2025.pdf,open
CONTR_411,,,contradicts,Нет противоречий,ГП № 1-2025.pdf,open
CONTR_412,,,contradicts,,ГП № 1-2025.pdf,open
CONTR_413,,,contradicts,,ГП № 1-2025.pdf,open
CONTR_414,,,contradicts,,ГП № 1-2025.pdf,open
CONTR_415,,,contradicts,,ГП № 1-2025.pdf,open
CONTR_416,,,contradicts,,ГП № 1-2025.pdf,open
CONTR_417,,,contradicts,,ГП № 1-2025.pdf,open
CONTR_418,,,contradicts,Противоречий в тексте не обнаружено,ГП № 1-2025.pdf,open
CONTR_419,,,contradicts,,ГП № 1-2025.pdf,open
CONTR_420,,,contradicts,Большинство существующих моделей ориентировано на решение узкоспециализированных задач и не обеспечивает комплексной оптимизации транспортных процессов,ГП № 1-2025.pdf,open
CONTR_421,,,contradicts,,ГП № 1-2025.pdf,open
CONTR_422,,,contradicts,Противоречие между коммерческой выгодой и повышением энергобезопасности труднодоступных территорий при освоении месторождений,ГП № 1-2025.pdf,open
CONTR_423,,,contradicts,Отсутствие значимых альтернатив твёрдому топливу в арктических районах Якутии,ГП № 1-2025.pdf,open
CONTR_424,,,contradicts,,ГП № 1-2025.pdf,open
CONTR_425,,,contradicts,,ГП № 1-2025.pdf,open
CONTR_426,,,contradicts,Разночтения в понимании концепции синергетического управления,ГП № 1-2025.pdf,open
CONTR_427,,,contradicts,,ГП № 1-2025.pdf,open
CONTR_428,,,contradicts,,ГП № 1-2025.pdf,open
CONTR_429,,,contradicts,,ГП № 1-2025.pdf,open
CONTR_430,,,contradicts,Отсутствие своевременных мер по предотвращению притока воды привело к неконтролируемому притоку рассолов на руднике Березниковского рудоуправления №1 ОАО «Уралкалий»,ГП № 1-2025.pdf,open
CONTR_431,,,contradicts,,ГП № 1-2025.pdf,open
CONTR_432,,,contradicts,,ГП № 1-2025.pdf,open
CONTR_433,,,contradicts,Отсутствие целостных методик построения МАС для оптимизации всего цикла вскрышных работ с учетом принципов устойчивого развития.,ГП № 1-2025.pdf,open
CONTR_434,,,contradicts,,ГП № 1-2025.pdf,open
CONTR_435,,,contradicts,Противоречия в применении ГМО в горнодобывающей сфере,ГП № 1-2025.pdf,open
CONTR_436,,,contradicts,Нет противоречий,ГП № 1-2025.pdf,open
CONTR_437,,,contradicts,,ГП № 1-2025.pdf,open
CONTR_438,,,contradicts,,ГП № 1-2025.pdf,open
CONTR_439,,,contradicts,,ГП № 2-2025.pdf,open
CONTR_440,,,contradicts,,ГП № 2-2025.pdf,open
CONTR_441,,,contradicts,,ГП № 2-2025.pdf,open
CONTR_442,,,contradicts,,ГП № 2-2025.pdf,open
CONTR_443,,,contradicts,,ГП № 2-2025.pdf,open
CONTR_444,,,contradicts,,ГП № 2-2025.pdf,open
CONTR_445,,,contradicts,Снижение эффективности бурения в России и рост в США,ГП № 2-2025.pdf,open
CONTR_446,,,contradicts,,ГП № 2-2025.pdf,open
CONTR_447,,,contradicts,,ГП № 2-2025.pdf,open
CONTR_448,,,contradicts,,ГП № 2-2025.pdf,open
CONTR_449,,,contradicts,Отсутствие единой системы учета данных по количеству и причинам несчастных случаев на производстве в угольной отрасли,ГП № 2-2025.pdf,open
CONTR_450,,,contradicts,,ГП № 2-2025.pdf,open
CONTR_451,,,contradicts,Нет противоречий в тексте,ГП № 2-2025.pdf,open
CONTR_452,,,contradicts,,ГП № 2-2025.pdf,open
CONTR_453,,,contradicts,Проблема накопления солеотходов при разработке месторождений калийных и магниевых солей,ГП № 2-2025.pdf,open
CONTR_454,,,contradicts,Нет противоречий,ГП № 2-2025.pdf,open
CONTR_455,,,contradicts,Сравнение технологии формирования монолитного закладочного массива и технологии транспортирования гидропульпы по трубопроводу,ГП № 2-2025.pdf,open
CONTR_456,,,contradicts,Отсутствие консенсусных оценок эффектов внедрения новых технологий в угольной промышленности.,ГП № 2-2025.pdf,open
CONTR_457,,,contradicts,,ГП № 2-2025.pdf,open
CONTR_458,,,contradicts,,ГП № 2-2025.pdf,open
CONTR_459,,,contradicts,,ГП № 2-2025.pdf,open
CONTR_460,,,contradicts,,ГП № 2-2025.pdf,open
CONTR_461,,,contradicts,Разница между натурно и лабораторно определенными скоростями,ГП № 2-2025.pdf,open
CONTR_462,,,contradicts,,ГП № 2-2025.pdf,open
CONTR_463,,,contradicts,Противоречий в тексте не обнаружено,ГП № 2-2025.pdf,open
CONTR_464,,,contradicts,,ГП № 2-2025.pdf,open
CONTR_465,,,contradicts,Разночтения в терминологии и трактовках ключевых понятий облачных вычислений применительно к специфике горного дела,ГП № 2-2025.pdf,open
CONTR_466,,,contradicts,Нет противоречий,ГП № 2-2025.pdf,open
CONTR_467,,,contradicts,,ГП № 2-2025.pdf,open
CONTR_468,,,contradicts,Низкие дебиты метана и высокие материальные затраты на реализацию способов дегазации угольных пластов,ГП № 2-2025.pdf,open
CONTR_469,,,contradicts,Практическое применение нейронных сетей для вибродиагностики горного оборудования сопряжено с рядом нерешенных проблем.,ГП № 2-2025.pdf,open
CONTR_470,,,contradicts,,ГП № 2-2025.pdf,open
CONTR_471,,,contradicts,Методологические ограничения результатов,ГП № 2-2025.pdf,open
CONTR_472,,,contradicts,Отсутствие единых стандартов оценки точности и эффективности моделей прогнозирования смещения грунта.,ГП № 2-2025.pdf,open
CONTR_473,,,contradicts,,ГП № 2-2025.pdf,open
CONTR_474,,,contradicts,,ГП № 2-2025.pdf,open
CONTR_475,,,contradicts,Недостаточная проработка процессов трансфера теплоты с помощью геотермальных термосифонов,ГП № 2-2025.pdf,open
CONTR_476,,,contradicts,,ГП № 2-2025.pdf,open
CONTR_477,,,contradicts,Медленные темпы почвообразования и необходимость увеличения темпов рекультивации,ГП № 2-2025.pdf,open
CONTR_478,,,contradicts,,ГП № 2-2025.pdf,open
CONTR_479,,,contradicts,,ГП № 2-2025.pdf,open
CONTR_480,,,contradicts,,ГП № 2-2025.pdf,open
CONTR_481,,,contradicts,,ГП № 2-2025.pdf,open
CONTR_482,,,contradicts,,ГП № 2-2025.pdf,open
CONTR_483,,,contradicts,,ГП № 2-2025.pdf,open
CONTR_484,,,contradicts,Неопределённость в отношении реального влияния цифровых технологий на показатели операционной деятельности горнодобывающих предприятий,ГП № 2-2025.pdf,open
CONTR_485,,,contradicts,,ГП № 2-2025.pdf,open
CONTR_486,,,contradicts,,ГП № 2-2025.pdf,open
CONTR_487,,,contradicts,Нет противоречий в тексте,ГП № 2-2025.pdf,open
CONTR_488,,,contradicts,,ГП № 2-2025.pdf,open
CONTR_489,,,contradicts,Нет противоречий,ГП № 2-2025.pdf,open
CONTR_490,,,contradicts,,ГП № 2-2025.pdf,open
CONTR_491,,,contradicts,Нет противоречий,ГП № 2-2025.pdf,open
CONTR_492,,,contradicts,Отсутствие единого понятийного аппарата в сфере цифровизации горного дела,ГП № 2-2025.pdf,open
CONTR_493,,,contradicts,Большинство исследований носят узконаправленный характер,ГП № 2-2025.pdf,open
CONTR_494,,,contradicts,Практически не изучены возможности применения распределенных систем управления для литиевых месторождений,ГП № 2-2025.pdf,open
CONTR_495,,,contradicts,,ГП № 2-2025.pdf,open
CONTR_496,,,contradicts,,ГП № 2-2025.pdf,open
CONTR_497,,,contradicts,,ГП № 2-2025.pdf,open
CONTR_498,,,contradicts,,ГП № 2-2025.pdf,open
CONTR_499,,,contradicts,недостаточно изучены возможности интеграции СНС и рой-ориентированных методов в рамках единой системы картирования,ГП № 2-2025.pdf,open
CONTR_500,,,contradicts,слабо исследованы экономические и экологические эффекты внедрения автоматизированных решений в реальных условиях геологоразведочных проектов,ГП № 2-2025.pdf,open
CONTR_501,,,contradicts,,ГП № 2-2025.pdf,open
CONTR_502,,,contradicts,,ГП № 3-2025.pdf,open
CONTR_503,,,contradicts,,ГП № 3-2025.pdf,open
CONTR_504,,,contradicts,,ГП № 3-2025.pdf,open
CONTR_505,,,contradicts,,ГП № 3-2025.pdf,open
CONTR_506,,,contradicts,,ГП № 3-2025.pdf,open
CONTR_507,,,contradicts,,ГП № 3-2025.pdf,open
CONTR_508,,,contradicts,,ГП № 3-2025.pdf,open
CONTR_509,,,contradicts,,ГП № 3-2025.pdf,open
CONTR_510,,,contradicts,Ограничения возможностей буровых станков открытого типа не позволили в полной мере реализовать трехъярусную открыто-подземную разработку месторождений КМА.,ГП № 3-2025.pdf,open
CONTR_511,,,contradicts,,ГП № 3-2025.pdf,open
CONTR_512,,,contradicts,,ГП № 3-2025.pdf,open
CONTR_513,,,contradicts,Различия во мнениях специалистов о сроках перехода на роботизированную технику.,ГП № 3-2025.pdf,open
CONTR_514,,,contradicts,Традиционные методы определения вертикальности зданий неэффективны и не соответствуют требованиям строительства.,ГП № 3-2025.pdf,open
CONTR_515,,,contradicts,Противоречий в тексте не обнаружено.,ГП № 3-2025.pdf,open
CONTR_516,,,contradicts,,ГП № 3-2025.pdf,open
CONTR_517,,,contradicts,,ГП № 3-2025.pdf,open
CONTR_518,,,contradicts,,ГП № 3-2025.pdf,open
CONTR_519,,,contradicts,В горнодобывающей отрасли остаются нерешенными вопросы организации исследований рынка в технологической сфере,ГП № 3-2025.pdf,open
CONTR_520,,,contradicts,Слабая корреляция между внедрением экологичных технологий и финансовыми показателями,ГП № 3-2025.pdf,open
CONTR_521,,,contradicts,,ГП № 3-2025.pdf,open
CONTR_522,,,contradicts,Нет противоречий,ГП № 3-2025.pdf,open
CONTR_523,,,contradicts,,ГП № 3-2025.pdf,open
CONTR_524,,,contradicts,,ГП № 3-2025.pdf,open
CONTR_525,,,contradicts,,ГП № 3-2025.pdf,open
CONTR_526,,,contradicts,,ГП № 3-2025.pdf,open
CONTR_527,,,contradicts,,ГП № 3-2025.pdf,open
CONTR_528,,,contradicts,"Несмотря на исследования процессов соударения и машин ударного действия, практическое применение этих исследований в существующих гидромолотах не нашло",ГП № 3-2025.pdf,open
CONTR_529,,,contradicts,,ГП № 3-2025.pdf,open
CONTR_530,,,contradicts,,ГП № 3-2025.pdf,open
CONTR_531,,,contradicts,,ГП № 3-2025.pdf,open
CONTR_532,,,contradicts,,ГП № 3-2025.pdf,open
CONTR_533,,,contradicts,,ГП № 3-2025.pdf,open
CONTR_534,,,contradicts,,ГП № 3-2025.pdf,open
CONTR_535,,,contradicts,,ГП № 3-2025.pdf,open
CONTR_536,,,contradicts,,ГП № 3-2025.pdf,open
CONTR_537,,,contradicts,Вероятность невыполнения договорных обязательств по поставке угля,ГП № 3-2025.pdf,open
CONTR_538,,,contradicts,Низкая эффективность производства вскрышных работ с помощью транспортно-отвального комплекса,ГП № 3-2025.pdf,open
CONTR_539,,,contradicts,,ГП № 3-2025.pdf,open
CONTR_540,,,contradicts,Разночтение в определении «эффективности обучения»,ГП № 3-2025.pdf,open
CONTR_541,,,contradicts,Изменчивость физико-механических свойств горных пород и внешних воздействий,ГП № 3-2025.pdf,open
CONTR_542,,,contradicts,,ГП № 3-2025.pdf,open
CONTR_543,,,contradicts,Вопросы возникновения трещин растяжения и сдвига в скальных крепях применительно к контролю их несущей способности для обеспечения безопасности горных работ изучены недостаточно.,ГП № 3-2025.pdf,open
CONTR_544,,,contradicts,Вариабельность физико-механических свойств горных пород и воздействий на них предопределяет необходимость продолжения исследований.,ГП № 3-2025.pdf,open
CONTR_545,,,contradicts,,ГП № 3-2025.pdf,open
CONTR_546,,,contradicts,"Существуют различные мнения по поводу распределения разноразмерных кусков в развале, в том числе и негабарита.",ГП № 3-2025.pdf,open
CONTR_547,,,contradicts,,ГП № 3-2025.pdf,open
CONTR_548,,,contradicts,Ограниченная применимость ситового анализа для производственных взрывных работ,ГП № 3-2025.pdf,open
CONTR_549,,,contradicts,,ГП № 3-2025.pdf,open
CONTR_550,,,contradicts,,ГП № 3-2025.pdf,open
CONTR_551,,,contradicts,,ГП № 3-2025.pdf,open
CONTR_552,,,contradicts,Противоречий в тексте не обнаружено,ГП № 3-2025.pdf,open
CONTR_553,,,contradicts,Отсутствие учета сейсмовзрывного воздействия на приконтурный массив в федеральных нормах и правилах.,ГП № 3-2025.pdf,open
CONTR_554,,,contradicts,Различия в оценке сейсмовзрывного воздействия на здания и сооружения по разным методикам,ГП № 3-2025.pdf,open
CONTR_555,,,contradicts,,ГП № 3-2025.pdf,open
CONTR_556,,,contradicts,,ГП № 3-2025.pdf,open
CONTR_557,,,contradicts,"Несмотря на определение сейсмобезопасного расстояния по распространенному на практике методу, следует ожидать возникновения частотного резонанса как в ближней зоне взрыва, так и в дальней зоне взрыва.",ГП № 3-2025.pdf,open
CONTR_558,,,contradicts,Противоречие между производственными задачами и задачами обеспечения безопасности производства.,ГП № 3-2025.pdf,open
CONTR_559,,,contradicts,Отсутствие учета амплитудно-частотных характеристик сейсмовзрывной волны в существующих критериях оценки сейсмовзрывного воздействия,ГП № 3-2025.pdf,open
CONTR_560,,,contradicts,Сопоставление оценок анкетируемых и фактического уровня травматизма на Лучегорском угольном разрезе,ГП № 3-2025.pdf,open
CONTR_561,,,contradicts,,ГП № 3-2025.pdf,open
CONTR_562,,,contradicts,,ГП № 3-2025.pdf,open
CONTR_563,,,contradicts,Отсутствие комплексной методологии оценки эффективности интеллектуальных систем управления с учетом специфических условий угольной промышленности,ГП № 3-2025.pdf,open
CONTR_564,,,contradicts,Недостаточная изученность вопросов кибербезопасности интеллектуальных шахт и их устойчивости к внешним угрозам в условиях критической инфраструктуры,ГП № 3-2025.pdf,open
CONTR_565,,,contradicts,Слабая проработка механизмов адаптации существующей регулятивной базы к требованиям автономных горнодобывающих систем,ГП № 3-2025.pdf,open
CONTR_566,,,contradicts,Отсутствие системного понимания социально-экономических последствий автоматизации для трудовых ресурсов угольной отрасли,ГП № 3-2025.pdf,open
CONTR_567,,,contradicts,Расхождение в представлениях о влиянии упорядоченности процессов на безопасность и производительность,ГП № 3-2025.pdf,open
CONTR_568,,,contradicts,Различия в стратегиях и темпах внедрения цифровых технологий в угольной промышленности между странами.,ГП № 3-2025.pdf,open
CONTR_569,,,contradicts,Нет противоречий в тексте,ГП № 3-2025.pdf,open
CONTR_570,,,contradicts,,ГП № 3-2025.pdf,open
CONTR_571,,,contradicts,,ГП № 3-2025.pdf,open
CONTR_572,,,contradicts,,ГП № 3-2025.pdf,open
CONTR_573,,,contradicts,Нет противоречий,ГП № 3-2025.pdf,open
CONTR_574,,,contradicts,,ГП № 3-2025.pdf,open
CONTR_575,,,contradicts,,ГП № 3-2025.pdf,open
CONTR_576,,,contradicts,,ГП № 3-2025.pdf,open
CONTR_577,,,contradicts,Несоответствие в темпах роста переработки и итоговом объёме производства золота,ГП № 3-2025.pdf,open
CONTR_578,,,contradicts,Противоречие между высокой механизацией основных процессов и сохранением ручного труда на вспомогательных операциях,ГП № 3-2025.pdf,open
CONTR_579,,,contradicts,,ГП № 3-2025.pdf,open
CONTR_580,,,contradicts,,ГП № 3-2025.pdf,open
CONTR_581,,,contradicts,,ГП № 3-2025.pdf,open
CONTR_582,,,contradicts,,ГП № 4-2025.pdf,open
CONTR_583,,,contradicts,"Традиционно геотехника рассматривалась как вспомогательная дисциплина, но сейчас она становится стратегическим фактором.",ГП № 4-2025.pdf,open
CONTR_584,,,contradicts,,ГП № 4-2025.pdf,open
CONTR_585,,,contradicts,,ГП № 4-2025.pdf,open
CONTR_586,,,contradicts,,ГП № 4-2025.pdf,open
CONTR_587,,,contradicts,,ГП № 4-2025.pdf,open
CONTR_588,,,contradicts,,ГП № 4-2025.pdf,open
CONTR_589,,,contradicts,"Существующие методы определения скорости детонации имеют недостатки, в то время как рефлектометрический метод выглядит перспективным.",ГП № 4-2025.pdf,open
CONTR_590,,,contradicts,,ГП № 4-2025.pdf,open
CONTR_591,,,contradicts,,ГП № 4-2025.pdf,open
CONTR_592,,,contradicts,,ГП № 4-2025.pdf,open
CONTR_593,,,contradicts,Отсутствие надежных данных о химическом составе топливной фазы и составе продуктов взрыва ЭВВ.,ГП № 4-2025.pdf,open
CONTR_594,,,contradicts,,ГП № 4-2025.pdf,open
CONTR_595,,,contradicts,"Неполноценное использование АСУ ГР может ограничить работу только сбором статистических данных, в то время как основной экономический эффект от внедрения АСУ ГР достигается именно за счет сценарного использования системы.",ГП № 4-2025.pdf,open
CONTR_596,,,contradicts,Проблемы с использованием АСУ ГР,ГП № 4-2025.pdf,open
CONTR_597,,,contradicts,,ГП № 4-2025.pdf,open
CONTR_598,,,contradicts,,ГП № 4-2025.pdf,open
CONTR_599,,,contradicts,Влияние человеческого фактора на эффективность взрывных работ,ГП № 4-2025.pdf,open
CONTR_600,,,contradicts,,ГП № 4-2025.pdf,open
CONTR_601,,,contradicts,Различия во взглядах на возможности отечественных производителей горного оборудования,ГП № 4-2025.pdf,open
CONTR_602,,,contradicts,,ГП № 4-2025.pdf,open
CONTR_603,,,contradicts,,ГП № 4-2025.pdf,open
CONTR_604,,,contradicts,,ГП № 4-2025.pdf,open
CONTR_605,,,contradicts,,ГП № 4-2025.pdf,open
CONTR_606,,,contradicts,Вопросы выбора параметров связей конечной жёсткости и их калибровки остаются нерешёнными.,ГП № 4-2025.pdf,open
CONTR_607,,,contradicts,,ГП № 4-2025.pdf,open
CONTR_608,,,contradicts,Противоречий в тексте не обнаружено,ГП № 4-2025.pdf,open
CONTR_609,,,contradicts,Проблемы с методической базой по проектированию вентиляции,ГП № 4-2025.pdf,open
CONTR_610,,,contradicts,Противоречие в определении лобового аэродинамического сопротивления,ГП № 4-2025.pdf,open
CONTR_611,,,contradicts,Различия в классификации аэродинамических сопротивлений в России и за рубежом,ГП № 4-2025.pdf,open
CONTR_612,,,contradicts,"Сомнения в рекомендациях Руководства по проектированию вентиляции угольных шахт относительно величины общего шахтного аэродинамического сопротивления, обусловленного местными потерями",ГП № 4-2025.pdf,open
CONTR_613,,,contradicts,Противоречие в классификации аэродинамических сопротивлений,ГП № 4-2025.pdf,open
CONTR_614,,,contradicts,,ГП № 4-2025.pdf,open
CONTR_615,,,contradicts,,ГП № 4-2025.pdf,open
CONTR_616,,,contradicts,Двоякое мнение о цифровой трансформации в горно-металлургическом секторе,ГП № 4-2025.pdf,open
CONTR_617,,,contradicts,Двойственная роль государственной политики в цифровой трансформации,ГП № 4-2025.pdf,open
CONTR_618,,,contradicts,,ГП № 4-2025.pdf,open
CONTR_619,,,contradicts,,ГП № 4-2025.pdf,open
CONTR_620,,,contradicts,"Стандарт не является нормативно-правовым документом, но компании всё равно вносятся в базу данных ЭКГ-рейтинга по умолчанию.",ГП № 4-2025.pdf,open
CONTR_621,,,contradicts,,ГП № 4-2025.pdf,open
CONTR_622,,,contradicts,,ГП № 4-2025.pdf,open
CONTR_623,,,contradicts,Отсутствие комплексного подхода для решения вопросов транспортного планирования,ГП № 4-2025.pdf,open
CONTR_624,,,contradicts,Противоречие между высокой стоимостью и низкой надежностью теплоизоляционных материалов,ГП № 4-2025.pdf,open
CONTR_625,,,contradicts,"Повышение температуры газов в цилиндре, вызванное теплоизолирующей вставкой, повышает полноту сгорания топлива, тем самым увеличивая эффективный КПД двигателя, но при этом происходит снижение коэффициента избытка воздуха",ГП № 4-2025.pdf,open
CONTR_626,,,contradicts,Широкое распространение дизельных двигателей с частичной теплоизоляцией камеры сгорания сдерживается из-за большей стоимости и невысокой надежности материалов теплоизоляции,ГП № 4-2025.pdf,open
CONTR_627,,,contradicts,,ГП № 4-2025.pdf,open
CONTR_628,,,contradicts,Необходимость подбора материала с оптимальным сочетанием свойств и характеристик для теплоизоляции камеры сгорания,ГП № 4-2025.pdf,open
CONTR_629,,,contradicts,,ГП № 4-2025.pdf,open
CONTR_630,,,contradicts,,ГП № 4-2025.pdf,open
CONTR_631,,,contradicts,,ГП № 4-2025.pdf,open
CONTR_632,,,contradicts,,ГП № 4-2025.pdf,open
CONTR_633,,,contradicts,,ГП № 4-2025.pdf,open
CONTR_634,,,contradicts,Низкая эффективность очистки по взвешенным веществам,ГП № 4-2025.pdf,open
CONTR_635,,,contradicts,Недостаточная эффективность очистки по органическим загрязнениям,ГП № 4-2025.pdf,open
CONTR_636,,,contradicts,"Отсутствие эффекта очистки по нитратам, нитритам, железу общему, сульфатам, по хлоридам",ГП № 4-2025.pdf,open
CONTR_637,,,contradicts,,ГП № 4-2025.pdf,open
CONTR_638,,,contradicts,,ГП № 4-2025.pdf,open
CONTR_639,,,contradicts,,ГП № 4-2025.pdf,open
CONTR_640,,,contradicts,,ГП № 4-2025.pdf,open
CONTR_641,,,contradicts,Противоречие между ожидаемым уменьшением потока газа при увеличении нагрузки и фактическим увеличением потока газа после достижения определенного давления.,ГП № 4-2025.pdf,open
CONTR_642,,,contradicts,,ГП № 4-2025.pdf,open
CONTR_643,,,contradicts,Нет противоречий,ГП № 4-2025.pdf,open
CONTR_644,,,contradicts,Статистика Геологической службы США по добыче лития не всегда корректно интерпретируется,ГП № 4-2025.pdf,open
CONTR_645,,,contradicts,Противоречие между стремлением Евросоюза к климатической нейтральности и необходимостью увеличения добычи лития в Португалии,ГП № 4-2025.pdf,open
CONTR_646,,,contradicts,Низкая добыча лития в Португалии при относительно высоких запасах.,ГП № 4-2025.pdf,open
CONTR_647,,,contradicts,"Португалия входит в перечень стран – производителей лития, но не является производителем «товарного» лития",ГП № 4-2025.pdf,open
CONTR_648,,,contradicts,Противоречие между разработкой литиевых месторождений и экологическими требованиями,ГП № 4-2025.pdf,open
CONTR_649,,,contradicts,Задержки в реализации проектов по разработке литиевых месторождений,ГП № 4-2025.pdf,open
CONTR_650,,,contradicts,"Отсутствие единого мнения о том, какой ксантогенат следует использовать в тендерах",ГП № 5-2025.pdf,open
CONTR_651,,,contradicts,Разрыв между пониманием проблемы на высшем государственном уровне и работой специалистов на местах,ГП № 5-2025.pdf,open
CONTR_652,,,contradicts,"нет практики использования нового продукта, но есть успешные испытания",ГП № 5-2025.pdf,open
CONTR_653,,,contradicts,,ГП № 5-2025.pdf,open
CONTR_654,,,contradicts,,ГП № 5-2025.pdf,open
CONTR_655,,,contradicts,,ГП № 5-2025.pdf,open
CONTR_656,,,contradicts,Разные утверждения о повышении несущей способности закладочного материала при объемном сжатии,ГП № 5-2025.pdf,open
CONTR_657,,,contradicts,,ГП № 5-2025.pdf,open
CONTR_658,,,contradicts,Отсутствие адаптированных методик нормирования бульдозерных работ,ГП № 5-2025.pdf,open
CONTR_659,,,contradicts,,ГП № 5-2025.pdf,open
CONTR_660,,,contradicts,Методы численного моделирования для оценки сейсмического воздействия буровзрывных работ остаются недостаточно разработанными,ГП № 5-2025.pdf,open
CONTR_661,,,contradicts,,ГП № 5-2025.pdf,open
CONTR_662,,,contradicts,,ГП № 5-2025.pdf,open
CONTR_663,,,contradicts,Сложность интерпретации и адаптации математических конструкций в рамках проблемной области,ГП № 5-2025.pdf,open
CONTR_664,,,contradicts,,ГП № 5-2025.pdf,open
CONTR_665,,,contradicts,,ГП № 5-2025.pdf,open
CONTR_666,,,contradicts,Модели оптимизации не способны учесть все типы неопределенности и рисков недропользования.,ГП № 5-2025.pdf,open
CONTR_667,,,contradicts,"Влияние негативных факторов взрыва является основным ограничивающим условием, препятствующим совмещению работ по монтажу солнечных панелей и эксплуатации в выработанном пространстве карьера созданных на их основе электростанций",ГП № 5-2025.pdf,open
CONTR_668,,,contradicts,,ГП № 5-2025.pdf,open
CONTR_669,,,contradicts,,ГП № 5-2025.pdf,open
CONTR_670,,,contradicts,,ГП № 5-2025.pdf,open
CONTR_671,,,contradicts,"В условиях обводненности КГШ на шахтных самосвалах лучше всего работают шины протекторного типа, а шины типа L5S более эффективны в том случае, если самосвал работает на одном горизонте и на коротких плечах",ГП № 5-2025.pdf,open
CONTR_672,,,contradicts,Испытания FOPS по ГОСТ ISO 3449–2014 могут быть недостаточно строгими для реальных условий эксплуатации карьерной техники,ГП № 5-2025.pdf,open
CONTR_673,,,contradicts,Тенденции производительности труда в угледобыче,ГП № 5-2025.pdf,open
CONTR_674,,,contradicts,Снижение производства и потребления угля в США,ГП № 5-2025.pdf,open
CONTR_675,,,contradicts,,ГП № 5-2025.pdf,open
CONTR_676,,,contradicts,,ГП № 5-2025.pdf,open
CONTR_677,,,contradicts,,ГП № 5-2025.pdf,open
CONTR_678,,,contradicts,Противоречий в тексте не обнаружено,ГП № 5-2025.pdf,open
CONTR_679,,,contradicts,Влияние температуры на потери от смерзания при выпуске руды,ГП № 5-2025.pdf,open
CONTR_680,,,contradicts,,ГП № 5-2025.pdf,open
CONTR_681,,,contradicts,,ГП № 5-2025.pdf,open
CONTR_682,,,contradicts,Противоречия в оценке влияния температуры и влажности на потери руды при донном выпуске,ГП № 5-2025.pdf,open
CONTR_683,,,contradicts,Различия в подходах к расчёту напряжений в массиве горных пород,ГП № 5-2025.pdf,open
CONTR_684,,,contradicts,Различия в результатах осреднения по классическому пути решения проблемы и методу наименьших квадратов,ГП № 5-2025.pdf,open
CONTR_685,,,contradicts,Противоречия в чувствительности к удару различных образцов эмульсионных взрывчатых веществ,ГП № 5-2025.pdf,open
CONTR_686,,,contradicts,нет противоречий,ГП № 5-2025.pdf,open
CONTR_687,,,contradicts,Противоречие в эффективности механизма кондуктивного разогрева пастообразных взрывчатых материалов при адиабатическом сжатии газовых полостей во время удара,ГП № 5-2025.pdf,open
CONTR_688,,,contradicts,Физико-механические свойства хвостов переработки медно-порфировых руд месторождений Российской Федерации на момент проектирования не были изучены,ГП № 5-2025.pdf,open
CONTR_689,,,contradicts,Противоречие в определении критического давления для инициирования взрыва ПЭВВ Березит®,ГП № 5-2025.pdf,open
CONTR_690,,,contradicts,,ГП № 5-2025.pdf,open
CONTR_691,,,contradicts,,ГП № 5-2025.pdf,open
CONTR_692,,,contradicts,,ГП № 5-2025.pdf,open
CONTR_693,,,contradicts,,ГП № 5-2025.pdf,open
CONTR_694,,,contradicts,Нет противоречий,ГП № 5-2025.pdf,open
CONTR_695,,,contradicts,,ГП № 5-2025.pdf,open
CONTR_696,,,contradicts,Отсутствие адаптивных метрик для учёта специфических условий эксплуатации горного оборудования,ГП № 5-2025.pdf,open
CONTR_697,,,contradicts,,ГП № 5-2025.pdf,open
CONTR_698,,,contradicts,,ГП № 5-2025.pdf,open
CONTR_699,,,contradicts,Освоение месторождений золота в Республике Тыва сдерживается комплексом факторов,ГП № 5-2025.pdf,open
CONTR_700,,,contradicts,,ГП № 5-2025.pdf,open
CONTR_701,,,contradicts,Противоречия в оценке прогнозных ресурсов,ГП № 5-2025.pdf,open
CONTR_702,,,contradicts,,ГП № 5-2025.pdf,open
CONTR_703,,,contradicts,Применение роботизированных горнотехнических систем и безлюдных технологий добычи полезных ископаемых порождает многочисленные проблемы и задачи.,ГП № 5-2025.pdf,open
CONTR_704,,,contradicts,Отсутствие нормативной базы и несоответствие технологической среды могут сдерживать внедрение роботизированных технологий в горнодобывающей промышленности.,ГП № 5-2025.pdf,open
CONTR_705,,,contradicts,Противоречие между необходимостью роботизации и сложностью внедрения на существующих предприятиях,ГП № 5-2025.pdf,open
CONTR_706,,,contradicts,,ГП № 5-2025.pdf,open
CONTR_707,,,contradicts,,ГП № 5-2025.pdf,open
CONTR_708,,,contradicts,,ГП № 5-2025.pdf,open
CONTR_709,,,contradicts,Отсутствие комплексной методологии оценки влияния цифровизации на трансформацию структуры трудовых ресурсов в специфических условиях угольной промышленности,ГП № 5-2025.pdf,open
CONTR_710,,,contradicts,,ГП № 5-2025.pdf,open
CONTR_711,,,contradicts,,ГП № 5-2025.pdf,open
CONTR_712,,,contradicts,Технический потенциал струйного аппарата и патента [17] не раскрыт в полной мере.,ГП № 5-2025.pdf,open
CONTR_713,,,contradicts,,ГП № 5-2025.pdf,open
CONTR_714,,,contradicts,Несвоевременная остановка работы двигателей приводит к значительным затратам на капитальный ремонт.,ГП № 5-2025.pdf,open
CONTR_715,,,contradicts,Различия в минерализации и дебите рассола в разных скважинах месторождения Сакар,ГП № 5-2025.pdf,open
CONTR_716,,,contradicts,Влияние содержания элементов на работоспособность масла,ГП № 5-2025.pdf,open
CONTR_717,,,contradicts,,ГП № 5-2025.pdf,open
CONTR_718,,,contradicts,,ГП № 5-2025.pdf,open
CONTR_719,,,contradicts,,ГП № 6-2025.pdf,open
CONTR_720,,,contradicts,,ГП № 6-2025.pdf,open
CONTR_721,,,contradicts,нет противоречий,ГП № 6-2025.pdf,open
CONTR_722,,,contradicts,Разрыв между трехмерным моделированием и подготовкой итоговой графической документации на горнодобывающих предприятиях России.,ГП № 6-2025.pdf,open
CONTR_723,,,contradicts,,ГП № 6-2025.pdf,open
CONTR_724,,,contradicts,,ГП № 6-2025.pdf,open
CONTR_725,,,contradicts,,ГП № 6-2025.pdf,open
CONTR_726,,,contradicts,,ГП № 6-2025.pdf,open
CONTR_727,,,contradicts,,ГП № 6-2025.pdf,open
CONTR_728,,,contradicts,,ГП № 6-2025.pdf,open
CONTR_729,,,contradicts,,ГП № 6-2025.pdf,open
CONTR_730,,,contradicts,"Необходимость разработки современной методики оценки исчисления размера ущерба, наносимого промышленными объектами коренным народам",ГП № 6-2025.pdf,open
CONTR_731,,,contradicts,"Противоречие в оценке ущерба, причиненного КМНС в результате хозяйственной деятельности предприятия",ГП № 6-2025.pdf,open
CONTR_732,,,contradicts,,ГП № 6-2025.pdf,open
CONTR_733,,,contradicts,,ГП № 6-2025.pdf,open
CONTR_734,,,contradicts,,ГП № 6-2025.pdf,open
CONTR_735,,,contradicts,,ГП № 6-2025.pdf,open
CONTR_736,,,contradicts,Дефицит специалистов в минерально-сырьевом комплексе при недостаточном выпуске горных инженеров,ГП № 6-2025.pdf,open
CONTR_737,,,contradicts,Разрыв между требованиями работодателей и уровнем подготовки выпускников по цифровым компетенциям,ГП № 6-2025.pdf,open
CONTR_738,,,contradicts,Отсутствие объективных данных о соответствии квалификации выпускников требованиям цифровизированного производства,ГП № 6-2025.pdf,open
CONTR_739,,,contradicts,Неразработанность методологии интеграции цифровых технологий в формирование практических навыков,ГП № 6-2025.pdf,open
CONTR_740,,,contradicts,Недостаточное понимание механизмов взаимодействия вузов и предприятий,ГП № 6-2025.pdf,open
CONTR_741,,,contradicts,Дефицит лонгитюдных исследований карьерных траекторий выпускников,ГП № 6-2025.pdf,open
CONTR_742,,,contradicts,Разрыв между объемами подготовки специалистов и потребностями отрасли,ГП № 6-2025.pdf,open
CONTR_743,,,contradicts,,ГП № 6-2025.pdf,open
CONTR_744,,,contradicts,,ГП № 6-2025.pdf,open
CONTR_745,,,contradicts,,ГП № 6-2025.pdf,open
CONTR_746,,,contradicts,Противоречия в методах прогнозирования геодинамических явлений,ГП № 6-2025.pdf,open
CONTR_747,,,contradicts,,ГП № 6-2025.pdf,open
CONTR_748,,,contradicts,Сложности перевода графического языка схем и рисунков на язык программного обеспечения,ГП № 6-2025.pdf,open
CONTR_749,,,contradicts,,ГП № 6-2025.pdf,open
CONTR_750,,,contradicts,,ГП № 6-2025.pdf,open
CONTR_751,,,contradicts,Отсутствие комплексной методологии оценки экономической эффективности,ГП № 6-2025.pdf,open
CONTR_752,,,contradicts,,ГП № 6-2025.pdf,open
CONTR_753,,,contradicts,"Снижение инвестиций в 2022 г. обусловлено макроэкономической нестабильностью и ростом себестоимости добычи, приведшими к сокращению инвестиционных программ 50% предприятий горно-металлургического комплекса.",ГП № 6-2025.pdf,open
CONTR_754,,,contradicts,Различия в показателях эффективности внедрения IoT-решений,ГП № 6-2025.pdf,open
CONTR_755,,,contradicts,Противоречие между ожиданиями значительного сокращения издержек и реальными результатами,ГП № 6-2025.pdf,open
CONTR_756,,,contradicts,,ГП № 6-2025.pdf,open
CONTR_757,,,contradicts,Реализация потенциала цифровой трансформации сталкивается с рядом серьезных барьеров,ГП № 6-2025.pdf,open
CONTR_758,,,contradicts,,ГП № 6-2025.pdf,open
CONTR_759,,,contradicts,,ГП № 6-2025.pdf,open
CONTR_760,,,contradicts,Ограниченность метода дифференциальной спутниковой интерферометрии в районах с низкими скоростями смещений,ГП № 6-2025.pdf,open
CONTR_761,,,contradicts,Отсутствие единой концепции формирования технологических процессов для реализации эколого-сбалансированных решений,ГП № 6-2025.pdf,open
CONTR_762,,,contradicts,,ГП № 6-2025.pdf,open
CONTR_763,,,contradicts,,ГП № 6-2025.pdf,open
CONTR_764,,,contradicts,"Отсутствие систематических исследований, количественно оценивающих вклад отдельных компонентов цифровой инфраструктуры в совокупный экономический эффект.",ГП № 6-2025.pdf,open
CONTR_765,,,contradicts,,ГП № 6-2025.pdf,open
CONTR_766,,,contradicts,,ГП № 6-2025.pdf,open
CONTR_767,,,contradicts,,ГП № 6-2025.pdf,open
CONTR_768,,,contradicts,Нет противоречий,ГП № 6-2025.pdf,open
CONTR_769,,,contradicts,Влияние загрязнения NOx на NPP,ГП № 6-2025.pdf,open
CONTR_770,,,contradicts,,ГП № 6-2025.pdf,open
CONTR_771,,,contradicts,,ГП № 6-2025.pdf,open
CONTR_772,,,contradicts,,ГП № 6-2025.pdf,open
CONTR_773,,,contradicts,,ГП № 6-2025.pdf,open
CONTR_774,,,contradicts,,ГП № 6-2025.pdf,open
CONTR_775,,,contradicts,,ГП № 6-2025.pdf,open
CONTR_776,,,contradicts,,ГП № 6-2025.pdf,open
CONTR_777,,,contradicts,Волатильность мирового рынка лития может негативно сказаться на экономике проекта.,ГП № 6-2025.pdf,open
CONTR_778,,,contradicts,Удалённость месторождения как ограничительный фактор,ГП № 6-2025.pdf,open
CONTR_779,,,contradicts,,ГП № 6-2025.pdf,open
CONTR_780,,,contradicts,,ГП № 6-2025.pdf,open
CONTR_781,,,contradicts,,ГП № 6-2025.pdf,open
CONTR_782,,,contradicts,,ГП № 6-2025.pdf,open
CONTR_783,,,contradicts,,ГП № 6-2025.pdf,open
CONTR_784,,,contradicts,"Низкая плотность дорог сдерживает экономическое развитие, но автомобильный транспорт остаётся основным видом транспорта для грузо- и пассажироперевозок.",ГП № 6-2025.pdf,open
CONTR_785,,,contradicts,,ГП № 6-2025.pdf,open
CONTR_786,,,contradicts,,ГП № 6-2025.pdf,open
CONTR_787,,,contradicts,Противоречий в тексте не обнаружено,ГП № 6-2025.pdf,open
CONTR_788,,,contradicts,Не существует универсального решения для очистки сточных вод всех угледобывающих предприятий,ГП № 6-2025.pdf,open
CONTR_789,,,contradicts,,ГП № 6-2025.pdf,open
CONTR_790,,,contradicts,Отсутствие информации о конкретных экспертах,ГП № 6-2025.pdf,open
CONTR_791,,,contradicts,Отсутствие однозначной корреляции между энергией источника и его спектральным составом,ГП № 6-2025.pdf,open
CONTR_792,,,contradicts,null,ГП № 6-2025.pdf,open
CONTR_793,,,contradicts,"Максимально возможная энергия события, рассчитанная по графику повторяемости, не учитывает блочную структуру массива",ГП № 6-2025.pdf,open
CONTR_794,,,contradicts,,ГП № 6-2025.pdf,open
CONTR_795,,,contradicts,,ГП № 6-2025.pdf,open
CONTR_796,,,contradicts,,ГП № 6-2025.pdf,open
CONTR_797,,,contradicts,,ГП № 6-2025.pdf,open
CONTR_798,,,contradicts,,ГП № 6-2025.pdf,open
CONTR_799,,,contradicts,,ГП № 6-2025.pdf,open
CONTR_800,,,contradicts,,ГП № 6-2025.pdf,open
CONTR_801,,,contradicts,Нет противоречий,ГП № 6-2025.pdf,open
CONTR_802,,,contradicts,Недостаток исследований по построению фотограмметрических моделей в сложных условиях подземных горных выработок,ГП № 6-2025.pdf,open
CONTR_803,,,contradicts,"Разные модели учитывают разные физические и геомеханические факторы, что приводит к различной чувствительности и форме кривых.",ГП № 6-2025.pdf,open
CONTR_804,,,contradicts,Интенсивность воздействия на здания и сооружения не подчиняется известным закономерностям.,ГП № 6-2025.pdf,open
CONTR_805,,,contradicts,,ГП № 6-2025.pdf,open
CONTR_806,,,contradicts,Реальные фактические значения избыточного давления на фронте УВВ от массовых взрывов могут отличаться,ГП № 6-2025.pdf,open
CONTR_807,,,contradicts,Различия в данных о разрушении стекол при взрыве,ГП № 6-2025.pdf,open
CONTR_808,,,contradicts,,ГП № 6-2025.pdf,open
CONTR_809,,,contradicts,,ГП № 6-2025.pdf,open
CONTR_810,,,contradicts,Современные методики оценки действия сейсмовзрывных и ударных воздушных волн не учитывают их совместного действия.,ГП № 6-2025.pdf,open
CONTR_811,,,contradicts,,ГП № 6-2025.pdf,open
CONTR_812,,,contradicts,Противоречие между необходимостью публикации данных о месторождениях и законодательными ограничениями на их распространение,ГП № 6-2025.pdf,open
CONTR_813,,,contradicts,,ГП № 6-2025.pdf,open
CONTR_814,,,contradicts,,ГП № 6-2025.pdf,open
CONTR_815,,,contradicts,,ГП № 6-2025.pdf,open
CONTR_816,,,contradicts,,ГП № 2_2026_d.pdf,open
CONTR_817,,,contradicts,,ГП № 2_2026_d.pdf,open
CONTR_818,,,contradicts,,ГП № 6-2025.pdf,open
CONTR_819,,,contradicts,Противоречия в оценке текущего состояния угольной отрасли и возможных путей её развития.,ГП № 2_2026_d.pdf,open
CONTR_820,,,contradicts,,ГП № 2_2026_d.pdf,open
CONTR_821,,,contradicts,Различия в прогнозах доли российского экспорта угля в международной торговле,ГП № 2_2026_d.pdf,open
CONTR_822,,,contradicts,Противоречия в статье не указаны,ГП № 2_2026_d.pdf,open
CONTR_823,,,contradicts,Противоречие между необходимостью развития угольной генерации и снижением её доли в топливном балансе.,ГП № 2_2026_d.pdf,open
CONTR_824,,,contradicts,Нет противоречий в тексте,ГП № 2_2026_d.pdf,open
CONTR_825,,,contradicts,,ГП № 2_2026_d.pdf,open
CONTR_826,,,contradicts,Разные подходы к цифровизации в горнодобывающей промышленности,ГП № 2_2026_d.pdf,open
CONTR_827,,,contradicts,,ГП № 2_2026_d.pdf,open
CONTR_828,,,contradicts,,ГП № 2_2026_d.pdf,open
CONTR_829,,,contradicts,Традиционный руководитель может не понимать принципов цифровой трансформации,ГП № 2_2026_d.pdf,open
CONTR_830,,,contradicts,Специалисты по цифровой трансформации могут не иметь достаточного производственного опыта,ГП № 2_2026_d.pdf,open
CONTR_831,,,contradicts,,ГП № 2_2026_d.pdf,open
CONTR_832,,,contradicts,Проблема с контрафактными фильтрами,ГП № 2_2026_d.pdf,open
CONTR_833,,,contradicts,,ГП № 2_2026_d.pdf,open
CONTR_834,,,contradicts,,ГП № 2_2026_d.pdf,open
CONTR_835,,,contradicts,Использование дизельного топлива в теплогенераторах не рекомендуется из-за нарушения санитарных требований.,ГП № 2_2026_d.pdf,open
CONTR_836,,,contradicts,Устаревшие подходы к формированию отчетности сохраняются из-за ограниченности функциональных возможностей старой системы,ГП № 2_2026_d.pdf,open
CONTR_837,,,contradicts,Ограниченность результатов исследования обобщёнными данными и неоднородностью социально-экономических и геоэкологических условий угледобывающих регионов,ГП № 2_2026_d.pdf,open
CONTR_838,,,contradicts,,ГП № 2_2026_d.pdf,open
CONTR_839,,,contradicts,Отсутствие единой системы понятий в области роботизации подземных горных работ.,ГП № 2_2026_d.pdf,open
CONTR_840,,,contradicts,"Отсутствие единого подхода к трактованию терминов «робот», «роботизированный» применительно к технике и механизмам, применяемым в горном деле.",ГП № 2_2026_d.pdf,open
CONTR_841,,,contradicts,,ГП № 2_2026_d.pdf,open
CONTR_842,,,contradicts,Отсутствие комплексного подхода к оценке влияния технических приемов на эффективность и безопасность БВР,ГП № 2_2026_d.pdf,open
CONTR_843,,,contradicts,Отсутствие численных расчетов по определению радиуса зоны интенсивного пылеобразования,ГП № 2_2026_d.pdf,open
CONTR_844,,,contradicts,,ГП № 2_2026_d.pdf,open
CONTR_845,,,contradicts,,ГП № 2_2026_d.pdf,open
CONTR_846,,,contradicts,,ГП № 2_2026_d.pdf,open
CONTR_847,,,contradicts,,ГП № 2_2026_d.pdf,open
CONTR_848,,,contradicts,,ГП № 2_2026_d.pdf,open
CONTR_849,,,contradicts,,ГП № 2_2026_d.pdf,open
CONTR_850,,,contradicts,,ГП № 2_2026_d.pdf,open
CONTR_851,,,contradicts,,ГП № 2_2026_d.pdf,open
CONTR_852,,,contradicts,,ГП № 2_2026_d.pdf,open
CONTR_853,,,contradicts,"Противоречие между нормативной базой, учитывающей только пиковые воздействия, и реальными эффектами вибрационного загрязнения.",ГП № 2_2026_d.pdf,open
CONTR_854,,,contradicts,Спад добычи железных руд в России после 1990 года,ГП № 2_2026_d.pdf,open
CONTR_855,,,contradicts,,ГП № 2_2026_d.pdf,open
CONTR_856,,,contradicts,,ГП № 2_2026_d.pdf,open
CONTR_857,,,contradicts,Противоречие между ускоряющимся спросом на критические минералы и замедляющимися темпами инвестиций в расширение предложения,ГП № 2_2026_d.pdf,open
CONTR_858,,,contradicts,ограничение доступа к западным технологиям переработки сдерживает переход от экспорта концентратов к поставкам продукции глубокой переработки,ГП № 2_2026_d.pdf,open
CONTR_859,,,contradicts,,ГП № 2_2026_d.pdf,open
CONTR_860,,,contradicts,"Санкции ограничивают доступ к западным технологиям сепарации и рафинирования, что может привести к тому, что Россия останется поставщиком концентратов, а не продукции глубокой переработки.",ГП № 2_2026_d.pdf,open
CONTR_861,,,contradicts,Противоречие между глобальным характером спроса и региональным характером предложения на ключевые минералы.,ГП № 2_2026_d.pdf,open
CONTR_862,,,contradicts,Процесс цифровизации в российской горной промышленности сталкивается с рядом барьеров,ГП № 2_2026_d.pdf,open
CONTR_863,,,contradicts,,ГП № 2_2026_d.pdf,open
CONTR_864,,,contradicts,,ГП № 2_2026_d.pdf,open
CONTR_865,,,contradicts,Стохастическое моделирование ценовой динамики более точно оценивает инвестиционную привлекательность горнодобывающих проектов по сравнению с методом дисконтированных денежных потоков (DCF).,ГП № 2_2026_d.pdf,open
CONTR_866,,,contradicts,Стохастическое моделирование показывает более точную оценку NPV горнодобывающих проектов по сравнению с детерминированным методом DCF,ГП № 2_2026_d.pdf,open
CONTR_867,,,contradicts,,ГП № 2_2026_d.pdf,open
CONTR_868,,,contradicts,,ГП № 2_2026_d.pdf,open
CONTR_869,,,contradicts,,ГП № 2_2026_d.pdf,open
CONTR_870,,,contradicts,,ГП № 2_2026_d.pdf,open
CONTR_871,,,contradicts,,ГП № 2_2026_d.pdf,open
CONTR_872,,,contradicts,,ГП № 2_2026_d.pdf,open
CONTR_873,,,contradicts,Отсутствие научного обоснования для длины рабочего участка струи гидромонитора и критериев отнесения пород к группам,ГП № 2_2026_d.pdf,open
CONTR_874,,,contradicts,,ГП № 2_2026_d.pdf,open
CONTR_875,,,contradicts,"Современные методы пока уступают традиционным по точности, но дают уникальную площадную интерпретацию смещений",ГП № 2_2026_d.pdf,open
CONTR_876,,,contradicts,,ГП № 2_2026_d.pdf,open
CONTR_877,,,contradicts,Нет противоречий,ГП № 2_2026_d.pdf,open
CONTR_878,,,contradicts,Отсутствие методологии оценки технологической совместимости автоматизированных систем бурения с учетом специфики геомеханических параметров различных геологических формаций,ГП № 2_2026_d.pdf,open
CONTR_879,,,contradicts,,ГП № 2_2026_d.pdf,open
CONTR_880,,,contradicts,,ГП № 2_2026_d.pdf,open
CONTR_881,,,contradicts,,ГП № 2_2026_d.pdf,open
CONTR_882,,,contradicts,,ГП № 2_2026_d.pdf,open
CONTR_883,,,contradicts,Парадокс роста операционных инвестиций при сжатии вложений в новые проекты,ГП № 2_2026_d.pdf,open
CONTR_884,,,contradicts,,ГП № 2_2026_d.pdf,open
CONTR_885,,,contradicts,,ГП № 2_2026_d.pdf,open
CONTR_886,,,contradicts,Отсутствие противоречий,ГП № 2_2026_d.pdf,open
CONTR_887,,,contradicts,Нет противоречий,ГП № 2_2026_d.pdf,open
CONTR_888,,,contradicts,,ГП № 2_2026_d.pdf,open
CONTR_889,,,contradicts,Противоречия между необходимостью декарбонизации и экономической стабильностью моноресурсных регионов,ГП № 2_2026_d.pdf,open
CONTR_890,,,contradicts,,ГП № 2_2026_d.pdf,open
CONTR_891,,,contradicts,,ГП № 2_2026_d.pdf,open
CONTR_892,,,contradicts,,ГП № 2_2026_d.pdf,open
CONTR_893,,,contradicts,Различные типы детекторов имеют свои преимущества и недостатки,ГП № 2_2026_d.pdf,open
CONTR_894,,,contradicts,,ГП № 2_2026_d.pdf,open
CONTR_895,,,contradicts,,ГП № 2_2026_d.pdf,open
CONTR_896,,,contradicts,Разброс результатов испытаний образцов керна нарушенной породы с искусственной трещиной,ГП № 2_2026_d.pdf,open
CONTR_897,,,contradicts,,ГП № 2_2026_d.pdf,open
CONTR_898,,,contradicts,Теоретическое обоснование факторинга как механизма стабилизации операционного цикла горнодобывающих предприятий в условиях сырьевой волатильности остаётся фрагментарным.,ГП № 2_2026_d.pdf,open
CONTR_899,,,contradicts,,ГП № 2_2026_d.pdf,open
CONTR_900,,,contradicts,Низкий уровень цифровизации финансового управления в горнодобывающей отрасли России,ГП № 2_2026_d.pdf,open
CONTR_901,,,contradicts,,ГП № 2_2026_d.pdf,open
CONTR_902,,,contradicts,,ГП № 2_2026_d.pdf,open
CONTR_903,,,contradicts,,ГП № 2_2026_d.pdf,open
CONTR_904,,,contradicts,,ГП № 2_2026_d.pdf,open
CONTR_905,,,contradicts,"Различия в стратегиях США, ЕС и Китая по добыче и переработке критических минералов",ГП № 2_2026_d.pdf,open
CONTR_906,,,contradicts,Парадокс диверсификации: рост концентрации параллельно с увеличением числа стратегических инициатив.,ГП № 2_2026_d.pdf,open
CONTR_907,,,contradicts,Парадокс диверсификации,ГП № 2_2026_d.pdf,open
CONTR_908,,,contradicts,"Прогнозный дефицит лития в базовом сценарии достигает 37,9% к 2035 г.",ГП № 2_2026_d.pdf,open
CONTR_909,,,contradicts,"Санкции стали ключевым экзогенным фактором, который трансформировал традиционные взаимосвязи между добывающим и перерабатывающим секторами российской экономики.",ГП № 2_2026_d.pdf,open
CONTR_910,,,contradicts,,ГП №1_2026_d.pdf,open
CONTR_911,,,contradicts,,ГП №1_2026_d.pdf,open
CONTR_912,,,contradicts,,ГП №1_2026_d.pdf,open
CONTR_913,,,contradicts,,ГП №1_2026_d.pdf,open
CONTR_914,,,contradicts,,ГП №1_2026_d.pdf,open
CONTR_915,,,contradicts,Переработка фосфогипса может быть направлена на производство строительных материалов или редких земель.,ГП №1_2026_d.pdf,open
CONTR_916,,,contradicts,,ГП №1_2026_d.pdf,open
CONTR_917,,,contradicts,Отсутствие правовой легитимности использования БВС в маркшейдерской деятельности на открытых горных работах.,ГП №1_2026_d.pdf,open
CONTR_918,,,contradicts,,ГП №1_2026_d.pdf,open
CONTR_919,,,contradicts,,ГП №1_2026_d.pdf,open
CONTR_920,,,contradicts,"Отсутствие нормативно-технического документа, устанавливающего требования и методику проведения маркшейдерских работ и измерений с использованием БПЛА на открытых горных работах в Российской Федерации.",ГП №1_2026_d.pdf,open
CONTR_921,,,contradicts,,ГП №1_2026_d.pdf,open
CONTR_922,,,contradicts,,ГП №1_2026_d.pdf,open
CONTR_923,,,contradicts,,ГП №1_2026_d.pdf,open
CONTR_924,,,contradicts,"При толщине теплоизолирующей породной сыпучей отсыпки 2 м температура на контакте теплоизолирующий экран–намороженный лёд к концу летнего периода превышает температуру фазовых переходов влаги, что приводит к протаиванию намороженного ЛМ.",ГП №1_2026_d.pdf,open
CONTR_925,,,contradicts,,ГП №1_2026_d.pdf,open
CONTR_926,,,contradicts,Противоречие между декларируемыми принципами горнодобывающих предприятий и их практической реализацией.,ГП №1_2026_d.pdf,open
CONTR_927,,,contradicts,,ГП №1_2026_d.pdf,open
CONTR_928,,,contradicts,,ГП №1_2026_d.pdf,open
CONTR_929,,,contradicts,,ГП №1_2026_d.pdf,open
CONTR_930,,,contradicts,,ГП №1_2026_d.pdf,open
CONTR_931,,,contradicts,,ГП №1_2026_d.pdf,open
CONTR_932,,,contradicts,,ГП №1_2026_d.pdf,open
CONTR_933,,,contradicts,Отсутствие законодательного определения понятий сверхмалое и малое угольное предприятие,ГП №1_2026_d.pdf,open
CONTR_934,,,contradicts,,ГП №1_2026_d.pdf,open
CONTR_935,,,contradicts,,ГП №1_2026_d.pdf,open
CONTR_936,,,contradicts,"Несмотря на высокую ценность титаномагнетитовых руд, процесс извлечения полезных компонентов сталкивается с рядом сложностей.",ГП №1_2026_d.pdf,open
CONTR_937,,,contradicts,"Риски, связанные с созданием и работой нового микроразреза",ГП №1_2026_d.pdf,open
CONTR_938,,,contradicts,,ГП №1_2026_d.pdf,open
CONTR_939,,,contradicts,,ГП №1_2026_d.pdf,open
CONTR_940,,,contradicts,"Традиционные методы определения размеров камер не учитывают изменчивости геологических, геомеханических и экономических параметров",ГП №1_2026_d.pdf,open
CONTR_941,,,contradicts,Нет противоречий,ГП №1_2026_d.pdf,open
CONTR_942,,,contradicts,,ГП №1_2026_d.pdf,open
CONTR_943,,,contradicts,,ГП №1_2026_d.pdf,open
CONTR_944,,,contradicts,Нет противоречий,ГП №1_2026_d.pdf,open
CONTR_945,,,contradicts,,ГП №1_2026_d.pdf,open
CONTR_946,,,contradicts,,ГП №1_2026_d.pdf,open
CONTR_947,,,contradicts,Ограниченность работ по применению CNN для анализа гиперспектральных данных в минеральной разведке для медно-никелевых сульфидных месторождений арктической зоны,ГП №1_2026_d.pdf,open
CONTR_948,,,contradicts,Необходимость адаптации топливных элементов к экстремальным условиям,ГП №1_2026_d.pdf,open
CONTR_949,,,contradicts,Нет противоречий,ГП №1_2026_d.pdf,open
CONTR_950,,,contradicts,Нет противоречий,ГП №1_2026_d.pdf,open
CONTR_951,,,contradicts,,ГП №1_2026_d.pdf,open
CONTR_952,,,contradicts,,ГП №1_2026_d.pdf,open
CONTR_953,,,contradicts,,ГП №1_2026_d.pdf,open
CONTR_954,,,contradicts,,ГП №1_2026_d.pdf,open
CONTR_955,,,contradicts,,ГП №1_2026_d.pdf,open
CONTR_956,,,contradicts,,ГП №1_2026_d.pdf,open
CONTR_957,,,contradicts,,ГП №1_2026_d.pdf,open
CONTR_958,,,contradicts,"Имеются условия, при которых показатели трещиноватости массива горных пород не всегда коррелируют с показателем RQD.",ГП №1_2026_d.pdf,open
CONTR_959,,,contradicts,,ГП №1_2026_d.pdf,open
CONTR_960,,,contradicts,,ГП №1_2026_d.pdf,open
CONTR_961,,,contradicts,,ГП №1_2026_d.pdf,open
CONTR_962,,,contradicts,Нет противоречий,ГП №1_2026_d.pdf,open
CONTR_963,,,contradicts,,ГП №1_2026_d.pdf,open
CONTR_964,,,contradicts,,ГП №1_2026_d.pdf,open
CONTR_965,,,contradicts,Отсутствие систематизированных данных по влиянию геометрии режущих элементов на эффективность процесса фрезерования,ГП №1_2026_d.pdf,open
CONTR_966,,,contradicts,,ГП №1_2026_d.pdf,open
CONTR_967,,,contradicts,Расчетные значения выхода машин из строя оказываются меньше фактических,ГП №1_2026_d.pdf,open
CONTR_968,,,contradicts,,ГП №1_2026_d.pdf,open
CONTR_969,,,contradicts,,ГП №1_2026_d.pdf,open
CONTR_970,,,contradicts,,ГП №1_2026_d.pdf,open
CONTR_971,,,contradicts,,ГП №1_2026_d.pdf,open
CONTR_972,,,contradicts,,ГП №1_2026_d.pdf,open
CONTR_973,,,contradicts,Противоречие между экономической целесообразностью и технической осуществимостью при разработке многослойных залежей,ГП №1_2026_d.pdf,open
CONTR_974,,,contradicts,,№ 01_24.pdf,open
CONTR_975,,,contradicts,Традиционный подход к учету финансовых рисков без должного отражения геологических и геотехнических особенностей может привести к недооценке опасности.,№ 01_24.pdf,open
CONTR_976,,,contradicts,,№ 01_24.pdf,open
CONTR_977,,,contradicts,,№ 01_24.pdf,open
CONTR_978,,,contradicts,Различия в оценке коэффициента длительной прочности кимберлитов,№ 01_24.pdf,open
CONTR_979,,,contradicts,Неполное совпадение модельного и реального локального поля напряжений,№ 01_24.pdf,open
CONTR_980,,,contradicts,,№ 01_24.pdf,open
CONTR_981,,,contradicts,,№ 01_24.pdf,open
CONTR_982,,,contradicts,,№ 01_24.pdf,open
CONTR_983,,,contradicts,Противоречие между высокой производительностью труда и безопасностью горных работ,№ 01_24.pdf,open
CONTR_984,,,contradicts,Противоречие в определении давления на МКЦ,№ 01_24.pdf,open
CONTR_985,,,contradicts,Отрицательные значения ширины целиков при расчете по формуле Л. Д. Шевякова,№ 01_24.pdf,open
CONTR_986,,,contradicts,,№ 01_24.pdf,open
CONTR_987,,,contradicts,,№ 01_24.pdf,open
CONTR_988,,,contradicts,"Зарубежные методики учитывают свойства закладочного массива, но не учитывают элементы залегания рудных тел. Отечественные методики учитывают элементы залегания рудных тел, но не учитывают свойства закладочного массива.",№ 01_24.pdf,open
CONTR_989,,,contradicts,"Применение значений эмпирических коэффициентов α и β из работы Д. М. Казикаева не позволило выйти на те объемы цемента, которые были получены лабораторным и натурным способами",№ 01_24.pdf,open
CONTR_990,,,contradicts,Разные методики расчета нормативной прочности закладочного массива,№ 01_24.pdf,open
CONTR_991,,,contradicts,,№ 01_24.pdf,open
CONTR_992,,,contradicts,,№ 01_24.pdf,open
CONTR_993,,,contradicts,,№ 01_24.pdf,open
CONTR_994,,,contradicts,,№ 01_24.pdf,open
CONTR_995,,,contradicts,,№ 01_24.pdf,open
CONTR_996,,,contradicts,,№ 01_24.pdf,open
CONTR_997,,,contradicts,,№ 01_24.pdf,open
CONTR_998,,,contradicts,"Влияние времени стояния скважин после бурения и минимального времени, необходимого для раскрытия трещин",№ 01_24.pdf,open
CONTR_999,,,contradicts,,№ 01_24.pdf,open
CONTR_1000,,,contradicts,,№ 01_24.pdf,open
CONTR_1001,,,contradicts,Результаты численного моделирования противоречат основам механики твердого тела.,№ 01_24.pdf,open
CONTR_1002,,,contradicts,Необходимость проведения масштабных испытаний в шахте для использования аналитических и численных моделей при проектировании,№ 01_24.pdf,open
CONTR_1003,,,contradicts,Отсутствие работ по определению нагрузочной способности на основе аналитических моделей,№ 01_24.pdf,open
CONTR_1004,,,contradicts,,№ 01_24.pdf,open
CONTR_1005,,,contradicts,,№ 01_24.pdf,open
CONTR_1006,,,contradicts,"Несоответствие между смещениями, полученными в модели, и смещениями, зарегистрированными в моделях отверстий",№ 01_24.pdf,open
CONTR_1007,,,contradicts,Неверное определение прогнозных температур породного массива,№ 01_24.pdf,open
CONTR_1008,,,contradicts,"Значения несущей способности, зафиксированные ООО «ОКС» для анкера с W-образным профилем, являются «уникальными»",№ 01_24.pdf,open
CONTR_1009,,,contradicts,Недостаток существующих сведений о геотермии рудника и месторождения в целом,№ 01_24.pdf,open
CONTR_1010,,,contradicts,,№ 01_24.pdf,open
CONTR_1011,,,contradicts,"Различия в геотермических характеристиках, полученных разными методами",№ 01_24.pdf,open
CONTR_1012,,,contradicts,,№ 01_24.pdf,open
CONTR_1013,,,contradicts,Нет противоречий,№ 01_24.pdf,open
CONTR_1014,,,contradicts,Противоречий не обнаружено,№ 01_24.pdf,open
CONTR_1015,,,contradicts,геостатистический подход неприменим для большинства объектов горнодобывающей отрасли,№ 01_24.pdf,open
CONTR_1016,,,contradicts,нестационарность данных,№ 01_24.pdf,open
CONTR_1017,,,contradicts,,№ 01_24.pdf,open
CONTR_1018,,,contradicts,"На производстве при формировании интервалов крепи происходит обобщение геологической и горнотехнической ситуации, в то время как система может формировать все возможные варианты крепи при заданных условиях.",№ 01_24.pdf,open
CONTR_1019,,,contradicts,,№ 02_24.pdf,open
CONTR_1020,,,contradicts,,№ 02_24.pdf,open
CONTR_1021,,,contradicts,Влияние неуглеводородных компонентов на процессы отработки запасов,№ 02_24.pdf,open
CONTR_1022,,,contradicts,Противоречий в тексте не обнаружено,№ 02_24.pdf,open
CONTR_1023,,,contradicts,,№ 02_24.pdf,open
CONTR_1024,,,contradicts,,№ 02_24.pdf,open
CONTR_1025,,,contradicts,,№ 02_24.pdf,open
CONTR_1026,,,contradicts,,№ 02_24.pdf,open
CONTR_1027,,,contradicts,Влияние солености воды на продолжительность формирования ледяного массива,№ 02_24.pdf,open
CONTR_1028,,,contradicts,,№ 02_24.pdf,open
CONTR_1029,,,contradicts,,№ 02_24.pdf,open
CONTR_1030,,,contradicts,,№ 02_24.pdf,open
CONTR_1031,,,contradicts,"нестабильное распознавание алмазов крупностью 1,5 мм в кимберлите толщиной более 31 мм",№ 02_24.pdf,open
CONTR_1032,,,contradicts,,№ 02_24.pdf,open
CONTR_1033,,,contradicts,Потери ферросилиция при контакте с минерализованными водами,№ 02_24.pdf,open
CONTR_1034,,,contradicts,"Винтовые сепараторы имеют высокий уровень извлечения, но низкую производительность.",№ 02_24.pdf,open
CONTR_1035,,,contradicts,"Центробежные концентраторы имеют высокий уровень извлечения, но их использование затруднено из-за растительных включений.",№ 02_24.pdf,open
CONTR_1036,,,contradicts,,№ 02_24.pdf,open
CONTR_1037,,,contradicts,Ограничения на применение методов повышения коррозионной устойчивости ферросилиция,№ 02_24.pdf,open
CONTR_1038,,,contradicts,Фактическая наработка секционных насосов до капитального ремонта может отличаться от плановой,№ 02_24.pdf,open
CONTR_1039,,,contradicts,Различие в заявленной и фактической долговечности насосного оборудования,№ 02_24.pdf,open
CONTR_1040,,,contradicts,Эффективность использования ПНГ зависит от его компонентного состава и размера месторождения.,№ 02_24.pdf,open
CONTR_1041,,,contradicts,,№ 02_24.pdf,open
CONTR_1042,,,contradicts,Необходимость предварительной подготовки газа для использования в горных машинах в условиях Якутии,№ 02_24.pdf,open
CONTR_1043,,,contradicts,,№ 02_24.pdf,open
CONTR_1044,,,contradicts,"Высокий уровень утилизации ПНГ достигается в основном за счёт выработки электроэнергии и использования для поддержки пластового давления, однако из-за инфраструктурных ограничений утилизация ПНГ в Западной Якутии достаточно проблематична.",№ 02_24.pdf,open
CONTR_1045,,,contradicts,Узкий диапазон эффективной работы упругодемпфирующих устройств (УДУ),№ 02_24.pdf,open
CONTR_1046,,,contradicts,,№ 02_24.pdf,open
CONTR_1047,,,contradicts,ВИЭ не являются конкурентоспособными по сравнению с другими технологиями производства энергии в РФ,№ 02_24.pdf,open
CONTR_1048,,,contradicts,,№ 02_24.pdf,open
CONTR_1049,,,contradicts,нет противоречий,№ 02_24.pdf,open
CONTR_1050,,,contradicts,,№ 02_24.pdf,open
CONTR_1051,,,contradicts,"Расчетные значения коэффициентов n-й гармонической составляющей напряжения для 35-й и 37-й гармоник превышают предельно допустимое значение, установленное ГОСТом, практически в 2 раза.",№ 02_24.pdf,open
CONTR_1052,,,contradicts,Показатели качества электроэнергии не соответствуют требованиям ГОСТ 32144–2013,№ 02_24.pdf,open
CONTR_1053,,,contradicts,,№ 02_24.pdf,open
CONTR_1054,,,contradicts,,№ 02_24.pdf,open
CONTR_1055,,,contradicts,,№ 02_24.pdf,open
CONTR_1056,,,contradicts,,№ 03_24.pdf,open
CONTR_1057,,,contradicts,,№ 03_24.pdf,open
CONTR_1058,,,contradicts,,№ 03_24.pdf,open
CONTR_1059,,,contradicts,"Цена никеля в 20 тыс. долл. за тонну как критическая, открывающая доступ к новому предложению, в последние годы была значительно ниже этого уровня.",№ 03_24.pdf,open
CONTR_1060,,,contradicts,Противоречие в оценках запасов никеля,№ 03_24.pdf,open
CONTR_1061,,,contradicts,Тенденция к снижению содержания целевых металлов в руде,№ 03_24.pdf,open
CONTR_1062,,,contradicts,Отсутствие в российской нормативной документации рекомендаций по прогнозированию величины скорости смещения грунта в зависимости от массы заряда.,№ 03_24.pdf,open
CONTR_1063,,,contradicts,,№ 03_24.pdf,open
CONTR_1064,,,contradicts,Различия в подходах к оценке сейсмического воздействия,№ 03_24.pdf,open
CONTR_1065,,,contradicts,Различия в определении пиковой скорости и максимальной массы взрываемого заряда в зависимости от нормативных документов и исследований.,№ 03_24.pdf,open
CONTR_1066,,,contradicts,Различия в подходах к определению допустимых скоростей деформаций конструкций зданий и сооружений в разных странах,№ 03_24.pdf,open
CONTR_1067,,,contradicts,Противоречие между отечественной научной средой и национальным стандартом РФ по критерию оценки влияния вибрации на сооружения,№ 03_24.pdf,open
CONTR_1068,,,contradicts,,№ 03_24.pdf,open
CONTR_1069,,,contradicts,Различия в подходах к определению безопасной глубины разработки между 'Временными правилами …' и 'Указаниями по охране …',№ 03_24.pdf,open
CONTR_1070,,,contradicts,Различия в результатах расчетов по традиционной методике и методике проф. В. Н. Гусева,№ 03_24.pdf,open
CONTR_1071,,,contradicts,Необходимость детального изучения свойств пород глинистого состава для точного расчёта высоты ЗВТ.,№ 03_24.pdf,open
CONTR_1072,,,contradicts,,№ 03_24.pdf,open
CONTR_1073,,,contradicts,,№ 03_24.pdf,open
CONTR_1074,,,contradicts,,№ 03_24.pdf,open
CONTR_1075,,,contradicts,,№ 03_24.pdf,open
CONTR_1076,,,contradicts,Накопленный опыт оценки зоны влияния очистных работ при обработке угольных месторождений не может быть однозначно использован для условий рудника «Октябрьский».,№ 03_24.pdf,open
CONTR_1077,,,contradicts,,№ 03_24.pdf,open
CONTR_1078,,,contradicts,Проблемы при использовании буровзрывных работ,№ 03_24.pdf,open
CONTR_1079,,,contradicts,Составы с микроцементами не подходят для упрочнения пород из-за некачественного заполнения пустот и низкой адгезии.,№ 03_24.pdf,open
CONTR_1080,,,contradicts,Противоречие между использованием тюбинговой крепи и предложенной технологией крепления,№ 03_24.pdf,open
CONTR_1081,,,contradicts,,№ 03_24.pdf,open
CONTR_1082,,,contradicts,Противоречия между использованием традиционного метода крепления горных выработок и применением тампонажной крепи.,№ 03_24.pdf,open
CONTR_1083,,,contradicts,Необходимость корректировки технологии заполнения армированного рукава,№ 03_24.pdf,open
CONTR_1084,,,contradicts,,№ 03_24.pdf,open
CONTR_1085,,,contradicts,,№ 03_24.pdf,open
CONTR_1086,,,contradicts,Применение одинаковых коэффициентов для разных схем нагружения некорректно,№ 03_24.pdf,open
CONTR_1087,,,contradicts,Различия в коэффициентах при расчете прочности на растяжение для одинаковых нагружающих поверхностей,№ 03_24.pdf,open
CONTR_1088,,,contradicts,Выявлены противоречия в действующих нормативных документах по определению предела прочности на растяжение косвенными методами,№ 03_24.pdf,open
CONTR_1089,,,contradicts,,№ 03_24.pdf,open
CONTR_1090,,,contradicts,,№ 03_24.pdf,open
CONTR_1091,,,contradicts,,№ 03_24.pdf,open
CONTR_1092,,,contradicts,,№ 03_24.pdf,open
CONTR_1093,,,contradicts,,№ 03_24.pdf,open
CONTR_1094,,,contradicts,,№ 03_24.pdf,open
CONTR_1095,,,contradicts,,№ 03_24.pdf,open
CONTR_1096,,,contradicts,,№ 03_24.pdf,open
CONTR_1097,,,contradicts,Переход от ручного труда к механизированному,№ 03_24.pdf,open
CONTR_1098,,,contradicts,"Различия в данных по времени на установку одного анкера, числу установленных анкеров и потерям рабочего времени между ФХН и производственной статистикой",№ 03_24.pdf,open
CONTR_1099,,,contradicts,,№ 03_24.pdf,open
CONTR_1100,,,contradicts,,№ 03_24.pdf,open
CONTR_1101,,,contradicts,,№ 03_24.pdf,open
CONTR_1102,,,contradicts,,№ 03_24.pdf,open
CONTR_1103,,,contradicts,"Несмотря на общие тенденции к снижению уровня травматизма, в некоторых странах и регионах прогресс может быть недостаточным",№ 03_24.pdf,open
CONTR_1104,,,contradicts,Противоречий в тексте не обнаружено,№ 03_24.pdf,open
CONTR_1105,,,contradicts,Пониженное сцепление утепленной защитной обуви с поверхностью,№ 03_24.pdf,open
CONTR_1106,,,contradicts,,№ 03_24.pdf,open
CONTR_1107,,,contradicts,"Отсутствие правовой базы для понятий, связанных с техногенным комплексом россыпедобычи",№ 04_24.pdf,open
CONTR_1108,,,contradicts,Противоречие между необходимостью переработки техногенных россыпей и низкой экономической эффективностью попутной добычи и извлечения ценных компонентов при разработке россыпей золота при существующей на тот период технологии обогащения.,№ 04_24.pdf,open
CONTR_1109,,,contradicts,Противоречие в понимании терминов и подходов к регулированию недропользования,№ 04_24.pdf,open
CONTR_1110,,,contradicts,Необходимость изменения технологического подхода к освоению отработанных площадей и объектов старопромысловых районов россыпной добычи России,№ 04_24.pdf,open
CONTR_1111,,,contradicts,Противоречие в содержании платины и палладия в рудах Кировское и Васино,№ 04_24.pdf,open
CONTR_1112,,,contradicts,,№ 04_24.pdf,open
CONTR_1113,,,contradicts,,№ 04_24.pdf,open
CONTR_1114,,,contradicts,Отсутствие легального определения 'техногенное образование' в законодательстве о недрах,№ 04_24.pdf,open
CONTR_1115,,,contradicts,,№ 04_24.pdf,open
CONTR_1116,,,contradicts,необходимость дальнейших исследований для определения содержания платины и палладия в рудах,№ 04_24.pdf,open
CONTR_1117,,,contradicts,,№ 04_24.pdf,open
CONTR_1118,,,contradicts,,№ 04_24.pdf,open
CONTR_1119,,,contradicts,,№ 04_24.pdf,open
CONTR_1120,,,contradicts,,№ 04_24.pdf,open
CONTR_1121,,,contradicts,,№ 04_24.pdf,open
CONTR_1122,,,contradicts,,№ 04_24.pdf,open
CONTR_1123,,,contradicts,,№ 04_24.pdf,open
CONTR_1124,,,contradicts,эффективность изменения вместимости кузовов автосамосвалов,№ 04_24.pdf,open
CONTR_1125,,,contradicts,,№ 04_24.pdf,open
CONTR_1126,,,contradicts,,№ 04_24.pdf,open
CONTR_1127,,,contradicts,,№ 04_24.pdf,open
CONTR_1128,,,contradicts,"Вопрос о том, на какой угол по отношению к поперечной оси машины должны быть развёрнуты фрезы.",№ 04_24.pdf,open
CONTR_1129,,,contradicts,,№ 04_24.pdf,open
CONTR_1130,,,contradicts,,№ 04_24.pdf,open
CONTR_1131,,,contradicts,Разнообразие горнотехнических условий эксплуатации горнотранспортного оборудования на карьерах затрудняет выбор рациональных моделей,№ 04_24.pdf,open
CONTR_1132,,,contradicts,,№ 04_24.pdf,open
CONTR_1133,,,contradicts,,№ 04_24.pdf,open
CONTR_1134,,,contradicts,Влияние чёрного углерода на климат Арктики,№ 04_24.pdf,open
CONTR_1135,,,contradicts,,№ 04_24.pdf,open
CONTR_1136,,,contradicts,,№ 04_24.pdf,open
CONTR_1137,,,contradicts,,№ 04_24.pdf,open
CONTR_1138,,,contradicts,Противоречий в данных не обнаружено.,№ 04_24.pdf,open
CONTR_1139,,,contradicts,Различия в оценках выбросов черного углерода по версии базы CEDS,№ 04_24.pdf,open
CONTR_1140,,,contradicts,,№ 04_24.pdf,open
CONTR_1141,,,contradicts,противоречий в тексте не обнаружено,№ 04_24.pdf,open
CONTR_1142,,,contradicts,,№ 04_24.pdf,open
CONTR_1143,,,contradicts,,№ 04_24.pdf,open
CONTR_1144,,,contradicts,Открытие Попугаевой приписали себе,№ 04_24.pdf,open
CONTR_1145,,,contradicts,Спор о дате встречи,№ 04_24.pdf,open
CONTR_1146,,,contradicts,,№ 04_24.pdf,open
CONTR_1147,,,contradicts,,№ 05_24.pdf,open
CONTR_1148,,,contradicts,,№ 05_24.pdf,open
CONTR_1149,,,contradicts,,№ 05_24.pdf,open
CONTR_1150,,,contradicts,Отсутствие единого подхода к использованию личных местоимений в научных текстах,№ 05_24.pdf,open
CONTR_1151,,,contradicts,Соблюдение жёсткого регламента представления статей не гарантирует паритета в рейтингах цитирования научного труда или журнала,№ 05_24.pdf,open
CONTR_1152,,,contradicts,Отсутствие металлогенических исследований на территории кратона Зимбабве,№ 05_24.pdf,open
CONTR_1153,,,contradicts,Различия в радиологических датировках событий завершающего периода формирования неоархейских гранит-зеленокаменных поясов,№ 05_24.pdf,open
CONTR_1154,,,contradicts,Разница в абсолютном возрасте фаз гранитоидов Сесомби и Чилиманзи может составлять более 50 млн лет,№ 05_24.pdf,open
CONTR_1155,,,contradicts,Влияние слоистости на процесс взрывного разрушения,№ 05_24.pdf,open
CONTR_1156,,,contradicts,,№ 05_24.pdf,open
CONTR_1157,,,contradicts,,№ 05_24.pdf,open
CONTR_1158,,,contradicts,,№ 05_24.pdf,open
CONTR_1159,,,contradicts,"Несмотря на декларируемые цели по декарбонизации, фактические результаты не всегда соответствуют планам",№ 05_24.pdf,open
CONTR_1160,,,contradicts,"Некоторые источники энергии, считающиеся возобновляемыми, на самом деле таковыми не являются",№ 05_24.pdf,open
CONTR_1161,,,contradicts,Не все российские нефтегазовые компании активно используют АИЭ,№ 05_24.pdf,open
CONTR_1162,,,contradicts,Нет явных противоречий в тексте.,№ 05_24.pdf,open
CONTR_1163,,,contradicts,Нет противоречий,№ 05_24.pdf,open
CONTR_1164,,,contradicts,,№ 05_24.pdf,open
CONTR_1165,,,contradicts,Ограничения на внедрение пресс-валков высокого давления из-за санкций,№ 05_24.pdf,open
CONTR_1166,,,contradicts,Противоречие в использовании различных материалов для гидроизоляции заколонного пространства,№ 05_24.pdf,open
CONTR_1167,,,contradicts,,№ 05_24.pdf,open
CONTR_1168,,,contradicts,Сомнения в надежности технического решения при отрицательных температурах и высоких осевых нагрузках,№ 05_24.pdf,open
CONTR_1169,,,contradicts,,№ 05_24.pdf,open
CONTR_1170,,,contradicts,Влияние климатических факторов и загрязнённости атмосферного воздуха на работу горных машин,№ 05_24.pdf,open
CONTR_1171,,,contradicts,,№ 05_24.pdf,open
CONTR_1172,,,contradicts,,№ 05_24.pdf,open
CONTR_1173,,,contradicts,,№ 05_24.pdf,open
CONTR_1174,,,contradicts,В тексте нет противоречий.,№ 05_24.pdf,open
CONTR_1175,,,contradicts,Отсутствие систематического изучения горных пород до конца XIX века,№ 05_24.pdf,open
CONTR_1176,,,contradicts,,№ 05_24.pdf,open
CONTR_1177,,,contradicts,,№ 06_24.pdf,open
CONTR_1178,,,contradicts,,№ 06_24.pdf,open
CONTR_1179,,,contradicts,"Отсутствие в развивающемся регионе собственной базы черной металлургии выгодно горно-металлургическим холдингам, а для ДФО – это значительные неоправданные издержки.",№ 06_24.pdf,open
CONTR_1180,,,contradicts,Противоречие между необходимостью развития металлургической промышленности в Дальневосточном регионе и недостаточным государственным финансированием.,№ 06_24.pdf,open
CONTR_1181,,,contradicts,Снижение общего объема добычи в ДФО в 2022 году по сравнению с 2021 годом,№ 06_24.pdf,open
CONTR_1182,,,contradicts,,№ 06_24.pdf,open
CONTR_1183,,,contradicts,Правовые проблемы при повторной переработке горнопромышленных отходов,№ 06_24.pdf,open
CONTR_1184,,,contradicts,Отсутствие коммерческого производства лития в РФ при наличии достаточных запасов.,№ 06_24.pdf,open
CONTR_1185,,,contradicts,"В 2022 году отмечен спад в добывающей промышленности, но в Республике Саха (Якутия) ситуация противоположная",№ 06_24.pdf,open
CONTR_1186,,,contradicts,,№ 06_24.pdf,open
CONTR_1187,,,contradicts,Противоречия в определении места геотермальных ресурсов в классификации георесурсов.,№ 06_24.pdf,open
CONTR_1188,,,contradicts,Противоречие в классификации геотермальных ресурсов как возобновляемых или невозобновляемых источников энергии.,№ 06_24.pdf,open
CONTR_1189,,,contradicts,Противоречие в восприятии геотермальных месторождений,№ 06_24.pdf,open
CONTR_1190,,,contradicts,,№ 06_24.pdf,open
CONTR_1191,,,contradicts,,№ 06_24.pdf,open
CONTR_1192,,,contradicts,,№ 06_24.pdf,open
CONTR_1193,,,contradicts,Противоречия в оценке степени удароопасности массива горных пород месторождения Фестивальное,№ 06_24.pdf,open
CONTR_1194,,,contradicts,,№ 06_24.pdf,open
CONTR_1195,,,contradicts,,№ 06_24.pdf,open
CONTR_1196,,,contradicts,Противоречие в эффективности применения забойки,№ 06_24.pdf,open
CONTR_1197,,,contradicts,,№ 06_24.pdf,open
CONTR_1198,,,contradicts,Противоречие относительно эффективности забойки,№ 06_24.pdf,open
CONTR_1199,,,contradicts,,№ 06_24.pdf,open
CONTR_1200,,,contradicts,Результаты работы по обоснованию эффективности применения шламовой забойки не указывают на актуальность её применения в горно-геологических условиях при текущих параметрах БВР,№ 06_24.pdf,open
CONTR_1201,,,contradicts,,№ 06_24.pdf,open
CONTR_1202,,,contradicts,,№ 06_24.pdf,open
CONTR_1203,,,contradicts,,№ 06_24.pdf,open
CONTR_1204,,,contradicts,Ограниченное применение кучного выщелачивания в России,№ 06_24.pdf,open
CONTR_1205,,,contradicts,,№ 06_24.pdf,open
CONTR_1206,,,contradicts,Проблемы при использовании ЭВВ в МКЗВ,№ 06_24.pdf,open
CONTR_1207,,,contradicts,,№ 06_24.pdf,open
CONTR_1208,,,contradicts,эффективность окисления золотосодержащих упорных руд,№ 06_24.pdf,open
CONTR_1209,,,contradicts,Падение объемов добычи россыпного золота,№ 06_24.pdf,open
CONTR_1210,,,contradicts,,№ 06_24.pdf,open
CONTR_1211,,,contradicts,Отсутствие магнитной сепарации в технологической цепочке приводит к потерям золота,№ 06_24.pdf,open
CONTR_1212,,,contradicts,Противоречий в тексте не обнаружено,№ 06_24.pdf,open
CONTR_1213,,,contradicts,"Несмотря на то, что по содержанию флюорита техногенные хвосты сопоставимы с перерабатываемыми предприятием в 2000-х годах рудами, извлечение его сопряжено с определенными трудностями.",№ 06_24.pdf,open
CONTR_1214,,,contradicts,Противоречия между эффективностью электрохимической обработки и ультразвуковой обработки,№ 06_24.pdf,open
CONTR_1215,,,contradicts,Противоречий в тексте не обнаружено,№ 06_24.pdf,open
CONTR_1216,,,contradicts,,№ 06_24.pdf,open
CONTR_1217,,,contradicts,Влияние взрывного воздействия на эффективность выщелачивания меди неоднозначно,№ 06_24.pdf,open
CONTR_1218,,,contradicts,,№ 06_24.pdf,open
CONTR_1219,,,contradicts,,№ 06_24.pdf,open
CONTR_1220,,,contradicts,Влияние смеси продуктов электролиза на гидрофобность и флотационную способность пирита все еще не установлено.,№ 06_24.pdf,open
CONTR_1221,,,contradicts,Противоречие между необходимостью проведения рекультивации и сложностью реализации этого процесса.,№ 06_24.pdf,open
CONTR_1222,,,contradicts,,№ 06_24.pdf,open
CONTR_1223,,,contradicts,,№ 06_24.pdf,open
CONTR_1224,,,contradicts,Противоречий в тексте не обнаружено,№ 06_24.pdf,open
CONTR_1225,,,contradicts,,№ 06_24.pdf,open
CONTR_1226,,,contradicts,,№ 06_24.pdf,open
CONTR_1227,,,contradicts,Противоречие между увеличением площадей отчуждаемых земель и активным зарастанием отвалов,№ 06_24.pdf,open
CONTR_1228,,,contradicts,,№ 06_24.pdf,open
CONTR_1229,,,contradicts,Противоречия в методах добычи и переработки руды,№ 07_24.pdf,open
CONTR_1230,,,contradicts,,№ 07_24.pdf,open
CONTR_1231,,,contradicts,,№ 07_24.pdf,open
CONTR_1232,,,contradicts,Противоречий в тексте не обнаружено,№ 07_24.pdf,open
CONTR_1233,,,contradicts,Состав самородного золота по месторождению и даже в отдельном рудном теле довольно изменчивый,№ 07_24.pdf,open
CONTR_1234,,,contradicts,,№ 07_24.pdf,open
CONTR_1235,,,contradicts,,№ 07_24.pdf,open
CONTR_1236,,,contradicts,,№ 07_24.pdf,open
CONTR_1237,,,contradicts,,№ 07_24.pdf,open
CONTR_1238,,,contradicts,,№ 07_24.pdf,open
CONTR_1239,,,contradicts,,№ 07_24.pdf,open
CONTR_1240,,,contradicts,,№ 07_24.pdf,open
CONTR_1241,,,contradicts,Влияние разнообразных помех и осложнений на точность магнитной съёмки,№ 07_24.pdf,open
CONTR_1242,,,contradicts,,№ 07_24.pdf,open
CONTR_1243,,,contradicts,,№ 07_24.pdf,open
CONTR_1244,,,contradicts,Большинство методологий для количественного анализа магнитных аномалий не пригодны для сложных физико-геологических условий,№ 07_24.pdf,open
CONTR_1245,,,contradicts,,№ 07_24.pdf,open
CONTR_1246,,,contradicts,Различия в наименованиях стратиграфических единиц в Апшероно-Прибалханском пороге из-за интересов двух государств.,№ 07_24.pdf,open
CONTR_1247,,,contradicts,,№ 07_24.pdf,open
CONTR_1248,,,contradicts,Отсутствие измерений в приграничной договорной зоне может исказить реальные показатели,№ 07_24.pdf,open
CONTR_1249,,,contradicts,Нет противоречий,№ 07_24.pdf,open
CONTR_1250,,,contradicts,,№ 07_24.pdf,open
CONTR_1251,,,contradicts,инверсия изменения физических свойств пород,№ 07_24.pdf,open
CONTR_1252,,,contradicts,,№ 07_24.pdf,open
CONTR_1253,,,contradicts,,№ 07_24.pdf,open
CONTR_1254,,,contradicts,Сложные горно-геологические условия и экологические факторы сдерживают освоение Филизчайского месторождения,№ 07_24.pdf,open
CONTR_1255,,,contradicts,,№ 08_24.pdf,open
CONTR_1256,,,contradicts,,№ 08_24.pdf,open
CONTR_1257,,,contradicts,,№ 08_24.pdf,open
CONTR_1258,,,contradicts,Возможность перехода на добычу бората магния в случае отказа от хризотил-асбеста,№ 08_24.pdf,open
CONTR_1259,,,contradicts,Незаконная добыча нефрита наносит ущерб комбинату «Ураласбест»,№ 08_24.pdf,open
CONTR_1260,,,contradicts,Проект ОАО 'Русский магний' был признан банкротом из-за переизбытка металлического магния на рынке,№ 08_24.pdf,open
CONTR_1261,,,contradicts,Противоречие между использованием хризотилового асбеста и глобальной политикой против асбеста.,№ 08_24.pdf,open
CONTR_1262,,,contradicts,,№ 08_24.pdf,open
CONTR_1263,,,contradicts,Противоречие между продолжающейся добычей хризотил-асбеста и агрессивной мировой антиасбестовой политикой.,№ 08_24.pdf,open
CONTR_1264,,,contradicts,Противоречий в тексте не обнаружено.,№ 08_24.pdf,open
CONTR_1265,,,contradicts,,№ 08_24.pdf,open
CONTR_1266,,,contradicts,Заблуждение о неэффективности нефтяных технологий для поисков твёрдых полезных ископаемых,№ 08_24.pdf,open
CONTR_1267,,,contradicts,Нет противоречий,№ 08_24.pdf,open
CONTR_1268,,,contradicts,,№ 08_24.pdf,open
CONTR_1269,,,contradicts,Снижение спроса на хризотил-асбест из-за антиасбестовой кампании в США и Западной Европе,№ 08_24.pdf,open
CONTR_1270,,,contradicts,,№ 08_24.pdf,open
CONTR_1271,,,contradicts,,№ 08_24.pdf,open
CONTR_1272,,,contradicts,,№ 08_24.pdf,open
CONTR_1273,,,contradicts,Невозможность прямого использования лейкоксенового концентрата для получения металлического или пигментного TiO2 из-за обилия кремнезема в титановой руде.,№ 08_24.pdf,open
CONTR_1274,,,contradicts,,№ 08_24.pdf,open
CONTR_1275,,,contradicts,,№ 08_24.pdf,open
CONTR_1276,,,contradicts,"Распространенное мнение о том, что чугун не подвержен коррозии, противоречит результатам регулярных наблюдений за чугунной тюбинговой крепью.",№ 08_24.pdf,open
CONTR_1277,,,contradicts,,№ 08_24.pdf,open
CONTR_1278,,,contradicts,"Основной недостаток титанового коагулянта – образование значительного количества нерастворимого в очищаемой воде шлама, требующего дальнейшей утилизации.",№ 08_24.pdf,open
CONTR_1279,,,contradicts,No contradictions found in the text.,№ 08_24.pdf,open
CONTR_1280,,,contradicts,Аддитивный подход к оценке интегрального рейтинга не является корректным при рейтинговании.,№ 08_24.pdf,open
CONTR_1281,,,contradicts,Рейтинги рассматриваемых агентств несопоставимы,№ 08_24.pdf,open
CONTR_1282,,,contradicts,,№ 08_24.pdf,open
CONTR_1283,,,contradicts,,№ 08_24.pdf,open
CONTR_1284,,,contradicts,Недостаточная эффективность традиционного перемешивающего устройства с импеллером и направляющей трубой,№ 08_24.pdf,open
CONTR_1285,,,contradicts,,№ 08_24.pdf,open
CONTR_1286,,,contradicts,Различия в приоритетах ESG-критериев для АО «Алмазы Анабара» и ПАО «Севералмаз»,№ 08_24.pdf,open
CONTR_1287,,,contradicts,недостаточная эффективность перемешивания в реакторе суспендирования известкового молока,№ 08_24.pdf,open
CONTR_1288,,,contradicts,Нет,№ 08_24.pdf,open
CONTR_1289,,,contradicts,,№ 08_24.pdf,open
CONTR_1290,,,contradicts,Традиционные методы не позволяют учитывать неоднородность фонового качества геосфер,№ 08_24.pdf,open
CONTR_1291,,,contradicts,Противоречие между реальным масштабом техногенного воздействия горных предприятий на природную среду и ограниченными возможностями традиционных геоботанических методов,№ 08_24.pdf,open
CONTR_1292,,,contradicts,Низкие масштабы использования эффективных методов обезвреживания и утилизации отходов в России,№ 08_24.pdf,open
CONTR_1293,,,contradicts,Разные требования к температуре горения для уничтожения различных типов медицинских отходов,№ 08_24.pdf,open
CONTR_1294,,,contradicts,Нет противоречий,№ 08_24.pdf,open
CONTR_1295,,,contradicts,"Противоречие между необходимостью достижения высоких температур для эффективного сжигания отходов и ограничениями, связанными с реализацией взрывных технологий",№ 08_24.pdf,open
CONTR_1296,,,contradicts,Возможность переработки радиоактивных отходов 5-го класса Д взрывом,№ 08_24.pdf,open
CONTR_1297,,,contradicts,Статья о деде в Википедии содержит значительные погрешности.,№ 08_24.pdf,open
CONTR_1298,,,contradicts,,№ 08_24.pdf,open
CONTR_1299,,,contradicts,,№ 08_24.pdf,open
CONTR_1300,,,contradicts,Противоречие между требованиями РФ и международными стандартами в проектной документации.,№ 08_24.pdf,open
CONTR_1301,,,contradicts,,№ 08_24.pdf,open
CONTR_1302,,,contradicts,,№ 09_24.pdf,open
CONTR_1303,,,contradicts,,№ 09_24.pdf,open
CONTR_1304,,,contradicts,,№ 09_24.pdf,open
CONTR_1305,,,contradicts,Противоречие в оценке углеводородного потенциала докембрийских отложений,№ 09_24.pdf,open
CONTR_1306,,,contradicts,Противоречия в оценках перспектив нефтегазоносности Мезенско-Беломорского региона.,№ 09_24.pdf,open
CONTR_1307,,,contradicts,Различия в оценках ресурсного потенциала Беломорско-Мезенского бассейна,№ 09_24.pdf,open
CONTR_1308,,,contradicts,Неопределенность представлений о геологическом строении колганской толщи и условиях ее формирования,№ 09_24.pdf,open
CONTR_1309,,,contradicts,"Различие оценок по нефти почти в два раза по результатам бассейнового моделирования и расчетов, выполненных объемно-генетическим способом",№ 09_24.pdf,open
CONTR_1310,,,contradicts,,№ 09_24.pdf,open
CONTR_1311,,,contradicts,,№ 09_24.pdf,open
CONTR_1312,,,contradicts,,№ 09_24.pdf,open
CONTR_1313,,,contradicts,,№ 09_24.pdf,open
CONTR_1314,,,contradicts,,№ 09_24.pdf,open
CONTR_1315,,,contradicts,Противоречий в тексте не обнаружено,№ 09_24.pdf,open
CONTR_1316,,,contradicts,Противоречие в оценке потенциала нетрадиционных скоплений углеводородов в доманиковых отложениях.,№ 09_24.pdf,open
CONTR_1317,,,contradicts,No contradictions mentioned in the text.,№ 09_24.pdf,open
CONTR_1318,,,contradicts,,№ 09_24.pdf,open
CONTR_1319,,,contradicts,,№ 09_24.pdf,open
CONTR_1320,,,contradicts,,№ 09_24.pdf,open
CONTR_1321,,,contradicts,Ни одна из моделей не учитывает зависимость УЭС породы от частоты пропускаемого через неё тока,№ 09_24.pdf,open
CONTR_1322,,,contradicts,,№ 09_24.pdf,open
CONTR_1323,,,contradicts,Нет информации о противоречиях,№ 09_24.pdf,open
CONTR_1324,,,contradicts,,№ 09_24.pdf,open
CONTR_1325,,,contradicts,"В работах [20, 21] определено, что для неоднородных материалов кривая нагружения имеет нелинейные участки, в то время как для образцов массивного уртита кривые нагружения не имеют нелинейных участков.",№ 09_24.pdf,open
CONTR_1326,,,contradicts,,№ 09_24.pdf,open
CONTR_1327,,,contradicts,Противоречий в тексте не обнаружено.,№ 09_24.pdf,open
CONTR_1328,,,contradicts,,№ 09_24.pdf,open
CONTR_1329,,,contradicts,Противоречий в тексте не обнаружено,№ 09_24.pdf,open
CONTR_1330,,,contradicts,Противоречие в происхождении Кабульского блока,№ 09_24.pdf,open
CONTR_1331,,,contradicts,Трудность интерпретации магнитного поля,№ 09_24.pdf,open
CONTR_1332,,,contradicts,Противоречие в оценке мощности осадочных отложений на дне оз. Восток между результатами гравиметрических исследований американских ученых и сейсмических исследований методом преломленных волн сотрудников Полярной морской геологоразведочной экспедиции.,№ 09_24.pdf,open
CONTR_1333,,,contradicts,,№ 09_24.pdf,open
CONTR_1334,,,contradicts,"Результаты оценки температур равновесия, рассчитанные с применением различных геотермометров, часто оказываются неоднозначными",№ 09_24.pdf,open
CONTR_1335,,,contradicts,"Неоправданное завышение температуры, рассчитанной с применением геотермометра Джексона – Ирвайна – Редера",№ 09_24.pdf,open
CONTR_1336,,,contradicts,,№ 09_24.pdf,open
CONTR_1337,,,contradicts,,№ 09_24.pdf,open
CONTR_1338,,,contradicts,Ограниченность применения оливин-шпинелевого геотермометра на распределении алюминия,№ 09_24.pdf,open
CONTR_1339,,,contradicts,Утрата обнажений на берегах р. Шелони и ее притоков,№ 09_24.pdf,open
CONTR_1340,,,contradicts,,№ 09_24.pdf,open
CONTR_1341,,,contradicts,,№ 09_24.pdf,open
CONTR_1342,,,contradicts,,№ 09_24.pdf,open
CONTR_1343,,,contradicts,,№ 09_24.pdf,open
CONTR_1344,,,contradicts,,№ 10_24.pdf,open
CONTR_1345,,,contradicts,,№ 10_24.pdf,open
CONTR_1346,,,contradicts,,№ 10_24.pdf,open
CONTR_1347,,,contradicts,,№ 10_24.pdf,open
CONTR_1348,,,contradicts,,№ 10_24.pdf,open
CONTR_1349,,,contradicts,Неодинаковые данные о прочности пород разного литологического состава,№ 10_24.pdf,open
CONTR_1350,,,contradicts,,№ 10_24.pdf,open
CONTR_1351,,,contradicts,,№ 10_24.pdf,open
CONTR_1352,,,contradicts,Противоречия в данных сейсморазведки и ГИС,№ 10_24.pdf,open
CONTR_1353,,,contradicts,,№ 10_24.pdf,open
CONTR_1354,,,contradicts,,№ 10_24.pdf,open
CONTR_1355,,,contradicts,Максимальное расхождение кривых в глинистых отложениях,№ 10_24.pdf,open
CONTR_1356,,,contradicts,Противоречия в определении типа земной коры и геологической истории котловин Амеразийского бассейна,№ 10_24.pdf,open
CONTR_1357,,,contradicts,Различные версии о положении сдвиговой зоны в раннемеловом периоде,№ 10_24.pdf,open
CONTR_1358,,,contradicts,,№ 10_24.pdf,open
CONTR_1359,,,contradicts,Противоречие в генезисе крупных осадочных бассейнов шельфов Восточно-Сибирского и Чукотского морей,№ 10_24.pdf,open
CONTR_1360,,,contradicts,Противоречия в гипотезах о происхождении осадочных бассейнов Восточной Арктики,№ 10_24.pdf,open
CONTR_1361,,,contradicts,Различные подходы к учёту параметров трещиноватости в работах разных авторов,№ 10_24.pdf,open
CONTR_1362,,,contradicts,Эффективность контурного взрывания зависит от степени трещиноватости массива.,№ 10_24.pdf,open
CONTR_1363,,,contradicts,Противоречие в эффективности контурного взрывания в зависимости от трещиноватости массива,№ 10_24.pdf,open
CONTR_1364,,,contradicts,Противоречия в эффективности контурного взрывания в зависимости от степени трещиноватости породы.,№ 10_24.pdf,open
CONTR_1365,,,contradicts,,№ 10_24.pdf,open
CONTR_1366,,,contradicts,,№ 10_24.pdf,open
CONTR_1367,,,contradicts,Противоречие между необходимостью инвестиций в угольную отрасль и прогнозируемым сокращением выручки.,№ 10_24.pdf,open
CONTR_1368,,,contradicts,Противоречия в прогнозах экспортных цен на уголь,№ 10_24.pdf,open
CONTR_1369,,,contradicts,,№ 10_24.pdf,open
CONTR_1370,,,contradicts,Противоречия в форме фигур выпуска при равномерно-последовательном выпуске,№ 10_24.pdf,open
CONTR_1371,,,contradicts,Разные версии визуализации процесса гравитационного потока руды,№ 10_24.pdf,open
CONTR_1372,,,contradicts,Отсутствие теоретического обоснования формы фигуры выпуска,№ 10_24.pdf,open
CONTR_1373,,,contradicts,,№ 10_24.pdf,open
CONTR_1374,,,contradicts,,№ 10_24.pdf,open
CONTR_1375,,,contradicts,Противоречие между повышением проходимости и ухудшением управляемости при сдваивании и страивании колёс,№ 10_24.pdf,open
CONTR_1376,,,contradicts,Противоречивые данные геологоразведочных работ,№ 10_24.pdf,open
CONTR_1377,,,contradicts,,№ 10_24.pdf,open
CONTR_1378,,,contradicts,"Традиционный метод расчёта предполагает равную нагрузку на оба колеса в блоке, однако опыт эксплуатации показывает, что внутренние колёса изнашиваются быстрее, что указывает на более высокую нагрузку на внутренние колёса",№ 10_24.pdf,open
CONTR_1379,,,contradicts,Ограниченность данных мониторинга для оценки гидравлических градиентов и порового давления,№ 10_24.pdf,open
CONTR_1380,,,contradicts,,№ 10_24.pdf,open
CONTR_1381,,,contradicts,Сравнение эффективности FastRBF и кригинга,№ 10_24.pdf,open
CONTR_1382,,,contradicts,,№ 10_24.pdf,open
CONTR_1383,,,contradicts,,№ 10_24.pdf,open
CONTR_1384,,,contradicts,,№ 10_24.pdf,open
CONTR_1385,,,contradicts,Вероятностный метод расчета не учитывает первопричину появления разных нагрузок – деформацию несущей балки,№ 10_24.pdf,open
CONTR_1386,,,contradicts,Противоречие в представлениях об устойчивости режима работы парлифтной скважины,№ 10_24.pdf,open
CONTR_1387,,,contradicts,,№ 11_24.pdf,open
CONTR_1388,,,contradicts,Завышение значений коэффициента пористости в интервалах среднего карбона,№ 11_24.pdf,open
CONTR_1389,,,contradicts,Завышение коэффициента пористости по данным НГК относительно керна,№ 11_24.pdf,open
CONTR_1390,,,contradicts,,№ 11_24.pdf,open
CONTR_1391,,,contradicts,,№ 11_24.pdf,open
CONTR_1392,,,contradicts,Завышение коэффициента пористости при нейтронном каротаже по сравнению с лабораторным анализом,№ 11_24.pdf,open
CONTR_1393,,,contradicts,,№ 11_24.pdf,open
CONTR_1394,,,contradicts,,№ 11_24.pdf,open
CONTR_1395,,,contradicts,,№ 11_24.pdf,open
CONTR_1396,,,contradicts,,№ 11_24.pdf,open
CONTR_1397,,,contradicts,,№ 11_24.pdf,open
CONTR_1398,,,contradicts,Противоречие между результатами гравиметрических исследований и современными небольшими глубинами шельфовой зоны моря Лаптевых,№ 11_24.pdf,open
CONTR_1399,,,contradicts,Положение правосторонней сдвиговой трансформной зоны в раннемеловом периоде,№ 11_24.pdf,open
CONTR_1400,,,contradicts,,№ 11_24.pdf,open
CONTR_1401,,,contradicts,,№ 11_24.pdf,open
CONTR_1402,,,contradicts,Снижение объемов добычи и использования топливного торфа в РФ,№ 11_24.pdf,open
CONTR_1403,,,contradicts,,№ 11_24.pdf,open
CONTR_1404,,,contradicts,,№ 11_24.pdf,open
CONTR_1405,,,contradicts,Скептическое отношение авторов статьи к радикальным запретам добычи и использования торфа,№ 11_24.pdf,open
CONTR_1406,,,contradicts,Применение низкомарочных бетонов для крепления стенок ствола при длительной эксплуатации в соляном массиве не обеспечивает достаточной несущей способности.,№ 11_24.pdf,open
CONTR_1407,,,contradicts,Снижение востребованности фрезерного торфа как топлива для крупной энергетики при наличии больших запасов торфяного сырья в Российской Федерации.,№ 11_24.pdf,open
CONTR_1408,,,contradicts,Изменение макроэкономической и политической ситуации в стране может влиять на использование торфяного сырья.,№ 11_24.pdf,open
CONTR_1409,,,contradicts,Необходимость подготовки большего числа специалистов для торфяной отрасли при текущем уровне выпуска,№ 11_24.pdf,open
CONTR_1410,,,contradicts,,№ 11_24.pdf,open
CONTR_1411,,,contradicts,,№ 11_24.pdf,open
CONTR_1412,,,contradicts,,№ 11_24.pdf,open
CONTR_1413,,,contradicts,"Несмотря на цифровую трансформацию, данные в горной промышленности используются недостаточно эффективно.",№ 11_24.pdf,open
CONTR_1414,,,contradicts,,№ 11_24.pdf,open
CONTR_1415,,,contradicts,несоответствие реальных параметров крепи проектным значениям,№ 11_24.pdf,open
CONTR_1416,,,contradicts,,№ 11_24.pdf,open
CONTR_1417,,,contradicts,,№ 11_24.pdf,open
CONTR_1418,,,contradicts,Необходимость совмещения во времени основных технологических процессов для увеличения производительности,№ 11_24.pdf,open
CONTR_1419,,,contradicts,,№ 11_24.pdf,open
CONTR_1420,,,contradicts,,№ 11_24.pdf,open
CONTR_1421,,,contradicts,,№ 11_24.pdf,open
CONTR_1422,,,contradicts,,№ 11_24.pdf,open
CONTR_1423,,,contradicts,,№ 11_24.pdf,open
CONTR_1424,,,contradicts,Нет противоречий в представленном тексте,№ 11_24.pdf,open
CONTR_1425,,,contradicts,,№ 11_24.pdf,open
CONTR_1426,,,contradicts,Отсутствие единого методического подхода к комплексной геоэкологической оценке техногенно нарушенных территорий,№ 11_24.pdf,open
CONTR_1427,,,contradicts,Недоступность снимков высокого разрешения для оценки состояния техногенно нарушенных земель,№ 11_24.pdf,open
CONTR_1428,,,contradicts,,№ 11_24.pdf,open
CONTR_1429,,,contradicts,,№ 11_24.pdf,open
CONTR_1430,,,contradicts,,№ 11_24.pdf,open
CONTR_1431,,,contradicts,"Превышение концентрации Cr, V, Ba, Zn в почвах Быковского сельского поселения",№ 11_24.pdf,open
CONTR_1432,,,contradicts,,№ 11_24.pdf,open
CONTR_1433,,,contradicts,Противоречие в эффективности использования кричных соков для производства чугуна,№ 11_24.pdf,open
CONTR_1434,,,contradicts,Необходимость повышения скорости вращения валков катального стана для успешной прокатки полос,№ 11_24.pdf,open
CONTR_1435,,,contradicts,Влияние качества руды на плавку,№ 11_24.pdf,open
CONTR_1436,,,contradicts,Противоречие между успешными опытами по использованию дров в доменной плавке на Сумбульском заводе и мнением В. Е. Кларка о невыгодности такого производства.,№ 11_24.pdf,open
CONTR_1437,,,contradicts,"Противоречие между мнением И. П. Чайковского о том, что использование березового угля стало причиной успехов Кыштымских заводов, и предположением А. А. Кнауфа о том, что улучшение управления дутьем также сыграло важную роль",№ 11_24.pdf,open
CONTR_1438,,,contradicts,,№ 11_24.pdf,open
CONTR_1439,,,contradicts,,№ 11_24.pdf,open
CONTR_1440,,,contradicts,Противоречия между необходимостью применения методов оценки устойчивости и их высокой стоимостью и трудозатратностью.,№ 12_24.pdf,open
CONTR_1441,,,contradicts,,№ 12_24.pdf,open
CONTR_1442,,,contradicts,,№ 12_24.pdf,open
CONTR_1443,,,contradicts,,№ 12_24.pdf,open
CONTR_1444,,,contradicts,,№ 12_24.pdf,open
CONTR_1445,,,contradicts,,№ 12_24.pdf,open
CONTR_1446,,,contradicts,,№ 12_24.pdf,open
CONTR_1447,,,contradicts,,№ 12_24.pdf,open
CONTR_1448,,,contradicts,,№ 12_24.pdf,open
CONTR_1449,,,contradicts,,№ 12_24.pdf,open
CONTR_1450,,,contradicts,экономический аспект разработки горючих сланцев,№ 12_24.pdf,open
CONTR_1451,,,contradicts,,№ 12_24.pdf,open
CONTR_1452,,,contradicts,Субъективный подход при выделении границ циклитов привел к ошибочному выводу о расщеплении циклитов и угольных пластов в восточном направлении,№ 12_24.pdf,open
CONTR_1453,,,contradicts,,№ 12_24.pdf,open
CONTR_1454,,,contradicts,,№ 12_24.pdf,open
CONTR_1455,,,contradicts,,№ 12_24.pdf,open
CONTR_1456,,,contradicts,,№ 12_24.pdf,open
CONTR_1457,,,contradicts,,№ 12_24.pdf,open
CONTR_1458,,,contradicts,,№ 12_24.pdf,open
CONTR_1459,,,contradicts,,№ 12_24.pdf,open
CONTR_1460,,,contradicts,,№ 12_24.pdf,open
CONTR_1461,,,contradicts,Неприменимость оборудования для газовых скважин месторождений данного региона,№ 12_24.pdf,open
CONTR_1462,,,contradicts,,№ 12_24.pdf,open
CONTR_1463,,,contradicts,Противоречий в тексте не обнаружено,№ 12_24.pdf,open
CONTR_1464,,,contradicts,,№ 12_24.pdf,open
CONTR_1465,,,contradicts,,№ 12_24.pdf,open
CONTR_1466,,,contradicts,,№ 12_24.pdf,open
CONTR_1467,,,contradicts,Противоречий в тексте не обнаружено.,№ 12_24.pdf,open
CONTR_1468,,,contradicts,,№ 12_24.pdf,open
CONTR_1469,,,contradicts,Влияние горнодобывающей промышленности на окружающую среду,№ 12_24.pdf,open
CONTR_1470,,,contradicts,,№ 12_24.pdf,open
CONTR_1471,,,contradicts,Противоречие между необходимостью использования ПЭВВ в обводнённых условиях и их ограниченной водоустойчивостью.,№ 12_24.pdf,open
CONTR_1472,,,contradicts,Отсутствие учета экологических рисков при создании хвостохранилищ,№ 12_24.pdf,open
CONTR_1473,,,contradicts,Разные источники указывают разные годы рождения Г. И. Прейгерзона,№ 12_24.pdf,open
CONTR_1474,,,contradicts,Несовершенство систем разработки месторождений,№ 12_24.pdf,open
CONTR_1475,,,contradicts,Несовершенство используемых систем разработки месторождений и нормативных актов приводит к неудовлетворительному состоянию развития отрасли,№ 12_24.pdf,open
CONTR_1476,,,contradicts,,ГЖ_01_25.pdf,open
CONTR_1477,,,contradicts,,№ 12_24.pdf,open
CONTR_1478,,,contradicts,,ГЖ_01_25.pdf,open
CONTR_1479,,,contradicts,,ГЖ_01_25.pdf,open
CONTR_1480,,,contradicts,,ГЖ_01_25.pdf,open
CONTR_1481,,,contradicts,Противоречие между крайними значениями индексов Q и RMR,ГЖ_01_25.pdf,open
CONTR_1482,,,contradicts,Противоречий в тексте не обнаружено,ГЖ_01_25.pdf,open
CONTR_1483,,,contradicts,,ГЖ_01_25.pdf,open
CONTR_1484,,,contradicts,До 2009 года выбросоопасность доломитов не отмечалась в мировой практике.,ГЖ_01_25.pdf,open
CONTR_1485,,,contradicts,Отсутствие аналогов решения проблемы проведения выработок в напряженных и газонасыщенных карбонатных породах в мировой практике,ГЖ_01_25.pdf,open
CONTR_1486,,,contradicts,Противоречия в природе и механизмах возникновения ГДЯ на рудниках Удачный и Интернациональный,ГЖ_01_25.pdf,open
CONTR_1487,,,contradicts,,ГЖ_01_25.pdf,open
CONTR_1488,,,contradicts,,ГЖ_01_25.pdf,open
CONTR_1489,,,contradicts,,ГЖ_01_25.pdf,open
CONTR_1490,,,contradicts,,ГЖ_01_25.pdf,open
CONTR_1491,,,contradicts,,ГЖ_01_25.pdf,open
CONTR_1492,,,contradicts,Противоречия в проявлении газодинамических процессов в карбонатных породах рудника 'Удачный'.,ГЖ_01_25.pdf,open
CONTR_1493,,,contradicts,Различия в ориентации осей главных напряжений,ГЖ_01_25.pdf,open
CONTR_1494,,,contradicts,,ГЖ_01_25.pdf,open
CONTR_1495,,,contradicts,Стандарты разных стран мира значительно отличаются в части выбора критерия для контроля БВР.,ГЖ_01_25.pdf,open
CONTR_1496,,,contradicts,Противоречие в оценке допустимого сейсмического воздействия на конструкции,ГЖ_01_25.pdf,open
CONTR_1497,,,contradicts,,ГЖ_01_25.pdf,open
CONTR_1498,,,contradicts,Отсутствие единого подхода к прогнозу величины водопроводящих трещин,ГЖ_01_25.pdf,open
CONTR_1499,,,contradicts,Противоречие в определении максимального размера ЗВТ,ГЖ_01_25.pdf,open
CONTR_1500,,,contradicts,,ГЖ_01_25.pdf,open
CONTR_1501,,,contradicts,Различия в накопленном смещении между радарами MPDMR-HSM и IBIS ArcSAR,ГЖ_01_25.pdf,open
CONTR_1502,,,contradicts,"Расхождения между фактическими значениями параметров, характеризующих процесс сдвижения горных пород, и ожидаемыми, которые рассчитывают по методике действующего нормативного документа.",ГЖ_01_25.pdf,open
CONTR_1503,,,contradicts,,ГЖ_01_25.pdf,open
CONTR_1504,,,contradicts,Влияние неучтенных факторов на величину относительного максимального оседания,ГЖ_01_25.pdf,open
CONTR_1505,,,contradicts,Ограничения на применение метода оценки категории удароопасности из-за необходимости замеров по породам одного типа.,ГЖ_01_25.pdf,open
CONTR_1506,,,contradicts,Противоречие в оценке перспективности фрикционных анкеров,ГЖ_01_25.pdf,open
CONTR_1507,,,contradicts,,ГЖ_01_25.pdf,open
CONTR_1508,,,contradicts,Несоответствие между фактическими и ожидаемыми оседаниями земной поверхности,ГЖ_01_25.pdf,open
CONTR_1509,,,contradicts,,ГЖ_01_25.pdf,open
CONTR_1510,,,contradicts,,ГЖ_01_25.pdf,open
CONTR_1511,,,contradicts,,ГЖ_01_25.pdf,open
CONTR_1512,,,contradicts,,ГЖ_01_25.pdf,open
CONTR_1513,,,contradicts,,ГЖ_01_25.pdf,open
CONTR_1514,,,contradicts,,ГЖ_01_25.pdf,open
CONTR_1515,,,contradicts,Противоречия в источниках не обнаружены.,ГЖ_01_25.pdf,open
CONTR_1516,,,contradicts,,ГЖ_01_25.pdf,open
CONTR_1517,,,contradicts,Запас несущей способности монолитной бетонной крепи не соответствует современным требованиям,ГЖ_01_25.pdf,open
CONTR_1518,,,contradicts,Нет противоречий,ГЖ_01_25.pdf,open
CONTR_1519,,,contradicts,Friction-type rock bolts are inferior to other types in terms of load-bearing capacity and elongation.,ГЖ_01_25.pdf,open
CONTR_1520,,,contradicts,,ГЖ_01_25.pdf,open
CONTR_1521,,,contradicts,Различия в результатах 2D- и 3D-анализа МКЭ для площадки кучного выщелачивания.,ГЖ_01_25.pdf,open
CONTR_1522,,,contradicts,,ГЖ_01_25.pdf,open
CONTR_1523,,,contradicts,,ГЖ_01_25.pdf,open
CONTR_1524,,,contradicts,Разнообразие критериев оценки склонности пород к горным ударам усложняет задачу оценки,ГЖ_01_25.pdf,open
CONTR_1525,,,contradicts,,ГЖ_01_25.pdf,open
CONTR_1526,,,contradicts,Противоречие в оценке склонности апатит-нефелиновой руды к горным ударам,ГЖ_01_25.pdf,open
CONTR_1527,,,contradicts,Использование закладочных смесей без дополнительных исследований создает опасность для экологии,ГЖ_01_25.pdf,open
CONTR_1528,,,contradicts,Противоречие в оценке склонности пород к горным ударам по различным критериям,ГЖ_01_25.pdf,open
CONTR_1529,,,contradicts,"Составы с применением технической воды показали более высокие прочностные результаты по сравнению с составами той же заявленной марки, но с применением рассола продуктов ОСШВ",ГЖ_01_25.pdf,open
CONTR_1530,,,contradicts,Модели геофильтрационных процессов дают неудовлетворительный результат при отрицательных или близких к 0 °C температурах.,ГЖ_01_25.pdf,open
CONTR_1531,,,contradicts,,ГЖ_01_25.pdf,open
CONTR_1532,,,contradicts,Отсутствие единого подхода к обоснованию параметров крепления и технологии проходки вертикальных выработок в сложных горнотехнических условиях.,ГЖ_01_25.pdf,open
CONTR_1533,,,contradicts,Математическое моделирование многослойных систем крепления методом дискретных элементов затруднено из-за адекватного описания свойств элементов крепи и упрочненных горных пород.,ГЖ_01_25.pdf,open
CONTR_1534,,,contradicts,,ГЖ_01_25.pdf,open
CONTR_1535,,,contradicts,,ГЖ_01_25.pdf,open
CONTR_1536,,,contradicts,Противоречий в тексте не обнаружено.,ГЖ_01_25.pdf,open
CONTR_1537,,,contradicts,Чрезмерное распознавание разломов,ГЖ_01_25.pdf,open
CONTR_1538,,,contradicts,,ГЖ_01_25.pdf,open
CONTR_1539,,,contradicts,,ГЖ_01_25.pdf,open
CONTR_1540,,,contradicts,,ГЖ_01_25.pdf,open
CONTR_1541,,,contradicts,,ГЖ_01_25.pdf,open
CONTR_1542,,,contradicts,,ГЖ_02_25.pdf,open
CONTR_1543,,,contradicts,,ГЖ_02_25.pdf,open
CONTR_1544,,,contradicts,Высокие производственные затраты и необходимость использования значительных временных и технологических ресурсов при бурении разгрузочных скважин,ГЖ_02_25.pdf,open
CONTR_1545,,,contradicts,,ГЖ_02_25.pdf,open
CONTR_1546,,,contradicts,Не указано,ГЖ_02_25.pdf,open
CONTR_1547,,,contradicts,Отказ зарубежных поставщиков от поставок ранее применяемых материалов,ГЖ_02_25.pdf,open
CONTR_1548,,,contradicts,,ГЖ_02_25.pdf,open
CONTR_1549,,,contradicts,,ГЖ_02_25.pdf,open
CONTR_1550,,,contradicts,,ГЖ_02_25.pdf,open
CONTR_1551,,,contradicts,"Нормативная документация, ГОСТ, не учитывает изменение площади поперечного сечения образца в процессе эксперимента.",ГЖ_02_25.pdf,open
CONTR_1552,,,contradicts,Отсутствие экспериментальных данных о прочностных свойствах бишофитовой породы в условиях трехосного напряженного состояния.,ГЖ_02_25.pdf,open
CONTR_1553,,,contradicts,,ГЖ_02_25.pdf,open
CONTR_1554,,,contradicts,,ГЖ_02_25.pdf,open
CONTR_1555,,,contradicts,,ГЖ_02_25.pdf,open
CONTR_1556,,,contradicts,,ГЖ_02_25.pdf,open
CONTR_1557,,,contradicts,,ГЖ_02_25.pdf,open
CONTR_1558,,,contradicts,,ГЖ_02_25.pdf,open
CONTR_1559,,,contradicts,Вопросы к внедрению безлюдной технологии в России,ГЖ_02_25.pdf,open
CONTR_1560,,,contradicts,,ГЖ_02_25.pdf,open
CONTR_1561,,,contradicts,Щековые дробилки циклического действия уступают конусным дробилкам непрерывного действия по производительности процесса,ГЖ_02_25.pdf,open
CONTR_1562,,,contradicts,,ГЖ_02_25.pdf,open
CONTR_1563,,,contradicts,,ГЖ_02_25.pdf,open
CONTR_1564,,,contradicts,Противоречие между необходимостью повышения производительности и сложностью проектирования массовых взрывов из-за изменчивости свойств горных пород,ГЖ_02_25.pdf,open
CONTR_1565,,,contradicts,,ГЖ_02_25.pdf,open
CONTR_1566,,,contradicts,Энергоёмкость бурения не всегда коррелирует со взрываемостью пород,ГЖ_02_25.pdf,open
CONTR_1567,,,contradicts,,ГЖ_02_25.pdf,open
CONTR_1568,,,contradicts,Ограничения законодательной базы на изменение параметров системы разработки,ГЖ_02_25.pdf,open
CONTR_1569,,,contradicts,Высокие начальные инвестиции,ГЖ_02_25.pdf,open
CONTR_1570,,,contradicts,Необходимость переобучения части персонала,ГЖ_02_25.pdf,open
CONTR_1571,,,contradicts,Отсутствие связи,ГЖ_02_25.pdf,open
CONTR_1572,,,contradicts,Консервативность подходов в горной отрасли,ГЖ_02_25.pdf,open
CONTR_1573,,,contradicts,,ГЖ_02_25.pdf,open
CONTR_1574,,,contradicts,Миграция естественных радионуклидов из отвалов отработанных руд и хвостов дробления на сопредельные территории,ГЖ_02_25.pdf,open
CONTR_1575,,,contradicts,Нет противоречий,ГЖ_02_25.pdf,open
CONTR_1576,,,contradicts,Противоречие между необходимостью постоянного контроля радиационного фона и отсутствием учета радиационного фактора в работе.,ГЖ_02_25.pdf,open
CONTR_1577,,,contradicts,Противоречий в тексте не обнаружено.,ГЖ_02_25.pdf,open
CONTR_1578,,,contradicts,,ГЖ_02_25.pdf,open
CONTR_1579,,,contradicts,,ГЖ_02_25.pdf,open
CONTR_1580,,,contradicts,,ГЖ_02_25.pdf,open
CONTR_1581,,,contradicts,,ГЖ_02_25.pdf,open
CONTR_1582,,,contradicts,,ГЖ_03_25.pdf,open
CONTR_1583,,,contradicts,Неопределённость физико-механических свойств вмещающих пород при геомеханическом моделировании,ГЖ_03_25.pdf,open
CONTR_1584,,,contradicts,,ГЖ_03_25.pdf,open
CONTR_1585,,,contradicts,Сложность выбора модели деформирования вмещающих пород,ГЖ_03_25.pdf,open
CONTR_1586,,,contradicts,Противоречие в определении компонент природного поля напряжений для территории РФ,ГЖ_03_25.pdf,open
CONTR_1587,,,contradicts,Отсутствие надежных универсальных зависимостей между коэффициентом Пуассона и другими параметрами в геомеханике.,ГЖ_03_25.pdf,open
CONTR_1588,,,contradicts,Различия в подходах к учёту влияния глинистых прослоёв на прочность соляных пород,ГЖ_03_25.pdf,open
CONTR_1589,,,contradicts,различия в оценке прочности пород при высоком содержании глины,ГЖ_03_25.pdf,open
CONTR_1590,,,contradicts,Изменение подходов к вопросам обеспечения безопасной отработки запасов,ГЖ_03_25.pdf,open
CONTR_1591,,,contradicts,Неопределенность параметра 'модуль упругости' при создании больших геомеханических моделей,ГЖ_03_25.pdf,open
CONTR_1592,,,contradicts,Противоречие в данных о влиянии глинистости на прочность породы,ГЖ_03_25.pdf,open
CONTR_1593,,,contradicts,Складчатость как фактор разрушения междупластья на Верхнекамском месторождении,ГЖ_03_25.pdf,open
CONTR_1594,,,contradicts,Опыт эксплуатации рудников Верхнекамского месторождения показывает недостаточную точность расчетных методик в сложных горнотехнических условиях.,ГЖ_03_25.pdf,open
CONTR_1595,,,contradicts,Existing procedures for assessing influence of the ISR content on the load-bearing capacity of pillars require revision.,ГЖ_03_25.pdf,open
CONTR_1596,,,contradicts,Различия в подходах к определению безопасных параметров отработки на площадях преждевременного повсеместного разрушения междупластья,ГЖ_03_25.pdf,open
CONTR_1597,,,contradicts,,ГЖ_03_25.pdf,open
CONTR_1598,,,contradicts,Традиционный подход к оценке влияния структурной нарушенности породного массива на его механические характеристики не учитывает сформированную или формируемую анизотропию прочностных и деформационных характеристик пород,ГЖ_03_25.pdf,open
CONTR_1599,,,contradicts,,ГЖ_03_25.pdf,open
CONTR_1600,,,contradicts,Высокая трудоемкость подготовки исходных данных и продолжительность вычислений ограничивают использование методики определения механических свойств породных целиков,ГЖ_03_25.pdf,open
CONTR_1601,,,contradicts,,ГЖ_03_25.pdf,open
CONTR_1602,,,contradicts,,ГЖ_03_25.pdf,open
CONTR_1603,,,contradicts,Влияние геологических нарушений на горные удары,ГЖ_03_25.pdf,open
CONTR_1604,,,contradicts,Понятие горного удара может отличаться в разных регионах мира в части нормативных документов.,ГЖ_03_25.pdf,open
CONTR_1605,,,contradicts,Отсутствие нормативной базы по вопросам рекультивации карьерных выработок,ГЖ_03_25.pdf,open
CONTR_1606,,,contradicts,Эффективность водохозяйственной рекультивации глубоких и сверхглубоких карьеров,ГЖ_03_25.pdf,open
CONTR_1607,,,contradicts,Противоречий в тексте не обнаружено.,ГЖ_03_25.pdf,open
CONTR_1608,,,contradicts,Противоречие в оценке влияния тяжелой жидкости на прибортовой массив,ГЖ_03_25.pdf,open
CONTR_1609,,,contradicts,Большие смещения не всегда указывают на потерю устойчивости откосов в ближайшей перспективе.,ГЖ_03_25.pdf,open
CONTR_1610,,,contradicts,Противоречие между нормативным подходом и реальным опытом,ГЖ_03_25.pdf,open
CONTR_1611,,,contradicts,,ГЖ_03_25.pdf,open
CONTR_1612,,,contradicts,,ГЖ_03_25.pdf,open
CONTR_1613,,,contradicts,Для некоторых рудников модель Куз–Рам может демонстрировать низкую степень сходимости с фактическим распределением грансостава ВГМ.,ГЖ_03_25.pdf,open
CONTR_1614,,,contradicts,,ГЖ_03_25.pdf,open
CONTR_1615,,,contradicts,,ГЖ_03_25.pdf,open
CONTR_1616,,,contradicts,Среднее расхождение в индексе однородности может достигать 25%,ГЖ_03_25.pdf,open
CONTR_1617,,,contradicts,No contradictions identified in the provided text.,ГЖ_03_25.pdf,open
CONTR_1618,,,contradicts,Противоречия в оценке промышленных концентраций микроэлементов в углях,ГЖ_04_25.pdf,open
CONTR_1619,,,contradicts,,ГЖ_04_25.pdf,open
CONTR_1620,,,contradicts,,ГЖ_04_25.pdf,open
CONTR_1621,,,contradicts,Противоречие в содержании U и Th в углях,ГЖ_04_25.pdf,open
CONTR_1622,,,contradicts,"Разница между стоком, рассчитанным по уравнению водного баланса, и данными водохозяйственных и гидрологических организаций",ГЖ_04_25.pdf,open
CONTR_1623,,,contradicts,Нет противоречий в тексте,ГЖ_04_25.pdf,open
CONTR_1624,,,contradicts,,ГЖ_04_25.pdf,open
CONTR_1625,,,contradicts,,ГЖ_04_25.pdf,open
CONTR_1626,,,contradicts,,ГЖ_04_25.pdf,open
CONTR_1627,,,contradicts,,ГЖ_04_25.pdf,open
CONTR_1628,,,contradicts,,ГЖ_04_25.pdf,open
CONTR_1629,,,contradicts,Недостаток технологии грохочения - большие потери металла с отвальным продуктом.,ГЖ_04_25.pdf,open
CONTR_1630,,,contradicts,Прогнозная модель не позволяет оценивать сейсмический эффект с абсолютной точностью,ГЖ_04_25.pdf,open
CONTR_1631,,,contradicts,Снижение эффективности покусковой сепарации при наличии большого количества рудной мелочи,ГЖ_04_25.pdf,open
CONTR_1632,,,contradicts,,ГЖ_04_25.pdf,open
CONTR_1633,,,contradicts,,ГЖ_04_25.pdf,open
CONTR_1634,,,contradicts,Нет противоречий,ГЖ_04_25.pdf,open
CONTR_1635,,,contradicts,,ГЖ_04_25.pdf,open
CONTR_1636,,,contradicts,Противоречие в эффективности горнотехнических мероприятий,ГЖ_04_25.pdf,open
CONTR_1637,,,contradicts,Расхождение прогнозных и фактических оседаний земной поверхности,ГЖ_04_25.pdf,open
CONTR_1638,,,contradicts,Противоречие в оценке качества выполнения горно-строительных работ и адекватности методики прогноза деформаций,ГЖ_04_25.pdf,open
CONTR_1639,,,contradicts,Расхождение между данными наблюдений и прогнозируемыми значениями,ГЖ_04_25.pdf,open
CONTR_1640,,,contradicts,Низкий уровень вовлеченности Ростехнадзора в контрольные функции,ГЖ_04_25.pdf,open
CONTR_1641,,,contradicts,,ГЖ_04_25.pdf,open
CONTR_1642,,,contradicts,Отсутствие универсальной зависимости для всех пород и методов дробления,ГЖ_04_25.pdf,open
CONTR_1643,,,contradicts,Относительно низкая эффективность работы конструкции измельчителя,ГЖ_04_25.pdf,open
CONTR_1644,,,contradicts,,ГЖ_04_25.pdf,open
CONTR_1645,,,contradicts,"Сравнение результатов расчетов по формулам (20) и (16) показывает относительную ошибку примерно 22,5%.",ГЖ_04_25.pdf,open
CONTR_1646,,,contradicts,,ГЖ_04_25.pdf,open
CONTR_1647,,,contradicts,,ГЖ_04_25.pdf,open
CONTR_1648,,,contradicts,ограниченная применимость шаровых мельниц для руд с тонкой вкрапленностью полезного компонента,ГЖ_04_25.pdf,open
CONTR_1649,,,contradicts,,ГЖ_04_25.pdf,open
CONTR_1650,,,contradicts,,ГЖ_04_25.pdf,open
CONTR_1651,,,contradicts,,ГЖ_04_25.pdf,open
CONTR_1652,,,contradicts,,ГЖ_04_25.pdf,open
CONTR_1653,,,contradicts,,ГЖ_04_25.pdf,open
CONTR_1654,,,contradicts,,ГЖ_04_25.pdf,open
CONTR_1655,,,contradicts,Сложность полной оценки функциональных возможностей нескольких ГГИС,ГЖ_04_25.pdf,open
CONTR_1656,,,contradicts,"метод протолочки и промывки не обеспечивал точность оценки, особенно на тонковкрапленных рудах",ГЖ_04_25.pdf,open
CONTR_1657,,,contradicts,,ГЖ_05_25.pdf,open
CONTR_1658,,,contradicts,,ГЖ_05_25.pdf,open
CONTR_1659,,,contradicts,,ГЖ_05_25.pdf,open
CONTR_1660,,,contradicts,Нет противоречий,ГЖ_05_25.pdf,open
CONTR_1661,,,contradicts,,ГЖ_05_25.pdf,open
CONTR_1662,,,contradicts,,ГЖ_05_25.pdf,open
CONTR_1663,,,contradicts,,ГЖ_05_25.pdf,open
CONTR_1664,,,contradicts,"Эксплуатация месторождения была завершена в 1971 году, но элементы продолжают поступать в окружающую среду и загрязнять её.",ГЖ_05_25.pdf,open
CONTR_1665,,,contradicts,,ГЖ_05_25.pdf,open
CONTR_1666,,,contradicts,,ГЖ_05_25.pdf,open
CONTR_1667,,,contradicts,Противоречие в определении коэффициента прочности по шкале проф. М. М. Протодьяконова,ГЖ_05_25.pdf,open
CONTR_1668,,,contradicts,Действующие нормативные документы позволяют оценить параметры процесса сдвижения только для систем с обрушением вмещающих пород при условии полной подработки.,ГЖ_05_25.pdf,open
CONTR_1669,,,contradicts,,ГЖ_05_25.pdf,open
CONTR_1670,,,contradicts,,ГЖ_05_25.pdf,open
CONTR_1671,,,contradicts,,ГЖ_05_25.pdf,open
CONTR_1672,,,contradicts,,ГЖ_05_25.pdf,open
CONTR_1673,,,contradicts,"Противоречие между требованиями к соискателям лицензий и фактической способностью осуществлять ГРР, а также проблема 'спящих' лицензий",ГЖ_05_25.pdf,open
CONTR_1674,,,contradicts,"Первоначально был выбран метод подземной разработки месторождений (СПР), но после посещения предприятий в Канаде и проведения технико-экономических расчетов от него отказались в пользу шахтной разработки (ШС).",ГЖ_05_25.pdf,open
CONTR_1675,,,contradicts,,ГЖ_05_25.pdf,open
CONTR_1676,,,contradicts,,ГЖ_05_25.pdf,open
CONTR_1677,,,contradicts,Различия в понимании и применении заявительного принципа в разных регионах России.,ГЖ_05_25.pdf,open
CONTR_1678,,,contradicts,,ГЖ_05_25.pdf,open
CONTR_1679,,,contradicts,"Отсутствие математических моделей, учитывающих реальную эксплуатационную специфику карьерных экскаваторов.",ГЖ_05_25.pdf,open
CONTR_1680,,,contradicts,,ГЖ_05_25.pdf,open
CONTR_1681,,,contradicts,,ГЖ_05_25.pdf,open
CONTR_1682,,,contradicts,,ГЖ_05_25.pdf,open
CONTR_1683,,,contradicts,,ГЖ_05_25.pdf,open
CONTR_1684,,,contradicts,,ГЖ_05_25.pdf,open
CONTR_1685,,,contradicts,,ГЖ_05_25.pdf,open
CONTR_1686,,,contradicts,Противоречия в эффективности разбавления вредных газов при разных сценариях отставания воздуховода от поверхности забоя,ГЖ_05_25.pdf,open
CONTR_1687,,,contradicts,Локальное превышение нормативных значений ПДК в поперечном сечении выработки,ГЖ_05_25.pdf,open
CONTR_1688,,,contradicts,,ГЖ_05_25.pdf,open
CONTR_1689,,,contradicts,,ГЖ_05_25.pdf,open
CONTR_1690,,,contradicts,,ГЖ_05_25.pdf,open
CONTR_1691,,,contradicts,,ГЖ_05_25.pdf,open
CONTR_1692,,,contradicts,,ГЖ_05_25.pdf,open
CONTR_1693,,,contradicts,,ГЖ_05_25.pdf,open
CONTR_1694,,,contradicts,,ГЖ_05_25.pdf,open
CONTR_1695,,,contradicts,Противоречия между различными подходами к инженерной защите от камнепадов,ГЖ_05_25.pdf,open
CONTR_1696,,,contradicts,Различные подходы к классификации глубины разработки месторождений,ГЖ_06_25.pdf,open
CONTR_1697,,,contradicts,,ГЖ_06_25.pdf,open
CONTR_1698,,,contradicts,Разные типы руд с одинаковым содержанием серы окисляются с различной интенсивностью.,ГЖ_06_25.pdf,open
CONTR_1699,,,contradicts,Сложность сооружения вертикального трубопроводного транспорта на большие глубины,ГЖ_06_25.pdf,open
CONTR_1700,,,contradicts,Неоптимальный состав закладочной смеси,ГЖ_06_25.pdf,open
CONTR_1701,,,contradicts,Нет противоречий в тексте,ГЖ_06_25.pdf,open
CONTR_1702,,,contradicts,Долгое время набора прочности цементно-песчаным составом приводит к интенсивному развитию процессов разуплотнения.,ГЖ_06_25.pdf,open
CONTR_1703,,,contradicts,,ГЖ_06_25.pdf,open
CONTR_1704,,,contradicts,Влияние щебня на подвижность закладочной смеси,ГЖ_06_25.pdf,open
CONTR_1705,,,contradicts,,ГЖ_06_25.pdf,open
CONTR_1706,,,contradicts,Проблема использования серной кислоты при получении серной кислоты из отходящих серосодержащих газов,ГЖ_06_25.pdf,open
CONTR_1707,,,contradicts,Снижение ценности полезных компонентов в одной тонне медно-никелевых руд к 2040 г. на 37 % относительно настоящего,ГЖ_06_25.pdf,open
CONTR_1708,,,contradicts,Нет противоречий в тексте,ГЖ_06_25.pdf,open
CONTR_1709,,,contradicts,Нет противоречий в тексте,ГЖ_06_25.pdf,open
CONTR_1710,,,contradicts,,ГЖ_06_25.pdf,open
CONTR_1711,,,contradicts,,ГЖ_06_25.pdf,open
CONTR_1712,,,contradicts,,ГЖ_06_25.pdf,open
CONTR_1713,,,contradicts,,ГЖ_06_25.pdf,open
CONTR_1714,,,contradicts,Противоречия между вариантами системы СМИК,ГЖ_06_25.pdf,open
CONTR_1715,,,contradicts,,ГЖ_06_25.pdf,open
CONTR_1716,,,contradicts,,ГЖ_06_25.pdf,open
CONTR_1717,,,contradicts,Ограниченное применение автоматизированных систем СМИК в горнодобывающей промышленности,ГЖ_06_25.pdf,open
CONTR_1718,,,contradicts,,ГЖ_06_25.pdf,open
CONTR_1719,,,contradicts,,ГЖ_06_25.pdf,open
CONTR_1720,,,contradicts,,ГЖ_06_25.pdf,open
CONTR_1721,,,contradicts,Результаты анализа одной и той же стереограммы разными специалистами будут отличаться,ГЖ_06_25.pdf,open
CONTR_1722,,,contradicts,,ГЖ_06_25.pdf,open
CONTR_1723,,,contradicts,,ГЖ_06_25.pdf,open
CONTR_1724,,,contradicts,,ГЖ_06_25.pdf,open
CONTR_1725,,,contradicts,"Несмотря на закладку выработанного пространства твердеющей смесью, скорость развития деформаций стволов остаётся высокой",ГЖ_06_25.pdf,open
CONTR_1726,,,contradicts,,ГЖ_06_25.pdf,open
CONTR_1727,,,contradicts,,ГЖ_06_25.pdf,open
CONTR_1728,,,contradicts,Отсутствие сейсмоактивности на руднике 'Комсомольский' затрудняет прогнозирование удароопасности.,ГЖ_06_25.pdf,open
CONTR_1729,,,contradicts,,ГЖ_06_25.pdf,open
CONTR_1730,,,contradicts,,ГЖ_06_25.pdf,open
CONTR_1731,,,contradicts,В случае низкой сейсмоактивности массива горных пород определение прогнозной зоны по параметру F может быть не релевантно.,ГЖ_06_25.pdf,open
CONTR_1732,,,contradicts,,ГЖ_06_25.pdf,open
CONTR_1733,,,contradicts,,ГЖ_06_25.pdf,open
CONTR_1734,,,contradicts,,ГЖ_06_25.pdf,open
CONTR_1735,,,contradicts,Отсутствие компактного кейса и функции сканирования рельефа в стандартной комплектации,ГЖ_06_25.pdf,open
CONTR_1736,,,contradicts,,ГЖ_06_25.pdf,open
CONTR_1737,,,contradicts,,ГЖ_06_25.pdf,open
CONTR_1738,,,contradicts,,ГЖ_06_25.pdf,open
CONTR_1739,,,contradicts,,ГЖ_06_25.pdf,open
CONTR_1740,,,contradicts,,ГЖ_06_25.pdf,open
CONTR_1741,,,contradicts,,ГЖ_06_25.pdf,open
CONTR_1742,,,contradicts,,ГЖ_06_25.pdf,open
CONTR_1743,,,contradicts,Зарубежный опыт ведения горных работ на аналогичных глубинах не учитывает географических особенностей Норильского промышленного района.,ГЖ_06_25.pdf,open
CONTR_1744,,,contradicts,,ГЖ_06_25.pdf,open
CONTR_1745,,,contradicts,,ГЖ_06_25.pdf,open
CONTR_1746,,,contradicts,,ГЖ_06_25.pdf,open
CONTR_1747,,,contradicts,Влияние изменения климата на несущую способность многолетнемёрзлых грунтов,ГЖ_06_25.pdf,open
CONTR_1748,,,contradicts,,ГЖ_06_25.pdf,open
CONTR_1749,,,contradicts,Противоречий в тексте не обнаружено,ГЖ_06_25.pdf,open
CONTR_1750,,,contradicts,,ГЖ_06_25.pdf,open
CONTR_1751,,,contradicts,Нет противоречий,ГЖ_06_25.pdf,open
CONTR_1752,,,contradicts,,ГЖ_06_25.pdf,open
CONTR_1753,,,contradicts,,ГЖ_07_25.pdf,open
CONTR_1754,,,contradicts,Различия в определении минимального содержания органического вещества в сапропеле,ГЖ_07_25.pdf,open
CONTR_1755,,,contradicts,,ГЖ_07_25.pdf,open
CONTR_1756,,,contradicts,,ГЖ_07_25.pdf,open
CONTR_1757,,,contradicts,Отсутствие информации о добыче торфа на территории России до 1223 года,ГЖ_07_25.pdf,open
CONTR_1758,,,contradicts,,ГЖ_07_25.pdf,open
CONTR_1759,,,contradicts,,ГЖ_07_25.pdf,open
CONTR_1760,,,contradicts,"Прогнозные ресурсы редкоземельных металлов кратно превышают данные, учтенные государственными системами учета",ГЖ_07_25.pdf,open
CONTR_1761,,,contradicts,Отсутствие легкооткрываемых месторождений твердых полезных ископаемых на территории России,ГЖ_07_25.pdf,open
CONTR_1762,,,contradicts,"Значения прогнозных ресурсов хромовых, титановых и циркониевых руд на территории Российской Федерации, приводимые в [3], значительно меньше, чем суммарные ресурсы различных категорий, суммированные по металлогеническим таксонам, показанным на составленных картах закономерностей размещения и прогноза основных типов месторождений хрома, титана и циркония территории Российской Федерации масштаба 1: 2 500 000 [2].",ГЖ_07_25.pdf,open
CONTR_1763,,,contradicts,Отсутствие промышленной технологии переработки высокотитанистых титаномагнетитовых концентратов в России,ГЖ_07_25.pdf,open
CONTR_1764,,,contradicts,"Противоречия в оценках прогнозных ресурсов хрома, диоксида титана и диоксида циркония.",ГЖ_07_25.pdf,open
CONTR_1765,,,contradicts,Низкое качество российских хромовых руд ограничивает развитие отечественной промышленности.,ГЖ_07_25.pdf,open
CONTR_1766,,,contradicts,,ГЖ_07_25.pdf,open
CONTR_1767,,,contradicts,Недостаточная обеспеченность запасами питьевых подземных вод в некоторых регионах России,ГЖ_07_25.pdf,open
CONTR_1768,,,contradicts,,ГЖ_07_25.pdf,open
CONTR_1769,,,contradicts,,ГЖ_07_25.pdf,open
CONTR_1770,,,contradicts,,ГЖ_07_25.pdf,open
CONTR_1771,,,contradicts,Зависимость от импорта оборудования,ГЖ_07_25.pdf,open
CONTR_1772,,,contradicts,Высокая фактическая стоимость кредитования,ГЖ_07_25.pdf,open
CONTR_1773,,,contradicts,,ГЖ_07_25.pdf,open
CONTR_1774,,,contradicts,,ГЖ_07_25.pdf,open
CONTR_1775,,,contradicts,,ГЖ_07_25.pdf,open
CONTR_1776,,,contradicts,Нет противоречий в тексте,ГЖ_07_25.pdf,open
CONTR_1777,,,contradicts,,ГЖ_07_25.pdf,open
CONTR_1778,,,contradicts,,ГЖ_07_25.pdf,open
CONTR_1779,,,contradicts,,ГЖ_07_25.pdf,open
CONTR_1780,,,contradicts,Изменения в законодательстве о недрах и противоречия в требованиях к проектированию добычных работ,ГЖ_07_25.pdf,open
CONTR_1781,,,contradicts,,ГЖ_07_25.pdf,open
CONTR_1782,,,contradicts,Противоречие в источниках о времени начала добычи медной руды на Григоровском руднике.,ГЖ_07_25.pdf,open
CONTR_1783,,,contradicts,Отсутствие горных мастеров на Григоровском руднике,ГЖ_07_25.pdf,open
CONTR_1784,,,contradicts,Различия в глубине залегания рудных тел,ГЖ_07_25.pdf,open
CONTR_1785,,,contradicts,Неэффективность выплавки магнитной руды в сыродутных печах на Урале по сравнению с другими регионами.,ГЖ_07_25.pdf,open
CONTR_1786,,,contradicts,Противоречие в оценке наличия золота в Гороблагодатском округе,ГЖ_07_25.pdf,open
CONTR_1787,,,contradicts,,ГЖ_07_25.pdf,open
CONTR_1788,,,contradicts,Спор между Н. Р. Мамышевым и минералогом-иностранцем о знании свойств алмазов.,ГЖ_07_25.pdf,open
CONTR_1789,,,contradicts,Возможность организации добычи золота в зимний период при неблагоприятных климатических условиях,ГЖ_07_25.pdf,open
CONTR_1790,,,contradicts,Оценка эффективности развития государственного горнозаводского хозяйства в период правления Николая I,ГЖ_07_25.pdf,open
CONTR_1791,,,contradicts,Нехватка времени у переводчика,ГЖ_07_25.pdf,open
CONTR_1792,,,contradicts,Противоречие в статистике выплавки чугуна,ГЖ_07_25.pdf,open
CONTR_1793,,,contradicts,Не удалось уложиться в сроки издания томов Горного журнала,ГЖ_07_25.pdf,open
CONTR_1794,,,contradicts,Противоречие между необходимостью увеличения продаж продукции на рынке и ограничением расходов казны по содержанию заводов.,ГЖ_07_25.pdf,open
CONTR_1795,,,contradicts,Противоречие между выводами Владимира Павловича Безобразова о необходимости ликвидации казенного сектора промышленности и позицией Ивана Петровича Котляревского.,ГЖ_07_25.pdf,open
CONTR_1796,,,contradicts,Нарушение законодательства при залоге металла,ГЖ_07_25.pdf,open
CONTR_1797,,,contradicts,Противоречие между сторонниками и противниками проекта местного технического надзора.,ГЖ_07_25.pdf,open
CONTR_1798,,,contradicts,Противоречия между управлением Горного надзора ВСНХ и технической инспекцией Наркомтруда РСФСР,ГЖ_07_25.pdf,open
CONTR_1799,,,contradicts,Конкуренция между Горным надзором ВСНХ и Наркоматом труда за главную роль в проведении надзорной деятельности над объектами угольного производства.,ГЖ_07_25.pdf,open
CONTR_1800,,,contradicts,Отставание в темпах внедрения механизированной добычи на шахтах,ГЖ_07_25.pdf,open
CONTR_1801,,,contradicts,Неполное выполнение плана по повышению зарплаты,ГЖ_07_25.pdf,open
CONTR_1802,,,contradicts,"Несмотря на механизацию, плановые показатели по добыче угля не были достигнуты",ГЖ_07_25.pdf,open
CONTR_1803,,,contradicts,Спор о использовании торфа в газопудлинговых печах между М. И. Ивановым и И. П. Котляревским.,ГЖ_07_25.pdf,open
CONTR_1804,,,contradicts,,ГЖ_07_25.pdf,open
CONTR_1805,,,contradicts,"Несмотря на рост угледобычи, механизация подготовительных работ оставалась слабой и препятствовала дальнейшему росту производства.",ГЖ_07_25.pdf,open
CONTR_1806,,,contradicts,Противоречие между необходимостью развития медной промышленности и зависимостью от импорта меди.,ГЖ_07_25.pdf,open
CONTR_1807,,,contradicts,Невозможность быстрого восстановления медной промышленности Свердловской области на довоенном уровне,ГЖ_07_25.pdf,open
CONTR_1808,,,contradicts,Противоречие в методах добычи полезных ископаемых между СССР и США,ГЖ_07_25.pdf,open
CONTR_1809,,,contradicts,,ГЖ_07_25.pdf,open
CONTR_1810,,,contradicts,,ГЖ_07_25.pdf,open
CONTR_1811,,,contradicts,,ГЖ_07_25.pdf,open
CONTR_1812,,,contradicts,,ГЖ_07_25.pdf,open
CONTR_1813,,,contradicts,,ГЖ_07_25.pdf,open
CONTR_1814,,,contradicts,Ограниченное использование гидромеханизации из-за несоответствия полустационарного оборудования горнотехническим условиям,ГЖ_07_25.pdf,open
CONTR_1815,,,contradicts,Противоречие в оценке возможности применения открытого способа разработки богатых руд на КМА.,ГЖ_07_25.pdf,open
CONTR_1816,,,contradicts,,ГЖ_07_25.pdf,open
CONTR_1817,,,contradicts,Эффективность применения роторных комплексов снижала повышенная влажность и наличие в ряде карьеров прослойков более твёрдых пород,ГЖ_07_25.pdf,open
CONTR_1818,,,contradicts,,ГЖ_07_25.pdf,open
CONTR_1819,,,contradicts,Критика бюрократической практики в науке и снижение качества научных работ,ГЖ_07_25.pdf,open
CONTR_1820,,,contradicts,,ГЖ_07_25.pdf,open
CONTR_1821,,,contradicts,"Противоречие между прогрессистским подходом, утверждающим, что адресная/агентская подписка — архаическая практика, и реальностью, где открытый доступ к топовым изданиям ограничен",ГЖ_07_25.pdf,open
CONTR_1822,,,contradicts,Изменение списка исполнителей работы по открытию и разведке месторождений богатых железных руд в Белгородском районе Курской магнитной аномалии,ГЖ_07_25.pdf,open
CONTR_1823,,,contradicts,Противоречия в принципах нефтегазогеологического районирования и выделения объектов,ГЖ_08_25.pdf,open
CONTR_1824,,,contradicts,,ГЖ_08_25.pdf,open
CONTR_1825,,,contradicts,,ГЖ_08_25.pdf,open
CONTR_1826,,,contradicts,,ГЖ_08_25.pdf,open
CONTR_1827,,,contradicts,Нет противоречий,ГЖ_08_25.pdf,open
CONTR_1828,,,contradicts,Отсутствие учёта содержания ценных компонентов при отработке россыпных месторождений,ГЖ_08_25.pdf,open
CONTR_1829,,,contradicts,,ГЖ_08_25.pdf,open
CONTR_1830,,,contradicts,,ГЖ_08_25.pdf,open
CONTR_1831,,,contradicts,,ГЖ_08_25.pdf,open
CONTR_1832,,,contradicts,,ГЖ_08_25.pdf,open
CONTR_1833,,,contradicts,Невозможность получения кондиционных концентратов графита с применением механических способов обогащения,ГЖ_08_25.pdf,open
CONTR_1834,,,contradicts,Не обнаружено,ГЖ_08_25.pdf,open
CONTR_1835,,,contradicts,,ГЖ_08_25.pdf,open
CONTR_1836,,,contradicts,Отсутствие опубликованных полных методик оценки комплекса полезных компонентов в россыпях,ГЖ_08_25.pdf,open
CONTR_1837,,,contradicts,Получение кондиционных концентратов графита из руд изученных объектов не представилось возможным.,ГЖ_08_25.pdf,open
CONTR_1838,,,contradicts,The current processing methods and flowsheets are unable to produce the common marketable graphite grades from the low-quality ore of the Dzhimara deposit.,ГЖ_08_25.pdf,open
CONTR_1839,,,contradicts,"Нет единого, общепринятого определения риска",ГЖ_08_25.pdf,open
CONTR_1840,,,contradicts,,ГЖ_08_25.pdf,open
CONTR_1841,,,contradicts,Противоречие экономических и технологических приоритетов при отработке соляных месторождений,ГЖ_08_25.pdf,open
CONTR_1842,,,contradicts,"Несмотря на длительный период отработки соляных месторождений и многообразие проведенных исследований, аварии не являются редкостью на калийных рудниках.",ГЖ_08_25.pdf,open
CONTR_1843,,,contradicts,,ГЖ_08_25.pdf,open
CONTR_1844,,,contradicts,Несоответствие фактических параметров элементов строений проектным,ГЖ_08_25.pdf,open
CONTR_1845,,,contradicts,,ГЖ_08_25.pdf,open
CONTR_1846,,,contradicts,,ГЖ_08_25.pdf,open
CONTR_1847,,,contradicts,Возможность выделения метана при взрывных работах,ГЖ_08_25.pdf,open
CONTR_1848,,,contradicts,The use of blasting technologies for dismantling structures in Russia.,ГЖ_08_25.pdf,open
CONTR_1849,,,contradicts,,ГЖ_08_25.pdf,open
CONTR_1850,,,contradicts,технология обогащения хвостов основной магнитной сепарации на гравитационном переделе фабрики АО «Олкон» не обеспечивает приемлемых показателей по содержанию и извлечению гематитового железа в концентрат,ГЖ_08_25.pdf,open
CONTR_1851,,,contradicts,нет противоречий,ГЖ_08_25.pdf,open
CONTR_1852,,,contradicts,,ГЖ_08_25.pdf,open
CONTR_1853,,,contradicts,,ГЖ_08_25.pdf,open
CONTR_1854,,,contradicts,,ГЖ_08_25.pdf,open
CONTR_1855,,,contradicts,,ГЖ_08_25.pdf,open
CONTR_1856,,,contradicts,,ГЖ_08_25.pdf,open
CONTR_1857,,,contradicts,,ГЖ_08_25.pdf,open
CONTR_1858,,,contradicts,,ГЖ_09_25.pdf,open
CONTR_1859,,,contradicts,,ГЖ_09_25.pdf,open
CONTR_1860,,,contradicts,Расхождения в данных геолого-маркшейдерского подсчёта и данных обогатительной фабрики.,ГЖ_09_25.pdf,open
CONTR_1861,,,contradicts,,ГЖ_09_25.pdf,open
CONTR_1862,,,contradicts,,ГЖ_09_25.pdf,open
CONTR_1863,,,contradicts,,ГЖ_09_25.pdf,open
CONTR_1864,,,contradicts,,ГЖ_09_25.pdf,open
CONTR_1865,,,contradicts,,ГЖ_09_25.pdf,open
CONTR_1866,,,contradicts,Противоречие между эффективностью поисковых и комбинаторных методов для оптимизации систем с РГ электроэнергии,ГЖ_09_25.pdf,open
CONTR_1867,,,contradicts,,ГЖ_09_25.pdf,open
CONTR_1868,,,contradicts,,ГЖ_09_25.pdf,open
CONTR_1869,,,contradicts,Вопрос оценки показателей автономных ГЭТК изучен не полностью,ГЖ_09_25.pdf,open
CONTR_1870,,,contradicts,,ГЖ_09_25.pdf,open
CONTR_1871,,,contradicts,,ГЖ_09_25.pdf,open
CONTR_1872,,,contradicts,,ГЖ_09_25.pdf,open
CONTR_1873,,,contradicts,Нет противоречий в тексте,ГЖ_09_25.pdf,open
CONTR_1874,,,contradicts,,ГЖ_09_25.pdf,open
CONTR_1875,,,contradicts,"Несовместимость систем, построенных по стандартам IEEE 1901.2 и G3-PLC",ГЖ_09_25.pdf,open
CONTR_1876,,,contradicts,Нет противоречий в тексте,ГЖ_09_25.pdf,open
CONTR_1877,,,contradicts,Противоречия между использованием технологии PLC и беспроводных коммуникационных систем в шахтах.,ГЖ_09_25.pdf,open
CONTR_1878,,,contradicts,,ГЖ_09_25.pdf,open
CONTR_1879,,,contradicts,,ГЖ_09_25.pdf,open
CONTR_1880,,,contradicts,,ГЖ_09_25.pdf,open
CONTR_1881,,,contradicts,,ГЖ_09_25.pdf,open
CONTR_1882,,,contradicts,Сложность прогнозирования горно-геологических условий,ГЖ_09_25.pdf,open
CONTR_1883,,,contradicts,,ГЖ_09_25.pdf,open
CONTR_1884,,,contradicts,,ГЖ_09_25.pdf,open
CONTR_1885,,,contradicts,Влияние размера частиц цемента на прочность пастообразных смесей,ГЖ_09_25.pdf,open
CONTR_1886,,,contradicts,,ГЖ_09_25.pdf,open
CONTR_1887,,,contradicts,Численное моделирование испытания на одноосное сжатие бутобетонной закладочной смеси без дополнительной калибровки входных данных позволило получить только удовлетворительное описание лабораторной кривой,ГЖ_09_25.pdf,open
CONTR_1888,,,contradicts,Противоречие в эффективности различных форм кусков торфа,ГЖ_09_25.pdf,open
CONTR_1889,,,contradicts,Недостаточность предела измерения цифрового тензометрического оборудования,ГЖ_09_25.pdf,open
CONTR_1890,,,contradicts,Влияние размера частиц на свойства пастообразной закладочной смеси,ГЖ_09_25.pdf,open
CONTR_1891,,,contradicts,"В классификации Армении экономическая составляющая запасов напрямую учитывает только их коэффициенты ценности, в то время как в классификации PK ООН также учитываются экологические и социальные вопросы",ГЖ_09_25.pdf,open
CONTR_1892,,,contradicts,"The methodology for applying the stand was designed for testing only round and rectangular samples, but the range of sod peat shapes has expanded significantly.",ГЖ_09_25.pdf,open
CONTR_1893,,,contradicts,,ГЖ_10_25.pdf,open
CONTR_1894,,,contradicts,Гипотеза рифтового происхождения осадочных бассейнов Восточно-Сибирского моря не согласуется с результатами геологических исследований на Новосибирских островах,ГЖ_10_25.pdf,open
CONTR_1895,,,contradicts,Необходимость сооружения нового хвостохранилища для складирования технических вод и требования СанПиН 2.1.3684-21 о гидроизоляции ложа хвостохранилища противоречат друг другу.,ГЖ_10_25.pdf,open
CONTR_1896,,,contradicts,,ГЖ_10_25.pdf,open
CONTR_1897,,,contradicts,,ГЖ_10_25.pdf,open
CONTR_1898,,,contradicts,Противоречие в плитотектонической модели относительно современной тектонической позиции о-ва Врангеля и горно-складчатого сооружения Брукса.,ГЖ_10_25.pdf,open
CONTR_1899,,,contradicts,,ГЖ_10_25.pdf,open
CONTR_1900,,,contradicts,,ГЖ_10_25.pdf,open
CONTR_1901,,,contradicts,Оценка ресурсов лития в России западными экспертами сильно занижена.,ГЖ_10_25.pdf,open
CONTR_1902,,,contradicts,Проблемы технологического плана при добыче лития из подземных рассолов в России,ГЖ_10_25.pdf,open
CONTR_1903,,,contradicts,"All lithium raw materials in Russia are imported or their secondary processing is used, while domestic deposits are not developed.",ГЖ_10_25.pdf,open
CONTR_1904,,,contradicts,,ГЖ_10_25.pdf,open
CONTR_1905,,,contradicts,Фактические оседания подработанной налегающей толщи превышают расчетные,ГЖ_10_25.pdf,open
CONTR_1906,,,contradicts,Наблюдается 4–7-кратное превышение замеренных величин оседаний почвы предохранительного целика над проектными,ГЖ_10_25.pdf,open
CONTR_1907,,,contradicts,Нарушение критериев ИГД УрО РАН и СПбГУ при отработке блоков,ГЖ_10_25.pdf,open
CONTR_1908,,,contradicts,Несоответствие прогнозных и реальных параметров деформирования,ГЖ_10_25.pdf,open
CONTR_1909,,,contradicts,Измеренное оседание почвы над защитным столбом превышает прогнозируемые значения в 4–7 раз,ГЖ_10_25.pdf,open
CONTR_1910,,,contradicts,Отсутствие данных о карбонатных породах в некоторых работах по геомеханическим свойствам горных пород Сахалина,ГЖ_10_25.pdf,open
CONTR_1911,,,contradicts,Несоответствие проектных и фактических параметров деформирования массива предохранительного целика и земной поверхности,ГЖ_10_25.pdf,open
CONTR_1912,,,contradicts,Противоречие между расчетными и замеренными оседаниями земной поверхности и массива руды,ГЖ_10_25.pdf,open
CONTR_1913,,,contradicts,,ГЖ_10_25.pdf,open
CONTR_1914,,,contradicts,Негативное воздействие на природную среду при использовании серной кислоты в процессе извлечения вольфрамового концентрата,ГЖ_10_25.pdf,open
CONTR_1915,,,contradicts,Истощение запасов основных месторождений вольфрама в стране может привести к зависимости от импортного сырья,ГЖ_10_25.pdf,open
CONTR_1916,,,contradicts,,ГЖ_10_25.pdf,open
CONTR_1917,,,contradicts,Нет противоречий,ГЖ_10_25.pdf,open
CONTR_1918,,,contradicts,Нет противоречий,ГЖ_10_25.pdf,open
CONTR_1919,,,contradicts,,ГЖ_10_25.pdf,open
CONTR_1920,,,contradicts,,ГЖ_10_25.pdf,open
CONTR_1921,,,contradicts,Низкий КПД дизельных электростанций и нагревательных установок приводит к неэффективному использованию топлива,ГЖ_10_25.pdf,open
CONTR_1922,,,contradicts,,ГЖ_10_25.pdf,open
CONTR_1923,,,contradicts,,ГЖ_10_25.pdf,open
CONTR_1924,,,contradicts,"При бурении в сыпучих и неустойчивых породах возникают осложнения, которые приводят к прихвату снаряда и авариям из-за обвала стенок скважины",ГЖ_10_25.pdf,open
CONTR_1925,,,contradicts,,ГЖ_10_25.pdf,open
CONTR_1926,,,contradicts,,ГЖ_10_25.pdf,open
CONTR_1927,,,contradicts,,ГЖ_10_25.pdf,open
CONTR_1928,,,contradicts,,ГЖ_10_25.pdf,open
CONTR_1929,,,contradicts,Влияние закладки отбитой горной массой на параметры устойчивости целиков,ГЖ_11_25.pdf,open
CONTR_1930,,,contradicts,,ГЖ_10_25.pdf,open
CONTR_1931,,,contradicts,Различия в поведении образца в численной модели и в лабораторных испытаниях,ГЖ_11_25.pdf,open
CONTR_1932,,,contradicts,Необходимость пересмотра расчёта высоты целиков с закладкой,ГЖ_11_25.pdf,open
CONTR_1933,,,contradicts,Влияние закладки на прочность образца при сжатии,ГЖ_11_25.pdf,open
CONTR_1934,,,contradicts,Эффективность метода закладочного материала по сопротивлению нагрузке в шахтных условиях,ГЖ_11_25.pdf,open
CONTR_1935,,,contradicts,Необходимость совмещения плановых и высотных геодезических сетей,ГЖ_11_25.pdf,open
CONTR_1936,,,contradicts,,ГЖ_11_25.pdf,open
CONTR_1937,,,contradicts,,ГЖ_11_25.pdf,open
CONTR_1938,,,contradicts,,ГЖ_11_25.pdf,open
CONTR_1939,,,contradicts,Отсутствие полного набора механико-математических моделей в отечественном ПО по сравнению с иностранным ПО.,ГЖ_11_25.pdf,open
CONTR_1940,,,contradicts,,ГЖ_11_25.pdf,open
CONTR_1941,,,contradicts,,ГЖ_11_25.pdf,open
CONTR_1942,,,contradicts,,ГЖ_11_25.pdf,open
CONTR_1943,,,contradicts,Нет противоречий,ГЖ_11_25.pdf,open
CONTR_1944,,,contradicts,нет противоречий,ГЖ_11_25.pdf,open
CONTR_1945,,,contradicts,,ГЖ_11_25.pdf,open
CONTR_1946,,,contradicts,Противоречие между консервативной оценкой максимально возможной магнитуды техногенного землетрясения и более реалистичной оценкой с использованием трехуровневых цветовых шкал опасности.,ГЖ_11_25.pdf,open
CONTR_1947,,,contradicts,У ученых нет единого мнения о природе техногенной сейсмичности,ГЖ_11_25.pdf,open
CONTR_1948,,,contradicts,Необходимость оценки геомеханического состояния крупных участков шахтного поля,ГЖ_11_25.pdf,open
CONTR_1949,,,contradicts,,ГЖ_11_25.pdf,open
CONTR_1950,,,contradicts,,ГЖ_11_25.pdf,open
CONTR_1951,,,contradicts,,ГЖ_11_25.pdf,open
CONTR_1952,,,contradicts,Высокая стоимость создания куста скважин вследствие больших объемов бурения,ГЖ_11_25.pdf,open
CONTR_1953,,,contradicts,Невозможность восстановления оборудования в случае выхода его из строя при использовании струнных многоярусных пьезометров,ГЖ_11_25.pdf,open
CONTR_1954,,,contradicts,Недостаточная изученность количественных закономерностей изменения проницаемости в зонах тектонических нарушений и геодинамически активных зонах,ГЖ_11_25.pdf,open
CONTR_1955,,,contradicts,,ГЖ_11_25.pdf,open
CONTR_1956,,,contradicts,Противоречие в зависимости открытой пористости от типа тектонической зоны.,ГЖ_11_25.pdf,open
CONTR_1957,,,contradicts,Необходимость регулярного обновления исходных данных для гидрогеологических исследований.,ГЖ_11_25.pdf,open
CONTR_1958,,,contradicts,,ГЖ_11_25.pdf,open
CONTR_1959,,,contradicts,Противоречий в тексте не обнаружено,ГЖ_11_25.pdf,open
CONTR_1960,,,contradicts,,ГЖ_11_25.pdf,open
CONTR_1961,,,contradicts,,ГЖ_11_25.pdf,open
CONTR_1962,,,contradicts,Ограниченный объем данных,ГЖ_11_25.pdf,open
CONTR_1963,,,contradicts,Противоречия в данных о горных работах на участке Гакман,ГЖ_11_25.pdf,open
CONTR_1964,,,contradicts,,ГЖ_11_25.pdf,open
CONTR_1965,,,contradicts,Противоречие между результатами натурных наблюдений и физического моделирования,ГЖ_11_25.pdf,open
CONTR_1966,,,contradicts,,ГЖ_11_25.pdf,open
CONTR_1967,,,contradicts,,ГЖ_11_25.pdf,open
CONTR_1968,,,contradicts,,ГЖ_11_25.pdf,open
CONTR_1969,,,contradicts,Результаты численных расчетов не всегда могут быть гарантированы,ГЖ_11_25.pdf,open
CONTR_1970,,,contradicts,,ГЖ_11_25.pdf,open
CONTR_1971,,,contradicts,,ГЖ_11_25.pdf,open
CONTR_1972,,,contradicts,,ГЖ_12_25.pdf,open
CONTR_1973,,,contradicts,Противоречие в оценке промышленного значения месторождения Пильгуярви (Ждановское),ГЖ_12_25.pdf,open
CONTR_1974,,,contradicts,"Сложность классификации структурных элементов по временному признаку из-за совмещения дорудных, синрудных и послерудных подвижек.",ГЖ_12_25.pdf,open
CONTR_1975,,,contradicts,"На мировом рынке никеля наблюдается профицит, но долгосрочные перспективы расширения рынка никеля остаются положительными",ГЖ_12_25.pdf,open
CONTR_1976,,,contradicts,,ГЖ_12_25.pdf,open
CONTR_1977,,,contradicts,,ГЖ_12_25.pdf,open
CONTR_1978,,,contradicts,,ГЖ_12_25.pdf,open
CONTR_1979,,,contradicts,,ГЖ_12_25.pdf,open
CONTR_1980,,,contradicts,,ГЖ_12_25.pdf,open
CONTR_1981,,,contradicts,,ГЖ_12_25.pdf,open
CONTR_1982,,,contradicts,,ГЖ_12_25.pdf,open
CONTR_1983,,,contradicts,,ГЖ_12_25.pdf,open
CONTR_1984,,,contradicts,Разница в притоках при использовании модельной сети трещин может достигать 8 %,ГЖ_12_25.pdf,open
CONTR_1985,,,contradicts,Традиционные методы геостатистики работают на основе двухточечной корреляции и имеют ограничения при работе с редкими данными.,ГЖ_12_25.pdf,open
CONTR_1986,,,contradicts,Нет противоречий,ГЖ_12_25.pdf,open
CONTR_1987,,,contradicts,Противоречий в тексте не обнаружено,ГЖ_12_25.pdf,open
CONTR_1988,,,contradicts,Противоречие в методах обеспечения устойчивости уступов при взрывных работах,ГЖ_12_25.pdf,open
CONTR_1989,,,contradicts,,ГЖ_12_25.pdf,open
CONTR_1990,,,contradicts,Противоречия в эффективности различных схем замедления при массовых взрывах,ГЖ_12_25.pdf,open
CONTR_1991,,,contradicts,Влияние технологических отклонений на напряжённо-деформированное состояние системы бетонная крепь – породный массив,ГЖ_12_25.pdf,open
CONTR_1992,,,contradicts,,ГЖ_12_25.pdf,open
CONTR_1993,,,contradicts,,ГЖ_12_25.pdf,open
CONTR_1994,,,contradicts,Отсутствие полностью автономных погрузочно-доставочных машин,ГЖ_12_25.pdf,open
CONTR_1995,,,contradicts,"Современные автономные и дистанционно управляемые средства производства при работе в забое не защищены от негативных явлений, связанных с риском обрушений горной массы различной природы.",ГЖ_12_25.pdf,open
CONTR_1996,,,contradicts,Противоречие в выборе между гранулированными составами и эмульсионными взрывчатыми веществами в условиях севера и Арктической зоны РФ.,ГЖ_12_25.pdf,open
CONTR_1997,,,contradicts,,ГЖ_12_25.pdf,open
CONTR_1998,,,contradicts,,ГЖ_12_25.pdf,open
CONTR_1999,,,contradicts,,ГЖ_12_25.pdf,open
CONTR_2000,,,contradicts,,ГЖ_12_25.pdf,open
CONTR_2001,,,contradicts,,ГЖ_12_25.pdf,open
CONTR_2002,,,contradicts,Отсутствие единого подхода к адаптации смесительно-зарядных машин к свойствам рециклинговых материалов в условиях экстремального климата,ГЖ_12_25.pdf,open
CONTR_2003,,,contradicts,Противоречия в применении различных типов электроприводов в водоотливных установках,ГЖ_12_25.pdf,open
CONTR_2004,,,contradicts,,ГЖ_12_25.pdf,open
CONTR_2005,,,contradicts,"Противоречие между обеспечением интересов государства при недропользовании и работой главного инженера, который считает, что деятельность маркшейдера препятствует его работе.",ГЖ_12_25.pdf,open
CONTR_2006,,,contradicts,"Противоречие между необходимостью высококвалифицированного сопровождения маркшейдерских работ и ошибочным убеждением, что программное обеспечение решает все вопросы геомеханики",ГЖ_12_25.pdf,open
CONTR_2007,,,contradicts,"Противоречие между необходимостью обеспечения безопасности при недропользовании и деятельностью сомнительных организаций, оказывающих услуги по переобучению на маркшейдеров.",ГЖ_12_25.pdf,open
CONTR_2008,,,contradicts,"Фактическая траектория бурения скважин часто отличается от проектной, что приводит к трудностям в продвижении бурильного инструмента.",ГЖ_12_25.pdf,open
CONTR_2009,,,contradicts,Противоречие между учеными и философами относительно понятия истины и научного дискурса.,ГЖ_12_25.pdf,open
CONTR_2010,,,contradicts,,ГЖ_12_25.pdf,open
CONTR_2011,,,contradicts,Противоречие между позитивистским подходом в науке и необходимостью обсуждения метафизических вопросов.,ГЖ_12_25.pdf,open
CONTR_2012,,,contradicts,Противоречие между техноучеными и философами науки относительно восприятия и понимания научного метода и природы знания.,ГЖ_12_25.pdf,open
CONTR_2013,,,contradicts,,Гж 01_26.pdf,open
CONTR_2014,,,contradicts,Нет противоречий в тексте,Гж 01_26.pdf,open
CONTR_2015,,,contradicts,,Гж 01_26.pdf,open
CONTR_2016,,,contradicts,Разногласия в терминологии между 'геомеханикой' и 'геотехникой',Гж 01_26.pdf,open
CONTR_2017,,,contradicts,Программы для оценки риска пересечения стволов скважин не учитывают геологических рисков.,ГЖ_12_25.pdf,open
CONTR_2018,,,contradicts,Недостаточная востребованность научных разработок в области оценки и анализа рисков на практике,Гж 01_26.pdf,open
CONTR_2019,,,contradicts,,Гж 01_26.pdf,open
CONTR_2020,,,contradicts,,Гж 01_26.pdf,open
CONTR_2021,,,contradicts,Противоречия между комплексным и базовым методами прогноза удароопасности,Гж 01_26.pdf,open
CONTR_2022,,,contradicts,,Гж 01_26.pdf,open
CONTR_2023,,,contradicts,Противоречия в прогнозировании времени обрушения горных пород,Гж 01_26.pdf,open
CONTR_2024,,,contradicts,Различия в характере процесса разрушения,Гж 01_26.pdf,open
CONTR_2025,,,contradicts,,Гж 01_26.pdf,open
CONTR_2026,,,contradicts,,Гж 01_26.pdf,open
CONTR_2027,,,contradicts,,Гж 01_26.pdf,open
CONTR_2028,,,contradicts,,Гж 01_26.pdf,open
CONTR_2029,,,contradicts,Противоречие между постоянно растущей потребностью в минеральном сырье и энергоносителях и необходимостью сохранения в перспективе возможности полноценного использования природных ресурсов будущими поколениями.,Гж 01_26.pdf,open
CONTR_2030,,,contradicts,,Гж 01_26.pdf,open
CONTR_2031,,,contradicts,,Гж 01_26.pdf,open
CONTR_2032,,,contradicts,Противоречие между необходимостью обеспечения устойчивости техногенных конструкций и отсутствием необходимых знаний о свойствах разрабатываемого массива горных пород,Гж 01_26.pdf,open
CONTR_2033,,,contradicts,,Гж 01_26.pdf,open
CONTR_2034,,,contradicts,,Гж 01_26.pdf,open
CONTR_2035,,,contradicts,,Гж 01_26.pdf,open
CONTR_2036,,,contradicts,Нет противоречий,Гж 01_26.pdf,open
CONTR_2037,,,contradicts,"Существующие отечественные методики расчёта пролета устойчивых обнажений зачастую показывают чрезмерно консервативные результаты и не учитывают ряд важнейших факторов, связанных с риском потери устойчивости массива при ведении горных работ подземным способом.",Гж 01_26.pdf,open
CONTR_2038,,,contradicts,,Гж 01_26.pdf,open
CONTR_2039,,,contradicts,,Гж 01_26.pdf,open
CONTR_2040,,,contradicts,,Гж 01_26.pdf,open
CONTR_2041,,,contradicts,,Гж 01_26.pdf,open
CONTR_2042,,,contradicts,,Гж 01_26.pdf,open
CONTR_2043,,,contradicts,,Гж 01_26.pdf,open
CONTR_2044,,,contradicts,Различия в схемах нагружения МПРК,Гж 01_26.pdf,open
CONTR_2045,,,contradicts,Отсутствие информации о конкретных параметрах и условиях применения методики расчета каркаса взрыва в САПР БВР BlastMaker.,Гж 01_26.pdf,open
CONTR_2046,,,contradicts,,Гж 01_26.pdf,open
CONTR_2047,,,contradicts,Влияние масштабирующего коэффициента на изменение проектных каркасов отбойки,Гж 01_26.pdf,open
CONTR_2048,,,contradicts,,Гж 01_26.pdf,open
CONTR_2049,,,contradicts,,Гж 01_26.pdf,open
CONTR_2050,,,contradicts,,Гж 01_26.pdf,open
CONTR_2051,,,contradicts,,Гж 01_26.pdf,open
CONTR_2052,,,contradicts,Различия в нормативных значениях допустимой скорости колебаний для однотипных объектов в стандартах различных стран,Гж 01_26.pdf,open
CONTR_2053,,,contradicts,,Гж 01_26.pdf,open
CONTR_2054,,,contradicts,"По результатам многолетнего контроля за состоянием горных выработок и крепи установлено, что крепление горных выработок двухслойной металлической арочной крепью с шагом через 0,5 м фактически не обеспечивает их устойчивости на весь срок эксплуатации",Гж 01_26.pdf,open
CONTR_2055,,,contradicts,Противоречие в работоспособности вариантов крепления в условиях гор. ±0 м,Гж 01_26.pdf,open
CONTR_2056,,,contradicts,,Гж 01_26.pdf,open
CONTR_2057,,,contradicts,,Гж 01_26.pdf,open
CONTR_2058,,,contradicts,,Гж 01_26.pdf,open
CONTR_2059,,,contradicts,,Гж 01_26.pdf,open
CONTR_2060,,,contradicts,проблема масштабного эффекта при блочном геомеханическом моделировании,Гж 01_26.pdf,open
CONTR_2061,,,contradicts,проблема осреднения значений при блочном геомеханическом моделировании,Гж 01_26.pdf,open
CONTR_2062,,,contradicts,,Гж 01_26.pdf,open
CONTR_2063,,,contradicts,,Гж 02_26.pdf,open
CONTR_2064,,,contradicts,Нет противоречий,Гж 02_26.pdf,open
CONTR_2065,,,contradicts,,Гж 02_26.pdf,open
CONTR_2066,,,contradicts,Проблема извлечения аномально люминесцирующих кристаллов,Гж 02_26.pdf,open
CONTR_2067,,,contradicts,,Гж 02_26.pdf,open
CONTR_2068,,,contradicts,Влияние климатических условий на производительность карьерных самосвалов,Гж 02_26.pdf,open
CONTR_2069,,,contradicts,Влияние факторов на техническое состояние карьерных самосвалов,Гж 02_26.pdf,open
CONTR_2070,,,contradicts,,Гж 02_26.pdf,open
CONTR_2071,,,contradicts,,Гж 02_26.pdf,open
CONTR_2072,,,contradicts,,Гж 02_26.pdf,open
CONTR_2073,,,contradicts,,Гж 02_26.pdf,open
CONTR_2074,,,contradicts,"Отсутствие месторождений бентонитовых глин в России, полностью отвечающих современным требованиям",Гж 02_26.pdf,open
CONTR_2075,,,contradicts,,Гж 02_26.pdf,open
CONTR_2076,,,contradicts,,Гж 02_26.pdf,open
CONTR_2077,,,contradicts,"Противоречия между физико-механическими свойствами резин, наполненных бентонитами Хакасского месторождения и каолинитовыми глинами Кангаласского разреза",Гж 02_26.pdf,open
CONTR_2078,,,contradicts,Влияние модификаторов на свойства ЭПХГ,Гж 02_26.pdf,open
CONTR_2079,,,contradicts,Снижение коэффициента технического использования насосов при увеличении концентрации взвешенных частиц в рассолах,Гж 02_26.pdf,open
CONTR_2080,,,contradicts,The actual overhaul periods of the pumps in pumping highly abrasive and aggressive brines appeared to be 2–8 times lower than the warranty periods.,Гж 02_26.pdf,open
CONTR_2081,,,contradicts,Противоречий в тексте не обнаружено,Гж 02_26.pdf,open
CONTR_2082,,,contradicts,Недостаток учёта новых данных материалов картирования обнаженных участков прибортовых массивов карьера после создания модели,Гж 02_26.pdf,open
CONTR_2083,,,contradicts,,Гж 02_26.pdf,open
CONTR_2084,,,contradicts,The tensile strength and breaking elongation of rubbers containing Khakassia bentonites exceed those of rubbers filled with kaolinite clays from the Kangalas open pit.,Гж 02_26.pdf,open
CONTR_2085,,,contradicts,,Гж 02_26.pdf,open
CONTR_2086,,,contradicts,,Гж 02_26.pdf,open
CONTR_2087,,,contradicts,Противоречие в оценке эффективности электронных систем инициирования по снижению сейсмического воздействия,Гж 02_26.pdf,open
CONTR_2088,,,contradicts,,Гж 02_26.pdf,open
CONTR_2089,,,contradicts,Противоречий в тексте не обнаружено,Гж 02_26.pdf,open
CONTR_2090,,,contradicts,,Гж 02_26.pdf,open
CONTR_2091,,,contradicts,,Гж 02_26.pdf,open
CONTR_2092,,,contradicts,Отсутствие единой обоснованной методики расчета параметров взрывных работ на заданный гранулометрический состав при подземных горных работах,Гж 02_26.pdf,open
CONTR_2093,,,contradicts,,Гж 02_26.pdf,open
CONTR_2094,,,contradicts,,Гж 02_26.pdf,open
CONTR_2095,,,contradicts,Противоречие между необходимостью увеличения срока службы металлических футеровок и повышением производительности мельницы.,Гж 02_26.pdf,open
CONTR_2096,,,contradicts,"Противоречие между процессом измельчения, обеспечиваемым между футеровкой и шарами, и ограниченным числом шаров на рабочей поверхности барабана.",Гж 02_26.pdf,open
CONTR_2097,,,contradicts,Противоречий не обнаружено,Гж 02_26.pdf,open
CONTR_2098,,,contradicts,Модель Kuz–Ram применима только при ведении открытых горных работ,Гж 02_26.pdf,open
CONTR_2099,,,contradicts,Необходимость сравнительной оценки технологических показателей процесса измельчения при использовании футеровок из стали и резины,Гж 02_26.pdf,open
CONTR_2100,,,contradicts,Противоречие между фирмами 'Треллеборг' и 'Скега' по конструкции резиновых футеровок,Гж 02_26.pdf,open
CONTR_2101,,,contradicts,несоответствие гарантированных сроков эксплуатации футеровки Скега Поли-Мет фактическим,Гж 02_26.pdf,open
CONTR_2102,,,contradicts,Пробелы научного и экспертного обеспечения процессов разработки месторождений и эксплуатации промыслов,Гж 03_26.pdf,open
CONTR_2103,,,contradicts,"Отсутствие специализированных научных структур, ориентированных на вопросы разработки и эксплуатации промыслов геотермальных месторождений",Гж 03_26.pdf,open
CONTR_2104,,,contradicts,"Нормативные показатели, используемые при оценке качественных характеристик воды поверхностных объектов, не учитывают свойств болотной воды, которая имеет свою специфику.",Гж 03_26.pdf,open
CONTR_2105,,,contradicts,Отсутствие длительных мониторинговых наблюдений за составом болотных вод и их водоприемников,Гж 03_26.pdf,open
CONTR_2106,,,contradicts,,Гж 03_26.pdf,open
CONTR_2107,,,contradicts,Отсутствие обоснования пунктов наблюдения на основе анализа водосборной площади водоприемников болотных стоков,Гж 03_26.pdf,open
CONTR_2108,,,contradicts,,Гж 03_26.pdf,open
CONTR_2109,,,contradicts,Преимущество метода аналитических элементов перед численным моделированием,Гж 03_26.pdf,open
CONTR_2110,,,contradicts,,Гж 03_26.pdf,open
CONTR_2111,,,contradicts,Точность метода аналитических элементов может варьироваться в зависимости от соответствия естественных условий выбранной схематизации,Гж 03_26.pdf,open
CONTR_2112,,,contradicts,,Гж 03_26.pdf,open
CONTR_2113,,,contradicts,,Гж 03_26.pdf,open
CONTR_2114,,,contradicts,"Отсутствие методов оценки устойчивости склонов, вмещающих выработки, основанных на строгих аналитических решениях задач геомеханики",Гж 03_26.pdf,open
CONTR_2115,,,contradicts,,Гж 03_26.pdf,open
CONTR_2116,,,contradicts,,Гж 03_26.pdf,open
CONTR_2117,,,contradicts,,Гж 03_26.pdf,open
CONTR_2118,,,contradicts,Противоречие в формировании антигорита,Гж 03_26.pdf,open
CONTR_2119,,,contradicts,,Гж 03_26.pdf,open
CONTR_2120,,,contradicts,Противоречия в выборе числа параметров для сравнения,Гж 03_26.pdf,open
CONTR_2121,,,contradicts,Доминирование экспертного подхода при подборе объектов-аналогов с высокой долей субъективного мнения геологов,Гж 03_26.pdf,open
CONTR_2122,,,contradicts,,Гж 03_26.pdf,open
CONTR_2123,,,contradicts,,Гж 03_26.pdf,open
CONTR_2124,,,contradicts,,Гж 03_26.pdf,open
CONTR_2125,,,contradicts,,Гж 03_26.pdf,open
CONTR_2126,,,contradicts,Противоречия в методах пылеподавления не обнаружены.,Гж 03_26.pdf,open
CONTR_2127,,,contradicts,Некоторые отклонения от технологии закрепления,Гж 03_26.pdf,open
CONTR_2128,,,contradicts,Сокращение добычи сурьмы в Китае и рост производства в Таджикистане,Гж 03_26.pdf,open
CONTR_2129,,,contradicts,,Гж 03_26.pdf,open
CONTR_2130,,,contradicts,"Экологические проблемы, связанные с гидрометаллургическими и пирометаллургическими процессами.",Гж 03_26.pdf,open
CONTR_2131,,,contradicts,,Гж 03_26.pdf,open
CONTR_2132,,,contradicts,,Гж 03_26.pdf,open
CONTR_2133,,,contradicts,"Долгое время считалось, что железистые кварциты КМА не годятся для переработки, но Лебединский ГОК доказал обратное.",Гж 03_26.pdf,open
CONTR_2134,,,contradicts,,Гж 03_26.pdf,open
CONTR_2135,,,contradicts,,Гж 03_26.pdf,open
CONTR_2136,,,contradicts,Проектные показатели процесса самоизмельчения руд на Лебединском ГОКе не были достигнуты.,Гж 03_26.pdf,open
CONTR_2137,,,contradicts,,Гж 03_26.pdf,open
CONTR_2138,,,contradicts,,Гж 03_26.pdf,open
CONTR_2139,,,contradicts,Метод ближайшего района приводит к большой ошибке при подсчете запасов,Гж 04_26.pdf,open
CONTR_2140,,,contradicts,Различия в результатах оценки запасов при использовании разных методов,Гж 04_26.pdf,open
CONTR_2141,,,contradicts,,Гж 04_26.pdf,open
CONTR_2142,,,contradicts,Ограниченность применения дражного способа разработки из-за технических параметров оборудования,Гж 04_26.pdf,open
CONTR_2143,,,contradicts,,Гж 04_26.pdf,open
CONTR_2144,,,contradicts,Эмпирические модели неэффективно работают при экстраполяции для прогнозирования производительности флотационного процесса,Гж 04_26.pdf,open
CONTR_2145,,,contradicts,,Гж 04_26.pdf,open
CONTR_2146,,,contradicts,,Гж 04_26.pdf,open
CONTR_2147,,,contradicts,"Хотя практика флотации достигла значительных успехов в сфере обогащения полезных ископаемых, многие закономерности флотоактивности, флотируемости минералов, пенной флотации, механизмы различных видов взаимодействия реагентов раскрыты не в полной мере.",Гж 04_26.pdf,open
CONTR_2148,,,contradicts,"Нормы, предписывающие обеспечение экологической безопасности, опираются на технологические возможности стационарных объектов, что приводит к ситуации, когда формальное соблюдение закона экономически нерационально и экологически не всегда оправданно для мобильных объектов.",Гж 04_26.pdf,open
CONTR_2149,,,contradicts,"The necessity of observing environmental standards by mobile production facilities is substantiated, but the actual implementation of such regulations is equivocal.",Гж 04_26.pdf,open
CONTR_2150,,,contradicts,,Гж 04_26.pdf,open
CONTR_2151,,,contradicts,Существующие геофизические методы не всегда обеспечивают надежный прогноз рапопроявлений,Гж 04_26.pdf,open
CONTR_2152,,,contradicts,,Гж 04_26.pdf,open
CONTR_2153,,,contradicts,Ограниченная доступность детализированных данных по ряду участков Амударьинской синеклизы,Гж 04_26.pdf,open
CONTR_2154,,,contradicts,,Гж 04_26.pdf,open
CONTR_2155,,,contradicts,Противоречий в тексте не обнаружено.,Гж 04_26.pdf,open
CONTR_2156,,,contradicts,Способы получения алюминия из анортозитов не применимы на Ачинском комбинате,Гж 04_26.pdf,open
CONTR_2157,,,contradicts,Использование харловских концентратов по аналогии с рудами Качканарского месторождения на Урале невозможно из-за высокой вязкости титанистых шлаков,Гж 04_26.pdf,open
CONTR_2158,,,contradicts,,Гж 04_26.pdf,open
CONTR_2159,,,contradicts,Противоречие относительно классификации угловых параметров процесса сдвижения,Гж 04_26.pdf,open
CONTR_2160,,,contradicts,Использование бокситового сырья,Гж 04_26.pdf,open
CONTR_2161,,,contradicts,,Гж 04_26.pdf,open
CONTR_2162,,,contradicts,,Гж 04_26.pdf,open
CONTR_2163,,,contradicts,Противоречие в практическом использовании граничных углов δ0 в последних версиях «Указаний»,Гж 04_26.pdf,open
CONTR_2164,,,contradicts,,Гж 04_26.pdf,open
CONTR_2165,,,contradicts,Влияние температуры на твердость алмазного слоя вставок,Гж 04_26.pdf,open
CONTR_2166,,,contradicts,Противоречия в подходах к практическому использованию граничных углов,Гж 04_26.pdf,open
CONTR_2167,,,contradicts,Использование алмазного бурового инструмента с пневматической очисткой шпура приводит к значительному росту температуры нагрева режущих пластин и вызывает их разрушение.,Гж 04_26.pdf,open
CONTR_2168,,,contradicts,гравитационный метод осветления эффективен только для крупнодисперсных частиц,Гж 04_26.pdf,open
CONTR_2169,,,contradicts,,Гж 04_26.pdf,open
CONTR_2170,,,contradicts,,Гж 04_26.pdf,open
CONTR_2171,,,contradicts,Противоречие между балансовыми и забалансовыми запасами металлов,Гж 04_26.pdf,open
CONTR_2172,,,contradicts,,Гж 04_26.pdf,open
CONTR_2173,,,contradicts,Противоречие между необходимостью учета запасов попутных металлов и отсутствием экономической выгоды от их извлечения,Гж 04_26.pdf,open
CONTR_2174,,,contradicts,,Гж 04_26.pdf,open
CONTR_2175,,,contradicts,Противоречия в классификации запасов попутных металлов,Гж 04_26.pdf,open
CONTR_2176,,,contradicts,,ОР 01_18.pdf,open
CONTR_2177,,,contradicts,Противоречие между традиционными методами переработки техногенных материалов и предложенной универсальной технологией,ОР 01_18.pdf,open
CONTR_2178,,,contradicts,Попытки применить виброшаровые мельницы и дезинтеграторы для измельчения сендаста не оправдали ожиданий,ОР 01_18.pdf,open
CONTR_2179,,,contradicts,Сложность определения изменения энтропии системы экспериментально,ОР 01_18.pdf,open
CONTR_2180,,,contradicts,,ОР 01_18.pdf,open
CONTR_2181,,,contradicts,,ОР 01_18.pdf,open
CONTR_2182,,,contradicts,,ОР 01_18.pdf,open
CONTR_2183,,,contradicts,,ОР 01_18.pdf,open
CONTR_2184,,,contradicts,,ОР 01_18.pdf,open
CONTR_2185,,,contradicts,,ОР 01_18.pdf,open
CONTR_2186,,,contradicts,,ОР 01_18.pdf,open
CONTR_2187,,,contradicts,Отсутствие теоретического описания способа продольных сечений при опробовании,ОР 01_18.pdf,open
CONTR_2188,,,contradicts,Снижение информативности проб при использовании способа продольных сечений,ОР 01_18.pdf,open
CONTR_2189,,,contradicts,"Показатели обогащения медленно охлажденных шлаков на фабрике Boliden значительно ниже, чем при переработке аналогичного сырья на заводе «Хитати»",ОР 01_18.pdf,open
CONTR_2190,,,contradicts,,ОР 01_18.pdf,open
CONTR_2191,,,contradicts,Противоречие в механизме действия модификатора ПАВ-2 при флотации недожога,ОР 01_18.pdf,open
CONTR_2192,,,contradicts,,ОР 01_18.pdf,open
CONTR_2193,,,contradicts,Противоречие в эффективности использования ПАВ-2 при флотации каменноугольной мелочи,ОР 01_18.pdf,open
CONTR_2194,,,contradicts,,ОР 01_18.pdf,open
CONTR_2195,,,contradicts,Нет противоречий,ОР 01_18.pdf,open
CONTR_2196,,,contradicts,,ОР 01_18.pdf,open
CONTR_2197,,,contradicts,,ОР 01_18.pdf,open
CONTR_2198,,,contradicts,,ОР 02_18.pdf,open
CONTR_2199,,,contradicts,,ОР 02_18.pdf,open
CONTR_2200,,,contradicts,,ОР 02_18.pdf,open
CONTR_2201,,,contradicts,,ОР 02_18.pdf,open
CONTR_2202,,,contradicts,"Неточность результатов моделирования связана с практической сложностью моделирования фракции менее 0,5 мм",ОР 02_18.pdf,open
CONTR_2203,,,contradicts,,ОР 02_18.pdf,open
CONTR_2204,,,contradicts,Противоречий в тексте не обнаружено,ОР 02_18.pdf,open
CONTR_2205,,,contradicts,,ОР 02_18.pdf,open
CONTR_2206,,,contradicts,Противоречие в эффективности схем обогащения,ОР 02_18.pdf,open
CONTR_2207,,,contradicts,Эффективность измельчения магнетитовой или титаномагнетитовой руды можно оценивать по удельной производительности мельницы по раскрытым породным минералам.,ОР 02_18.pdf,open
CONTR_2208,,,contradicts,,ОР 02_18.pdf,open
CONTR_2209,,,contradicts,,ОР 02_18.pdf,open
CONTR_2210,,,contradicts,Влияние доли окисленной меди на извлечение меди в концентрат,ОР 02_18.pdf,open
CONTR_2211,,,contradicts,Влияние степени окисления меди на показатели флотации,ОР 02_18.pdf,open
CONTR_2212,,,contradicts,,ОР 02_18.pdf,open
CONTR_2213,,,contradicts,,ОР 02_18.pdf,open
CONTR_2214,,,contradicts,,ОР 02_18.pdf,open
CONTR_2215,,,contradicts,,ОР 02_18.pdf,open
CONTR_2216,,,contradicts,Противоречия между различными методами распознавания параметров пены,ОР 02_18.pdf,open
CONTR_2217,,,contradicts,Невозможность анализа микрочастиц на поверхности пузырьков из-за недостаточного разрешения изображения и невозможности периодической подсветки вспышкой,ОР 02_18.pdf,open
CONTR_2218,,,contradicts,Проблема с использованием бликов для аппроксимации размера пузырьков при низком качестве изображения,ОР 02_18.pdf,open
CONTR_2219,,,contradicts,,ОР 02_18.pdf,open
CONTR_2220,,,contradicts,,ОР 02_18.pdf,open
CONTR_2221,,,contradicts,Оптимальный порог бинаризации,ОР 02_18.pdf,open
CONTR_2222,,,contradicts,Противоречия в источниках загрязнения поверхностных вод молибденом,ОР 02_18.pdf,open
CONTR_2223,,,contradicts,Противоречие в методах очистки сточных вод от молибдена,ОР 02_18.pdf,open
CONTR_2224,,,contradicts,,ОР 02_18.pdf,open
CONTR_2225,,,contradicts,,ОР 02_18.pdf,open
CONTR_2226,,,contradicts,,ОР 02_18.pdf,open
CONTR_2227,,,contradicts,"Отсутствие строгих методик для исследования факторов, снижающих скорость разделения жидкой и твердой фаз.",ОР 02_18.pdf,open
CONTR_2228,,,contradicts,Технология обработки хвостовой пульпы модификаторами реологии не может служить альтернативой технологии пастового сгущения хвостов,ОР 02_18.pdf,open
CONTR_2229,,,contradicts,нет противоречий,ОР 02_18.pdf,open
CONTR_2230,,,contradicts,,ОР 02_18.pdf,open
CONTR_2231,,,contradicts,Противоречие между коагуляцией и флокуляцией при высоком электрокинетическом потенциале,ОР 02_18.pdf,open
CONTR_2232,,,contradicts,,ОР 02_18.pdf,open
