source_id,target_id,relationship_type,weight,bidirectional,conditions,geographic_scope,applicable_range,verification_level,source_document,confidence_level,extraction_date
PRO_3,EQU_4,uses_material,0.5,False,Изменение технологии производства товарного никеля,Russia,,Unverified,Доклад_Вязовой О.Н.pdf,High,2026-07-03
EQU_4,MAT_5,produces_output,0.5,False,Принципиальное изменение химического и фазового состава,Russia,,Unverified,Доклад_Вязовой О.Н.pdf,High,2026-07-03
PRO_6,EQU_7,uses_material,0.5,False,,Worldwide,,Confirmed,Доклад_Румянцев А.Е.pdf,High,2026-07-03
PRO_6,EQU_8,uses_material,0.5,False,,Worldwide,,Confirmed,Доклад_Румянцев А.Е.pdf,High,2026-07-03
PRO_6,EQU_9,researched_by,0.5,False,,Russia,,Unverified,Доклад_Румянцев А.Е.pdf,High,2026-07-03
FAC_11,PRO_1,researched_by,0.5,False,,Russia,,Confirmed,Доклад_Румянцев А.Е.pdf,High,2026-07-03
FAC_11,PRO_12,researched_by,0.5,False,,Russia,,Confirmed,Доклад_Румянцев А.Е.pdf,High,2026-07-03
FAC_11,EQU_13,uses_material,0.5,False,,Russia,,Confirmed,Доклад_Румянцев А.Е.pdf,High,2026-07-03
FAC_11,EQU_14,uses_material,0.5,False,,Russia,,Confirmed,Доклад_Румянцев А.Е.pdf,High,2026-07-03
PRO_15,EXP_16,used_in,0.5,False,,Worldwide,,Confirmed,Доклад_Луканина М.А.pdf,High,2026-07-03
PRO_15,EXP_17,used_in,0.5,False,,Worldwide,,Confirmed,Доклад_Луканина М.А.pdf,High,2026-07-03
PRO_15,EXP_18,used_in,0.5,False,,Worldwide,,Confirmed,Доклад_Луканина М.А.pdf,High,2026-07-03
PRO_15,EXP_19,used_in,0.5,False,,Worldwide,,Confirmed,Доклад_Луканина М.А.pdf,High,2026-07-03
PRO_15,EXP_20,used_in,0.5,False,,Worldwide,,Confirmed,Доклад_Луканина М.А.pdf,High,2026-07-03
EQU_21,PRO_24,uses_material,0.5,False,,Worldwide,,Confirmed,Доклад_Новожилова О.С.pdf,High,2026-07-03
EQU_22,PRO_24,uses_material,0.5,False,,Worldwide,,Confirmed,Доклад_Новожилова О.С.pdf,High,2026-07-03
EQU_23,PRO_24,uses_material,0.5,False,,Worldwide,,Confirmed,Доклад_Новожилова О.С.pdf,High,2026-07-03
PRO_24,MAT_25,operates_at_condition,0.5,False,,Worldwide,,Confirmed,Доклад_Новожилова О.С.pdf,High,2026-07-03
PRO_24,MAT_26,produces_output,0.5,False,,Worldwide,,Confirmed,Доклад_Новожилова О.С.pdf,High,2026-07-03
PUB_27,PRO_28,described_in,0.5,False,,Russia,,Confirmed,Доклад_Вострикова Н.М.pdf,High,2026-07-03
PUB_27,PRO_29,described_in,0.5,False,,Russia,,Confirmed,Доклад_Вострикова Н.М.pdf,High,2026-07-03
PUB_27,PRO_30,described_in,0.5,False,,Russia,,Confirmed,Доклад_Вострикова Н.М.pdf,High,2026-07-03
PRO_31,EQU_32,uses_material,0.5,False,,Worldwide,,Unverified,НДС Комсомольский.pdf,High,2026-07-03
PRO_31,EXP_33,validated_by,0.5,False,,Worldwide,,Partially_Confirmed,НДС Комсомольский.pdf,High,2026-07-03
PRO_34,PUB_35,described_in,0.5,False,,Russia,,Confirmed,Доклад_Федосеев А.В.pdf,High,2026-07-03
PRO_34,PUB_36,described_in,0.5,False,,Worldwide,,Confirmed,Доклад_Федосеев А.В.pdf,High,2026-07-03
PRO_34,PUB_37,described_in,0.5,False,,Worldwide,,Confirmed,Доклад_Федосеев А.В.pdf,High,2026-07-03
PRO_38,EQU_39,uses_material,0.5,False,,Worldwide,,Confirmed,НДС Комсомольский.pdf,High,2026-07-03
PRO_38,EQU_40,uses_material,0.5,False,,Worldwide,,Confirmed,НДС Комсомольский.pdf,High,2026-07-03
PRO_38,EQU_41,uses_material,0.5,False,,Worldwide,,Confirmed,НДС Комсомольский.pdf,High,2026-07-03
PRO_38,EQU_42,uses_material,0.5,False,,Worldwide,,Confirmed,НДС Комсомольский.pdf,High,2026-07-03
EXP_43,PRO_38,researched_by,0.5,False,,Russia,,Confirmed,НДС Комсомольский.pdf,High,2026-07-03
EQU_45,PRO_46,uses_material,0.5,False,,Russia,,Confirmed,Преза Рудник 2025.pptx,High,2026-07-03
EQU_44,PRO_46,uses_material,0.5,False,,Worldwide,,Confirmed,Преза Рудник 2025.pptx,High,2026-07-03
PRO_51,MAT_47,uses_material,0.5,False,,Worldwide,,Unverified,Переработка рудных образований океана - Цымбулов Л.Б. Институт Гипроникель-16-06-2024.pptx,High,2026-07-03
PRO_51,MAT_48,uses_material,0.5,False,,Worldwide,,Unverified,Переработка рудных образований океана - Цымбулов Л.Б. Институт Гипроникель-16-06-2024.pptx,High,2026-07-03
PRO_52,MAT_49,uses_material,0.5,False,,Worldwide,,Unverified,Переработка рудных образований океана - Цымбулов Л.Б. Институт Гипроникель-16-06-2024.pptx,High,2026-07-03
FAC_54,EQU_55,uses_material,0.5,False,,Russia,,Confirmed,Доклад_Федосеев А.В.pdf,High,2026-07-03
FAC_54,EQU_56,uses_material,0.5,False,,Russia,,Confirmed,Доклад_Федосеев А.В.pdf,High,2026-07-03
FAC_54,EQU_57,uses_material,0.5,False,,Russia,,Confirmed,Доклад_Федосеев А.В.pdf,High,2026-07-03
FAC_54,EQU_58,uses_material,0.5,False,,Russia,,Confirmed,Доклад_Федосеев А.В.pdf,High,2026-07-03
FAC_54,EQU_59,uses_material,0.5,False,,Russia,,Confirmed,Доклад_Федосеев А.В.pdf,High,2026-07-03
FAC_54,EQU_60,uses_material,0.5,False,,Russia,,Confirmed,Доклад_Федосеев А.В.pdf,High,2026-07-03
MAT_61,PRO_62,uses_material,0.5,False,,Worldwide,,Confirmed,Презентация для  научного совета.pptx,High,2026-07-03
MAT_61,PRO_63,uses_material,0.5,False,Разработка новых технологических процессов,Worldwide,,Partially_Confirmed,Презентация для  научного совета.pptx,High,2026-07-03
MAT_61,PRO_64,uses_material,0.5,False,В зависимости от минерализации,Worldwide,,Confirmed,Презентация для  научного совета.pptx,High,2026-07-03
EQU_68,PRO_67,uses_material,0.5,False,,Russia,,Confirmed,Презентация для  научного совета.pptx,High,2026-07-03
EQU_69,PRO_67,uses_material,0.5,False,,Russia,,Confirmed,Презентация для  научного совета.pptx,High,2026-07-03
EQU_69,PRO_62,produces_output,0.5,False,,Russia,,Confirmed,Презентация для  научного совета.pptx,High,2026-07-03
PRO_72,EQU_8,uses_material,0.5,False,,Worldwide,,Confirmed,Преза Рудник 2025.pptx,High,2026-07-03
PRO_72,EQU_70,uses_material,0.5,False,,Worldwide,,Confirmed,Преза Рудник 2025.pptx,High,2026-07-03
PRO_72,EQU_44,uses_material,0.5,False,,Worldwide,,Confirmed,Преза Рудник 2025.pptx,High,2026-07-03
PRO_72,EQU_71,uses_material,0.5,False,,Worldwide,,Confirmed,Преза Рудник 2025.pptx,High,2026-07-03
PRO_73,EQU_8,uses_material,0.5,False,,Worldwide,,Confirmed,Преза Рудник 2025.pptx,High,2026-07-03
PRO_73,EQU_70,uses_material,0.5,False,,Worldwide,,Confirmed,Преза Рудник 2025.pptx,High,2026-07-03
MAT_76,PRO_78,uses_material,0.5,False,,Worldwide,,Unverified,Презентация для  научного совета.pptx,High,2026-07-03
MAT_77,PRO_78,uses_material,0.5,False,,Worldwide,,Unverified,Презентация для  научного совета.pptx,High,2026-07-03
PRO_78,PRO_79,produces_output,0.5,False,,Russia,,Unverified,Презентация для  научного совета.pptx,High,2026-07-03
PRO_78,PRO_80,produces_output,0.5,False,,Russia,,Unverified,Презентация для  научного совета.pptx,High,2026-07-03
PRO_78,PRO_81,produces_output,0.5,False,,Russia,,Unverified,Презентация для  научного совета.pptx,High,2026-07-03
PRO_78,PRO_82,produces_output,0.5,False,,Russia,,Unverified,Презентация для  научного совета.pptx,High,2026-07-03
PRO_78,PRO_83,produces_output,0.5,False,,Canada,,Unverified,Презентация для  научного совета.pptx,High,2026-07-03
EQU_8,PRO_84,uses_material,0.5,False,,Worldwide,,Unverified,Презентация Измерение НДС Техсовет.pdf,High,2026-07-03
EQU_89,MAT_88,uses_material,0.5,False,,Worldwide,,Unverified,Презентация Измерение НДС Техсовет.pdf,High,2026-07-03
PRO_90,EQU_89,operates_at_condition,0.5,False,При изменении уровня воды в плотине,Worldwide,,Unverified,Презентация Измерение НДС Техсовет.pdf,High,2026-07-03
EXP_91,EQU_92,uses_material,0.5,False,,Worldwide,,Unverified,Презентация Измерение НДС Техсовет.pdf,High,2026-07-03
EXP_91,EQU_93,uses_material,0.5,False,,Worldwide,,Unverified,Презентация Измерение НДС Техсовет.pdf,High,2026-07-03
PRO_31,EQU_41,uses_material,0.5,False,,Worldwide,,Confirmed,Презентация Измерение НДС Техсовет.pdf,High,2026-07-03
PRO_31,EQU_95,uses_material,0.5,False,,Worldwide,,Confirmed,Презентация Измерение НДС Техсовет.pdf,High,2026-07-03
PRO_31,EQU_96,uses_material,0.5,False,,Worldwide,,Confirmed,Презентация Измерение НДС Техсовет.pdf,High,2026-07-03
EQU_96,EQU_97,operates_at_condition,0.5,False,,Worldwide,,Confirmed,Презентация Измерение НДС Техсовет.pdf,High,2026-07-03
PRO_98,EQU_99,uses_material,0.5,False,Для регистрации сейсмособытий и измерения скоростей распространения продольных волн,Worldwide,,Confirmed,Прогнозирование_участков_концентрации_напряжений_в_массиве_горных.pptx,High,2026-07-03
PRO_100,EQU_101,uses_material,0.5,False,,Worldwide,,Confirmed,Презентация Тяпкина ПА.pptx,High,2026-07-03
PRO_100,EQU_102,uses_material,0.5,False,рабочий диапазон 3 – 150 Гц,Worldwide,3–150 Гц,Confirmed,Презентация Тяпкина ПА.pptx,High,2026-07-03
PRO_100,PUB_103,described_in,0.5,False,,Worldwide,,Confirmed,Презентация Тяпкина ПА.pptx,High,2026-07-03
ORG_104,EQU_2,researched_by,0.5,False,,Russia,,Confirmed,Трофимов А.В. Опыт создания блочных геомеханических моделей в ГГИС.pdf,High,2026-07-03
PRO_98,PRO_105,researched_by,0.5,False,Зависимость от конфигурации сейсмосети и наличия взрывного воздействия,Russia,,Partially_Confirmed,Прогнозирование_участков_концентрации_напряжений_в_массиве_горных.pptx,High,2026-07-03
FAC_54,EQU_106,uses_material,0.5,False,,Russia,,Confirmed,Презентация Тяпкина ПА.pptx,High,2026-07-03
FAC_54,EQU_107,uses_material,0.5,False,,Russia,,Confirmed,Презентация Тяпкина ПА.pptx,High,2026-07-03
FAC_54,EQU_108,uses_material,0.5,False,,Russia,,Confirmed,Презентация Тяпкина ПА.pptx,High,2026-07-03
FAC_54,EQU_109,uses_material,0.5,False,,Russia,,Confirmed,Презентация Тяпкина ПА.pptx,High,2026-07-03
FAC_54,EQU_110,uses_material,0.5,False,,Russia,,Confirmed,Презентация Тяпкина ПА.pptx,High,2026-07-03
FAC_54,EQU_111,uses_material,0.5,False,,Russia,,Confirmed,Презентация Тяпкина ПА.pptx,High,2026-07-03
PRO_113,EQU_112,uses_material,0.5,False,"Скважины должны быть заполнены жидкостью, отсутствие твердых и газообразных примесей в буровом растворе",Worldwide,,Confirmed,Трофимов А.В. Опыт создания блочных геомеханических моделей в ГГИС.pdf,High,2026-07-03
PRO_114,MAT_116,uses_material,0.5,False,,Worldwide,,Unverified,Трофимов А.В. Опыт создания блочных геомеханических моделей в ГГИС.pdf,High,2026-07-03
PRO_115,FAC_117,operates_at_condition,0.5,False,,Worldwide,,Unverified,Трофимов А.В. Опыт создания блочных геомеханических моделей в ГГИС.pdf,High,2026-07-03
PRO_118,MAT_119,uses_material,0.5,False,,Worldwide,,Unverified,Трофимов А.В. Опыт создания блочных геомеханических моделей в ГГИС.pdf,High,2026-07-03
EXP_120,FAC_122,researched_by,0.5,False,,Worldwide,,Unverified,Трофимов А.В. Опыт создания блочных геомеханических моделей в ГГИС.pdf,High,2026-07-03
PRO_121,FAC_122,uses_material,0.5,False,,Worldwide,,Unverified,Трофимов А.В. Опыт создания блочных геомеханических моделей в ГГИС.pdf,High,2026-07-03
EQU_123,FAC_122,operates_at_condition,0.5,False,,Worldwide,,Unverified,Трофимов А.В. Опыт создания блочных геомеханических моделей в ГГИС.pdf,High,2026-07-03
PRO_124,EQU_126,uses_material,0.5,False,,Worldwide,,Unverified,Трофимов А.В. Опыт создания блочных геомеханических моделей в ГГИС.pdf,High,2026-07-03
PRO_124,MAT_125,researched_by,0.5,False,,Worldwide,,Unverified,Трофимов А.В. Опыт создания блочных геомеханических моделей в ГГИС.pdf,High,2026-07-03
PRO_128,EQU_129,uses_material,0.5,False,,Worldwide,,Confirmed,Трофимов А.В. Опыт создания блочных геомеханических моделей в ГГИС.pdf,High,2026-07-03
PRO_128,EQU_130,uses_material,0.5,False,,Worldwide,,Confirmed,Трофимов А.В. Опыт создания блочных геомеханических моделей в ГГИС.pdf,High,2026-07-03
PRO_128,MAT_131,produces_output,0.5,False,,Worldwide,,Confirmed,Трофимов А.В. Опыт создания блочных геомеханических моделей в ГГИС.pdf,High,2026-07-03
MAT_131,PRO_132,operates_at_condition,0.5,False,Состояние естественной влажности,Worldwide,,Confirmed,Трофимов А.В. Опыт создания блочных геомеханических моделей в ГГИС.pdf,High,2026-07-03
PRO_133,EQU_134,uses_material,0.5,False,,Worldwide,,Confirmed,Трофимов А.В. Опыт создания блочных геомеханических моделей в ГГИС.pdf,High,2026-07-03
PRO_133,EQU_135,uses_material,0.5,False,,Worldwide,,Confirmed,Трофимов А.В. Опыт создания блочных геомеханических моделей в ГГИС.pdf,High,2026-07-03
PRO_133,EQU_112,uses_material,0.5,False,,Worldwide,,Confirmed,Трофимов А.В. Опыт создания блочных геомеханических моделей в ГГИС.pdf,High,2026-07-03
PUB_136,EXP_137,described_in,0.5,False,,Russia,,Unverified,Тяпкина ПА_Пермь_Зимняя школа.pdf,High,2026-07-03
EXP_138,PUB_139,described_in,0.5,False,,Worldwide,,Unverified,Тяпкина ПА_Пермь_Зимняя школа.pdf,High,2026-07-03
EXP_138,PUB_140,described_in,0.5,False,,Worldwide,,Unverified,Тяпкина ПА_Пермь_Зимняя школа.pdf,High,2026-07-03
FAC_141,PUB_142,described_in,0.5,False,,Russia,,Unverified,ГП № 1-2024.pdf,High,2026-07-03
EXP_144,PUB_143,researched_by,0.5,False,,Russia,,Confirmed,ГП № 1-2024.pdf,High,2026-07-03
PUB_143,FAC_145,described_in,0.5,False,,Russia,,Confirmed,ГП № 1-2024.pdf,High,2026-07-03
COM_154,FAC_153,researched_by,0.5,False,,Russia,,Confirmed,ГП № 1-2024.pdf,High,2026-07-03
FAC_141,ORG_155,researched_by,0.5,False,,Russia,,Confirmed,ГП № 1-2024.pdf,High,2026-07-03
ORG_156,PUB_127,published_by,0.5,False,,Russia,,Confirmed,ГП № 1-2024.pdf,High,2026-07-03
FAC_157,EQU_158,uses_material,0.5,False,,Russia,,Confirmed,ГП № 1-2024.pdf,High,2026-07-03
EXP_159,EXP_163,researched_by,0.5,False,,Worldwide,,Unverified,ГП № 1-2024.pdf,High,2026-07-03
EXP_160,EXP_163,researched_by,0.5,False,,Worldwide,,Unverified,ГП № 1-2024.pdf,High,2026-07-03
EXP_161,EXP_163,researched_by,0.5,False,,Worldwide,,Unverified,ГП № 1-2024.pdf,High,2026-07-03
EXP_162,EXP_163,researched_by,0.5,False,,Worldwide,,Unverified,ГП № 1-2024.pdf,High,2026-07-03
PUB_166,FAC_165,described_in,0.5,False,,Russia,,Confirmed,ГП № 1-2024.pdf,High,2026-07-03
FAC_167,PRO_168,operates_at_condition,0.5,False,,Russia,,Confirmed,ГП № 1-2024.pdf,High,2026-07-03
EQU_169,FAC_170,operates_at_condition,0.5,False,С 1 апреля 2023 года начался третий этап проекта по внедрению новых систем.,Russia,,Confirmed,ГП № 1-2024.pdf,High,2026-07-03
PRO_171,FAC_170,uses_material,0.5,False,,Russia,,Confirmed,ГП № 1-2024.pdf,High,2026-07-03
FAC_173,EQU_172,operates_at_condition,0.5,False,Модернизация оборудования для различных типов фильтров,Worldwide,,Confirmed,ГП № 1-2024.pdf,High,2026-07-03
EQU_174,EQU_175,produces_output,0.5,False,,Worldwide,,Confirmed,ГП № 1-2024.pdf,High,2026-07-03
EQU_174,EQU_176,produces_output,0.5,False,,Worldwide,,Confirmed,ГП № 1-2024.pdf,High,2026-07-03
EQU_174,EQU_177,produces_output,0.5,False,,Worldwide,,Confirmed,ГП № 1-2024.pdf,High,2026-07-03
PRO_178,EQU_179,uses_material,0.5,False,,Russia,,Confirmed,ГП № 1-2024.pdf,High,2026-07-03
PRO_178,EQU_180,uses_material,0.5,False,,Russia,,Confirmed,ГП № 1-2024.pdf,High,2026-07-03
EQU_181,EQU_182,uses_material,0.5,False,,Worldwide,,Confirmed,ГП № 1-2024.pdf,High,2026-07-03
MAT_192,PRO_193,uses_material,0.5,False,,Worldwide,,Confirmed,ГП № 1-2024.pdf,High,2026-07-03
MAT_192,PUB_166,described_in,0.5,False,,Worldwide,,Confirmed,ГП № 1-2024.pdf,High,2026-07-03
EQU_196,FAC_197,operates_at_condition,0.5,False,,Russia,,Confirmed,ГП № 1-2024.pdf,High,2026-07-03
EQU_194,FAC_197,uses_material,0.5,False,Соответствует международным экологическим стандартам EPA Tier 3 и EU Stage 3A,Worldwide,,Confirmed,ГП № 1-2024.pdf,High,2026-07-03
EQU_195,FAC_197,uses_material,0.5,False,Имеет электрическое управление движением и изменением скорости,Worldwide,,Confirmed,ГП № 1-2024.pdf,High,2026-07-03
EQU_201,PRO_202,operates_at_condition,0.5,False,,Worldwide,,Confirmed,ГП № 1-2024.pdf,High,2026-07-03
PRO_204,MAT_203,researched_by,0.5,False,,Worldwide,,Unverified,ГП № 1-2024.pdf,High,2026-07-03
EQU_205,MAT_203,operates_at_condition,0.5,False,Испытания на прочность при изгибе,Worldwide,,Unverified,ГП № 1-2024.pdf,High,2026-07-03
PRO_206,MAT_207,uses_material,0.5,False,,Worldwide,,Unverified,ГП № 1-2024.pdf,High,2026-07-03
COM_208,COM_209,represented_by,0.5,False,,Russia,,Confirmed,ГП № 1-2024.pdf,High,2026-07-03
MAT_217,PRO_218,uses_material,0.5,False,В условиях Крайнего Севера,Russia,,Confirmed,ГП № 1-2024.pdf,High,2026-07-03
MAT_217,EQU_219,produces_output,0.5,False,Предотвращает налипание материала на стенки думпкаров,Russia,,Confirmed,ГП № 1-2024.pdf,High,2026-07-03
EQU_220,FAC_222,uses_material,0.5,False,,Russia,,Confirmed,ГП № 1-2024.pdf,High,2026-07-03
COM_224,PRO_225,produces_output,0.5,False,,Worldwide,,Confirmed,ГП № 1-2024.pdf,High,2026-07-03
COM_224,PRO_226,produces_output,0.5,False,,Worldwide,,Confirmed,ГП № 1-2024.pdf,High,2026-07-03
COM_224,PRO_227,produces_output,0.5,False,,Worldwide,,Confirmed,ГП № 1-2024.pdf,High,2026-07-03
COM_228,COM_208,researched_by,0.5,False,Сотрудничество в области поставок бурового оборудования,Russia,,Confirmed,ГП № 1-2024.pdf,High,2026-07-03
PUB_229,EVE_230,described_in,0.5,False,,Russia,,Confirmed,ГП № 1-2024.pdf,High,2026-07-03
EXP_239,PUB_142,researched_by,0.5,False,,Russia,,Confirmed,ГП № 1-2024.pdf,High,2026-07-03
EQU_240,FAC_241,operates_at_condition,0.5,False,"обводнённые выработки, без несвязанных пород почвы",Russia,,Confirmed,ГП № 1-2024.pdf,High,2026-07-03
PRO_242,EQU_243,researched_by,0.5,False,Для решения задачи по снижению затрат на эксплуатацию шахтных машин путём правильного подбора КГШ,Russia,,Confirmed,ГП № 1-2024.pdf,High,2026-07-03
EQU_243,MAT_244,uses_material,0.5,False,,Worldwide,,Confirmed,ГП № 1-2024.pdf,High,2026-07-03
EQU_245,FAC_248,operates_at_condition,0.5,False,,Russia,,Confirmed,ГП № 1-2024.pdf,High,2026-07-03
EXP_247,PUB_246,researched_by,0.5,False,,Russia,,Confirmed,ГП № 1-2024.pdf,High,2026-07-03
PRO_262,EQU_263,uses_material,0.5,False,,Worldwide,,Confirmed,ГП № 1-2024.pdf,High,2026-07-03
PRO_262,MAT_264,operates_at_condition,0.5,False,вес пробы P = 2 кг,Worldwide,,Confirmed,ГП № 1-2024.pdf,High,2026-07-03
PRO_272,MAT_273,uses_material,0.5,False,,Russia,,Confirmed,ГП № 1-2024.pdf,High,2026-07-03
PUB_274,PRO_272,described_in,0.5,False,,Russia,,Confirmed,ГП № 1-2024.pdf,High,2026-07-03
MAT_275,PRO_277,produces_output,0.5,False,,Worldwide,,Confirmed,ГП № 1-2024.pdf,High,2026-07-03
MAT_276,MAT_275,uses_material,0.5,False,,Worldwide,,Confirmed,ГП № 1-2024.pdf,High,2026-07-03
PUB_287,MAT_288,described_in,0.5,False,,Worldwide,,Confirmed,ГП № 1-2024.pdf,High,2026-07-03
PUB_287,MAT_289,described_in,0.5,False,,Worldwide,,Confirmed,ГП № 1-2024.pdf,High,2026-07-03
PUB_287,PRO_290,uses_material,0.5,False,,Worldwide,,Confirmed,ГП № 1-2024.pdf,High,2026-07-03
PUB_287,PRO_291,uses_material,0.5,False,,Worldwide,,Confirmed,ГП № 1-2024.pdf,High,2026-07-03
PUB_287,PRO_292,produces_output,0.5,False,,Worldwide,,Confirmed,ГП № 1-2024.pdf,High,2026-07-03
PRO_301,EQU_302,uses_material,0.5,False,,Russia|Worldwide,,Unverified,ГП № 1-2024.pdf,High,2026-07-03
PRO_303,MAT_273,produces_output,0.5,False,Влажность не более 65%,Russia,,Unverified,ГП № 1-2024.pdf,High,2026-07-03
EQU_304,PRO_303,uses_material,0.5,False,,Russia,,Unverified,ГП № 1-2024.pdf,High,2026-07-03
EQU_307,PRO_308,uses_material,0.5,False,,Worldwide,,Confirmed,ГП № 1-2024.pdf,High,2026-07-03
PRO_308,PRO_309,produces_output,0.5,False,,Worldwide,,Confirmed,ГП № 1-2024.pdf,High,2026-07-03
EQU_307,PRO_310,operates_at_condition,0.5,False,Усложнённые горнотехнические условия,Russia,,Confirmed,ГП № 1-2024.pdf,High,2026-07-03
PRO_310,PRO_311,produces_output,0.5,False,,Russia,,Confirmed,ГП № 1-2024.pdf,High,2026-07-03
EQU_304,PRO_314,uses_material,0.5,False,,Worldwide,,Confirmed,ГП № 1-2024.pdf,High,2026-07-03
EQU_316,PRO_317,researched_by,0.5,False,,Russia,,Confirmed,ГП № 1-2024.pdf,High,2026-07-03
PUB_318,PRO_317,described_in,0.5,False,,Russia,,Confirmed,ГП № 1-2024.pdf,High,2026-07-03
PRO_319,EQU_307,operates_at_condition,0.5,False,На основе системы ППР и оптимальных значений межремонтных периодов,Russia,,Confirmed,ГП № 1-2024.pdf,High,2026-07-03
PRO_319,PUB_142,described_in,0.5,False,,Russia,,Confirmed,ГП № 1-2024.pdf,High,2026-07-03
PRO_327,EQU_328,uses_material,0.5,False,,Worldwide,,Unverified,ГП № 1-2024.pdf,High,2026-07-03
PRO_327,EQU_329,uses_material,0.5,False,,Worldwide,,Unverified,ГП № 1-2024.pdf,High,2026-07-03
PRO_330,MAT_331,produces_output,0.5,False,,Worldwide,,Unverified,ГП № 1-2024.pdf,High,2026-07-03
PRO_330,MAT_332,uses_material,0.5,False,,Worldwide,,Unverified,ГП № 1-2024.pdf,High,2026-07-03
PRO_330,MAT_333,uses_material,0.5,False,,Worldwide,,Unverified,ГП № 1-2024.pdf,High,2026-07-03
PRO_330,EQU_334,uses_material,0.5,False,,Worldwide,,Unverified,ГП № 1-2024.pdf,High,2026-07-03
PRO_330,EQU_335,uses_material,0.5,False,,Worldwide,,Unverified,ГП № 1-2024.pdf,High,2026-07-03
PRO_330,MAT_338,produces_output,0.5,False,,Worldwide,,Confirmed,ГП № 1-2024.pdf,High,2026-07-03
PRO_330,EQU_339,uses_material,0.5,False,,Worldwide,,Confirmed,ГП № 1-2024.pdf,High,2026-07-03
MAT_338,PRO_340,operates_at_condition,0.5,False,Сниженное содержание полезного ископаемого,Worldwide,,Confirmed,ГП № 1-2024.pdf,High,2026-07-03
PRO_327,EQU_307,uses_material,0.5,False,,Worldwide,,Confirmed,ГП № 1-2024.pdf,High,2026-07-03
PRO_327,EQU_341,uses_material,0.5,False,,Worldwide,,Confirmed,ГП № 1-2024.pdf,High,2026-07-03
PRO_343,EQU_344,uses_material,0.5,False,,Worldwide,,Confirmed,ГП № 1-2024.pdf,High,2026-07-03
PRO_345,PRO_346,produces_output,0.5,False,Линейный размер куска 100–350 мм,Worldwide,,Confirmed,ГП № 1-2024.pdf,High,2026-07-03
PRO_346,FAC_347,produces_output,0.5,False,,Worldwide,,Confirmed,ГП № 1-2024.pdf,High,2026-07-03
EQU_348,PRO_349,operates_at_condition,0.5,False,Регулярные проверочные заезды не менее чем один раз в 30 дней,Worldwide,,Confirmed,ГП № 1-2024.pdf,High,2026-07-03
FAC_350,FAC_351,researched_by,0.5,False,,Russia,,Confirmed,ГП № 1-2024.pdf,High,2026-07-03
EQU_353,PRO_352,uses_material,0.5,False,,Worldwide,,Confirmed,ГП № 1-2024.pdf,High,2026-07-03
PRO_352,PUB_166,described_in,0.5,False,,Worldwide,,Confirmed,ГП № 1-2024.pdf,High,2026-07-03
EQU_353,EQU_355,uses_material,0.5,False,,Worldwide,,Confirmed,ГП № 1-2024.pdf,High,2026-07-03
PRO_354,EQU_355,operates_at_condition,0.5,False,Время движения ПДМ груженым,Worldwide,,Confirmed,ГП № 1-2024.pdf,High,2026-07-03
EQU_353,PRO_356,uses_material,0.5,False,,Worldwide,,Confirmed,ГП № 1-2024.pdf,High,2026-07-03
PRO_356,EXP_357,validated_by,0.5,False,,Worldwide,,Confirmed,ГП № 1-2024.pdf,High,2026-07-03
EQU_359,PRO_358,uses_material,0.5,False,,Russia,,Confirmed,ГП № 1-2024.pdf,High,2026-07-03
PRO_361,PRO_362,uses_material,0.5,False,,Russia,,Confirmed,ГП № 1-2024.pdf,High,2026-07-03
PRO_362,EQU_363,operates_at_condition,0.5,False,контроль перевезённой горной массы для каждого рейса с точностью ±6%,Russia,,Confirmed,ГП № 1-2024.pdf,High,2026-07-03
PRO_368,FAC_369,researched_by,0.5,False,,Russia,,Confirmed,ГП № 1-2024.pdf,High,2026-07-03
PUB_370,PRO_368,described_in,0.5,False,,Russia,,Confirmed,ГП № 1-2024.pdf,High,2026-07-03
PRO_371,EQU_372,uses_material,0.5,False,,Worldwide,,Confirmed,ГП № 1-2024.pdf,High,2026-07-03
EQU_375,PRO_374,operates_at_condition,0.5,False,pH < 7,Russia,,Confirmed,ГП № 1-2024.pdf,High,2026-07-03
MAT_373,EQU_375,uses_material,0.5,False,,Russia,,Confirmed,ГП № 1-2024.pdf,High,2026-07-03
MAT_378,PRO_374,operates_at_condition,0.5,False,"увлажнение, pH < 7",Russia,,Confirmed,ГП № 1-2024.pdf,High,2026-07-03
EQU_379,MAT_378,uses_material,0.5,False,,Russia,,Confirmed,ГП № 1-2024.pdf,High,2026-07-03
EXP_381,EQU_379,validated_by,0.5,False,агрессивная шахтная среда,Russia,,Confirmed,ГП № 1-2024.pdf,High,2026-07-03
PRO_386,EQU_387,uses_material,0.5,False,,Worldwide,,Confirmed,ГП № 1-2024.pdf,High,2026-07-03
PRO_386,MAT_385,uses_material,0.5,False,при влажных породах кровли с рН ≈ 7,Worldwide,,Confirmed,ГП № 1-2024.pdf,High,2026-07-03
EXP_388,MAT_385,validated_by,0.5,False,,Worldwide,,Confirmed,ГП № 1-2024.pdf,High,2026-07-03
FAC_369,PRO_396,researched_by,0.5,False,,Worldwide,,Unverified,ГП № 1-2024.pdf,High,2026-07-03
EQU_372,PRO_396,uses_material,0.5,False,,Worldwide,,Unverified,ГП № 1-2024.pdf,High,2026-07-03
PRO_397,PUB_398,described_in,0.5,False,,Russia,,Confirmed,ГП № 1-2024.pdf,High,2026-07-03
PRO_396,FAC_369,operates_at_condition,0.5,False,Коэффициент фильтрации: от 10 до 1000 м/сут,Worldwide,"Коэффициент фильтрации: от 10 до 100 м/сут, от 100 до 1000 м/сут",Confirmed,ГП № 1-2024.pdf,High,2026-07-03
PRO_399,EQU_400,uses_material,0.5,False,При отработке запасов с низким содержанием полезного компонента,Worldwide,,Confirmed,ГП № 1-2024.pdf,High,2026-07-03
PRO_399,PRO_401,operates_at_condition,0.5,False,Снижение содержания полезного компонента на каждом вновь вводимом участке,Worldwide,,Confirmed,ГП № 1-2024.pdf,High,2026-07-03
PRO_405,EQU_406,uses_material,0.5,False,,Worldwide,,Unverified,ГП № 1-2024.pdf,High,2026-07-03
PRO_405,EQU_407,uses_material,0.5,False,,Worldwide,,Unverified,ГП № 1-2024.pdf,High,2026-07-03
PRO_405,EQU_412,uses_material,0.5,False,,Worldwide,,Confirmed,ГП № 1-2024.pdf,High,2026-07-03
PRO_405,EQU_413,uses_material,0.5,False,,Worldwide,,Confirmed,ГП № 1-2024.pdf,High,2026-07-03
PUB_166,FAC_417,described_in,0.5,False,,Worldwide,,Unverified,ГП № 1-2024.pdf,High,2026-07-03
FAC_418,PUB_166,described_in,0.5,False,,Worldwide,,Confirmed,ГП № 1-2024.pdf,High,2026-07-03
EXP_420,PUB_419,researched_by,0.5,False,,Кыргызская Республика,,Confirmed,ГП № 1-2024.pdf,High,2026-07-03
PRO_421,PUB_300,described_in,0.5,False,,Worldwide,,Unverified,ГП № 1-2024.pdf,High,2026-07-03
PUB_166,PRO_422,described_in,0.5,False,,Worldwide,,Unverified,ГП № 1-2024.pdf,High,2026-07-03
PUB_423,MAT_424,researched_by,0.5,False,,Kyrgyz Republic,,Confirmed,ГП № 1-2024.pdf,High,2026-07-03
MAT_430,PRO_431,uses_material,0.5,False,,Russia,,Confirmed,ГП № 1-2024.pdf,High,2026-07-03
EXP_432,MAT_430,validated_by,0.5,False,на участке по направлению техногенного потока,Russia,,Confirmed,ГП № 1-2024.pdf,High,2026-07-03
MAT_441,PRO_442,uses_material,0.5,False,,Worldwide,,Confirmed,ГП № 1-2024.pdf,High,2026-07-03
EXP_448,PRO_447,validated_by,0.5,False,исследование влияния ТДМ на накопление меди и цинка,Worldwide,,Confirmed,ГП № 1-2024.pdf,High,2026-07-03
EXP_450,PRO_449,researched_by,0.5,False,"скорость нагружения от 0,01 до 50 кН/с",Russia,,Confirmed,ГП № 1-2024.pdf,High,2026-07-03
MAT_451,PRO_449,operates_at_condition,0.5,False,,,,Confirmed,ГП № 1-2024.pdf,High,2026-07-03
FAC_457,PUB_456,researched_by,0.5,False,,Russia,,Confirmed,ГП № 1-2024.pdf,High,2026-07-03
MAT_458,PRO_460,operates_at_condition,0.5,False,"Скорость нагружения: 0,01–30 кН/с",Worldwide,Прочность при сжатии: 226–297 МПа,Confirmed,ГП № 1-2024.pdf,High,2026-07-03
MAT_459,PRO_460,operates_at_condition,0.5,False,"Скорость нагружения: 0,01–50 кН/с",Worldwide,Прочность при сжатии: 61–82 МПа,Confirmed,ГП № 1-2024.pdf,High,2026-07-03
FAC_461,PRO_462,described_in,0.5,False,,Russia,,Confirmed,ГП № 1-2024.pdf,High,2026-07-03
MAT_458,PRO_460,operates_at_condition,0.5,False,скорость нагружения: 1-5 МПа/с,Worldwide,прочность: 269-300 МПа,Confirmed,ГП № 1-2024.pdf,High,2026-07-03
MAT_459,PRO_460,operates_at_condition,0.5,False,"скорость нагружения: 1-3,4 МПа/с",Worldwide,прочность: 65-78 МПа,Confirmed,ГП № 1-2024.pdf,High,2026-07-03
MAT_463,PRO_465,uses_material,0.5,False,,Russia,,Confirmed,ГП № 1-2024.pdf,High,2026-07-03
MAT_464,PRO_465,uses_material,0.5,False,,Russia,,Confirmed,ГП № 1-2024.pdf,High,2026-07-03
PRO_465,EQU_466,operates_at_condition,0.5,False,Режим заданной скорости нагружения,Russia,,Confirmed,ГП № 1-2024.pdf,High,2026-07-03
FAC_468,PRO_469,researched_by,0.5,False,,Russia,,Confirmed,ГП № 1-2024.pdf,High,2026-07-03
PUB_467,PRO_469,described_in,0.5,False,,Russia,,Confirmed,ГП № 1-2024.pdf,High,2026-07-03
MAT_458,PRO_460,operates_at_condition,0.5,False,скорость нагружения от 1 до 5 МПа/с,Worldwide,,Confirmed,ГП № 1-2024.pdf,High,2026-07-03
MAT_459,PRO_460,operates_at_condition,0.5,False,скорость нагружения от 1 до 5 МПа/с,Worldwide,,Confirmed,ГП № 1-2024.pdf,High,2026-07-03
EXP_450,MAT_458,researched_by,0.5,False,,Russia,,Confirmed,ГП № 1-2024.pdf,High,2026-07-03
EXP_450,MAT_459,researched_by,0.5,False,,Russia,,Confirmed,ГП № 1-2024.pdf,High,2026-07-03
FAC_480,PRO_481,uses_material,0.5,False,,Russia,,Confirmed,ГП № 1-2024.pdf,High,2026-07-03
PRO_481,EQU_482,operates_at_condition,0.5,False,В условиях криолитозоны,Russia,,Confirmed,ГП № 1-2024.pdf,High,2026-07-03
EQU_483,MAT_484,uses_material,0.5,False,,Worldwide,,Confirmed,ГП № 1-2024.pdf,High,2026-07-03
EQU_483,MAT_485,uses_material,0.5,False,,Worldwide,,Confirmed,ГП № 1-2024.pdf,High,2026-07-03
PRO_486,MAT_484,operates_at_condition,0.5,False,Раздельная выемка угля и породных прослоев,Worldwide,,Confirmed,ГП № 1-2024.pdf,High,2026-07-03
PRO_488,EQU_489,uses_material,0.5,False,применение на Эльгинском разрезе,Russia,не указан,Confirmed,ГП № 1-2024.pdf,High,2026-07-03
EQU_489,MAT_487,produces_output,0.5,False,селективная выемка породных пропластков и угольных пачек,Russia,не указан,Confirmed,ГП № 1-2024.pdf,High,2026-07-03
EXP_492,PRO_488,researched_by,0.5,False,на Эльгинском разрезе,Russia,не указан,Confirmed,ГП № 1-2024.pdf,High,2026-07-03
EQU_506,PRO_505,uses_material,0.5,False,,Worldwide,,Confirmed,ГП № 1-2024.pdf,High,2026-07-03
PRO_505,PRO_507,produces_output,0.5,False,,Worldwide,,Confirmed,ГП № 1-2024.pdf,High,2026-07-03
PRO_508,EQU_509,uses_material,0.5,False,,Worldwide,,Confirmed,ГП № 1-2024.pdf,High,2026-07-03
PRO_508,PRO_507,operates_at_condition,0.5,False,,Worldwide,,Confirmed,ГП № 1-2024.pdf,High,2026-07-03
PUB_510,PRO_508,described_in,0.5,False,,Russia,,Confirmed,ГП № 1-2024.pdf,High,2026-07-03
PRO_508,EQU_509,uses_material,0.5,False,,Worldwide,,Confirmed,ГП № 1-2024.pdf,High,2026-07-03
PRO_486,PRO_516,produces_output,0.5,False,,Worldwide,"3,3% - 8,7%",Confirmed,ГП № 1-2024.pdf,High,2026-07-03
PRO_514,PRO_516,produces_output,0.5,False,,Worldwide,"0,15% - 4,9%",Confirmed,ГП № 1-2024.pdf,High,2026-07-03
PRO_486,PRO_517,produces_output,0.5,False,,Worldwide,"3,9% - 14%",Confirmed,ГП № 1-2024.pdf,High,2026-07-03
PRO_514,PRO_517,produces_output,0.5,False,,Worldwide,"6,8% - 24,8%",Confirmed,ГП № 1-2024.pdf,High,2026-07-03
PRO_486,PRO_518,produces_output,0.5,False,,Worldwide,"21,9% - 34,3%",Confirmed,ГП № 1-2024.pdf,High,2026-07-03
PRO_514,PRO_518,produces_output,0.5,False,,Worldwide,"24,7% - 39%",Confirmed,ГП № 1-2024.pdf,High,2026-07-03
EQU_519,EQU_520,replaces,0.5,False,,Worldwide,,Confirmed,ГП № 1-2024.pdf,High,2026-07-03
EQU_521,EQU_520,uses_material,0.5,False,При работе камеры дробления,Worldwide,,Confirmed,ГП № 1-2024.pdf,High,2026-07-03
ORG_156,PUB_127,published_by,0.5,False,,Russia,,Confirmed,ГП № 2-2024.pdf,High,2026-07-03
COM_527,EQU_528,produces_output,0.5,False,,Russia,,Confirmed,ГП № 2-2024.pdf,High,2026-07-03
COM_527,EQU_529,produces_output,0.5,False,,Russia,,Confirmed,ГП № 2-2024.pdf,High,2026-07-03
COM_527,EQU_530,produces_output,0.5,False,,Worldwide,,Confirmed,ГП № 2-2024.pdf,High,2026-07-03
FAC_522,EQU_531,uses_material,0.5,False,,Russia,,Confirmed,ГП № 2-2024.pdf,High,2026-07-03
FAC_522,EQU_532,uses_material,0.5,False,,Russia,,Confirmed,ГП № 2-2024.pdf,High,2026-07-03
EXP_533,EXP_536,researched_by,0.5,False,,Worldwide,,Unverified,ГП № 2-2024.pdf,High,2026-07-03
EXP_534,EXP_536,researched_by,0.5,False,,Worldwide,,Unverified,ГП № 2-2024.pdf,High,2026-07-03
EXP_535,EXP_536,researched_by,0.5,False,,Worldwide,,Unverified,ГП № 2-2024.pdf,High,2026-07-03
COM_527,EQU_537,produces_output,0.5,False,,Russia,,Confirmed,ГП № 2-2024.pdf,High,2026-07-03
FAC_538,EQU_537,uses_material,0.5,False,,Russia,,Confirmed,ГП № 2-2024.pdf,High,2026-07-03
EQU_539,PRO_540,operates_at_condition,0.5,False,,Worldwide,,Confirmed,ГП № 2-2024.pdf,High,2026-07-03
EQU_542,MAT_541,uses_material,0.5,False,,Worldwide,,Confirmed,ГП № 2-2024.pdf,High,2026-07-03
PRO_543,EQU_542,operates_at_condition,0.5,False,,Worldwide,,Confirmed,ГП № 2-2024.pdf,High,2026-07-03
FAC_544,EQU_545,uses_material,0.5,False,,Russia,,Confirmed,ГП № 2-2024.pdf,High,2026-07-03
COM_547,FAC_551,provides_services,0.5,False,,Russia,,Confirmed,ГП № 2-2024.pdf,High,2026-07-03
COM_549,COM_550,partnership,0.5,False,,Worldwide,,Confirmed,ГП № 2-2024.pdf,High,2026-07-03
COM_549,FAC_551,supplies_products,0.5,False,,Russia,,Confirmed,ГП № 2-2024.pdf,High,2026-07-03
FAC_526,PRO_548,uses_material,0.5,False,На самосвалах САТ 793D и Komatsu 830E,Russia,,Confirmed,ГП № 2-2024.pdf,High,2026-07-03
ORG_554,EQU_8,uses_material,0.5,False,,Russia,,Confirmed,ГП № 2-2024.pdf,High,2026-07-03
MAT_555,EQU_559,uses_material,0.5,False,,Russia,,Confirmed,ГП № 2-2024.pdf,High,2026-07-03
MAT_556,EQU_559,uses_material,0.5,False,Рабочие температуры от –50 до +50 °С,Russia,,Confirmed,ГП № 2-2024.pdf,High,2026-07-03
MAT_557,EQU_559,uses_material,0.5,False,,Russia,,Confirmed,ГП № 2-2024.pdf,High,2026-07-03
MAT_558,EQU_559,uses_material,0.5,False,,Russia,,Confirmed,ГП № 2-2024.pdf,High,2026-07-03
EXP_561,ORG_562,researched_by,0.5,False,,Russia,,Confirmed,ГП № 2-2024.pdf,High,2026-07-03
EQU_44,PRO_563,uses_material,0.5,False,,Worldwide,,Confirmed,ГП № 2-2024.pdf,High,2026-07-03
PRO_564,EQU_44,uses_material,0.5,False,,Worldwide,,Confirmed,ГП № 2-2024.pdf,High,2026-07-03
COM_565,EQU_566,uses_equipment,0.5,False,,Worldwide,,Confirmed,ГП № 2-2024.pdf,High,2026-07-03
COM_565,EQU_567,uses_equipment,0.5,False,,Worldwide,,Confirmed,ГП № 2-2024.pdf,High,2026-07-03
COM_565,EQU_568,uses_equipment,0.5,False,,Worldwide,,Confirmed,ГП № 2-2024.pdf,High,2026-07-03
COM_565,EQU_569,uses_equipment,0.5,False,,Worldwide,,Confirmed,ГП № 2-2024.pdf,High,2026-07-03
COM_565,EQU_570,uses_equipment,0.5,False,,Worldwide,,Confirmed,ГП № 2-2024.pdf,High,2026-07-03
COM_565,EQU_571,uses_equipment,0.5,False,,Worldwide,,Confirmed,ГП № 2-2024.pdf,High,2026-07-03
COM_565,EQU_572,uses_equipment,0.5,False,,Worldwide,,Confirmed,ГП № 2-2024.pdf,High,2026-07-03
COM_565,EQU_573,uses_equipment,0.5,False,,Worldwide,,Confirmed,ГП № 2-2024.pdf,High,2026-07-03
EQU_44,PRO_574,uses_material,0.5,False,,Worldwide,,Confirmed,ГП № 2-2024.pdf,High,2026-07-03
EQU_575,MAT_576,uses_material,0.5,False,,Russia,,Confirmed,ГП № 2-2024.pdf,High,2026-07-03
EQU_575,FAC_577,operates_at_condition,0.5,False,Условия Сибири и Крайнего Севера,Russia,,Confirmed,ГП № 2-2024.pdf,High,2026-07-03
COM_582,EQU_578,produces_output,0.5,False,,Worldwide,,Confirmed,ГП № 2-2024.pdf,High,2026-07-03
COM_582,EQU_579,produces_output,0.5,False,,Worldwide,,Confirmed,ГП № 2-2024.pdf,High,2026-07-03
PRO_583,FAC_584,operates_at_condition,0.5,False,"Долговременное планирование, адаптация под различные условия",Worldwide,,Unverified,ГП № 2-2024.pdf,High,2026-07-03
ORG_562,EQU_585,produces_output,0.5,False,,Russia,,Confirmed,ГП № 2-2024.pdf,High,2026-07-03
PRO_597,MAT_598,uses_material,0.5,False,,Worldwide,,Unverified,ГП № 2-2024.pdf,High,2026-07-03
PRO_597,MAT_599,produces_output,0.5,False,,Worldwide,,Unverified,ГП № 2-2024.pdf,High,2026-07-03
EXP_601,EQU_600,researched_by,0.5,False,,Worldwide,,Confirmed,ГП № 2-2024.pdf,High,2026-07-03
FAC_602,EQU_603,produces_output,0.5,False,,Russia,,Confirmed,ГП № 2-2024.pdf,High,2026-07-03
FAC_605,EQU_604,operates_at_condition,0.5,False,,Russia,,Confirmed,ГП № 2-2024.pdf,High,2026-07-03
FAC_606,EQU_604,uses_material,0.5,False,,Russia,,Confirmed,ГП № 2-2024.pdf,High,2026-07-03
EQU_609,MAT_610,produces_output,0.5,False,,Russia,,Confirmed,ГП № 2-2024.pdf,High,2026-07-03
FAC_611,EQU_609,researched_by,0.5,False,,Russia,,Confirmed,ГП № 2-2024.pdf,High,2026-07-03
EQU_612,EQU_614,uses_material,0.5,False,,Russia,,Confirmed,ГП № 2-2024.pdf,High,2026-07-03
EQU_612,EQU_615,uses_material,0.5,False,,Russia,,Confirmed,ГП № 2-2024.pdf,High,2026-07-03
EQU_612,EQU_616,uses_material,0.5,False,,Russia,,Confirmed,ГП № 2-2024.pdf,High,2026-07-03
EXP_619,FAC_617,researched_by,0.5,False,,Russia,,Confirmed,ГП № 2-2024.pdf,High,2026-07-03
EXP_619,FAC_618,researched_by,0.5,False,,Russia,,Confirmed,ГП № 2-2024.pdf,High,2026-07-03
FAC_620,MAT_621,contains,0.5,False,,Russia,,Confirmed,ГП № 2-2024.pdf,High,2026-07-03
FAC_620,MAT_622,contains,0.5,False,,Russia,,Confirmed,ГП № 2-2024.pdf,High,2026-07-03
EQU_612,MAT_623,uses_material,0.5,False,,Russia,,Confirmed,ГП № 2-2024.pdf,High,2026-07-03
EQU_612,PRO_624,operates_at_condition,0.5,False,Каждые 250 моточасов,Russia,,Confirmed,ГП № 2-2024.pdf,High,2026-07-03
FAC_626,MAT_627,uses_material,0.5,False,,Russia,,Confirmed,ГП № 2-2024.pdf,High,2026-07-03
EXP_636,MAT_633,uses_material,0.5,False,,Worldwide,,Unverified,ГП № 2-2024.pdf,High,2026-07-03
EXP_636,MAT_634,uses_material,0.5,False,"Количество регенерата РО, масс. %",Worldwide,0-20,Unverified,ГП № 2-2024.pdf,High,2026-07-03
EXP_636,MAT_635,uses_material,0.5,False,"Количество регенерата МФ, масс. %",Worldwide,0-20,Unverified,ГП № 2-2024.pdf,High,2026-07-03
PRO_637,MAT_638,uses_material,0.5,False,,Russia,,Unverified,ГП № 2-2024.pdf,High,2026-07-03
EXP_640,MAT_638,operates_at_condition,0.5,False,"Нагревание до 50 °C, смешение с деэмульгаторами",Russia,,Confirmed,ГП № 2-2024.pdf,High,2026-07-03
EXP_640,EQU_639,uses_equipment,0.5,False,,Russia,,Confirmed,ГП № 2-2024.pdf,High,2026-07-03
PRO_642,MAT_641,produces_output,0.5,False,,Russia,,Confirmed,ГП № 2-2024.pdf,High,2026-07-03
EQU_643,PRO_642,uses_material,0.5,False,,Russia,,Confirmed,ГП № 2-2024.pdf,High,2026-07-03
EXP_645,MAT_641,researched_by,0.5,False,,Worldwide,,Partially_Confirmed,ГП № 2-2024.pdf,High,2026-07-03
MAT_641,PRO_654,uses_material,0.5,False,,Russia,,Confirmed,ГП № 2-2024.pdf,High,2026-07-03
PRO_654,EQU_655,operates_at_condition,0.5,False,Использование деэмульгатора для разделения эмульсии на несмешивающиеся фазы,Russia,,Confirmed,ГП № 2-2024.pdf,High,2026-07-03
PRO_654,PRO_656,produces_output,0.5,False,Получение лабораторных образцов стабильной эмульсионной матрицы,Russia,,Confirmed,ГП № 2-2024.pdf,High,2026-07-03
MAT_659,PRO_660,uses_material,0.5,False,,Russia,,Confirmed,ГП № 2-2024.pdf,High,2026-07-03
PRO_660,EQU_661,operates_at_condition,0.5,False,,Russia,,Confirmed,ГП № 2-2024.pdf,High,2026-07-03
MAT_659,PRO_662,produces_output,0.5,False,,Russia,,Confirmed,ГП № 2-2024.pdf,High,2026-07-03
EXP_663,MAT_659,researched_by,0.5,False,,Russia,,Confirmed,ГП № 2-2024.pdf,High,2026-07-03
EXP_666,PUB_665,researched_by,0.5,False,,Russia,,Confirmed,ГП № 2-2024.pdf,High,2026-07-03
MAT_667,PRO_668,uses_material,0.5,False,,Russia,,Confirmed,ГП № 2-2024.pdf,High,2026-07-03
PRO_668,EQU_669,operates_at_condition,0.5,False,"В условиях, исключающих попадание грязи в шину",Russia,,Confirmed,ГП № 2-2024.pdf,High,2026-07-03
PRO_670,MAT_667,uses_material,0.5,False,Эксплуатация в условиях подземных горных выработок,Worldwide,,Confirmed,ГП № 2-2024.pdf,High,2026-07-03
PRO_678,EQU_679,uses_material,0.5,False,,Worldwide,,Unverified,ГП № 2-2024.pdf,High,2026-07-03
PRO_678,EQU_680,uses_material,0.5,False,,Worldwide,,Unverified,ГП № 2-2024.pdf,High,2026-07-03
EQU_686,EQU_687,uses_material,0.5,False,,Worldwide,,Confirmed,ГП № 2-2024.pdf,High,2026-07-03
EQU_686,EQU_688,researched_by,0.5,False,,Worldwide,,Confirmed,ГП № 2-2024.pdf,High,2026-07-03
EQU_686,EQU_689,researched_by,0.5,False,,Worldwide,,Confirmed,ГП № 2-2024.pdf,High,2026-07-03
EQU_691,EQU_690,uses_material,0.5,False,,Worldwide,,Confirmed,ГП № 2-2024.pdf,High,2026-07-03
EQU_691,EQU_692,uses_material,0.5,False,,Worldwide,,Confirmed,ГП № 2-2024.pdf,High,2026-07-03
PRO_698,PUB_646,described_in,0.5,False,,Worldwide,,Confirmed,ГП № 2-2024.pdf,High,2026-07-03
EQU_702,EQU_700,uses_material,0.5,False,,Russia,,Confirmed,ГП № 2-2024.pdf,High,2026-07-03
EQU_702,EQU_701,uses_material,0.5,False,,Russia,,Confirmed,ГП № 2-2024.pdf,High,2026-07-03
PRO_703,EQU_704,uses_material,0.5,False,,Worldwide,,Unverified,ГП № 2-2024.pdf,High,2026-07-03
PRO_703,FAC_705,operates_at_condition,0.5,False,,Worldwide,,Unverified,ГП № 2-2024.pdf,High,2026-07-03
EQU_706,EQU_707,uses_material,0.5,False,,Worldwide,,Confirmed,ГП № 2-2024.pdf,High,2026-07-03
EQU_707,EQU_708,produces_output,0.5,False,"Рабочая частота 1 ГГц, ядро ARM Cortex-A8",Worldwide,,Confirmed,ГП № 2-2024.pdf,High,2026-07-03
FAC_350,FAC_351,validated_by,0.5,False,,Russia,,Confirmed,ГП № 2-2024.pdf,High,2026-07-03
PRO_715,PUB_646,described_in,0.5,False,,Worldwide,,Confirmed,ГП № 2-2024.pdf,High,2026-07-03
EQU_716,MAT_718,uses_material,0.5,False,,Russia,,Confirmed,ГП № 2-2024.pdf,High,2026-07-03
PRO_717,EQU_716,operates_at_condition,0.5,False,Температура окружающей среды от минус 35°С до плюс 18°С,Russia,Температура природного газа в газовых баллонах около плюс 25°С,Confirmed,ГП № 2-2024.pdf,High,2026-07-03
EQU_719,MAT_720,uses_material,0.5,False,,Worldwide,,Confirmed,ГП № 2-2024.pdf,High,2026-07-03
EQU_724,MAT_722,uses_material,0.5,False,Экстремально низкие температуры,Russia,,Confirmed,ГП № 2-2024.pdf,High,2026-07-03
PRO_723,EQU_724,operates_at_condition,0.5,False,Необходимая температура компримированного природного газа,Russia,,Confirmed,ГП № 2-2024.pdf,High,2026-07-03
MAT_725,EQU_724,uses_material,0.5,False,Экстремально низкие температуры,Russia,,Confirmed,ГП № 2-2024.pdf,High,2026-07-03
MAT_726,EQU_724,uses_material,0.5,False,Экстремально низкие температуры,Russia,,Confirmed,ГП № 2-2024.pdf,High,2026-07-03
MAT_722,PRO_733,uses_material,0.5,False,В качестве моторного топлива,Russia,,Confirmed,ГП № 2-2024.pdf,High,2026-07-03
EQU_724,PRO_733,operates_at_condition,0.5,False,В условиях экстремально низких температур,Russia,,Confirmed,ГП № 2-2024.pdf,High,2026-07-03
EXP_735,EQU_724,validated_by,0.5,False,При переменных термобарических условиях,Russia,,Confirmed,ГП № 2-2024.pdf,High,2026-07-03
PRO_737,PRO_738,researched_by,0.5,False,Температура конденсации тяжелых углеводородов (С5-С7),Worldwide,,Confirmed,ГП № 2-2024.pdf,High,2026-07-03
EQU_739,PRO_738,uses_material,0.5,False,,Worldwide,,Confirmed,ГП № 2-2024.pdf,High,2026-07-03
EQU_740,PRO_738,uses_material,0.5,False,,Worldwide,,Confirmed,ГП № 2-2024.pdf,High,2026-07-03
PUB_744,MAT_722,uses_material,0.5,False,,Russia,,Confirmed,ГП № 2-2024.pdf,High,2026-07-03
PRO_747,PRO_748,operates_at_condition,0.5,False,Зависит от геометрических параметров горных выработок,Worldwide,,Confirmed,ГП № 2-2024.pdf,High,2026-07-03
PUB_746,PRO_747,researched_by,0.5,False,,Russia,,Confirmed,ГП № 2-2024.pdf,High,2026-07-03
PRO_749,PRO_750,operates_at_condition,0.5,False,При определённых длинах горных выработок,Worldwide,,Unverified,ГП № 2-2024.pdf,High,2026-07-03
PRO_749,PRO_751,operates_at_condition,0.5,False,При увеличении площади сечения горной выработки,Worldwide,,Unverified,ГП № 2-2024.pdf,High,2026-07-03
EQU_753,PUB_752,described_in,0.5,False,,Russia,,Confirmed,ГП № 2-2024.pdf,High,2026-07-03
PRO_754,EQU_755,operates_at_condition,0.5,False,Уровень разукрупнения при реализации CM&R применительно к экскаватору ЭКГ18Р/20К принимают на уровне систем и механизмов.,Worldwide,,Confirmed,ГП № 2-2024.pdf,High,2026-07-03
EQU_756,PRO_310,operates_at_condition,0.5,False,Уровень и качество ТОиР влияют на эффективность работы карьерных экскаваторов,Worldwide,,Confirmed,ГП № 2-2024.pdf,High,2026-07-03
EQU_758,EXP_757,used_in,0.5,False,,Russia,,Confirmed,ГП № 2-2024.pdf,High,2026-07-03
EXP_763,PUB_646,described_in,0.5,False,,Russia,,Confirmed,ГП № 2-2024.pdf,High,2026-07-03
EQU_764,PRO_765,operates_at_condition,0.5,False,,Russia,,Confirmed,ГП № 2-2024.pdf,High,2026-07-03
PRO_765,PRO_766,produces_output,0.5,False,,Russia,,Confirmed,ГП № 2-2024.pdf,High,2026-07-03
EXP_767,PUB_646,researched_by,0.5,False,,Russia,,Confirmed,ГП № 2-2024.pdf,High,2026-07-03
EXP_768,PUB_646,researched_by,0.5,False,,Russia,,Confirmed,ГП № 2-2024.pdf,High,2026-07-03
EXP_769,PUB_646,researched_by,0.5,False,,Russia,,Confirmed,ГП № 2-2024.pdf,High,2026-07-03
EXP_774,EQU_775,uses_material,0.5,False,"Расстояние между ортами-заездами: 180, 200 и 220 мм",Russia,,Confirmed,ГП № 2-2024.pdf,High,2026-07-03
EXP_774,PRO_776,produces_output,0.5,False,Увеличение расстояния между выпускными выработками с 9 м до 11 м,Russia,Потери рудной массы возросли с 24% до 42%,Confirmed,ГП № 2-2024.pdf,High,2026-07-03
PRO_777,EQU_778,uses_material,0.5,False,,Worldwide,,Confirmed,ГП № 2-2024.pdf,High,2026-07-03
EXP_779,PRO_777,validated_by,0.5,False,Увлажнение отбитой руды на 3% при температуре –5 °С,Russia,"Температура: –5 °С, влажность: 3%",Confirmed,ГП № 2-2024.pdf,High,2026-07-03
PRO_780,EQU_781,uses_material,0.5,False,,Worldwide,,Confirmed,ГП № 2-2024.pdf,High,2026-07-03
EXP_783,PRO_782,operates_at_condition,0.5,False,расстояние между выпускными выработками: 9-11 м,Worldwide,9-11 м,Confirmed,ГП № 2-2024.pdf,High,2026-07-03
PRO_784,MAT_785,uses_material,0.5,False,,Worldwide,,Confirmed,ГП № 2-2024.pdf,High,2026-07-03
PRO_784,MAT_786,uses_material,0.5,False,,Worldwide,,Confirmed,ГП № 2-2024.pdf,High,2026-07-03
PRO_784,EQU_787,operates_at_condition,0.5,False,"Геометрический масштаб подобия CL=50, масштаб моделирования ускорений ǦȔ=1, масштаб моделирования времени Ct=7",Worldwide,,Confirmed,ГП № 2-2024.pdf,High,2026-07-03
EQU_788,PRO_789,operates_at_condition,0.5,False,температура -5 °C,Worldwide,,Confirmed,ГП № 2-2024.pdf,High,2026-07-03
FAC_790,PRO_789,uses_material,0.5,False,температура -5 °C,Worldwide,,Confirmed,ГП № 2-2024.pdf,High,2026-07-03
EQU_791,PRO_789,validated_by,0.5,False,,Worldwide,,Confirmed,ГП № 2-2024.pdf,High,2026-07-03
PUB_801,PRO_803,described_in,0.5,False,,Russia,,Confirmed,ГП № 2-2024.pdf,High,2026-07-03
PRO_803,MAT_802,uses_material,0.5,False,,Russia,,Confirmed,ГП № 2-2024.pdf,High,2026-07-03
PRO_805,MAT_804,uses_material,0.5,False,,Russia,,Confirmed,ГП № 2-2024.pdf,High,2026-07-03
EXP_808,MAT_804,researched_by,0.5,False,,Russia,,Confirmed,ГП № 2-2024.pdf,High,2026-07-03
EQU_806,MAT_804,produces_output,0.5,False,,Russia,,Confirmed,ГП № 2-2024.pdf,High,2026-07-03
EQU_811,MAT_812,uses_material,0.5,False,Чистота рабочей жидкости от 8 до 13 класса по ГОСТ 17216-2001,Worldwide,,Unverified,ГП № 2-2024.pdf,High,2026-07-03
EQU_813,PRO_814,described_in,0.5,False,,Worldwide,,Confirmed,ГП № 2-2024.pdf,High,2026-07-03
PRO_814,PUB_815,validated_by,0.5,False,,Worldwide,,Confirmed,ГП № 2-2024.pdf,High,2026-07-03
EQU_559,EQU_816,uses_material,0.5,False,,Worldwide,,Unverified,ГП № 2-2024.pdf,High,2026-07-03
PRO_817,EQU_816,operates_at_condition,0.5,False,Зависит от параметров элементов гидросистемы,Worldwide,,Unverified,ГП № 2-2024.pdf,High,2026-07-03
MAT_818,PRO_819,operates_at_condition,0.5,False,Механические нагрузки в процессе транспортирования,Worldwide,,Confirmed,ГП № 2-2024.pdf,High,2026-07-03
EQU_820,PRO_821,produces_output,0.5,False,,Worldwide,,Confirmed,ГП № 2-2024.pdf,High,2026-07-03
EXP_822,MAT_818,researched_by,0.5,False,,Worldwide,,Confirmed,ГП № 2-2024.pdf,High,2026-07-03
MAT_804,PRO_823,uses_material,0.5,False,,Worldwide,,Confirmed,ГП № 2-2024.pdf,High,2026-07-03
MAT_804,PRO_824,uses_material,0.5,False,,Worldwide,,Confirmed,ГП № 2-2024.pdf,High,2026-07-03
MAT_804,PRO_825,uses_material,0.5,False,,Worldwide,,Confirmed,ГП № 2-2024.pdf,High,2026-07-03
EQU_826,PRO_824,operates_at_condition,0.5,False,,Worldwide,,Confirmed,ГП № 2-2024.pdf,High,2026-07-03
EQU_827,PRO_825,operates_at_condition,0.5,False,,Worldwide,,Confirmed,ГП № 2-2024.pdf,High,2026-07-03
EQU_828,PRO_825,operates_at_condition,0.5,False,,Worldwide,,Confirmed,ГП № 2-2024.pdf,High,2026-07-03
EQU_829,PRO_831,operates_at_condition,0.5,False,"Тропический климат Вьетнама, повышенная температура рабочей жидкости, загрязненность рабочей жидкости 12-го и 13-го класса чистоты по ГОСТ 17216–2001",Vietnam,,Confirmed,ГП № 2-2024.pdf,High,2026-07-03
PRO_830,PRO_831,produces_output,0.5,False,,Vietnam,,Confirmed,ГП № 2-2024.pdf,High,2026-07-03
MAT_804,PRO_832,uses_material,0.5,False,,Worldwide,,Confirmed,ГП № 2-2024.pdf,High,2026-07-03
EXP_833,MAT_804,researched_by,0.5,False,,Russia,,Confirmed,ГП № 2-2024.pdf,High,2026-07-03
EXP_833,PRO_832,validated_by,0.5,False,,Russia,,Confirmed,ГП № 2-2024.pdf,High,2026-07-03
PRO_835,EQU_836,uses_material,0.5,False,,Worldwide,,Confirmed,ГП № 2-2024.pdf,High,2026-07-03
MAT_837,PRO_838,operates_at_condition,0.5,False,при повышении температуры,Worldwide,,Confirmed,ГП № 2-2024.pdf,High,2026-07-03
MAT_837,PRO_839,produces_output,0.5,False,,Worldwide,,Confirmed,ГП № 2-2024.pdf,High,2026-07-03
MAT_840,PRO_841,operates_at_condition,0.5,False,В атмосфере горных выработок,Worldwide,,Confirmed,ГП № 2-2024.pdf,High,2026-07-03
PRO_841,PUB_842,described_in,0.5,False,,Worldwide,,Confirmed,ГП № 2-2024.pdf,High,2026-07-03
PRO_843,MAT_844,uses_material,0.5,False,,Worldwide,,Unverified,ГП № 2-2024.pdf,High,2026-07-03
PRO_843,MAT_845,uses_material,0.5,False,,Worldwide,,Unverified,ГП № 2-2024.pdf,High,2026-07-03
PRO_838,PRO_851,operates_at_condition,0.5,False,"Температура по шкале Цельсия равна 787,61°C",Worldwide,,Confirmed,ГП № 2-2024.pdf,High,2026-07-03
PRO_838,PRO_852,produces_output,0.5,False,,Worldwide,,Confirmed,ГП № 2-2024.pdf,High,2026-07-03
PRO_854,MAT_853,uses_material,0.5,False,трехосное сжатие,Worldwide,,Confirmed,ГП № 2-2024.pdf,High,2026-07-03
MAT_853,PRO_460,uses_material,0.5,False,,Worldwide,,Confirmed,ГП № 2-2024.pdf,High,2026-07-03
MAT_853,PRO_860,uses_material,0.5,False,,Worldwide,,Confirmed,ГП № 2-2024.pdf,High,2026-07-03
EQU_861,PRO_460,operates_at_condition,0.5,False,"постоянная скорость нагружения 2,5 МПа/с",Worldwide,,Confirmed,ГП № 2-2024.pdf,High,2026-07-03
MAT_853,PRO_460,operates_at_condition,0.5,False,отсутствие боковых нагрузок,Worldwide,,Confirmed,ГП № 2-2024.pdf,High,2026-07-03
MAT_853,PRO_860,operates_at_condition,0.5,False,боковое давление от 20 до 80 МПа,Worldwide,20-80 МПа,Confirmed,ГП № 2-2024.pdf,High,2026-07-03
MAT_853,PRO_864,operates_at_condition,0.5,False,склонность к динамическому разрушению,Worldwide,,Confirmed,ГП № 2-2024.pdf,High,2026-07-03
MAT_853,PRO_865,operates_at_condition,0.5,False,склонность к динамическому разрушению при величине бокового давления до 80 МПа,Worldwide,до 80 МПа,Confirmed,ГП № 2-2024.pdf,High,2026-07-03
PRO_854,MAT_853,uses_material,0.5,False,,Russia,,Confirmed,ГП № 2-2024.pdf,High,2026-07-03
PRO_854,PRO_460,operates_at_condition,0.5,False,,Russia,,Confirmed,ГП № 2-2024.pdf,High,2026-07-03
PRO_854,PRO_866,operates_at_condition,0.5,False,,Russia,,Confirmed,ГП № 2-2024.pdf,High,2026-07-03
PUB_867,PRO_854,described_in,0.5,False,,Russia,,Confirmed,ГП № 2-2024.pdf,High,2026-07-03
MAT_853,PRO_868,researched_by,0.5,False,,Worldwide,,Confirmed,ГП № 2-2024.pdf,High,2026-07-03
MAT_853,EQU_869,uses_material,0.5,False,трехосное равнокомпонентное сжатие,Worldwide,20-80 МПа,Confirmed,ГП № 2-2024.pdf,High,2026-07-03
MAT_853,PRO_449,operates_at_condition,0.5,False,,Worldwide,выше 200 МПа,Confirmed,ГП № 2-2024.pdf,High,2026-07-03
MAT_853,PRO_150,operates_at_condition,0.5,False,,Worldwide,,Confirmed,ГП № 2-2024.pdf,High,2026-07-03
EXP_872,PUB_870,researched_by,0.5,False,,Russia,,Confirmed,ГП № 2-2024.pdf,High,2026-07-03
EXP_873,PUB_870,researched_by,0.5,False,,Russia,,Confirmed,ГП № 2-2024.pdf,High,2026-07-03
EXP_874,PUB_870,researched_by,0.5,False,,Russia,,Confirmed,ГП № 2-2024.pdf,High,2026-07-03
PRO_875,MAT_876,uses_material,0.5,False,,Worldwide,,Confirmed,ГП № 2-2024.pdf,High,2026-07-03
EQU_877,PRO_875,operates_at_condition,0.5,False,,Worldwide,,Confirmed,ГП № 2-2024.pdf,High,2026-07-03
PRO_879,MAT_880,operates_at_condition,0.5,False,"Рациональные режимы воздействия, учёт характеристик угольного пласта",Worldwide,,Confirmed,ГП № 2-2024.pdf,High,2026-07-03
PRO_879,PRO_878,produces_output,0.5,False,Изменение емкостных и фильтрационных характеристик,Worldwide,,Confirmed,ГП № 2-2024.pdf,High,2026-07-03
PUB_881,FAC_882,described_in,0.5,False,,Russia,,Confirmed,ГП № 2-2024.pdf,High,2026-07-03
EQU_883,MAT_880,uses_material,0.5,False,Частота вибрации: 1–100 Гц,Worldwide,"Частота: 30–40 Гц (лабораторные условия), 11–14 Гц (натурные условия)",Confirmed,ГП № 2-2024.pdf,High,2026-07-03
PRO_875,PRO_884,produces_output,0.5,False,Увеличение трещиноватости и метаноотдачи,Worldwide,,Confirmed,ГП № 2-2024.pdf,High,2026-07-03
MAT_886,PRO_887,researched_by,0.5,False,,Russia,,Confirmed,ГП № 2-2024.pdf,High,2026-07-03
FAC_888,MAT_886,uses_material,0.5,False,,Russia,,Confirmed,ГП № 2-2024.pdf,High,2026-07-03
EQU_897,PRO_898,uses_material,0.5,False,,Russia,,Confirmed,ГП № 2-2024.pdf,High,2026-07-03
PRO_898,MAT_899,produces_output,0.5,False,,Russia,,Confirmed,ГП № 2-2024.pdf,High,2026-07-03
EQU_897,MAT_900,uses_material,0.5,False,,Worldwide,,Confirmed,ГП № 2-2024.pdf,High,2026-07-03
EQU_902,MAT_901,uses_material,0.5,False,,Worldwide,,Confirmed,ГП № 2-2024.pdf,High,2026-07-03
EQU_902,PRO_898,operates_at_condition,0.5,False,для улучшения состояния и качества поверхностного слоя и устранения возможных дефектов литья,Worldwide,,Confirmed,ГП № 2-2024.pdf,High,2026-07-03
MAT_906,PRO_908,operates_at_condition,0.5,False,"Модуль трещиноватости: 1,5–5 трещин на метр",Worldwide,,Confirmed,ГП № 2-2024.pdf,High,2026-07-03
MAT_907,PRO_908,operates_at_condition,0.5,False,Модуль трещиноватости: 5–30 трещин на метр,Worldwide,,Confirmed,ГП № 2-2024.pdf,High,2026-07-03
PRO_909,MAT_906,described_in,0.5,False,Показатель качества: 70–90%,Worldwide,,Confirmed,ГП № 2-2024.pdf,High,2026-07-03
PRO_909,MAT_907,described_in,0.5,False,Показатель качества: 10–50%,Worldwide,,Confirmed,ГП № 2-2024.pdf,High,2026-07-03
PUB_918,EXP_919,described_in,0.5,False,,Kyrgyz Republic,,Confirmed,ГП № 2-2024.pdf,High,2026-07-03
MAT_920,PRO_921,produces_output,0.5,False,,Worldwide,,Confirmed,ГП № 2-2024.pdf,High,2026-07-03
PRO_921,PRO_922,operates_at_condition,0.5,False,в Республике Тыва,Russia,,Confirmed,ГП № 2-2024.pdf,High,2026-07-03
PRO_922,EXP_923,researched_by,0.5,False,,Russia,,Confirmed,ГП № 2-2024.pdf,High,2026-07-03
FAC_925,PUB_142,described_in,0.5,False,,Worldwide,,Confirmed,ГП № 2-2024.pdf,High,2026-07-03
PUB_646,FAC_418,described_in,0.5,False,,Worldwide,,Confirmed,ГП № 2-2024.pdf,High,2026-07-03
PRO_927,MAT_926,produces_output,0.5,False,,Worldwide,,Confirmed,ГП № 2-2024.pdf,High,2026-07-03
EQU_928,PRO_927,uses_material,0.5,False,,Worldwide,,Confirmed,ГП № 2-2024.pdf,High,2026-07-03
EXP_930,MAT_926,researched_by,0.5,False,,Russia,,Confirmed,ГП № 2-2024.pdf,High,2026-07-03
FAC_418,PUB_664,described_in,0.5,False,,Worldwide,,Confirmed,ГП № 2-2024.pdf,High,2026-07-03
PUB_664,PRO_931,described_in,0.5,False,,Worldwide,,Unverified,ГП № 2-2024.pdf,High,2026-07-03
FAC_935,MAT_932,produces_output,0.5,False,Ассимиляционный потенциал к поглощению антропогенных выбросов СО2,Russia,"1,39 млн т-экв СО2/год",Confirmed,ГП № 2-2024.pdf,High,2026-07-03
FAC_936,MAT_932,produces_output,0.5,False,Поглощение выбросов СО2 степной растительностью,Russia,"6,07 млн т-экв СО2/год",Confirmed,ГП № 2-2024.pdf,High,2026-07-03
ORG_937,FAC_417,researched_by,0.5,False,Планируется предельный коэффициент вскрыши в 29,Кыргызская Республика,,Unverified,ГП № 2-2024.pdf,High,2026-07-03
FAC_417,PUB_664,described_in,0.5,False,,Worldwide,,Confirmed,ГП № 2-2024.pdf,High,2026-07-03
EXP_941,PUB_664,researched_by,0.5,False,,Russia,,Confirmed,ГП № 2-2024.pdf,High,2026-07-03
EQU_943,PUB_942,described_in,0.5,False,,Russia,,Unverified,ГП № 3-2024.pdf,High,2026-07-03
EXP_944,PUB_942,researched_by,0.5,False,,Russia,,Unverified,ГП № 3-2024.pdf,High,2026-07-03
ORG_156,PUB_127,published_by,0.5,False,,Russia,,Confirmed,ГП № 3-2024.pdf,High,2026-07-03
MAT_954,FAC_956,uses_material,0.5,False,,Russia,,Confirmed,ГП № 3-2024.pdf,High,2026-07-03
FAC_955,MAT_954,produces_output,0.5,False,,Russia,,Confirmed,ГП № 3-2024.pdf,High,2026-07-03
FAC_958,FAC_957,researched_by,0.5,False,,Russia,,Confirmed,ГП № 3-2024.pdf,High,2026-07-03
PRO_960,EQU_959,produces_output,0.5,False,,Worldwide,,Confirmed,ГП № 3-2024.pdf,High,2026-07-03
EQU_959,MAT_961,uses_material,0.5,False,,Worldwide,,Confirmed,ГП № 3-2024.pdf,High,2026-07-03
FAC_963,MAT_962,produces_output,0.5,False,,Russia,,Confirmed,ГП № 3-2024.pdf,High,2026-07-03
EQU_969,EQU_970,uses_material,0.5,False,,Worldwide,,Confirmed,ГП № 3-2024.pdf,High,2026-07-03
FAC_972,EQU_971,uses_material,0.5,False,,Russia,,Confirmed,ГП № 3-2024.pdf,High,2026-07-03
FAC_976,EQU_977,uses_material,0.5,False,,Russia,,Unverified,ГП № 3-2024.pdf,High,2026-07-03
FAC_978,PRO_979,uses_material,0.5,False,,Russia,,Unverified,ГП № 3-2024.pdf,High,2026-07-03
PRO_982,FAC_983,produces_output,0.5,False,,Russia,,Confirmed,ГП № 3-2024.pdf,High,2026-07-03
EXP_984,FAC_985,researched_by,0.5,False,,Russia,,Confirmed,ГП № 3-2024.pdf,High,2026-07-03
EXP_984,FAC_986,researched_by,0.5,False,,Russia,,Confirmed,ГП № 3-2024.pdf,High,2026-07-03
FAC_992,MAT_993,uses_material,0.5,False,,Russia,,Confirmed,ГП № 3-2024.pdf,High,2026-07-03
FAC_992,PRO_994,operates_at_condition,0.5,False,,Russia,,Confirmed,ГП № 3-2024.pdf,High,2026-07-03
FAC_997,MAT_998,researched_by,0.5,False,,Russia,,Confirmed,ГП № 3-2024.pdf,High,2026-07-03
FAC_997,PRO_999,researched_by,0.5,False,,Worldwide,,Confirmed,ГП № 3-2024.pdf,High,2026-07-03
FAC_1000,MAT_1001,produces_output,0.5,False,,Russia,,Confirmed,ГП № 3-2024.pdf,High,2026-07-03
FAC_1000,MAT_1002,produces_output,0.5,False,,Worldwide,,Confirmed,ГП № 3-2024.pdf,High,2026-07-03
FAC_1000,PRO_1003,operates_at_condition,0.5,False,С 1995 г.,Russia,,Confirmed,ГП № 3-2024.pdf,High,2026-07-03
FAC_1000,EQU_1004,uses_material,0.5,False,Модернизация с 2010 г.,Russia,,Confirmed,ГП № 3-2024.pdf,High,2026-07-03
FAC_212,FAC_1005,operates_at_condition,0.5,False,Общая площадь проектов – 200 800 м2,Russia,,Confirmed,ГП № 3-2024.pdf,High,2026-07-03
EVE_1006,FAC_212,researched_by,0.5,False,,Russia,,Confirmed,ГП № 3-2024.pdf,High,2026-07-03
PRO_982,EQU_1007,uses_material,0.5,False,,Worldwide,,Confirmed,ГП № 3-2024.pdf,High,2026-07-03
PUB_1008,FAC_1009,described_in,0.5,False,,Worldwide,,Confirmed,ГП № 3-2024.pdf,High,2026-07-03
PRO_1014,EQU_1015,operates_at_condition,0.5,False,Временной интервал t2 < t < t4,Worldwide,,Unverified,ГП № 3-2024.pdf,High,2026-07-03
FAC_1016,EQU_1017,produces_output,0.5,False,,Worldwide,,Confirmed,ГП № 3-2024.pdf,High,2026-07-03
EQU_1021,PRO_1020,uses_material,0.5,False,,Worldwide,,Unverified,ГП № 3-2024.pdf,High,2026-07-03
PRO_1020,PRO_1022,operates_at_condition,0.5,False,"Напряжение до 3,3 кВ",Worldwide,,Unverified,ГП № 3-2024.pdf,High,2026-07-03
PRO_1023,EQU_1024,uses_material,0.5,False,,Worldwide,,Confirmed,ГП № 3-2024.pdf,High,2026-07-03
EXP_1025,EQU_1024,researched_by,0.5,False,,Worldwide,,Confirmed,ГП № 3-2024.pdf,High,2026-07-03
EQU_1026,PRO_1027,operates_at_condition,0.5,False,,Worldwide,,Unverified,ГП № 3-2024.pdf,High,2026-07-03
EQU_1046,MAT_1047,uses_material,0.5,False,,Worldwide,,Confirmed,ГП № 3-2024.pdf,High,2026-07-03
EQU_1046,PRO_1048,operates_at_condition,0.5,False,,Worldwide,,Confirmed,ГП № 3-2024.pdf,High,2026-07-03
EQU_1051,MAT_1049,uses_material,0.5,False,,Worldwide,,Unverified,ГП № 3-2024.pdf,High,2026-07-03
EQU_1051,PRO_1050,operates_at_condition,0.5,False,,Worldwide,,Unverified,ГП № 3-2024.pdf,High,2026-07-03
EXP_1052,MAT_1053,researched_by,0.5,False,,Worldwide,,Confirmed,ГП № 3-2024.pdf,High,2026-07-03
MAT_1053,EQU_1054,uses_material,0.5,False,,Worldwide,,Confirmed,ГП № 3-2024.pdf,High,2026-07-03
EQU_1060,EQU_1061,operates_at_condition,0.5,False,грузоподъемность автосамосвалов 130-240 т,Worldwide,,Confirmed,ГП № 3-2024.pdf,High,2026-07-03
EQU_1060,EQU_1062,uses_material,0.5,False,,Worldwide,,Confirmed,ГП № 3-2024.pdf,High,2026-07-03
EQU_1055,PRO_1063,operates_at_condition,0.5,False,Неравномерность прибытия автосамосвалов на разгрузку,Worldwide,,Confirmed,ГП № 3-2024.pdf,High,2026-07-03
EQU_1055,PRO_1064,produces_output,0.5,False,,Worldwide,,Confirmed,ГП № 3-2024.pdf,High,2026-07-03
EQU_1055,EQU_1065,uses_material,0.5,False,,Worldwide,,Confirmed,ГП № 3-2024.pdf,High,2026-07-03
EQU_1060,FAC_1066,operates_at_condition,0.5,False,"универсальность схемы встраивания, возможность размещения нескольких установок на одном пункте",Worldwide,,Confirmed,ГП № 3-2024.pdf,High,2026-07-03
EQU_1055,MAT_331,uses_material,0.5,False,,Worldwide,,Confirmed,ГП № 3-2024.pdf,High,2026-07-03
EQU_1055,PRO_1068,operates_at_condition,0.5,False,,Worldwide,,Confirmed,ГП № 3-2024.pdf,High,2026-07-03
EQU_1055,PRO_1069,operates_at_condition,0.5,False,,Worldwide,,Confirmed,ГП № 3-2024.pdf,High,2026-07-03
EQU_1060,FAC_1070,operates_at_condition,0.5,False,,Russia,,Confirmed,ГП № 3-2024.pdf,High,2026-07-03
EQU_1060,PRO_1071,produces_output,0.5,False,,Russia,,Confirmed,ГП № 3-2024.pdf,High,2026-07-03
PRO_1072,EQU_810,researched_by,0.5,False,,Russia,,Confirmed,ГП № 3-2024.pdf,High,2026-07-03
PRO_1072,PUB_1073,described_in,0.5,False,,Russia,,Confirmed,ГП № 3-2024.pdf,High,2026-07-03
PRO_1074,EQU_810,researched_by,0.5,False,,Worldwide,,Confirmed,ГП № 3-2024.pdf,High,2026-07-03
EQU_1076,PRO_1074,uses_material,0.5,False,,Worldwide,,Confirmed,ГП № 3-2024.pdf,High,2026-07-03
EQU_1083,PRO_1082,operates_at_condition,0.5,False,Работа в одинаковых условиях,Worldwide,,Confirmed,ГП № 3-2024.pdf,High,2026-07-03
PRO_1082,PRO_1074,produces_output,0.5,False,,Worldwide,,Confirmed,ГП № 3-2024.pdf,High,2026-07-03
EQU_1084,PRO_1085,researched_by,0.5,False,,Russia,,Confirmed,ГП № 3-2024.pdf,High,2026-07-03
PRO_1085,FAC_1086,operates_at_condition,0.5,False,,Russia,,Confirmed,ГП № 3-2024.pdf,High,2026-07-03
EQU_810,PRO_1087,uses_material,0.5,False,,Worldwide,,Confirmed,ГП № 3-2024.pdf,High,2026-07-03
EQU_810,PRO_1088,uses_material,0.5,False,,Worldwide,,Confirmed,ГП № 3-2024.pdf,High,2026-07-03
EQU_810,PRO_1089,operates_at_condition,0.5,False,,Worldwide,,Confirmed,ГП № 3-2024.pdf,High,2026-07-03
PRO_1092,PRO_1091,researched_by,0.5,False,,Worldwide,,Unverified,ГП № 3-2024.pdf,High,2026-07-03
PRO_1093,PRO_1092,uses_material,0.5,False,,Worldwide,,Unverified,ГП № 3-2024.pdf,High,2026-07-03
PRO_1094,PRO_1095,researched_by,0.5,False,,Worldwide,,Unverified,ГП № 3-2024.pdf,High,2026-07-03
PRO_1096,EQU_810,researched_by,0.5,False,,Worldwide,,Confirmed,ГП № 3-2024.pdf,High,2026-07-03
PRO_1096,PUB_415,described_in,0.5,False,,Russia,,Confirmed,ГП № 3-2024.pdf,High,2026-07-03
EQU_1097,PRO_1098,uses_material,0.5,False,,Worldwide,,Confirmed,ГП № 3-2024.pdf,High,2026-07-03
EQU_1101,PUB_1100,described_in,0.5,False,,Worldwide,,Confirmed,ГП № 3-2024.pdf,High,2026-07-03
EQU_1097,PRO_1102,uses_material,0.5,False,,Worldwide,,Confirmed,ГП № 3-2024.pdf,High,2026-07-03
EQU_1097,PRO_115,uses_material,0.5,False,,Worldwide,,Confirmed,ГП № 3-2024.pdf,High,2026-07-03
EQU_1097,PRO_1106,uses_material,0.5,False,,Russia,,Confirmed,ГП № 3-2024.pdf,High,2026-07-03
EQU_1109,PRO_1108,produces_output,0.5,False,,Russia,,Unverified,ГП № 3-2024.pdf,High,2026-07-03
PRO_1111,PUB_1110,described_in,0.5,False,,,,Unverified,ГП № 3-2024.pdf,High,2026-07-03
COM_1112,EQU_1113,uses_equipment,0.5,False,Для производства невзрывчатых компонентов эмульсионных взрывчатых веществ,Worldwide,,Confirmed,ГП № 3-2024.pdf,High,2026-07-03
FAC_1114,PRO_1115,researched_by,0.5,False,,Worldwide,,Unverified,ГП № 3-2024.pdf,High,2026-07-03
FAC_1117,PRO_1116,uses_material,0.5,False,,Russia,,Confirmed,ГП № 3-2024.pdf,High,2026-07-03
PRO_1121,EQU_1122,uses_material,0.5,False,,Worldwide,,Unverified,ГП № 3-2024.pdf,High,2026-07-03
PRO_1121,EQU_1123,uses_material,0.5,False,,Worldwide,,Unverified,ГП № 3-2024.pdf,High,2026-07-03
MAT_1126,PRO_1127,uses_material,0.5,False,,Worldwide,,Confirmed,ГП № 3-2024.pdf,High,2026-07-03
PRO_1127,PRO_1128,produces_output,0.5,False,Повышение прочности на 10% при одинаковом расходе цемента,Worldwide,,Confirmed,ГП № 3-2024.pdf,High,2026-07-03
PRO_1130,MAT_1131,uses_material,0.5,False,,Worldwide,,Confirmed,ГП № 3-2024.pdf,High,2026-07-03
EXP_1132,EQU_1133,operates_at_condition,0.5,False,использование дезинтегратора для активации минералов,Russia,,Confirmed,ГП № 3-2024.pdf,High,2026-07-03
MAT_1134,PRO_1135,uses_material,0.5,False,,Worldwide,,Confirmed,ГП № 3-2024.pdf,High,2026-07-03
PRO_1135,EQU_1136,operates_at_condition,0.5,False,механохимическая активация,Worldwide,,Confirmed,ГП № 3-2024.pdf,High,2026-07-03
PRO_1135,PRO_1128,produces_output,0.5,False,при использовании вторичных хвостов,Worldwide,,Confirmed,ГП № 3-2024.pdf,High,2026-07-03
EXP_1137,PRO_1135,validated_by,0.5,False,,Worldwide,,Confirmed,ГП № 3-2024.pdf,High,2026-07-03
PUB_1138,PRO_1135,described_in,0.5,False,,Worldwide,,Confirmed,ГП № 3-2024.pdf,High,2026-07-03
PRO_1139,MAT_1140,uses_material,0.5,False,,Worldwide,,Confirmed,ГП № 3-2024.pdf,High,2026-07-03
EXP_1142,PRO_1139,researched_by,0.5,False,"Для Садонских руд: содержание H2SO4, г/дм3, 6; содержание соли, г/дм3, 90; соотношение жидкого и твердого 7; время выщелачивания, ч, 0,625; скорость вращения роторов, Гц,125.",Worldwide,,Confirmed,ГП № 3-2024.pdf,High,2026-07-03
PRO_1135,MAT_1143,produces_output,0.5,False,,Worldwide,,Confirmed,ГП № 3-2024.pdf,High,2026-07-03
PRO_1135,MAT_1144,produces_output,0.5,False,,Worldwide,,Confirmed,ГП № 3-2024.pdf,High,2026-07-03
EQU_1136,PRO_1135,uses_material,0.5,False,,Worldwide,,Confirmed,ГП № 3-2024.pdf,High,2026-07-03
PRO_1152,MAT_1145,uses_material,0.5,False,,Russia,,Confirmed,ГП № 3-2024.pdf,High,2026-07-03
PRO_1152,MAT_1146,uses_material,0.5,False,,Russia,,Confirmed,ГП № 3-2024.pdf,High,2026-07-03
PRO_1152,MAT_1147,uses_material,0.5,False,,Russia,,Confirmed,ГП № 3-2024.pdf,High,2026-07-03
PRO_1152,MAT_1148,uses_material,0.5,False,,Russia,,Confirmed,ГП № 3-2024.pdf,High,2026-07-03
PRO_1153,MAT_1149,uses_material,0.5,False,,Russia,,Confirmed,ГП № 3-2024.pdf,High,2026-07-03
PRO_1153,MAT_1150,uses_material,0.5,False,,Russia,,Confirmed,ГП № 3-2024.pdf,High,2026-07-03
PRO_1153,MAT_1151,uses_material,0.5,False,,Russia,,Confirmed,ГП № 3-2024.pdf,High,2026-07-03
EQU_1155,MAT_441,uses_material,0.5,False,,Russia,,Confirmed,ГП № 3-2024.pdf,High,2026-07-03
EQU_1155,PRO_1154,operates_at_condition,0.5,False,,Russia,,Confirmed,ГП № 3-2024.pdf,High,2026-07-03
PRO_1156,MAT_441,produces_output,0.5,False,,Russia,,Confirmed,ГП № 3-2024.pdf,High,2026-07-03
EQU_1157,PRO_1156,uses_material,0.5,False,,Russia,,Confirmed,ГП № 3-2024.pdf,High,2026-07-03
EQU_1158,PRO_1156,uses_material,0.5,False,Фрезерование слоя до 400 мм с одновременным измельчением древесины,Russia,,Confirmed,ГП № 3-2024.pdf,High,2026-07-03
MAT_1164,PRO_1165,uses_material,0.5,False,,Worldwide,,Confirmed,ГП № 3-2024.pdf,High,2026-07-03
PRO_1165,EQU_1136,operates_at_condition,0.5,False,"Полнота извлечения металлов зависит от типа и количества реагентов, соотношения жидкой и твердой компонент и скорости обработки",Worldwide,,Confirmed,ГП № 3-2024.pdf,High,2026-07-03
PRO_1165,MAT_1164,produces_output,0.5,False,Извлечение от 50 до 80% металлов,Worldwide,50-80%,Confirmed,ГП № 3-2024.pdf,High,2026-07-03
EQU_1169,MAT_1170,uses_material,0.5,False,Попутное или встречное фрезерование,Worldwide,,Confirmed,ГП № 3-2024.pdf,High,2026-07-03
PRO_1168,EQU_1169,operates_at_condition,0.5,False,Угол наклона к плоскости горизонта от 0 до 90 град,Worldwide,0-90 град,Confirmed,ГП № 3-2024.pdf,High,2026-07-03
EQU_1172,MAT_1171,uses_material,0.5,False,,Worldwide,,Confirmed,ГП № 3-2024.pdf,High,2026-07-03
EQU_1172,EQU_1173,uses_material,0.5,False,,Worldwide,,Confirmed,ГП № 3-2024.pdf,High,2026-07-03
EQU_1172,EQU_1174,uses_material,0.5,False,,Worldwide,,Confirmed,ГП № 3-2024.pdf,High,2026-07-03
EQU_1172,EQU_1175,uses_material,0.5,False,,Worldwide,,Confirmed,ГП № 3-2024.pdf,High,2026-07-03
PRO_1181,PUB_1110,described_in,0.5,False,,Worldwide,,Confirmed,ГП № 3-2024.pdf,High,2026-07-03
EXP_1194,FAC_1195,researched_by,0.5,False,,Worldwide,,Confirmed,ГП № 3-2024.pdf,High,2026-07-03
EXP_1196,FAC_1197,researched_by,0.5,False,,Worldwide,,Confirmed,ГП № 3-2024.pdf,High,2026-07-03
EXP_1198,FAC_1197,researched_by,0.5,False,,Worldwide,,Confirmed,ГП № 3-2024.pdf,High,2026-07-03
PRO_1202,PRO_1203,uses_material,0.5,False,,Worldwide,,Confirmed,ГП № 3-2024.pdf,High,2026-07-03
PRO_1203,PRO_1204,produces_output,0.5,False,,Worldwide,,Confirmed,ГП № 3-2024.pdf,High,2026-07-03
EXP_1205,PRO_1204,researched_by,0.5,False,,Russia,,Confirmed,ГП № 3-2024.pdf,High,2026-07-03
PRO_81,MAT_1209,uses_material,0.5,False,,Worldwide,,Unverified,ГП № 3-2024.pdf,High,2026-07-03
PRO_81,MAT_1210,uses_material,0.5,False,,Worldwide,,Unverified,ГП № 3-2024.pdf,High,2026-07-03
EQU_1211,PRO_81,operates_at_condition,0.5,False,Объём камеры 100 см3,Worldwide,,Unverified,ГП № 3-2024.pdf,High,2026-07-03
EXP_1213,PRO_81,validated_by,0.5,False,,Worldwide,,Unverified,ГП № 3-2024.pdf,High,2026-07-03
FAC_1219,PRO_1220,operates_at_condition,0.5,False,"В зоне ведения горных работ зарегистрировано больше сейсмособытий, чем в консольной части массива",Worldwide,,Confirmed,ГП № 3-2024.pdf,High,2026-07-03
PRO_1220,PRO_1221,produces_output,0.5,False,Периодическое воздействие взрывов приводит к перераспределению напряжений и реализации сейсмических событий,Worldwide,,Confirmed,ГП № 3-2024.pdf,High,2026-07-03
MAT_1222,PRO_81,uses_material,0.5,False,рН-фактор жидкой фазы 12,Worldwide,,Unverified,ГП № 3-2024.pdf,High,2026-07-03
MAT_1223,PRO_81,uses_material,0.5,False,рН-фактор жидкой фазы 10,Worldwide,,Unverified,ГП № 3-2024.pdf,High,2026-07-03
MAT_1224,PRO_81,uses_material,0.5,False,рН-фактор жидкой фазы 10,Worldwide,,Unverified,ГП № 3-2024.pdf,High,2026-07-03
EXP_1225,FAC_1226,researched_by,0.5,False,,Russia,,Confirmed,ГП № 3-2024.pdf,High,2026-07-03
EXP_1225,PUB_1090,described_in,0.5,False,,Russia,,Confirmed,ГП № 3-2024.pdf,High,2026-07-03
PRO_81,MAT_1227,uses_material,0.5,False,щелочная известковая среда,Russia,,Confirmed,ГП № 3-2024.pdf,High,2026-07-03
PRO_81,MAT_1228,uses_material,0.5,False,"pH: 8, 10, 12",Russia,,Confirmed,ГП № 3-2024.pdf,High,2026-07-03
PRO_81,MAT_1209,produces_output,0.5,False,"pH: 8, 10, 12",Russia,,Confirmed,ГП № 3-2024.pdf,High,2026-07-03
PRO_81,MAT_1210,produces_output,0.5,False,"pH: 8, 10, 12",Russia,,Confirmed,ГП № 3-2024.pdf,High,2026-07-03
PRO_81,MAT_1210,uses_material,0.5,False,pH: 8-12,Worldwide,,Confirmed,ГП № 3-2024.pdf,High,2026-07-03
PRO_81,MAT_1209,uses_material,0.5,False,pH: 8-10,Worldwide,,Confirmed,ГП № 3-2024.pdf,High,2026-07-03
PRO_81,MAT_1230,uses_material,0.5,False,расход: 200 г/т,Worldwide,,Confirmed,ГП № 3-2024.pdf,High,2026-07-03
PRO_81,MAT_1231,uses_material,0.5,False,"pH: 8, 10, 12",Worldwide,,Confirmed,ГП № 3-2024.pdf,High,2026-07-03
PRO_81,MAT_1232,uses_material,0.5,False,расход: до 400 г/т,Worldwide,,Confirmed,ГП № 3-2024.pdf,High,2026-07-03
FAC_1226,MAT_1233,uses_material,0.5,False,,Russia,,Confirmed,ГП № 3-2024.pdf,High,2026-07-03
FAC_1226,PRO_1234,operates_at_condition,0.5,False,,Russia,,Confirmed,ГП № 3-2024.pdf,High,2026-07-03
FAC_1226,EQU_1235,uses_equipment,0.5,False,,Russia,,Confirmed,ГП № 3-2024.pdf,High,2026-07-03
PUB_1239,EXP_1240,described_in,0.5,False,,Russia,,Confirmed,ГП № 3-2024.pdf,High,2026-07-03
PRO_1241,EXP_1242,researched_by,0.5,False,,Worldwide,,Unverified,ГП № 3-2024.pdf,High,2026-07-03
PUB_1090,PRO_1241,described_in,0.5,False,,Worldwide,,Confirmed,ГП № 3-2024.pdf,High,2026-07-03
FAC_1219,PRO_1245,researched_by,0.5,False,,Worldwide,,Confirmed,ГП № 3-2024.pdf,High,2026-07-03
FAC_1219,PRO_1246,researched_by,0.5,False,,Worldwide,,Confirmed,ГП № 3-2024.pdf,High,2026-07-03
FAC_1243,PRO_1244,uses_material,0.5,False,,Worldwide,,Confirmed,ГП № 3-2024.pdf,High,2026-07-03
EXP_1257,PUB_1255,researched_by,0.5,False,,Worldwide,,Confirmed,ГП № 3-2024.pdf,High,2026-07-03
PRO_1260,EQU_528,uses_material,0.5,False,,Russia,,Confirmed,ГП № 3-2024.pdf,High,2026-07-03
PRO_1260,EQU_1261,uses_material,0.5,False,,Russia,,Confirmed,ГП № 3-2024.pdf,High,2026-07-03
PRO_1260,EQU_1262,uses_material,0.5,False,,Russia,,Confirmed,ГП № 3-2024.pdf,High,2026-07-03
EXP_1263,FAC_1264,researched_by,0.5,False,,Russia,,Confirmed,ГП № 3-2024.pdf,High,2026-07-03
EQU_1267,PRO_1266,uses_material,0.5,False,,Worldwide,,Confirmed,ГП № 3-2024.pdf,High,2026-07-03
PRO_1266,MAT_1265,operates_at_condition,0.5,False,Для оценки воздействия добычи полезных ископаемых на окружающую среду,Worldwide,,Confirmed,ГП № 3-2024.pdf,High,2026-07-03
PRO_1271,FAC_1272,researched_by,0.5,False,,Russia,,Confirmed,ГП № 3-2024.pdf,High,2026-07-03
PRO_1287,MAT_1286,uses_material,0.5,False,,Worldwide,,Confirmed,ГП № 3-2024.pdf,High,2026-07-03
EQU_1288,EXP_1290,operates_at_condition,0.5,False,,Worldwide,,Confirmed,ГП № 3-2024.pdf,High,2026-07-03
PRO_1276,EQU_1295,uses_material,0.5,False,,Worldwide,,Confirmed,ГП № 3-2024.pdf,High,2026-07-03
PUB_1090,PRO_1276,described_in,0.5,False,,Russia,,Confirmed,ГП № 3-2024.pdf,High,2026-07-03
PRO_1296,MAT_1297,operates_at_condition,0.5,False,Гранулометрический состав породного массива тектонической зоны изменяется в широком диапазоне – от нескольких до десятка сантиметров,Worldwide,,Confirmed,ГП № 3-2024.pdf,High,2026-07-03
PUB_1298,PRO_1296,described_in,0.5,False,,Worldwide,,Confirmed,ГП № 3-2024.pdf,High,2026-07-03
PRO_1300,PUB_895,uses_material,0.5,False,,Республика Тыва,,Confirmed,ГП № 3-2024.pdf,High,2026-07-03
PUB_1299,PRO_1300,researched_by,0.5,False,,Республика Тыва,,Confirmed,ГП № 3-2024.pdf,High,2026-07-03
PRO_1301,MAT_1302,uses_material,0.5,False,Установка фрикционных анкеров под углом вверх на 10–15°,Worldwide,,Confirmed,ГП № 3-2024.pdf,High,2026-07-03
PRO_1301,MAT_1303,uses_material,0.5,False,Установка решетчатой фермы непосредственно у груди забоя,Worldwide,,Confirmed,ГП № 3-2024.pdf,High,2026-07-03
PRO_1301,MAT_1304,uses_material,0.5,False,Укладка слоя фиброармированного торкретбетона толщиной не менее 25 мм на груди забоя и не менее 50 мм в кровле и бортах выработки,Worldwide,,Confirmed,ГП № 3-2024.pdf,High,2026-07-03
PRO_1305,MAT_1304,uses_material,0.5,False,,Worldwide,,Confirmed,ГП № 3-2024.pdf,High,2026-07-03
PRO_1305,EQU_1306,uses_material,0.5,False,,Worldwide,,Confirmed,ГП № 3-2024.pdf,High,2026-07-03
PRO_1305,MAT_1302,uses_material,0.5,False,,Worldwide,,Confirmed,ГП № 3-2024.pdf,High,2026-07-03
PRO_1307,MAT_541,uses_material,0.5,False,,Russia,,Confirmed,ГП № 3-2024.pdf,High,2026-07-03
PRO_1307,PUB_895,uses_material,0.5,False,В регионах с обширными запасами угля,Russia,,Confirmed,ГП № 3-2024.pdf,High,2026-07-03
PRO_1307,PRO_1308,uses_material,0.5,False,,Russia,,Confirmed,ГП № 3-2024.pdf,High,2026-07-03
PUB_1316,MAT_1315,described_in,0.5,False,,Russia,,Confirmed,ГП № 3-2024.pdf,High,2026-07-03
EXP_1325,PUB_1324,researched_by,0.5,False,,Russia,,Confirmed,ГП № 3-2024.pdf,High,2026-07-03
MAT_1315,PUB_1326,described_in,0.5,False,,Worldwide,,Confirmed,ГП № 3-2024.pdf,High,2026-07-03
FAC_1327,MAT_1315,produces_output,0.5,False,,Worldwide,,Confirmed,ГП № 3-2024.pdf,High,2026-07-03
FAC_1328,EQU_1329,uses_material,0.5,False,,Worldwide,,Confirmed,ГП № 3-2024.pdf,High,2026-07-03
MAT_1315,PRO_1330,uses_material,0.5,False,,Russia,,Confirmed,ГП № 3-2024.pdf,High,2026-07-03
MAT_1315,EQU_1331,operates_at_condition,0.5,False,для обжига до полного спекания,Russia,,Confirmed,ГП № 3-2024.pdf,High,2026-07-03
EQU_1333,PRO_1334,operates_at_condition,0.5,False,"Угол наклона траектории движения ковша: 60°, 70°, 80°",Worldwide,,Confirmed,ГП № 3-2024.pdf,High,2026-07-03
EQU_1340,PRO_1341,operates_at_condition,0.5,False,"Рабочий цикл 26,75 с",Russia,,Confirmed,ГП № 3-2024.pdf,High,2026-07-03
EQU_1340,PUB_1342,described_in,0.5,False,,Russia,,Confirmed,ГП № 3-2024.pdf,High,2026-07-03
PRO_1343,PUB_1110,described_in,0.5,False,,Worldwide,,Confirmed,ГП № 3-2024.pdf,High,2026-07-03
EQU_1344,PRO_1345,uses_material,0.5,False,,Worldwide,,Confirmed,ГП № 3-2024.pdf,High,2026-07-03
EQU_1344,EXP_1346,validated_by,0.5,False,"Работа выполнена машинистом 8-й категории, разрабатываемая порода III категории, горная масса без негабаритов, рабочая площадка горизонтальная, климатические и погодные условия – нормальные",Russia,"26,75 с",Confirmed,ГП № 3-2024.pdf,High,2026-07-03
EQU_1344,PRO_1354,operates_at_condition,0.5,False,"Угол наклона траектории движения ковша: 60°, 70°, 80°",Worldwide,,Confirmed,ГП № 3-2024.pdf,High,2026-07-03
FAC_1355,PRO_1356,researched_by,0.5,False,,Russia,,Unverified,ГП № 3-2024.pdf,High,2026-07-03
PUB_1357,FAC_1355,described_in,0.5,False,,Russia,,Confirmed,ГП № 3-2024.pdf,High,2026-07-03
FAC_1355,PRO_1358,researched_by,0.5,False,,Russia,,Confirmed,ГП № 3-2024.pdf,High,2026-07-03
FAC_1355,PRO_1359,researched_by,0.5,False,,Russia,,Unverified,ГП № 3-2024.pdf,High,2026-07-03
FAC_1355,PRO_1360,researched_by,0.5,False,,Russia,,Confirmed,ГП № 3-2024.pdf,High,2026-07-03
FAC_1379,MAT_1380,produces_output,0.5,False,,Russia,,Confirmed,ГП № 4-2024.pdf,High,2026-07-03
MAT_1380,MAT_1381,uses_material,0.5,False,,Russia,,Confirmed,ГП № 4-2024.pdf,High,2026-07-03
FAC_1379,MAT_1382,produces_output,0.5,False,Используется для заряжания шпуров и скважин при открытой разработке и в подземных условиях шахт рудников.,Russia,,Confirmed,ГП № 4-2024.pdf,High,2026-07-03
ORG_156,PUB_127,published_by,0.5,False,,Russia,,Confirmed,ГП № 4-2024.pdf,High,2026-07-03
FAC_1384,EQU_1383,uses_material,0.5,False,,Russia,,Confirmed,ГП № 4-2024.pdf,High,2026-07-03
ORG_1386,FAC_1385,researched_by,0.5,False,,Russia,,Confirmed,ГП № 4-2024.pdf,High,2026-07-03
ORG_1387,FAC_1385,researched_by,0.5,False,,Russia,,Confirmed,ГП № 4-2024.pdf,High,2026-07-03
FAC_1392,EQU_1390,uses_material,0.5,False,,Russia,,Confirmed,ГП № 4-2024.pdf,High,2026-07-03
FAC_1392,EQU_1391,uses_material,0.5,False,,Russia,,Confirmed,ГП № 4-2024.pdf,High,2026-07-03
FAC_1393,EXP_1394,researched_by,0.5,False,,Russia,,Confirmed,ГП № 4-2024.pdf,High,2026-07-03
FAC_1393,PUB_1395,described_in,0.5,False,,Russia,,Confirmed,ГП № 4-2024.pdf,High,2026-07-03
FAC_1396,PUB_895,produces_output,0.5,False,,Russia,,Confirmed,ГП № 4-2024.pdf,High,2026-07-03
PUB_895,MAT_1397,uses_material,0.5,False,,Russia,,Confirmed,ГП № 4-2024.pdf,High,2026-07-03
FAC_1398,PRO_28,operates_at_condition,0.5,False,,Russia,,Confirmed,ГП № 4-2024.pdf,High,2026-07-03
PRO_28,MAT_1399,uses_material,0.5,False,,Russia,,Confirmed,ГП № 4-2024.pdf,High,2026-07-03
FAC_1400,EQU_1401,uses_material,0.5,False,,Russia,,Unverified,ГП № 4-2024.pdf,High,2026-07-03
FAC_1408,PRO_1409,uses_material,0.5,False,,Russia,,Confirmed,ГП № 4-2024.pdf,High,2026-07-03
FAC_1408,PRO_1410,uses_material,0.5,False,,Russia,,Confirmed,ГП № 4-2024.pdf,High,2026-07-03
ORG_1414,MAT_1413,produces_output,0.5,False,,Russia,,Confirmed,ГП № 4-2024.pdf,High,2026-07-03
FAC_1415,EXP_1416,researched_by,0.5,False,,Russia,,Confirmed,ГП № 4-2024.pdf,High,2026-07-03
FAC_1415,EXP_1417,researched_by,0.5,False,,Russia,,Confirmed,ГП № 4-2024.pdf,High,2026-07-03
FAC_1418,FAC_1419,researched_by,0.5,False,,Russia,,Confirmed,ГП № 4-2024.pdf,High,2026-07-03
FAC_1424,EQU_174,researched_by,0.5,False,,Russia,,Confirmed,ГП № 4-2024.pdf,High,2026-07-03
COM_527,EQU_1425,produces_output,0.5,False,,Russia,,Confirmed,ГП № 4-2024.pdf,High,2026-07-03
EQU_1425,FAC_1426,operates_at_condition,0.5,False,,Russia,,Confirmed,ГП № 4-2024.pdf,High,2026-07-03
FAC_1424,EQU_1427,operates_at_condition,0.5,False,Суровые условия Сибири и Дальнего Востока,Russia,,Confirmed,ГП № 4-2024.pdf,High,2026-07-03
FAC_1424,EQU_1428,uses_material,0.5,False,,Russia,,Confirmed,ГП № 4-2024.pdf,High,2026-07-03
FAC_1424,EQU_1429,uses_material,0.5,False,,Russia,,Confirmed,ГП № 4-2024.pdf,High,2026-07-03
FAC_1443,EXP_1444,researched_by,0.5,False,,Russia,,Confirmed,ГП № 4-2024.pdf,High,2026-07-03
MAT_1445,EQU_1447,uses_material,0.5,False,,Russia,,Confirmed,ГП № 4-2024.pdf,High,2026-07-03
MAT_1446,EQU_1447,uses_material,0.5,False,,Russia,,Confirmed,ГП № 4-2024.pdf,High,2026-07-03
EQU_95,FAC_1450,validated_by,0.5,False,,Russia,,Confirmed,ГП № 4-2024.pdf,High,2026-07-03
EQU_1449,EQU_1448,uses_material,0.5,False,,Russia,,Unverified,ГП № 4-2024.pdf,High,2026-07-03
FAC_1452,EQU_1451,produces_output,0.5,False,,Worldwide,,Confirmed,ГП № 4-2024.pdf,High,2026-07-03
MAT_1453,PRO_1454,described_in,0.5,False,В ходе 9 циклов испытаний с различными степенями эксплуатационной нагрузки при интервале замены в 250 моточасов,Worldwide,,Confirmed,ГП № 4-2024.pdf,High,2026-07-03
FAC_1456,EQU_1455,produces_output,0.5,False,,Worldwide,,Confirmed,ГП № 4-2024.pdf,High,2026-07-03
FAC_1458,MAT_1457,produces_output,0.5,False,,Worldwide,,Confirmed,ГП № 4-2024.pdf,High,2026-07-03
FAC_1461,PRO_1153,operates_at_condition,0.5,False,,Russia,,Unverified,ГП № 4-2024.pdf,High,2026-07-03
FAC_141,FAC_1461,researched_by,0.5,False,,Russia,,Unverified,ГП № 4-2024.pdf,High,2026-07-03
ORG_1464,EQU_1463,operates_at_condition,0.5,False,Российские условия эксплуатации,Russia,,Confirmed,ГП № 4-2024.pdf,High,2026-07-03
ORG_1464,FAC_1462,uses_material,0.5,False,,Russia,,Confirmed,ГП № 4-2024.pdf,High,2026-07-03
ORG_1464,COM_1466,uses_material,0.5,False,,Worldwide,,Confirmed,ГП № 4-2024.pdf,High,2026-07-03
EQU_1465,MAT_1467,uses_material,0.5,False,,Russia,,Confirmed,ГП № 4-2024.pdf,High,2026-07-03
EQU_1465,MAT_1468,uses_material,0.5,False,,Russia,,Confirmed,ГП № 4-2024.pdf,High,2026-07-03
EQU_1465,MAT_1469,uses_material,0.5,False,,Russia,,Confirmed,ГП № 4-2024.pdf,High,2026-07-03
ORG_1472,MAT_1473,produces_output,0.5,False,,Worldwide,,Confirmed,ГП № 4-2024.pdf,High,2026-07-03
EXP_1476,EQU_1475,produces_output,0.5,False,,Worldwide,,Confirmed,ГП № 4-2024.pdf,High,2026-07-03
FAC_1477,EQU_1475,uses_material,0.5,False,,Russia,,Confirmed,ГП № 4-2024.pdf,High,2026-07-03
EXP_1478,FAC_1480,researched_by,0.5,False,,Russia,,Confirmed,ГП № 4-2024.pdf,High,2026-07-03
EXP_1479,FAC_1480,researched_by,0.5,False,,Russia,,Confirmed,ГП № 4-2024.pdf,High,2026-07-03
PRO_1481,PRO_1482,uses_material,0.5,False,,Worldwide,,Unverified,ГП № 4-2024.pdf,High,2026-07-03
MAT_1483,EQU_1484,researched_by,0.5,False,,Worldwide,,Unverified,ГП № 4-2024.pdf,High,2026-07-03
FAC_1028,EQU_1485,uses_material,0.5,False,,Russia,,Confirmed,ГП № 4-2024.pdf,High,2026-07-03
FAC_1028,EQU_1486,uses_material,0.5,False,,Russia,,Confirmed,ГП № 4-2024.pdf,High,2026-07-03
COM_1487,PRO_1488,produces_output,0.5,False,,Russia,,Confirmed,ГП № 4-2024.pdf,High,2026-07-03
EXP_1494,FAC_1495,researched_by,0.5,False,,Russia,,Confirmed,ГП № 4-2024.pdf,High,2026-07-03
PRO_1496,EQU_1497,uses_material,0.5,False,,Worldwide,,Confirmed,ГП № 4-2024.pdf,High,2026-07-03
EQU_1497,MAT_961,operates_at_condition,0.5,False,Проведение взрывных работ,Worldwide,,Confirmed,ГП № 4-2024.pdf,High,2026-07-03
EQU_1498,EQU_1499,operates_at_condition,0.5,False,Работа в условиях Крайнего Севера,Russia,,Confirmed,ГП № 4-2024.pdf,High,2026-07-03
EXP_1501,EXP_1504,researched_by,0.5,False,,Russia,,Confirmed,ГП № 4-2024.pdf,High,2026-07-03
EQU_1503,MAT_1502,uses_material,0.5,False,,Russia,,Confirmed,ГП № 4-2024.pdf,High,2026-07-03
PRO_1506,EQU_1507,uses_material,0.5,False,,Worldwide,,Unverified,ГП № 4-2024.pdf,High,2026-07-03
PRO_1509,FAC_1510,researched_by,0.5,False,,Russia,,Confirmed,ГП № 4-2024.pdf,High,2026-07-03
PRO_1509,FAC_1511,researched_by,0.5,False,,Russia,,Confirmed,ГП № 4-2024.pdf,High,2026-07-03
PRO_1509,FAC_1512,researched_by,0.5,False,,Russia,,Confirmed,ГП № 4-2024.pdf,High,2026-07-03
PUB_1513,PRO_1514,described_in,0.5,False,,Worldwide,,Confirmed,ГП № 4-2024.pdf,High,2026-07-03
PUB_1515,FAC_1516,researched_by,0.5,False,,Russia,,Confirmed,ГП № 4-2024.pdf,High,2026-07-03
PUB_1515,FAC_1517,researched_by,0.5,False,,Russia,,Confirmed,ГП № 4-2024.pdf,High,2026-07-03
PUB_1515,FAC_1511,researched_by,0.5,False,,Russia,,Confirmed,ГП № 4-2024.pdf,High,2026-07-03
PUB_1515,FAC_1512,researched_by,0.5,False,,Russia,,Confirmed,ГП № 4-2024.pdf,High,2026-07-03
PRO_1518,MAT_1519,uses_material,0.5,False,,Worldwide,,Confirmed,ГП № 4-2024.pdf,High,2026-07-03
PRO_1518,EQU_1520,operates_at_condition,0.5,False,,Worldwide,,Confirmed,ГП № 4-2024.pdf,High,2026-07-03
EQU_1520,PRO_1521,produces_output,0.5,False,,Worldwide,,Confirmed,ГП № 4-2024.pdf,High,2026-07-03
FAC_1516,PRO_1518,researched_by,0.5,False,,Russia,,Confirmed,ГП № 4-2024.pdf,High,2026-07-03
PRO_1514,MAT_1528,produces_output,0.5,False,,Worldwide,,Unverified,ГП № 4-2024.pdf,High,2026-07-03
PRO_1514,MAT_1529,produces_output,0.5,False,,Worldwide,,Unverified,ГП № 4-2024.pdf,High,2026-07-03
FAC_1530,MAT_1528,uses_material,0.5,False,,Moon,,Unverified,ГП № 4-2024.pdf,High,2026-07-03
EXP_1535,FAC_1534,researched_by,0.5,False,,Worldwide,,Confirmed,ГП № 4-2024.pdf,High,2026-07-03
FAC_1543,MAT_1544,contains,0.5,False,,Russia,,Confirmed,ГП № 4-2024.pdf,High,2026-07-03
MAT_1544,PRO_1152,uses_material,0.5,False,в условиях низких температур,Russia,,Confirmed,ГП № 4-2024.pdf,High,2026-07-03
PRO_1514,EQU_1547,uses_material,0.5,False,,Worldwide,,Unverified,ГП № 4-2024.pdf,High,2026-07-03
PRO_1514,EQU_1548,uses_material,0.5,False,,Worldwide,,Unverified,ГП № 4-2024.pdf,High,2026-07-03
COM_1554,MAT_1553,produces_output,0.5,False,,Russia,,Confirmed,ГП № 4-2024.pdf,High,2026-07-03
EXP_1555,FAC_1556,uses_material,0.5,False,,Russia,,Confirmed,ГП № 4-2024.pdf,High,2026-07-03
EXP_1555,EQU_778,researched_by,0.5,False,Влияние низких температур на работоспособность,Russia,,Confirmed,ГП № 4-2024.pdf,High,2026-07-03
FAC_1557,PRO_1558,operates_at_condition,0.5,False,Зависимость от климатических условий и температуры,Russia,Диапазон температур варьируется в зависимости от моря,Confirmed,ГП № 4-2024.pdf,High,2026-07-03
PRO_1559,PRO_1558,influences,0.5,False,Влияние на сезонную продолжительность ведения горных работ,Russia,Диапазон температур варьируется в зависимости от моря,Confirmed,ГП № 4-2024.pdf,High,2026-07-03
PUB_1500,PRO_1560,described_in,0.5,False,,Russia,,Confirmed,ГП № 4-2024.pdf,High,2026-07-03
PRO_1563,MAT_1538,produces_output,0.5,False,"Суровые природные условия, сложное строение арктического шельфа, отдалённость цивилизации, уязвимость экосистем",Russia,,Unverified,ГП № 4-2024.pdf,High,2026-07-03
PRO_1563,MAT_424,produces_output,0.5,False,"Суровые природные условия, сложное строение арктического шельфа, отдалённость цивилизации, уязвимость экосистем",Russia,,Unverified,ГП № 4-2024.pdf,High,2026-07-03
PRO_1563,MAT_1561,produces_output,0.5,False,"Суровые природные условия, сложное строение арктического шельфа, отдалённость цивилизации, уязвимость экосистем",Russia,,Unverified,ГП № 4-2024.pdf,High,2026-07-03
PRO_1563,MAT_1562,produces_output,0.5,False,"Суровые природные условия, сложное строение арктического шельфа, отдалённость цивилизации, уязвимость экосистем",Russia,,Unverified,ГП № 4-2024.pdf,High,2026-07-03
PRO_1564,EQU_1565,uses_material,0.5,False,,Russia,,Confirmed,ГП № 4-2024.pdf,High,2026-07-03
PRO_1564,EQU_1566,operates_at_condition,0.5,False,,Russia,,Confirmed,ГП № 4-2024.pdf,High,2026-07-03
PRO_1573,EQU_1574,uses_material,0.5,False,,Worldwide,,Confirmed,ГП № 4-2024.pdf,High,2026-07-03
EXP_1576,EQU_1575,described_in,0.5,False,,Russia,,Confirmed,ГП № 4-2024.pdf,High,2026-07-03
EXP_1576,PUB_1577,validated_by,0.5,False,,Russia,,Confirmed,ГП № 4-2024.pdf,High,2026-07-03
EQU_1580,MAT_1579,uses_material,0.5,False,Данные о фракционности в развале горных пород,Worldwide,,Confirmed,ГП № 4-2024.pdf,High,2026-07-03
PRO_1578,EQU_1580,operates_at_condition,0.5,False,Малый объем достоверных исходных данных и неопределенность,Worldwide,,Confirmed,ГП № 4-2024.pdf,High,2026-07-03
EXP_1581,PUB_1582,described_in,0.5,False,,Worldwide,,Confirmed,ГП № 4-2024.pdf,High,2026-07-03
MAT_1583,PRO_1584,uses_material,0.5,False,При перемещении геомассы оползня,Worldwide,,Confirmed,ГП № 4-2024.pdf,High,2026-07-03
PRO_1593,PUB_1500,described_in,0.5,False,,Worldwide,,Confirmed,ГП № 4-2024.pdf,High,2026-07-03
PUB_1594,EQU_1595,uses_material,0.5,False,,Russia,,Confirmed,ГП № 4-2024.pdf,High,2026-07-03
PRO_1596,MAT_1597,operates_at_condition,0.5,False,"Уклон более 20°, абсолютная высота до 1200 м, протяженность склона 200–400 м",Worldwide,,Confirmed,ГП № 4-2024.pdf,High,2026-07-03
PRO_1600,EQU_1595,uses_material,0.5,False,,Worldwide,,Confirmed,ГП № 4-2024.pdf,High,2026-07-03
EXP_1601,PRO_1600,validated_by,0.5,False,"Скорость ветра 0,1, 1, 2 и 3 м/с",Worldwide,,Confirmed,ГП № 4-2024.pdf,High,2026-07-03
PRO_1602,PRO_1603,researched_by,0.5,False,,Worldwide,,Confirmed,ГП № 4-2024.pdf,High,2026-07-03
PRO_1602,PRO_1604,researched_by,0.5,False,,Worldwide,,Confirmed,ГП № 4-2024.pdf,High,2026-07-03
PRO_1602,PRO_1605,researched_by,0.5,False,,Worldwide,,Confirmed,ГП № 4-2024.pdf,High,2026-07-03
PRO_1602,PRO_1606,researched_by,0.5,False,,Worldwide,,Confirmed,ГП № 4-2024.pdf,High,2026-07-03
PRO_1602,PRO_1607,researched_by,0.5,False,,Worldwide,,Confirmed,ГП № 4-2024.pdf,High,2026-07-03
PRO_1602,PRO_1608,researched_by,0.5,False,,Worldwide,,Confirmed,ГП № 4-2024.pdf,High,2026-07-03
PRO_1602,PRO_1609,researched_by,0.5,False,,Worldwide,,Confirmed,ГП № 4-2024.pdf,High,2026-07-03
PRO_1602,PRO_1610,researched_by,0.5,False,,Worldwide,,Confirmed,ГП № 4-2024.pdf,High,2026-07-03
PRO_1602,PRO_1611,researched_by,0.5,False,,Worldwide,,Confirmed,ГП № 4-2024.pdf,High,2026-07-03
PRO_1612,EQU_1565,researched_by,0.5,False,,Worldwide,,Confirmed,ГП № 4-2024.pdf,High,2026-07-03
PRO_1618,FAC_1619,operates_at_condition,0.5,False,"Параметры климата (направление и скорость ветров, температура), план горных работ",Worldwide,,Confirmed,ГП № 4-2024.pdf,High,2026-07-03
FAC_1619,EQU_1595,uses_material,0.5,False,,Worldwide,,Confirmed,ГП № 4-2024.pdf,High,2026-07-03
EQU_1333,PRO_1620,operates_at_condition,0.5,False,Различные траектории отработки уступа,Worldwide,,Unverified,ГП № 4-2024.pdf,High,2026-07-03
PRO_1621,FAC_1623,operates_at_condition,0.5,False,Для контроля распределения вредных веществ,Worldwide,,Confirmed,ГП № 4-2024.pdf,High,2026-07-03
EQU_1595,FAC_1623,uses_material,0.5,False,Для проектирования вентиляции,Worldwide,,Confirmed,ГП № 4-2024.pdf,High,2026-07-03
EQU_1622,FAC_1623,uses_material,0.5,False,Для проектирования вентиляции,Worldwide,,Confirmed,ГП № 4-2024.pdf,High,2026-07-03
PUB_1627,EQU_753,described_in,0.5,False,,Russia,,Confirmed,ГП № 4-2024.pdf,High,2026-07-03
EQU_1628,PRO_1341,operates_at_condition,0.5,False,"Базовые условия эксплуатации: управление машинистом 8-го разряда, разработка породы III категории, горная масса без негабаритов, горизонтальная рабочая площадка, нормальные климатические и погодные условия.",Worldwide,,Confirmed,ГП № 4-2024.pdf,High,2026-07-03
EQU_1344,PRO_1629,operates_at_condition,0.5,False,"Угол наклона траектории движения ковша: 60°, 70°, 80°",Worldwide,,Confirmed,ГП № 4-2024.pdf,High,2026-07-03
EQU_1632,PRO_1156,uses_material,0.5,False,в условиях неосушенных торфяных месторождений,Russia,,Confirmed,ГП № 4-2024.pdf,High,2026-07-03
PUB_1633,EQU_1632,described_in,0.5,False,,Russia,,Confirmed,ГП № 4-2024.pdf,High,2026-07-03
PUB_1634,MAT_441,researched_by,0.5,False,,Russia,,Confirmed,ГП № 4-2024.pdf,High,2026-07-03
PUB_1635,PRO_1636,researched_by,0.5,False,,Russia,,Confirmed,ГП № 4-2024.pdf,High,2026-07-03
EQU_1637,PRO_314,uses_material,0.5,False,,Worldwide,,Confirmed,ГП № 4-2024.pdf,High,2026-07-03
EQU_1637,MAT_1638,uses_material,0.5,False,В качестве балласта,Worldwide,,Confirmed,ГП № 4-2024.pdf,High,2026-07-03
PRO_314,MAT_1170,produces_output,0.5,False,,Russia,,Confirmed,ГП № 4-2024.pdf,High,2026-07-03
PRO_1654,EQU_1655,uses_material,0.5,False,,Worldwide,,Confirmed,ГП № 4-2024.pdf,High,2026-07-03
PUB_1653,PRO_1654,described_in,0.5,False,,Worldwide,,Confirmed,ГП № 4-2024.pdf,High,2026-07-03
FAC_1656,EQU_1657,operates_at_condition,0.5,False,,Worldwide,,Confirmed,ГП № 4-2024.pdf,High,2026-07-03
FAC_1656,PRO_1658,uses_material,0.5,False,,Worldwide,,Confirmed,ГП № 4-2024.pdf,High,2026-07-03
PRO_1659,EQU_1662,uses_material,0.5,False,,Worldwide,,Confirmed,ГП № 4-2024.pdf,High,2026-07-03
PRO_1660,EQU_1663,uses_material,0.5,False,,Worldwide,,Confirmed,ГП № 4-2024.pdf,High,2026-07-03
PRO_1661,EQU_1662,uses_material,0.5,False,,Worldwide,,Confirmed,ГП № 4-2024.pdf,High,2026-07-03
PRO_1665,EQU_1664,uses_material,0.5,False,,Worldwide,,Unverified,ГП № 4-2024.pdf,High,2026-07-03
PRO_1665,EQU_92,uses_material,0.5,False,,Worldwide,,Unverified,ГП № 4-2024.pdf,High,2026-07-03
PRO_1667,EQU_1669,uses_material,0.5,False,,Russia,,Confirmed,ГП № 4-2024.pdf,High,2026-07-03
PRO_1668,PRO_1667,researched_by,0.5,False,период отработки карьера (5 и более лет),Russia,,Confirmed,ГП № 4-2024.pdf,High,2026-07-03
PRO_1659,PRO_1667,researched_by,0.5,False,контроль устойчивости участков бортов и уступов карьеров,Russia,,Confirmed,ГП № 4-2024.pdf,High,2026-07-03
PRO_1670,EQU_1671,uses_material,0.5,False,"Периодичность измерений около 2 мин, выполнение при любых погодных условиях, значительной запыленности и загазованности.",Worldwide,,Confirmed,ГП № 4-2024.pdf,High,2026-07-03
PRO_1654,EQU_1675,uses_material,0.5,False,,Worldwide,,Confirmed,ГП № 4-2024.pdf,High,2026-07-03
PRO_1654,EQU_1676,uses_material,0.5,False,,Worldwide,,Confirmed,ГП № 4-2024.pdf,High,2026-07-03
TEC_1682,PRO_1681,used_for,0.5,False,,Worldwide,,Confirmed,ГП № 4-2024.pdf,High,2026-07-03
PRO_1681,EQU_1683,operates_on,0.5,False,,Worldwide,,Confirmed,ГП № 4-2024.pdf,High,2026-07-03
PRO_1684,EQU_1683,operates_at_condition,0.5,False,Внедрение технологий Индустрии 4.0,Worldwide,,Confirmed,ГП № 4-2024.pdf,High,2026-07-03
PRO_1681,EQU_1683,operates_at_condition,0.5,False,Внедрение технологий Индустрии 4.0,Worldwide,,Confirmed,ГП № 4-2024.pdf,High,2026-07-03
PUB_1685,PRO_1681,described_in,0.5,False,,Worldwide,,Confirmed,ГП № 4-2024.pdf,High,2026-07-03
PUB_1500,PRO_1681,described_in,0.5,False,,Worldwide,,Confirmed,ГП № 4-2024.pdf,High,2026-07-03
PRO_1681,EQU_1683,uses_material,0.5,False,,Worldwide,,Confirmed,ГП № 4-2024.pdf,High,2026-07-03
EXP_1686,EQU_1683,researched_by,0.5,False,,Worldwide,,Confirmed,ГП № 4-2024.pdf,High,2026-07-03
PRO_1681,EQU_1683,operates_at_condition,0.5,False,На основе технологий Индустрии 4.0,Worldwide,,Confirmed,ГП № 4-2024.pdf,High,2026-07-03
PRO_1681,PUB_1500,described_in,0.5,False,,,,Confirmed,ГП № 4-2024.pdf,High,2026-07-03
PRO_1687,EQU_1683,analyzes,0.5,False,,Worldwide,,Confirmed,ГП № 4-2024.pdf,High,2026-07-03
PRO_1688,EQU_1683,analyzes,0.5,False,,Worldwide,,Confirmed,ГП № 4-2024.pdf,High,2026-07-03
PRO_1689,EQU_1683,predicts,0.5,False,,Worldwide,,Confirmed,ГП № 4-2024.pdf,High,2026-07-03
PRO_1690,EQU_1683,predicts,0.5,False,,Worldwide,,Confirmed,ГП № 4-2024.pdf,High,2026-07-03
FAC_350,EQU_1691,produces_output,0.5,False,,Worldwide,,Confirmed,ГП № 4-2024.pdf,High,2026-07-03
EXP_1692,PUB_1500,described_in,0.5,False,,Worldwide,,Confirmed,ГП № 4-2024.pdf,High,2026-07-03
PUB_1395,EXP_1693,described_in,0.5,False,,Russia,,Confirmed,ГП № 4-2024.pdf,High,2026-07-03
PUB_895,PRO_1694,uses_material,0.5,False,,Worldwide,,Confirmed,ГП № 4-2024.pdf,High,2026-07-03
PRO_1694,EQU_1695,operates_at_condition,0.5,False,Для замера температуры и концентрации газов,Russia,,Confirmed,ГП № 4-2024.pdf,High,2026-07-03
EQU_1695,PRO_1559,produces_output,0.5,False,,Russia,,Confirmed,ГП № 4-2024.pdf,High,2026-07-03
EQU_1698,MAT_1702,operates_at_condition,0.5,False,Измерение температуры на поверхности отвала и в скважинах,Worldwide,,Confirmed,ГП № 4-2024.pdf,High,2026-07-03
EQU_1699,MAT_1702,operates_at_condition,0.5,False,Измерение температуры на поверхности отвала,Worldwide,,Confirmed,ГП № 4-2024.pdf,High,2026-07-03
EQU_1700,MAT_1702,operates_at_condition,0.5,False,Измерение температуры на поверхности отвала,Worldwide,,Confirmed,ГП № 4-2024.pdf,High,2026-07-03
EQU_1701,MAT_1702,operates_at_condition,0.5,False,Определение состава газов в скважинах,Worldwide,,Confirmed,ГП № 4-2024.pdf,High,2026-07-03
PRO_1694,PUB_895,uses_material,0.5,False,,Worldwide,,Confirmed,ГП № 4-2024.pdf,High,2026-07-03
EXP_1704,PRO_1694,researched_by,0.5,False,"Температура окружающего воздуха 0 °C, глубина скважин 2,5 м",Russia,Температура пород от +5 до +14 °C,Confirmed,ГП № 4-2024.pdf,High,2026-07-03
EQU_1703,PRO_1694,used_for,0.5,False,Температура пород от +5 до +14 °C,Russia,,Confirmed,ГП № 4-2024.pdf,High,2026-07-03
EXP_1706,FAC_1707,researched_by,0.5,False,,Russia,,Confirmed,ГП № 4-2024.pdf,High,2026-07-03
EXP_1706,EXP_1708,researched_by,0.5,False,,Russia,,Confirmed,ГП № 4-2024.pdf,High,2026-07-03
EXP_1706,PUB_1500,described_in,0.5,False,,Worldwide,,Confirmed,ГП № 4-2024.pdf,High,2026-07-03
PUB_895,PRO_1709,produces_output,0.5,False,,Worldwide,,Confirmed,ГП № 4-2024.pdf,High,2026-07-03
EXP_1711,PRO_1710,operates_at_condition,0.5,False,"Глубина до 2,5 м",Worldwide,Температура от +70 до +681 °С,Confirmed,ГП № 4-2024.pdf,High,2026-07-03
EXP_1711,PUB_895,researched_by,0.5,False,,Worldwide,,Confirmed,ГП № 4-2024.pdf,High,2026-07-03
PRO_1715,MAT_961,operates_at_condition,0.5,False,Активная циркуляция подземных вод,Russia,,Confirmed,ГП № 4-2024.pdf,High,2026-07-03
EXP_1716,PRO_1715,researched_by,0.5,False,,Russia,,Confirmed,ГП № 4-2024.pdf,High,2026-07-03
EQU_1718,FAC_1717,uses_material,0.5,False,,Russia,,Confirmed,ГП № 4-2024.pdf,High,2026-07-03
EQU_1720,FAC_1717,researched_by,0.5,False,,Russia,,Confirmed,ГП № 4-2024.pdf,High,2026-07-03
EXP_1723,FAC_1721,researched_by,0.5,False,,Russia,,Confirmed,ГП № 4-2024.pdf,High,2026-07-03
PRO_1715,MAT_1722,operates_at_condition,0.5,False,,Russia,,Confirmed,ГП № 4-2024.pdf,High,2026-07-03
FAC_1730,FAC_1733,operates_at_condition,0.5,False,"максимальная глубина провала 83 м, размеры 55х80 м",Russia,,Confirmed,ГП № 4-2024.pdf,High,2026-07-03
FAC_1730,FAC_1734,operates_at_condition,0.5,False,,Russia,,Confirmed,ГП № 4-2024.pdf,High,2026-07-03
FAC_1730,FAC_1735,operates_at_condition,0.5,False,,Russia,,Confirmed,ГП № 4-2024.pdf,High,2026-07-03
MAT_1737,PUB_1500,described_in,0.5,False,,Worldwide,,Unverified,ГП № 4-2024.pdf,High,2026-07-03
PRO_1738,MAT_424,produces_output,0.5,False,,Worldwide,,Unverified,ГП № 4-2024.pdf,High,2026-07-03
PRO_1740,MAT_1739,uses_material,0.5,False,,Worldwide,,Confirmed,ГП № 4-2024.pdf,High,2026-07-03
EXP_1741,MAT_1739,researched_by,0.5,False,,Worldwide,,Confirmed,ГП № 4-2024.pdf,High,2026-07-03
EXP_1743,EQU_1744,uses_material,0.5,False,,Worldwide,,Confirmed,ГП № 4-2024.pdf,High,2026-07-03
EXP_1743,PUB_1500,described_in,0.5,False,,Worldwide,,Confirmed,ГП № 4-2024.pdf,High,2026-07-03
PRO_1746,FAC_1745,researched_by,0.5,False,,Worldwide,,Unverified,ГП № 4-2024.pdf,High,2026-07-03
PUB_1500,MAT_1399,described_in,0.5,False,,Worldwide,,Confirmed,ГП № 4-2024.pdf,High,2026-07-03
PUB_1500,MAT_424,described_in,0.5,False,,Worldwide,,Confirmed,ГП № 4-2024.pdf,High,2026-07-03
PRO_1740,EQU_1748,uses_material,0.5,False,"сеть 20×20 м, 10 профилей, 66 разведочных скважин",Worldwide,,Confirmed,ГП № 4-2024.pdf,High,2026-07-03
EQU_1748,MAT_424,produces_output,0.5,False,отбор керновых проб в 1 пог. м и аналитические работы на золото,Worldwide,"определение до 0,05 г/т",Confirmed,ГП № 4-2024.pdf,High,2026-07-03
PRO_1759,EQU_1760,uses_material,0.5,False,,Worldwide,,Confirmed,ГП № 4-2024.pdf,High,2026-07-03
PRO_1759,PRO_1761,produces_output,0.5,False,При смещении соседних точек массива,Worldwide,0 до предельного значения,Confirmed,ГП № 4-2024.pdf,High,2026-07-03
PRO_12,EQU_8,uses_material,0.5,False,,Russia,,Confirmed,ГП № 4-2024.pdf,High,2026-07-03
PUB_1762,PRO_12,described_in,0.5,False,,Russia,,Confirmed,ГП № 4-2024.pdf,High,2026-07-03
MAT_1763,PRO_1496,operates_at_condition,0.5,False,"Временной промежуток после завершения детонации заряда (0,003 с) и прохождения первичной волны.",Russia,,Unverified,ГП № 4-2024.pdf,High,2026-07-03
PRO_1496,PRO_1764,produces_output,0.5,False,"Уровни деформации от 10–4 до 0,001.",Russia,"от 10–4 до 0,001",Unverified,ГП № 4-2024.pdf,High,2026-07-03
PRO_1765,MAT_1766,uses_material,0.5,False,Мощность пород увеличена до 150 м для исключения влияния граничных условий,Worldwide,,Unverified,ГП № 4-2024.pdf,High,2026-07-03
PRO_1765,MAT_1767,uses_material,0.5,False,Породы разбиты на отдельные объемы для моделирования циклов отработки,Worldwide,,Unverified,ГП № 4-2024.pdf,High,2026-07-03
PRO_1768,EQU_1769,uses_material,0.5,False,,Worldwide,,Confirmed,ГП № 4-2024.pdf,High,2026-07-03
PRO_1768,EQU_8,uses_material,0.5,False,,Worldwide,,Confirmed,ГП № 4-2024.pdf,High,2026-07-03
EQU_8,FAC_1770,researched_by,0.5,False,Снижение скорости подвигания очистного забоя лавы №807 угольного пласта Полысаевский-2,Russia,,Confirmed,ГП № 4-2024.pdf,High,2026-07-03
PRO_1772,PRO_1771,operates_at_condition,0.5,False,Перераспределение напряжения в горном массиве,Worldwide,,Confirmed,ГП № 4-2024.pdf,High,2026-07-03
EQU_8,EXP_1773,used_in,0.5,False,,Worldwide,,Confirmed,ГП № 4-2024.pdf,High,2026-07-03
EQU_8,PRO_1774,researched_by,0.5,False,,Worldwide,,Confirmed,ГП № 4-2024.pdf,High,2026-07-03
PRO_12,EQU_8,uses_material,0.5,False,,Worldwide,,Confirmed,ГП № 4-2024.pdf,High,2026-07-03
EQU_1776,PRO_1775,researched_by,0.5,False,,Worldwide,,Unverified,ГП № 4-2024.pdf,High,2026-07-03
PUB_1395,PRO_1775,described_in,0.5,False,,Worldwide,,Confirmed,ГП № 4-2024.pdf,High,2026-07-03
FAC_1778,EQU_1779,uses_material,0.5,False,,Russia,,Confirmed,ГП № 4-2024.pdf,High,2026-07-03
FAC_1780,PRO_1781,researched_by,0.5,False,,Worldwide,,Unverified,ГП № 4-2024.pdf,High,2026-07-03
FAC_1780,EQU_1782,uses_material,0.5,False,,Worldwide,,Unverified,ГП № 4-2024.pdf,High,2026-07-03
PRO_1783,FAC_1778,researched_by,0.5,False,В контексте цифровой трансформации горных работ,Russia,,Unverified,ГП № 4-2024.pdf,High,2026-07-03
PRO_1775,FAC_1778,produces_output,0.5,False,Создание и внедрение удалённых центров управления как часть цифровой трансформации,Russia,,Unverified,ГП № 4-2024.pdf,High,2026-07-03
EQU_1788,PRO_1789,uses_material,0.5,False,,Worldwide,,Unverified,ГП № 4-2024.pdf,High,2026-07-03
EQU_1788,FAC_1790,operates_at_condition,0.5,False,Наличие высокоскоростных и надежных каналов связи,Worldwide,,Unverified,ГП № 4-2024.pdf,High,2026-07-03
PRO_1791,EQU_704,uses_material,0.5,False,Для роботизированной и дистанционно-управляемой техники,Worldwide,,Unverified,ГП № 4-2024.pdf,High,2026-07-03
PRO_1791,FAC_1778,produces_output,0.5,False,Создание инфраструктуры для удалённого управления,Worldwide,,Unverified,ГП № 4-2024.pdf,High,2026-07-03
FAC_1793,FAC_1792,researched_by,0.5,False,,Russia,,Confirmed,ГП № 4-2024.pdf,High,2026-07-03
FAC_1794,FAC_1796,operates_at_condition,0.5,False,,Russia,,Confirmed,ГП № 4-2024.pdf,High,2026-07-03
ORG_1795,FAC_1796,uses_material,0.5,False,,Russia,,Confirmed,ГП № 4-2024.pdf,High,2026-07-03
EQU_1798,FAC_1799,operates_at_condition,0.5,False,Для оптимизации работы горного предприятия,Russia,,Confirmed,ГП № 4-2024.pdf,High,2026-07-03
PRO_1797,FAC_1799,uses_material,0.5,False,,Russia,,Confirmed,ГП № 4-2024.pdf,High,2026-07-03
FAC_1800,EQU_1801,uses_material,0.5,False,,Russia,,Confirmed,ГП № 4-2024.pdf,High,2026-07-03
EQU_1801,PRO_1802,operates_at_condition,0.5,False,Для анализа данных о горнотехнической системе,Russia,,Confirmed,ГП № 4-2024.pdf,High,2026-07-03
EQU_1808,PRO_1807,uses_material,0.5,False,,Worldwide,,Unverified,ГП № 5-2024.pdf,High,2026-07-03
EQU_1809,PRO_1810,uses_material,0.5,False,Для анализа данных о шинах,Worldwide,,Confirmed,ГП № 5-2024.pdf,High,2026-07-03
EQU_1816,PRO_1817,uses_material,0.5,False,,Russia,,Confirmed,ГП № 5-2024.pdf,High,2026-07-03
PUB_1818,FAC_1819,researched_by,0.5,False,,Russia,,Unverified,ГП № 5-2024.pdf,High,2026-07-03
PUB_1818,MAT_1820,uses_material,0.5,False,,Russia,,Unverified,ГП № 5-2024.pdf,High,2026-07-03
MAT_1821,PRO_1822,uses_material,0.5,False,,Worldwide,,Unverified,ГП № 5-2024.pdf,High,2026-07-03
EQU_1823,PRO_1822,operates_at_condition,0.5,False,,Worldwide,,Unverified,ГП № 5-2024.pdf,High,2026-07-03
PRO_1825,MAT_1824,produces_output,0.5,False,"Температура в топке: 250 °C, нагрузка слоя: 17–18 т/ч, температура выходящих газов: 80 °C, расход газа: 80–90 м³/ч",Worldwide,,Unverified,ГП № 5-2024.pdf,High,2026-07-03
PRO_1825,EQU_1826,uses_material,0.5,False,,Worldwide,,Unverified,ГП № 5-2024.pdf,High,2026-07-03
COM_1827,EQU_1828,provides,0.5,False,,Russia,,Confirmed,ГП № 5-2024.pdf,High,2026-07-03
COM_1827,EQU_1829,provides,0.5,False,,Russia,,Confirmed,ГП № 5-2024.pdf,High,2026-07-03
MAT_1820,PRO_1830,uses_material,0.5,False,,Russia,,Confirmed,ГП № 5-2024.pdf,High,2026-07-03
PRO_1830,EQU_1831,operates_at_condition,0.5,False,,Russia,,Confirmed,ГП № 5-2024.pdf,High,2026-07-03
MAT_1832,PRO_1833,uses_material,0.5,False,,Russia,,Confirmed,ГП № 5-2024.pdf,High,2026-07-03
PRO_1833,EQU_1834,operates_at_condition,0.5,False,,Russia,,Confirmed,ГП № 5-2024.pdf,High,2026-07-03
PRO_1833,PRO_1835,produces_output,0.5,False,,Russia,,Confirmed,ГП № 5-2024.pdf,High,2026-07-03
EXP_1836,PRO_1833,validated_by,0.5,False,,Russia,,Confirmed,ГП № 5-2024.pdf,High,2026-07-03
FAC_197,EQU_1839,uses_material,0.5,False,,Russia,,Confirmed,ГП № 5-2024.pdf,High,2026-07-03
EQU_1840,MAT_1841,uses_material,0.5,False,жёсткие условия эксплуатации,Worldwide,,Confirmed,ГП № 5-2024.pdf,High,2026-07-03
PRO_1842,MAT_1841,operates_at_condition,0.5,False,,Worldwide,,Confirmed,ГП № 5-2024.pdf,High,2026-07-03
MAT_1841,PRO_1843,produces_output,0.5,False,,Worldwide,,Confirmed,ГП № 5-2024.pdf,High,2026-07-03
PRO_1845,EQU_1844,uses_material,0.5,False,,Russia,,Confirmed,ГП № 5-2024.pdf,High,2026-07-03
FAC_1851,MAT_1852,uses_material,0.5,False,,Russia,,Confirmed,ГП № 5-2024.pdf,High,2026-07-03
MAT_1853,PRO_1854,uses_material,0.5,False,,Worldwide,,Confirmed,ГП № 5-2024.pdf,High,2026-07-03
MAT_1853,EQU_1855,operates_at_condition,0.5,False,,Worldwide,,Confirmed,ГП № 5-2024.pdf,High,2026-07-03
FAC_1856,PUB_1857,described_in,0.5,False,,Russia,,Confirmed,ГП № 5-2024.pdf,High,2026-07-03
EQU_1849,MAT_1846,uses_material,0.5,False,,Worldwide,,Confirmed,ГП № 5-2024.pdf,High,2026-07-03
EQU_1849,PRO_1858,operates_at_condition,0.5,False,,Worldwide,,Confirmed,ГП № 5-2024.pdf,High,2026-07-03
MAT_1846,PRO_1859,produces_output,0.5,False,58–62 HRC,Worldwide,,Confirmed,ГП № 5-2024.pdf,High,2026-07-03
PRO_1861,MAT_1863,produces_output,0.5,False,,Worldwide,,Confirmed,ГП № 5-2024.pdf,High,2026-07-03
EQU_1862,MAT_1863,uses_material,0.5,False,,Russia,,Confirmed,ГП № 5-2024.pdf,High,2026-07-03
PRO_1573,MAT_961,uses_material,0.5,False,,Worldwide,,Confirmed,ГП № 5-2024.pdf,High,2026-07-03
PRO_1573,PRO_1868,operates_at_condition,0.5,False,,Worldwide,,Confirmed,ГП № 5-2024.pdf,High,2026-07-03
EXP_1876,PUB_1875,researched_by,0.5,False,,Russia,,Confirmed,ГП № 5-2024.pdf,High,2026-07-03
PRO_1878,EQU_1880,uses_material,0.5,False,,Worldwide,,Confirmed,ГП № 5-2024.pdf,High,2026-07-03
PRO_1879,EQU_1880,uses_material,0.5,False,,Worldwide,,Confirmed,ГП № 5-2024.pdf,High,2026-07-03
PRO_1573,MAT_1881,operates_at_condition,0.5,False,Прочностные свойства породы,Worldwide,,Confirmed,ГП № 5-2024.pdf,High,2026-07-03
PRO_1573,MAT_1882,uses_material,0.5,False,,Worldwide,,Confirmed,ГП № 5-2024.pdf,High,2026-07-03
EQU_1883,MAT_1882,validated_by,0.5,False,Методы короткого замыкания и импульсной рефлектометрии,Worldwide,,Confirmed,ГП № 5-2024.pdf,High,2026-07-03
PRO_1884,MAT_961,operates_at_condition,0.5,False,,Worldwide,,Confirmed,ГП № 5-2024.pdf,High,2026-07-03
PRO_1885,MAT_961,researched_by,0.5,False,,Worldwide,,Confirmed,ГП № 5-2024.pdf,High,2026-07-03
MAT_1888,EXP_1890,uses_material,0.5,False,,Worldwide,,Confirmed,ГП № 5-2024.pdf,High,2026-07-03
EQU_1892,EQU_1880,operates_at_condition,0.5,False,Персональные компьютеры,Russia,1990-е годы,Confirmed,ГП № 5-2024.pdf,High,2026-07-03
ORG_1897,ORG_1898,researched_by,0.5,False,,Russia,,Confirmed,ГП № 5-2024.pdf,High,2026-07-03
ORG_1897,FAC_1328,uses_material,0.5,False,,Russia,,Confirmed,ГП № 5-2024.pdf,High,2026-07-03
EXP_1902,FAC_1900,researched_by,0.5,False,,Russia,,Confirmed,ГП № 5-2024.pdf,High,2026-07-03
EXP_1903,FAC_1900,researched_by,0.5,False,,Russia,,Confirmed,ГП № 5-2024.pdf,High,2026-07-03
FAC_1904,PRO_1905,researched_by,0.5,False,,Russia,,Confirmed,ГП № 5-2024.pdf,High,2026-07-03
FAC_1904,PRO_1906,researched_by,0.5,False,,Russia,,Confirmed,ГП № 5-2024.pdf,High,2026-07-03
PRO_1911,EXP_1913,described_in,0.5,False,"Горизонтальные напряжения не превышают 4,0–6,0 МПа, вертикальные – 3,0–5,0 МПа",Worldwide,,Confirmed,ГП № 5-2024.pdf,High,2026-07-03
PRO_1912,EXP_1913,described_in,0.5,False,"Горизонтальные напряжения снижаются с 12,0–15,0 МПа до 4,0–8,0 МПа, вертикальные – с 6,0 до 3,0–4,0 МПа",Worldwide,,Confirmed,ГП № 5-2024.pdf,High,2026-07-03
PRO_1916,MAT_1399,uses_material,0.5,False,,Worldwide,,Unverified,ГП № 5-2024.pdf,High,2026-07-03
PRO_1914,MAT_1399,uses_material,0.5,False,При наличии железобетонного перекрытия,Worldwide,,Confirmed,ГП № 5-2024.pdf,High,2026-07-03
PRO_1915,MAT_1399,uses_material,0.5,False,При отведении воды из подземных выработок,Worldwide,,Confirmed,ГП № 5-2024.pdf,High,2026-07-03
PRO_1920,EQU_1921,uses_material,0.5,False,,Worldwide,,Confirmed,ГП № 5-2024.pdf,High,2026-07-03
PRO_1920,MAT_1922,operates_at_condition,0.5,False,В зоне многолетней мерзлоты,Worldwide,,Confirmed,ГП № 5-2024.pdf,High,2026-07-03
PRO_1920,MAT_1923,operates_at_condition,0.5,False,"В массиве, сложенном мерзлыми рудами и породами повышенной прочности и устойчивости",Worldwide,,Confirmed,ГП № 5-2024.pdf,High,2026-07-03
EXP_1926,PUB_1925,researched_by,0.5,False,,Russia,,Confirmed,ГП № 5-2024.pdf,High,2026-07-03
EQU_1928,FAC_1927,produces_output,0.5,False,Период переработки от 50 до 100 лет,Russia,,Confirmed,ГП № 5-2024.pdf,High,2026-07-03
PRO_1929,PRO_1930,researched_by,0.5,False,,Worldwide,,Confirmed,ГП № 5-2024.pdf,High,2026-07-03
PRO_1929,PRO_1931,researched_by,0.5,False,,Worldwide,,Confirmed,ГП № 5-2024.pdf,High,2026-07-03
PRO_1929,PRO_1932,uses_material,0.5,False,,Worldwide,,Confirmed,ГП № 5-2024.pdf,High,2026-07-03
PRO_1153,MAT_1936,uses_material,0.5,False,,Russia,,Confirmed,ГП № 5-2024.pdf,High,2026-07-03
PUB_1935,PRO_1153,described_in,0.5,False,,Russia,,Confirmed,ГП № 5-2024.pdf,High,2026-07-03
PRO_1153,MAT_1937,uses_material,0.5,False,,Russia,,Confirmed,ГП № 5-2024.pdf,High,2026-07-03
MAT_1937,FAC_369,produces_output,0.5,False,для складирования,Russia,,Confirmed,ГП № 5-2024.pdf,High,2026-07-03
PRO_1153,MAT_1938,produces_output,0.5,False,"применение гидролизных технологий, инновационных технологий",Russia,,Confirmed,ГП № 5-2024.pdf,High,2026-07-03
FAC_1939,PRO_1153,uses_material,0.5,False,обмен ресурсами между предприятиями,Russia,,Confirmed,ГП № 5-2024.pdf,High,2026-07-03
FAC_1940,PRO_1153,uses_material,0.5,False,,Worldwide,,Unverified,ГП № 5-2024.pdf,High,2026-07-03
PRO_1153,MAT_1941,produces_output,0.5,False,,Worldwide,,Confirmed,ГП № 5-2024.pdf,High,2026-07-03
EXP_1942,PUB_1899,researched_by,0.5,False,,Russia,,Confirmed,ГП № 5-2024.pdf,High,2026-07-03
EXP_1943,PUB_1899,researched_by,0.5,False,,Russia,,Confirmed,ГП № 5-2024.pdf,High,2026-07-03
EXP_1944,PUB_1899,researched_by,0.5,False,,Russia,,Confirmed,ГП № 5-2024.pdf,High,2026-07-03
EXP_1945,FAC_1946,operates_at_condition,0.5,False,Глубина карьера: 0-450 м,Russia,,Confirmed,ГП № 5-2024.pdf,High,2026-07-03
EXP_1945,PUB_1947,described_in,0.5,False,,Russia,,Confirmed,ГП № 5-2024.pdf,High,2026-07-03
PRO_1573,FAC_1623,operates_at_condition,0.5,False,"Разделение на три области по глубине: верхняя (+300 м / +100 м), средняя (+100 м / –100 м), нижняя (–100 м / –300 м)",Worldwide,,Unverified,ГП № 5-2024.pdf,High,2026-07-03
PRO_1573,EQU_1948,uses_material,0.5,False,,Worldwide,,Confirmed,ГП № 5-2024.pdf,High,2026-07-03
PRO_1573,PRO_1949,produces_output,0.5,False,При производстве массовых взрывов,Worldwide,Ширина зоны может достигать нескольких десятков метров,Confirmed,ГП № 5-2024.pdf,High,2026-07-03
PRO_1573,EQU_1950,uses_material,0.5,False,,Worldwide,,Confirmed,ГП № 5-2024.pdf,High,2026-07-03
PRO_1573,PRO_1951,researched_by,0.5,False,,Worldwide,,Confirmed,ГП № 5-2024.pdf,High,2026-07-03
PRO_1573,PRO_1952,researched_by,0.5,False,,Russia,,Confirmed,ГП № 5-2024.pdf,High,2026-07-03
PRO_1573,MAT_1953,uses_material,0.5,False,,Worldwide,,Confirmed,ГП № 5-2024.pdf,High,2026-07-03
PRO_1573,MAT_1954,uses_material,0.5,False,,Worldwide,,Confirmed,ГП № 5-2024.pdf,High,2026-07-03
EXP_1956,FAC_1957,researched_by,0.5,False,,Russia,,Confirmed,ГП № 5-2024.pdf,High,2026-07-03
PRO_1496,MAT_1881,uses_material,0.5,False,,Worldwide,,Confirmed,ГП № 5-2024.pdf,High,2026-07-03
EQU_1958,PRO_1496,validated_by,0.5,False,,Worldwide,,Confirmed,ГП № 5-2024.pdf,High,2026-07-03
PRO_1496,PRO_1959,operates_at_condition,0.5,False,,Worldwide,,Confirmed,ГП № 5-2024.pdf,High,2026-07-03
EXP_1960,PRO_1496,described_in,0.5,False,,Worldwide,,Confirmed,ГП № 5-2024.pdf,High,2026-07-03
PRO_1961,PRO_1949,produces_output,0.5,False,,Worldwide,,Confirmed,ГП № 5-2024.pdf,High,2026-07-03
EXP_1962,PRO_1949,researched_by,0.5,False,,Russia,,Confirmed,ГП № 5-2024.pdf,High,2026-07-03
EXP_1970,PUB_1969,researched_by,0.5,False,,Russia,,Confirmed,ГП № 5-2024.pdf,High,2026-07-03
EXP_1971,PUB_1899,researched_by,0.5,False,,Russia,,Confirmed,ГП № 5-2024.pdf,High,2026-07-03
EXP_1973,PUB_1972,described_in,0.5,False,,Russia,,Confirmed,ГП № 5-2024.pdf,High,2026-07-03
EXP_1975,PUB_1974,researched_by,0.5,False,,Russia,,Confirmed,ГП № 5-2024.pdf,High,2026-07-03
EXP_1978,PUB_1972,described_in,0.5,False,,Russia,,Confirmed,ГП № 5-2024.pdf,High,2026-07-03
EXP_1979,PUB_1972,described_in,0.5,False,,Russia,,Confirmed,ГП № 5-2024.pdf,High,2026-07-03
PUB_1981,PRO_1980,described_in,0.5,False,,Туркменистан,,Confirmed,ГП № 5-2024.pdf,High,2026-07-03
EXP_1984,PRO_1982,researched_by,0.5,False,,Worldwide,,Confirmed,ГП № 5-2024.pdf,High,2026-07-03
EXP_1984,PRO_1983,researched_by,0.5,False,,Worldwide,,Confirmed,ГП № 5-2024.pdf,High,2026-07-03
PUB_1899,PRO_1985,described_in,0.5,False,,Worldwide,,Confirmed,ГП № 5-2024.pdf,High,2026-07-03
PUB_1899,PRO_1986,described_in,0.5,False,,Worldwide,,Confirmed,ГП № 5-2024.pdf,High,2026-07-03
PUB_1899,PRO_1987,described_in,0.5,False,,Worldwide,,Confirmed,ГП № 5-2024.pdf,High,2026-07-03
PUB_1899,PRO_1988,described_in,0.5,False,,Worldwide,,Confirmed,ГП № 5-2024.pdf,High,2026-07-03
PUB_1899,PRO_1989,described_in,0.5,False,,Worldwide,,Confirmed,ГП № 5-2024.pdf,High,2026-07-03
PUB_1899,PRO_1990,described_in,0.5,False,,Worldwide,,Confirmed,ГП № 5-2024.pdf,High,2026-07-03
PRO_1991,PUB_1899,described_in,0.5,False,,Turkmenistan,,Confirmed,ГП № 5-2024.pdf,High,2026-07-03
PRO_1983,PUB_1899,researched_by,0.5,False,,Turkmenistan,,Confirmed,ГП № 5-2024.pdf,High,2026-07-03
PRO_1992,EQU_1993,uses_material,0.5,False,,Туркменистан,,Confirmed,ГП № 5-2024.pdf,High,2026-07-03
PRO_1992,PRO_1994,operates_at_condition,0.5,False,Влияние на потенциал добычи нефти,Туркменистан,,Confirmed,ГП № 5-2024.pdf,High,2026-07-03
PRO_1992,PRO_1995,operates_at_condition,0.5,False,Влияние на потенциал добычи нефти,Туркменистан,,Confirmed,ГП № 5-2024.pdf,High,2026-07-03
PRO_1996,PRO_1983,uses_material,0.5,False,,Worldwide,,Confirmed,ГП № 5-2024.pdf,High,2026-07-03
PRO_1996,PRO_1982,uses_material,0.5,False,,Worldwide,,Partially_Confirmed,ГП № 5-2024.pdf,High,2026-07-03
EQU_2005,MAT_273,operates_at_condition,0.5,False,влажное экскавированное торфяное сырьё,Worldwide,,Confirmed,ГП № 5-2024.pdf,High,2026-07-03
PRO_2009,EQU_2010,uses_material,0.5,False,,Worldwide,,Confirmed,ГП № 5-2024.pdf,High,2026-07-03
PRO_2009,EQU_2011,uses_material,0.5,False,,Worldwide,,Confirmed,ГП № 5-2024.pdf,High,2026-07-03
EQU_2005,FAC_2013,operates_at_condition,0.5,False,Стационарное или мобильное размещение,Worldwide,,Confirmed,ГП № 5-2024.pdf,High,2026-07-03
EQU_2005,PRO_2012,produces_output,0.5,False,,Worldwide,,Confirmed,ГП № 5-2024.pdf,High,2026-07-03
EQU_2015,EQU_2005,uses_material,0.5,False,,Worldwide,,Unverified,ГП № 5-2024.pdf,High,2026-07-03
PUB_2024,PRO_2025,described_in,0.5,False,,Russia,,Confirmed,ГП № 5-2024.pdf,High,2026-07-03
FAC_2026,EQU_2020,uses_material,0.5,False,,Russia,,Confirmed,ГП № 5-2024.pdf,High,2026-07-03
EQU_2020,PUB_1899,described_in,0.5,False,,Russia,,Confirmed,ГП № 5-2024.pdf,High,2026-07-03
EQU_2020,PRO_2032,produces_output,0.5,False,При длительном использовании,Worldwide,"Рост производительности труда на 15–25%, сокращение удельных затрат на 10–18%, снижение травматизма и аварийности на 20–60%",Confirmed,ГП № 5-2024.pdf,High,2026-07-03
FAC_2033,EQU_2020,uses_material,0.5,False,,Russia,,Confirmed,ГП № 5-2024.pdf,High,2026-07-03
ORG_1897,EQU_2020,uses_material,0.5,False,,Worldwide,,Confirmed,ГП № 5-2024.pdf,High,2026-07-03
FAC_2034,EQU_2020,uses_material,0.5,False,на базе технологий AI и IoT,Russia,,Confirmed,ГП № 5-2024.pdf,High,2026-07-03
FAC_2035,EQU_2020,uses_material,0.5,False,"интеллектуальный карьер, беспилотные самосвалы, системы диспетчеризации в реальном времени",Russia,,Confirmed,ГП № 5-2024.pdf,High,2026-07-03
PUB_2036,FAC_2037,described_in,0.5,False,,Russia,,Confirmed,ГП № 5-2024.pdf,High,2026-07-03
FAC_2043,MAT_2044,uses_material,0.5,False,,Russia,,Confirmed,ГП № 5-2024.pdf,High,2026-07-03
PRO_2045,PRO_2046,produces_output,0.5,False,при переходе на глубокие горизонты,Russia,,Confirmed,ГП № 5-2024.pdf,High,2026-07-03
EXP_2048,FAC_2049,operates_at_condition,0.5,False,Размер участка: 1750 м x 2000 м x 340 м,Russia,,Confirmed,ГП № 5-2024.pdf,High,2026-07-03
PRO_2047,FAC_2049,uses_material,0.5,False,,Russia,,Confirmed,ГП № 5-2024.pdf,High,2026-07-03
PRO_2045,PRO_2050,operates_at_condition,0.5,False,Развитие горных работ от центра к флангам сопровождается изменением сейсмической активности.,Russia,,Confirmed,ГП № 5-2024.pdf,High,2026-07-03
PRO_2045,FAC_2038,produces_output,0.5,False,Горные работы проводятся на территории Саамского карьера.,Russia,,Confirmed,ГП № 5-2024.pdf,High,2026-07-03
PRO_2051,EXP_2052,operates_at_condition,0.5,False,"Горизонты +250 м, +170 м, +90 м",Worldwide,,Confirmed,ГП № 5-2024.pdf,High,2026-07-03
FAC_2038,EXP_2052,researched_by,0.5,False,,Worldwide,,Confirmed,ГП № 5-2024.pdf,High,2026-07-03
PRO_2053,FAC_2054,operates_at_condition,0.5,False,Горизонты +170 м и +90 м,Russia,,Confirmed,ГП № 5-2024.pdf,High,2026-07-03
EXP_2055,EQU_2056,uses_material,0.5,False,,Worldwide,,Confirmed,ГП № 5-2024.pdf,High,2026-07-03
EQU_2063,PRO_2062,uses_material,0.5,False,,Russia,,Confirmed,ГП № 5-2024.pdf,High,2026-07-03
PRO_2062,FAC_1721,operates_at_condition,0.5,False,Период мониторинга с 18 мая 2019 г. по 1 июня 2023 г.,Russia,,Confirmed,ГП № 5-2024.pdf,High,2026-07-03
FAC_1717,EQU_2064,uses_material,0.5,False,,Russia,,Confirmed,ГП № 5-2024.pdf,High,2026-07-03
FAC_1717,EQU_1718,uses_material,0.5,False,,Russia,,Confirmed,ГП № 5-2024.pdf,High,2026-07-03
PRO_1715,EQU_2065,uses_material,0.5,False,,Russia,,Confirmed,ГП № 5-2024.pdf,High,2026-07-03
PRO_1715,EQU_1718,uses_material,0.5,False,,Russia,,Confirmed,ГП № 5-2024.pdf,High,2026-07-03
EQU_1718,FAC_1717,researched_by,0.5,False,,Russia,,Confirmed,ГП № 5-2024.pdf,High,2026-07-03
EXP_2066,EQU_1718,uses_material,0.5,False,,Russia,,Confirmed,ГП № 5-2024.pdf,High,2026-07-03
EXP_2066,FAC_2067,operates_at_condition,0.5,False,Четырехлетний период мониторинга,Russia,,Confirmed,ГП № 5-2024.pdf,High,2026-07-03
EXP_1708,PUB_2061,researched_by,0.5,False,,Russia,,Confirmed,ГП № 5-2024.pdf,High,2026-07-03
EQU_1720,PUB_2061,uses_material,0.5,False,,Russia,,Confirmed,ГП № 5-2024.pdf,High,2026-07-03
EXP_1708,FAC_2068,researched_by,0.5,False,,Russia,,Confirmed,ГП № 5-2024.pdf,High,2026-07-03
EQU_2071,PRO_2072,uses_material,0.5,False,,Russia,,Confirmed,ГП № 5-2024.pdf,High,2026-07-03
EQU_806,PRO_2074,researched_by,0.5,False,Для оценки технического состояния и структуры материала трубопроводов,Worldwide,,Confirmed,ГП № 5-2024.pdf,High,2026-07-03
PRO_2074,MAT_2075,operates_at_condition,0.5,False,Анализ распространения колебаний внутри конструкции,Worldwide,,Confirmed,ГП № 5-2024.pdf,High,2026-07-03
EQU_2071,MAT_2077,uses_material,0.5,False,,Russia,,Confirmed,ГП № 5-2024.pdf,High,2026-07-03
EQU_2071,PRO_2076,operates_at_condition,0.5,False,для анализа технического состояния трубопроводов,Russia,,Confirmed,ГП № 5-2024.pdf,High,2026-07-03
MAT_2078,PRO_2080,uses_material,0.5,False,,Worldwide,,Confirmed,ГП № 5-2024.pdf,High,2026-07-03
MAT_2079,PRO_2080,uses_material,0.5,False,,Worldwide,,Confirmed,ГП № 5-2024.pdf,High,2026-07-03
EQU_2081,PRO_2080,operates_at_condition,0.5,False,,Worldwide,,Confirmed,ГП № 5-2024.pdf,High,2026-07-03
PRO_2080,EQU_2071,uses_material,0.5,False,,Worldwide,,Confirmed,ГП № 5-2024.pdf,High,2026-07-03
FAC_2089,PRO_2090,operates_at_condition,0.5,False,Глубина разработки более 1000 м,Russia,,Confirmed,ГП № 5-2024.pdf,High,2026-07-03
PRO_2090,EQU_2091,uses_material,0.5,False,,Russia,,Confirmed,ГП № 5-2024.pdf,High,2026-07-03
EQU_2096,EXP_2097,used_in,0.5,False,,Worldwide,,Confirmed,ГП № 5-2024.pdf,High,2026-07-03
EXP_2097,PRO_2098,produces_output,0.5,False,"Диапазон от 2 до 5,8 км/с",Worldwide,2-5.8 км/с,Confirmed,ГП № 5-2024.pdf,High,2026-07-03
EQU_2100,PUB_2099,described_in,0.5,False,,Узбекистан,,Confirmed,ГП № 5-2024.pdf,High,2026-07-03
EXP_2101,PUB_1899,described_in,0.5,False,,Worldwide,,Confirmed,ГП № 5-2024.pdf,High,2026-07-03
EXP_2101,PRO_12,validated_by,0.5,False,,Worldwide,,Confirmed,ГП № 5-2024.pdf,High,2026-07-03
PRO_2090,EQU_2096,uses_material,0.5,False,Для обеспечения ведущихся горных работ прогнозом геомеханического состояния массива пород,Russia,,Confirmed,ГП № 5-2024.pdf,High,2026-07-03
PRO_2090,PRO_2094,uses_material,0.5,False,Для обеспечения ведущихся горных работ прогнозом геомеханического состояния массива пород,Russia,,Confirmed,ГП № 5-2024.pdf,High,2026-07-03
PRO_2090,PRO_2095,uses_material,0.5,False,Для обеспечения ведущихся горных работ прогнозом геомеханического состояния массива пород,Russia,,Confirmed,ГП № 5-2024.pdf,High,2026-07-03
FAC_2103,EQU_2106,operates_at_condition,0.5,False,"Высота уступов 15 м, ширина рабочей площадки 50 м при погрузке на железнодорожный транспорт и 40 м при погрузке в автосамосвалы",Uzbekistan,,Confirmed,ГП № 5-2024.pdf,High,2026-07-03
FAC_2104,EQU_2106,operates_at_condition,0.5,False,,Uzbekistan,,Confirmed,ГП № 5-2024.pdf,High,2026-07-03
FAC_2105,EQU_2106,operates_at_condition,0.5,False,,Uzbekistan,,Confirmed,ГП № 5-2024.pdf,High,2026-07-03
EQU_1344,PRO_2115,operates_at_condition,0.5,False,"Горно-геологические и горнотехнические условия, качество подготовки забоя и горной массы, эргатический фактор управления, техническое обслуживание и ремонт",Worldwide,,Confirmed,ГП № 5-2024.pdf,High,2026-07-03
PRO_2116,PRO_2115,influences,0.5,False,,Worldwide,,Confirmed,ГП № 5-2024.pdf,High,2026-07-03
EQU_2100,PRO_2117,operates_at_condition,0.5,False,Фактические условия эксплуатации,Узбекистан,,Confirmed,ГП № 5-2024.pdf,High,2026-07-03
PRO_2124,MAT_2123,operates_at_condition,0.5,False,,Russia,,Confirmed,ГП № 5-2024.pdf,High,2026-07-03
EXP_2125,PRO_2126,researched_by,0.5,False,,Russia,,Confirmed,ГП № 5-2024.pdf,High,2026-07-03
EXP_2125,PRO_2127,produces_output,0.5,False,,Russia,,Confirmed,ГП № 5-2024.pdf,High,2026-07-03
PRO_2127,EQU_2128,uses_material,0.5,False,При длине разгрузочных скважин 30 м,Russia,Длина скважин: 30 м,Confirmed,ГП № 5-2024.pdf,High,2026-07-03
PUB_895,PRO_2129,operates_at_condition,0.5,False,"фациальные условия, структурно-вещественный состав",Worldwide,,Confirmed,ГП № 5-2024.pdf,High,2026-07-03
EQU_2130,PUB_895,uses_material,0.5,False,,Worldwide,,Confirmed,ГП № 5-2024.pdf,High,2026-07-03
PRO_2131,MAT_2123,operates_at_condition,0.5,False,В условиях подземной горной выработки,Worldwide,,Confirmed,ГП № 5-2024.pdf,High,2026-07-03
EXP_2132,MAT_2123,uses_material,0.5,False,При проведении монтажной камеры,Worldwide,,Confirmed,ГП № 5-2024.pdf,High,2026-07-03
PRO_2133,MAT_2123,uses_material,0.5,False,,Worldwide,,Unverified,ГП № 5-2024.pdf,High,2026-07-03
PRO_2133,EQU_2134,uses_equipment,0.5,False,Используется для извлечения метана из угольного пласта,Worldwide,,Unverified,ГП № 5-2024.pdf,High,2026-07-03
MAT_2123,PRO_2135,operates_at_condition,0.5,False,"Состояние угольного пласта, при котором вероятность газодинамических явлений минимальна",Worldwide,,Unverified,ГП № 5-2024.pdf,High,2026-07-03
EXP_2136,MAT_2123,researched_by,0.5,False,,Worldwide,,Unverified,ГП № 5-2024.pdf,High,2026-07-03
EQU_2138,PRO_2137,uses_material,0.5,False,Длина скважин 10-20 м,Worldwide,,Confirmed,ГП № 5-2024.pdf,High,2026-07-03
EXP_2140,PRO_2137,researched_by,0.5,False,,Worldwide,,Confirmed,ГП № 5-2024.pdf,High,2026-07-03
PRO_2145,EQU_2128,uses_material,0.5,False,,Worldwide,,Confirmed,ГП № 5-2024.pdf,High,2026-07-03
PRO_2145,PRO_2144,operates_at_condition,0.5,False,При длине разгрузочных скважин 30 м,Worldwide,Темпы проведения выработки могут быть увеличены до 13 м в сутки,Confirmed,ГП № 5-2024.pdf,High,2026-07-03
PUB_1972,PRO_2154,described_in,0.5,False,,Worldwide,,Confirmed,ГП № 5-2024.pdf,High,2026-07-03
PRO_2155,PRO_2156,operates_at_condition,0.5,False,"Вязкие свойства газа, вызывающие диссипацию энергии, можно пренебречь, полагая параметр вязкости ƫ=0",Worldwide,,Unverified,ГП № 5-2024.pdf,High,2026-07-03
PRO_2155,PRO_2157,operates_at_condition,0.5,False,"Если параметр дисперсии газа ơ=0, то уравнение (7) вырождается в уравнение Бюргерса",Worldwide,,Unverified,ГП № 5-2024.pdf,High,2026-07-03
PRO_2149,PRO_2159,described_in,0.5,False,,Worldwide,,Confirmed,ГП № 5-2024.pdf,High,2026-07-03
PRO_2159,PRO_2158,operates_at_condition,0.5,False,Форма полости,Worldwide,,Confirmed,ГП № 5-2024.pdf,High,2026-07-03
ORG_2162,PUB_142,researched_by,0.5,False,,Russia,,Confirmed,ГП № 6-2024.pdf,High,2026-07-03
FAC_1379,MAT_1380,produces_output,0.5,False,,Russia,,Confirmed,ГП № 5-2024.pdf,High,2026-07-03
FAC_1379,MAT_2171,produces_output,0.5,False,,Russia,,Confirmed,ГП № 5-2024.pdf,High,2026-07-03
MAT_1380,MAT_2172,uses_material,0.5,False,для изготовления патронированных ЭВВ,Russia,,Confirmed,ГП № 5-2024.pdf,High,2026-07-03
EXP_2174,PUB_2173,researched_by,0.5,False,,Russia,,Confirmed,ГП № 5-2024.pdf,High,2026-07-03
EXP_2175,PUB_2173,researched_by,0.5,False,,Russia,,Confirmed,ГП № 5-2024.pdf,High,2026-07-03
EXP_2176,PUB_2173,researched_by,0.5,False,,Russia,,Confirmed,ГП № 5-2024.pdf,High,2026-07-03
ORG_156,PUB_127,published_by,0.5,False,,Russia,,Confirmed,ГП № 6-2024.pdf,High,2026-07-03
FAC_2191,EQU_1401,uses_material,0.5,False,,Russia,,Confirmed,ГП № 6-2024.pdf,High,2026-07-03
FAC_2191,EQU_2190,uses_material,0.5,False,,Russia,,Confirmed,ГП № 6-2024.pdf,High,2026-07-03
FAC_2194,EXP_2195,researched_by,0.5,False,,Russia,,Confirmed,ГП № 6-2024.pdf,High,2026-07-03
FAC_2194,FAC_2196,uses_material,0.5,False,Приобретение экскаватора-погрузчика для практического обучения студентов,Russia,,Confirmed,ГП № 6-2024.pdf,High,2026-07-03
FAC_2197,MAT_1882,produces_output,0.5,False,,Russia,,Confirmed,ГП № 6-2024.pdf,High,2026-07-03
FAC_2194,EQU_2198,uses_material,0.5,False,,Russia,,Confirmed,ГП № 6-2024.pdf,High,2026-07-03
FAC_2194,EQU_2199,uses_material,0.5,False,,Russia,,Confirmed,ГП № 6-2024.pdf,High,2026-07-03
FAC_2202,PRO_2203,operates_at_condition,0.5,False,,Russia,,Confirmed,ГП № 6-2024.pdf,High,2026-07-03
PRO_2203,EQU_2204,produces_output,0.5,False,,Russia,,Confirmed,ГП № 6-2024.pdf,High,2026-07-03
FAC_2205,FAC_2043,operates_at_condition,0.5,False,Подземный способ добычи,Russia,,Confirmed,ГП № 6-2024.pdf,High,2026-07-03
FAC_2205,FAC_1226,operates_at_condition,0.5,False,Подземный способ добычи,Russia,,Confirmed,ГП № 6-2024.pdf,High,2026-07-03
FAC_2033,EQU_2207,uses_material,0.5,False,,Russia,,Confirmed,ГП № 6-2024.pdf,High,2026-07-03
FAC_2033,EQU_2208,uses_material,0.5,False,,Russia,,Confirmed,ГП № 6-2024.pdf,High,2026-07-03
FAC_2033,EQU_2209,uses_material,0.5,False,,Russia,,Confirmed,ГП № 6-2024.pdf,High,2026-07-03
EXP_1494,FAC_1495,researched_by,0.5,False,,Russia,,Confirmed,ГП № 6-2024.pdf,High,2026-07-03
FAC_2210,EXP_2211,researched_by,0.5,False,,Russia,,Confirmed,ГП № 6-2024.pdf,High,2026-07-03
EXP_2213,PUB_1857,researched_by,0.5,False,,Russia,,Confirmed,ГП № 6-2024.pdf,High,2026-07-03
PUB_142,EXP_2214,researched_by,0.5,False,,Russia,,Confirmed,ГП № 6-2024.pdf,High,2026-07-03
FAC_2217,PRO_2218,operates_at_condition,0.5,False,Открытый способ,Russia,,Confirmed,ГП № 6-2024.pdf,High,2026-07-03
FAC_2217,EQU_2219,uses_material,0.5,False,,Russia,,Confirmed,ГП № 6-2024.pdf,High,2026-07-03
FAC_2223,EXP_2224,researched_by,0.5,False,,Russia,,Confirmed,ГП № 6-2024.pdf,High,2026-07-03
FAC_2223,EXP_2225,researched_by,0.5,False,,Russia,,Confirmed,ГП № 6-2024.pdf,High,2026-07-03
FAC_2223,EXP_2226,researched_by,0.5,False,,Russia,,Confirmed,ГП № 6-2024.pdf,High,2026-07-03
EXP_2225,EQU_2227,uses_material,0.5,False,,Russia,,Confirmed,ГП № 6-2024.pdf,High,2026-07-03
EQU_2231,PRO_2232,uses_material,0.5,False,,Russia,,Confirmed,ГП № 6-2024.pdf,High,2026-07-03
EQU_2231,PUB_895,produces_output,0.5,False,,Russia,,Confirmed,ГП № 6-2024.pdf,High,2026-07-03
EQU_2235,MAT_2233,uses_material,0.5,False,,Russia,,Confirmed,ГП № 6-2024.pdf,High,2026-07-03
PRO_2234,MAT_2233,produces_output,0.5,False,,Russia,,Confirmed,ГП № 6-2024.pdf,High,2026-07-03
EQU_2231,PRO_1152,operates_at_condition,0.5,False,,Worldwide,,Confirmed,ГП № 6-2024.pdf,High,2026-07-03
PRO_2236,PRO_2238,determines,0.5,False,"Расстояние от борта выработки на глубину 2 м через 0,2 м",Worldwide,,Confirmed,ГП № 6-2024.pdf,High,2026-07-03
PRO_2237,PRO_2238,determines,0.5,False,"Глубина, равная длине врубовых, отбойных и оконтуривающих шпуров (около 1,8–2 м)",Worldwide,,Confirmed,ГП № 6-2024.pdf,High,2026-07-03
PRO_2237,FAC_2239,researched_by,0.5,False,,Russia,,Confirmed,ГП № 6-2024.pdf,High,2026-07-03
PRO_2236,FAC_2239,researched_by,0.5,False,,Russia,,Confirmed,ГП № 6-2024.pdf,High,2026-07-03
EXP_2241,PRO_2236,uses_material,0.5,False,,Russia,,Confirmed,ГП № 6-2024.pdf,High,2026-07-03
EXP_2241,PRO_2237,uses_material,0.5,False,,Russia,,Confirmed,ГП № 6-2024.pdf,High,2026-07-03
EXP_2242,MAT_2243,uses_material,0.5,False,,Worldwide,,Confirmed,ГП № 6-2024.pdf,High,2026-07-03
EXP_2242,EQU_2244,uses_equipment,0.5,False,,Worldwide,,Confirmed,ГП № 6-2024.pdf,High,2026-07-03
PRO_2245,MAT_1881,uses_material,0.5,False,,Russia,,Confirmed,ГП № 6-2024.pdf,High,2026-07-03
PRO_2246,EQU_2244,uses_equipment,0.5,False,,Russia,,Confirmed,ГП № 6-2024.pdf,High,2026-07-03
EXP_2247,MAT_1881,researched_by,0.5,False,В шахте им. Губкина АО «КМАруда»,Russia,,Confirmed,ГП № 6-2024.pdf,High,2026-07-03
PRO_2236,MAT_2253,operates_at_condition,0.5,False,Проходка «Участкового откаточного штрека»,Worldwide,"Снижение НС массива с 17,5–92,5 МПа до 10–30 МПа на расстоянии 1,8 м от борта выработки",Confirmed,ГП № 6-2024.pdf,High,2026-07-03
PRO_2237,MAT_2253,operates_at_condition,0.5,False,Район забоев врубовых и вспомогательных шпуров,Worldwide,"НС горного массива составляет 21,9–33,5 МПа",Confirmed,ГП № 6-2024.pdf,High,2026-07-03
PRO_2237,MAT_2253,operates_at_condition,0.5,False,Район забоев отбойных и оконтуривающих шпуров,Worldwide,"НС горного массива составляет 55,7–65,1 МПа",Confirmed,ГП № 6-2024.pdf,High,2026-07-03
PRO_2255,EQU_2256,uses_material,0.5,False,,Russia,,Confirmed,ГП № 6-2024.pdf,High,2026-07-03
PRO_2255,FAC_2257,operates_at_condition,0.5,False,С учетом орографии прилегающей к карьеру территории,Russia,,Confirmed,ГП № 6-2024.pdf,High,2026-07-03
PUB_2258,FAC_468,described_in,0.5,False,,Russia,,Confirmed,ГП № 6-2024.pdf,High,2026-07-03
EXP_2259,PRO_2260,researched_by,0.5,False,"Градиент температуры +0,01 К/м, скорость ветрового потока 3 м/с",Worldwide,,Confirmed,ГП № 6-2024.pdf,High,2026-07-03
EQU_2261,PRO_2260,uses_material,0.5,False,,Worldwide,,Confirmed,ГП № 6-2024.pdf,High,2026-07-03
PRO_2283,EQU_2256,uses_material,0.5,False,,Worldwide,,Confirmed,ГП № 6-2024.pdf,High,2026-07-03
PRO_2283,FAC_2284,operates_at_condition,0.5,False,Условия температурной инверсии и штилей,Russia,,Confirmed,ГП № 6-2024.pdf,High,2026-07-03
FAC_2286,MAT_2288,produces_output,0.5,False,,Russia,,Confirmed,ГП № 6-2024.pdf,High,2026-07-03
FAC_2287,MAT_2289,produces_output,0.5,False,,Russia,,Confirmed,ГП № 6-2024.pdf,High,2026-07-03
PRO_2293,EQU_2294,uses_material,0.5,False,,Worldwide,,Confirmed,ГП № 6-2024.pdf,High,2026-07-03
PRO_2293,EQU_2295,operates_at_condition,0.5,False,Предварительная обработка снимков,Worldwide,,Confirmed,ГП № 6-2024.pdf,High,2026-07-03
PRO_2293,MAT_2296,produces_output,0.5,False,Мониторинг растительного покрова,Russia,,Confirmed,ГП № 6-2024.pdf,High,2026-07-03
PRO_2293,PRO_2297,produces_output,0.5,False,Расчёт вегетационного индекса,Russia,,Confirmed,ГП № 6-2024.pdf,High,2026-07-03
PRO_2299,PRO_2301,operates_at_condition,0.5,False,,Arctic,,Confirmed,ГП № 6-2024.pdf,High,2026-07-03
PRO_2299,PRO_2302,operates_at_condition,0.5,False,,Arctic,,Confirmed,ГП № 6-2024.pdf,High,2026-07-03
PRO_2303,EXP_2304,uses_material,0.5,False,,Worldwide,,Confirmed,ГП № 6-2024.pdf,High,2026-07-03
EXP_2304,FAC_2305,operates_at_condition,0.5,False,2000-2023 гг.,Russia,,Confirmed,ГП № 6-2024.pdf,High,2026-07-03
PRO_2306,MAT_2307,researched_by,0.5,False,,Russia,,Confirmed,ГП № 6-2024.pdf,High,2026-07-03
EQU_2308,PRO_2309,produces_output,0.5,False,Ежедневные снимки земной поверхности,Worldwide,,Confirmed,ГП № 6-2024.pdf,High,2026-07-03
EXP_2310,MAT_2307,uses_material,0.5,False,Анализ спутниковых снимков,Russia,,Confirmed,ГП № 6-2024.pdf,High,2026-07-03
PRO_2316,EQU_2317,uses_material,0.5,False,,Worldwide,,Confirmed,ГП № 6-2024.pdf,High,2026-07-03
PRO_2316,EQU_2318,uses_material,0.5,False,,Worldwide,,Confirmed,ГП № 6-2024.pdf,High,2026-07-03
PRO_2316,MAT_2319,operates_at_condition,0.5,False,Мониторинговые полигоны на ограждающей дамбе,Russia,,Confirmed,ГП № 6-2024.pdf,High,2026-07-03
FAC_2326,PRO_2327,researched_by,0.5,False,Мониторинг с 2000 по 2023 год,Russia,,Confirmed,ГП № 6-2024.pdf,High,2026-07-03
EQU_2328,PRO_2327,uses_material,0.5,False,,Russia,,Confirmed,ГП № 6-2024.pdf,High,2026-07-03
PRO_2301,PRO_2327,operates_at_condition,0.5,False,,Russia,,Confirmed,ГП № 6-2024.pdf,High,2026-07-03
PRO_1573,PUB_2329,described_in,0.5,False,,Russia,,Confirmed,ГП № 6-2024.pdf,High,2026-07-03
MAT_2330,PRO_2331,uses_material,0.5,False,,Worldwide,,Confirmed,ГП № 6-2024.pdf,High,2026-07-03
PRO_2331,EXP_2332,validated_by,0.5,False,,Worldwide,,Confirmed,ГП № 6-2024.pdf,High,2026-07-03
PRO_1573,MAT_2333,uses_material,0.5,False,,Worldwide,,Confirmed,ГП № 6-2024.pdf,High,2026-07-03
PRO_1573,EQU_2334,operates_at_condition,0.5,False,Единичная мощность более 30 м3,Worldwide,,Confirmed,ГП № 6-2024.pdf,High,2026-07-03
EXP_2335,PRO_1573,validated_by,0.5,False,,Worldwide,,Confirmed,ГП № 6-2024.pdf,High,2026-07-03
PRO_1573,MAT_2336,uses_material,0.5,False,,Worldwide,,Confirmed,ГП № 6-2024.pdf,High,2026-07-03
EXP_2338,EQU_2337,uses_equipment,0.5,False,,Worldwide,,Confirmed,ГП № 6-2024.pdf,High,2026-07-03
PRO_2339,MAT_2340,uses_material,0.5,False,,Worldwide,,Confirmed,ГП № 6-2024.pdf,High,2026-07-03
EQU_2341,PRO_2339,researched_by,0.5,False,,Worldwide,,Confirmed,ГП № 6-2024.pdf,High,2026-07-03
PRO_2339,PRO_2342,operates_at_condition,0.5,False,снижение сейсмического эффекта,Worldwide,,Confirmed,ГП № 6-2024.pdf,High,2026-07-03
PRO_1573,MAT_2347,uses_material,0.5,False,,Worldwide,,Confirmed,ГП № 6-2024.pdf,High,2026-07-03
EXP_2348,MAT_2347,researched_by,0.5,False,,Worldwide,,Confirmed,ГП № 6-2024.pdf,High,2026-07-03
MAT_2347,FAC_2349,validated_by,0.5,False,,Worldwide,,Confirmed,ГП № 6-2024.pdf,High,2026-07-03
PRO_314,EQU_2352,uses_material,0.5,False,,Russia,,Confirmed,ГП № 6-2024.pdf,High,2026-07-03
PRO_2351,EQU_2353,uses_material,0.5,False,,Russia,,Confirmed,ГП № 6-2024.pdf,High,2026-07-03
MAT_441,PRO_2354,uses_material,0.5,False,,Worldwide,,Confirmed,ГП № 6-2024.pdf,High,2026-07-03
EQU_2355,PRO_2354,operates_at_condition,0.5,False,Механическое обезвоживание,Worldwide,,Confirmed,ГП № 6-2024.pdf,High,2026-07-03
PRO_1156,MAT_441,produces_output,0.5,False,,Russia,,Confirmed,ГП № 6-2024.pdf,High,2026-07-03
PRO_1156,EQU_1344,uses_material,0.5,False,,Russia,,Confirmed,ГП № 6-2024.pdf,High,2026-07-03
PRO_2362,EQU_2363,uses_material,0.5,False,,Worldwide,,Confirmed,ГП № 6-2024.pdf,High,2026-07-03
EXP_2364,PRO_2365,researched_by,0.5,False,,Worldwide,,Confirmed,ГП № 6-2024.pdf,High,2026-07-03
PRO_2367,PUB_2366,described_in,0.5,False,,Russia,,Confirmed,ГП № 6-2024.pdf,High,2026-07-03
PRO_2371,EQU_2352,uses_material,0.5,False,,Worldwide,,Unverified,ГП № 6-2024.pdf,High,2026-07-03
PRO_2371,EQU_2353,uses_material,0.5,False,,Worldwide,,Unverified,ГП № 6-2024.pdf,High,2026-07-03
EQU_2353,MAT_273,produces_output,0.5,False,Обезвоживание торфяной пульпы,Worldwide,,Unverified,ГП № 6-2024.pdf,High,2026-07-03
PRO_2373,PRO_2374,researched_by,0.5,False,,Worldwide,,Confirmed,ГП № 6-2024.pdf,High,2026-07-03
PRO_2379,EXP_2380,validated_by,0.5,False,,Worldwide,,Unverified,ГП № 6-2024.pdf,High,2026-07-03
PRO_2381,PRO_2382,operates_at_condition,0.5,False,Зависимость от количества испытаний,Worldwide,,Confirmed,ГП № 6-2024.pdf,High,2026-07-03
PRO_2381,PRO_2383,operates_at_condition,0.5,False,Зависимость от количества испытаний,Worldwide,,Confirmed,ГП № 6-2024.pdf,High,2026-07-03
EXP_2384,PRO_2381,researched_by,0.5,False,,Worldwide,,Confirmed,ГП № 6-2024.pdf,High,2026-07-03
EQU_2392,MAT_2394,uses_material,0.5,False,При откачке неосветленных шахтных вод,Worldwide,,Confirmed,ГП № 6-2024.pdf,High,2026-07-03
MAT_2394,PRO_2393,produces_output,0.5,False,При содержании механических примесей и твердых частиц,Worldwide,,Confirmed,ГП № 6-2024.pdf,High,2026-07-03
MAT_2394,PRO_2407,uses_material,0.5,False,,Worldwide,,Confirmed,ГП № 6-2024.pdf,High,2026-07-03
EQU_2408,PRO_2407,operates_at_condition,0.5,False,изменяющееся содержание твердых частиц в шахтных водах,Worldwide,,Confirmed,ГП № 6-2024.pdf,High,2026-07-03
EXP_2410,EQU_2408,validated_by,0.5,False,,Worldwide,,Confirmed,ГП № 6-2024.pdf,High,2026-07-03
EQU_2392,PRO_2412,operates_at_condition,0.5,False,,Worldwide,,Confirmed,ГП № 6-2024.pdf,High,2026-07-03
EQU_2392,PUB_2240,described_in,0.5,False,,Worldwide,,Confirmed,ГП № 6-2024.pdf,High,2026-07-03
PRO_2413,EQU_2414,uses_material,0.5,False,"схема '1 насос – трубопроводный став', схема '2 насоса – трубопроводный став'",Worldwide,,Confirmed,ГП № 6-2024.pdf,High,2026-07-03
EXP_2415,EQU_2414,researched_by,0.5,False,"номинальная подача Q0 = 350 м³/ч, номинальная потребляемая мощность Pnom = 1650 кВт",Russia,,Confirmed,ГП № 6-2024.pdf,High,2026-07-03
PRO_1887,MAT_2416,uses_material,0.5,False,,Worldwide,,Unverified,ГП № 6-2024.pdf,High,2026-07-03
EQU_2392,PRO_2413,uses_material,0.5,False,,Worldwide,,Confirmed,ГП № 6-2024.pdf,High,2026-07-03
PRO_1573,FAC_2418,operates_at_condition,0.5,False,Разработка месторождений полезных ископаемых открытым способом,Russia,,Confirmed,ГП № 6-2024.pdf,High,2026-07-03
FAC_2423,PRO_2424,researched_by,0.5,False,,Worldwide,,Confirmed,ГП № 6-2024.pdf,High,2026-07-03
PRO_2424,MAT_961,uses_material,0.5,False,,Worldwide,,Confirmed,ГП № 6-2024.pdf,High,2026-07-03
PRO_2424,EQU_2425,operates_at_condition,0.5,False,,Worldwide,,Confirmed,ГП № 6-2024.pdf,High,2026-07-03
MAT_961,PRO_2426,produces_output,0.5,False,,Worldwide,,Confirmed,ГП № 6-2024.pdf,High,2026-07-03
PRO_1496,MAT_961,operates_at_condition,0.5,False,"Радиус трещинообразования, прочностные характеристики",Worldwide,,Confirmed,ГП № 6-2024.pdf,High,2026-07-03
PRO_1496,EQU_2425,uses_material,0.5,False,,Worldwide,,Confirmed,ГП № 6-2024.pdf,High,2026-07-03
PRO_1573,MAT_961,uses_material,0.5,False,,Worldwide,,Confirmed,ГП № 6-2024.pdf,High,2026-07-03
PRO_1573,PRO_2427,operates_at_condition,0.5,False,,Worldwide,,Confirmed,ГП № 6-2024.pdf,High,2026-07-03
EXP_2428,PRO_1573,validated_by,0.5,False,,Worldwide,,Confirmed,ГП № 6-2024.pdf,High,2026-07-03
PRO_1573,MAT_1881,operates_at_condition,0.5,False,,Worldwide,,Confirmed,ГП № 6-2024.pdf,High,2026-07-03
EQU_2429,PRO_1573,uses_material,0.5,False,,Worldwide,,Confirmed,ГП № 6-2024.pdf,High,2026-07-03
MAT_1145,PRO_2430,uses_material,0.5,False,,Russia,,Confirmed,ГП № 6-2024.pdf,High,2026-07-03
PRO_2430,EQU_2431,described_in,0.5,False,,Russia,,Confirmed,ГП № 6-2024.pdf,High,2026-07-03
MAT_2432,PRO_2433,uses_material,0.5,False,,Russia,,Confirmed,ГП № 6-2024.pdf,High,2026-07-03
PRO_2433,PRO_2430,produces_output,0.5,False,,Russia,,Confirmed,ГП № 6-2024.pdf,High,2026-07-03
EXP_2436,PUB_2434,researched_by,0.5,False,,Russia,,Confirmed,ГП № 6-2024.pdf,High,2026-07-03
EXP_2437,PUB_2434,researched_by,0.5,False,,Russia,,Confirmed,ГП № 6-2024.pdf,High,2026-07-03
EXP_2438,PUB_2434,researched_by,0.5,False,,Russia,,Confirmed,ГП № 6-2024.pdf,High,2026-07-03
PRO_2430,MAT_967,uses_material,0.5,False,,Russia,,Confirmed,ГП № 6-2024.pdf,High,2026-07-03
PRO_2430,FAC_2439,operates_at_condition,0.5,False,"Режим и условия реализации сухой магнитной сепарации зависят от химического, гранулометрического и минералого-петрографического состава поступающей на разделение руды.",Russia,,Confirmed,ГП № 6-2024.pdf,High,2026-07-03
EQU_2440,PRO_2430,uses_material,0.5,False,"напряженность магнитного поля, скорость вращения обечайки барабана",Worldwide,,Confirmed,ГП № 6-2024.pdf,High,2026-07-03
MAT_967,PRO_2430,operates_at_condition,0.5,False,"крупность материала, магнитная индукция, скорость вращения барабана",Russia,,Confirmed,ГП № 6-2024.pdf,High,2026-07-03
PRO_2430,EQU_2446,uses_material,0.5,False,,Worldwide,,Confirmed,ГП № 6-2024.pdf,High,2026-07-03
EQU_2446,MAT_2441,produces_output,0.5,False,,Worldwide,,Confirmed,ГП № 6-2024.pdf,High,2026-07-03
EQU_2446,MAT_2442,produces_output,0.5,False,,Worldwide,,Confirmed,ГП № 6-2024.pdf,High,2026-07-03
EXP_2453,PUB_2325,researched_by,0.5,False,,Russia,,Confirmed,ГП № 6-2024.pdf,High,2026-07-03
EQU_2454,PRO_2014,uses_material,0.5,False,,Russia,,Confirmed,ГП № 6-2024.pdf,High,2026-07-03
EQU_2454,PUB_2455,described_in,0.5,False,,Russia,,Confirmed,ГП № 6-2024.pdf,High,2026-07-03
EQU_2456,PRO_2457,produces_output,0.5,False,,Worldwide,,Confirmed,ГП № 6-2024.pdf,High,2026-07-03
EXP_2458,EQU_2456,researched_by,0.5,False,,Worldwide,,Confirmed,ГП № 6-2024.pdf,High,2026-07-03
PRO_2430,MAT_967,uses_material,0.5,False,,Worldwide,,Confirmed,ГП № 6-2024.pdf,High,2026-07-03
EQU_2440,PRO_2430,operates_at_condition,0.5,False,"напряженность магнитного поля, скорость вращения обечайки барабана",Worldwide,,Confirmed,ГП № 6-2024.pdf,High,2026-07-03
EXP_2459,PRO_2430,validated_by,0.5,False,,Russia,,Confirmed,ГП № 6-2024.pdf,High,2026-07-03
EQU_2460,PRO_1858,operates_at_condition,0.5,False,"Удельный расход электроэнергии: 6,71–9,94 кВт·ч/т",Worldwide,,Confirmed,ГП № 6-2024.pdf,High,2026-07-03
MAT_2468,PRO_2469,researched_by,0.5,False,,Russia,,Confirmed,ГП № 6-2024.pdf,High,2026-07-03
PRO_2469,PUB_2470,described_in,0.5,False,,Russia,,Confirmed,ГП № 6-2024.pdf,High,2026-07-03
PRO_1573,MAT_2471,uses_material,0.5,False,,Worldwide,,Confirmed,ГП № 6-2024.pdf,High,2026-07-03
EXP_2473,MAT_2471,researched_by,0.5,False,В зарядах с ПВХ оболочкой диаметром 45 мм,Worldwide,,Confirmed,ГП № 6-2024.pdf,High,2026-07-03
EXP_2473,EQU_2472,uses_material,0.5,False,,Worldwide,,Confirmed,ГП № 6-2024.pdf,High,2026-07-03
PRO_2477,MAT_2479,uses_material,0.5,False,,Worldwide,,Confirmed,ГП № 6-2024.pdf,High,2026-07-03
PRO_2477,EQU_2478,operates_at_condition,0.5,False,Плотность тока 100 А/м2,Worldwide,,Confirmed,ГП № 6-2024.pdf,High,2026-07-03
PRO_2483,MAT_2485,uses_material,0.5,False,,Worldwide,,Confirmed,ГП № 6-2024.pdf,High,2026-07-03
PRO_2484,MAT_1126,uses_material,0.5,False,,Worldwide,,Confirmed,ГП № 6-2024.pdf,High,2026-07-03
MAT_2486,PRO_2488,uses_material,0.5,False,,Worldwide,,Confirmed,ГП № 6-2024.pdf,High,2026-07-03
MAT_2487,PRO_2488,uses_material,0.5,False,,Worldwide,,Confirmed,ГП № 6-2024.pdf,High,2026-07-03
EXP_2489,MAT_2486,researched_by,0.5,False,,Worldwide,,Confirmed,ГП № 6-2024.pdf,High,2026-07-03
MAT_641,PRO_2490,uses_material,0.5,False,,Worldwide,,Confirmed,ГП № 6-2024.pdf,High,2026-07-03
PRO_2490,MAT_641,produces_output,0.5,False,,Worldwide,,Confirmed,ГП № 6-2024.pdf,High,2026-07-03
EQU_2491,PRO_2492,operates_at_condition,0.5,False,Измерение массовой скорости продуктов взрыва,Worldwide,,Confirmed,ГП № 6-2024.pdf,High,2026-07-03
EXP_2493,MAT_641,validated_by,0.5,False,Проведение испытаний на специальных полигонах,Worldwide,,Confirmed,ГП № 6-2024.pdf,High,2026-07-03
PUB_2494,PRO_2495,described_in,0.5,False,,Russia,,Confirmed,ГП № 6-2024.pdf,High,2026-07-03
MAT_2496,PRO_2497,uses_material,0.5,False,,Worldwide,,Confirmed,ГП № 6-2024.pdf,High,2026-07-03
PRO_2497,EQU_2498,operates_at_condition,0.5,False,,Worldwide,,Confirmed,ГП № 6-2024.pdf,High,2026-07-03
EXP_2500,PUB_2325,described_in,0.5,False,,Worldwide,,Confirmed,ГП № 6-2024.pdf,High,2026-07-03
PRO_2501,EQU_2502,uses_material,0.5,False,,Worldwide,,Confirmed,ГП № 6-2024.pdf,High,2026-07-03
PRO_2501,PRO_2503,produces_output,0.5,False,,Worldwide,,Confirmed,ГП № 6-2024.pdf,High,2026-07-03
PRO_2511,MAT_1399,uses_material,0.5,False,,Worldwide,,Confirmed,ГП № 6-2024.pdf,High,2026-07-03
PRO_2511,EQU_2512,operates_at_condition,0.5,False,,Worldwide,,Confirmed,ГП № 6-2024.pdf,High,2026-07-03
PRO_2511,EQU_2513,operates_at_condition,0.5,False,,Worldwide,,Confirmed,ГП № 6-2024.pdf,High,2026-07-03
PRO_2511,EXP_2514,validated_by,0.5,False,,Russia,,Confirmed,ГП № 6-2024.pdf,High,2026-07-03
EQU_2517,PRO_2516,uses_material,0.5,False,,Worldwide,,Confirmed,ГП № 6-2024.pdf,High,2026-07-03
EQU_2517,PUB_2515,described_in,0.5,False,,Worldwide,,Confirmed,ГП № 6-2024.pdf,High,2026-07-03
PRO_2518,MAT_2519,researched_by,0.5,False,,Worldwide,,Confirmed,ГП № 6-2024.pdf,High,2026-07-03
EXP_2520,PRO_2518,validated_by,0.5,False,Точность классификации 95%,Russia,,Confirmed,ГП № 6-2024.pdf,High,2026-07-03
EXP_2521,MAT_2519,researched_by,0.5,False,,Worldwide,,Unverified,ГП № 6-2024.pdf,High,2026-07-03
EQU_2502,PRO_2501,uses_material,0.5,False,,Worldwide,,Confirmed,ГП № 6-2024.pdf,High,2026-07-03
PRO_2501,PRO_2522,produces_output,0.5,False,,Worldwide,,Confirmed,ГП № 6-2024.pdf,High,2026-07-03
EXP_2527,MAT_2528,uses_material,0.5,False,,Worldwide,,Unverified,ГП № 6-2024.pdf,High,2026-07-03
EXP_2527,MAT_2529,uses_material,0.5,False,,Worldwide,,Unverified,ГП № 6-2024.pdf,High,2026-07-03
EXP_2527,MAT_2530,uses_material,0.5,False,,Worldwide,,Unverified,ГП № 6-2024.pdf,High,2026-07-03
EXP_2537,PRO_2534,uses_material,0.5,False,,Worldwide,,Unverified,ГП № 6-2024.pdf,High,2026-07-03
EXP_2537,PRO_2535,uses_material,0.5,False,,Worldwide,,Unverified,ГП № 6-2024.pdf,High,2026-07-03
EXP_2537,PRO_2536,uses_material,0.5,False,,Worldwide,,Unverified,ГП № 6-2024.pdf,High,2026-07-03
PRO_2538,MAT_2528,produces_output,0.5,False,При высоких уровнях искажений,Worldwide,Точность классификации выше 90%,Confirmed,ГП № 6-2024.pdf,High,2026-07-03
PRO_2538,MAT_2529,produces_output,0.5,False,При высоких уровнях искажений,Worldwide,Точность классификации выше 90%,Confirmed,ГП № 6-2024.pdf,High,2026-07-03
PRO_2538,MAT_2233,produces_output,0.5,False,При высоких уровнях искажений,Worldwide,Высокая точность классификации,Confirmed,ГП № 6-2024.pdf,High,2026-07-03
EQU_2542,MAT_2539,uses_material,0.5,False,,Worldwide,,Confirmed,ГП № 6-2024.pdf,High,2026-07-03
EQU_2542,MAT_2540,uses_material,0.5,False,,Worldwide,,Confirmed,ГП № 6-2024.pdf,High,2026-07-03
EQU_2542,MAT_2233,uses_material,0.5,False,,Worldwide,,Confirmed,ГП № 6-2024.pdf,High,2026-07-03
EQU_2543,MAT_2544,uses_material,0.5,False,Для обеспечения непрерывного проникновения раствора ПАВ в трещины и поры массива,Russia,,Confirmed,ГП № 6-2024.pdf,High,2026-07-03
EQU_2543,PRO_2545,produces_output,0.5,False,,Russia,,Confirmed,ГП № 6-2024.pdf,High,2026-07-03
PRO_2538,MAT_2528,researched_by,0.5,False,,Worldwide,,Confirmed,ГП № 6-2024.pdf,High,2026-07-03
PRO_2538,MAT_2529,researched_by,0.5,False,,Worldwide,,Confirmed,ГП № 6-2024.pdf,High,2026-07-03
PRO_2538,MAT_2233,researched_by,0.5,False,,Worldwide,,Confirmed,ГП № 6-2024.pdf,High,2026-07-03
PRO_2546,MAT_2528,researched_by,0.5,False,,Worldwide,,Confirmed,ГП № 6-2024.pdf,High,2026-07-03
PRO_2546,MAT_2529,researched_by,0.5,False,,Worldwide,,Confirmed,ГП № 6-2024.pdf,High,2026-07-03
PRO_2546,MAT_2233,researched_by,0.5,False,,Worldwide,,Confirmed,ГП № 6-2024.pdf,High,2026-07-03
PUB_2547,PRO_2548,described_in,0.5,False,,Worldwide,,Confirmed,ГП № 6-2024.pdf,High,2026-07-03
EXP_2549,MAT_2551,researched_by,0.5,False,,Worldwide,,Confirmed,ГП № 6-2024.pdf,High,2026-07-03
EXP_2550,MAT_2551,researched_by,0.5,False,,Worldwide,,Confirmed,ГП № 6-2024.pdf,High,2026-07-03
MAT_2552,PRO_2553,uses_material,0.5,False,,Worldwide,,Confirmed,ГП № 6-2024.pdf,High,2026-07-03
MAT_2552,PRO_2382,operates_at_condition,0.5,False,,Worldwide,,Confirmed,ГП № 6-2024.pdf,High,2026-07-03
MAT_2556,PRO_2558,uses_material,0.5,False,"концентрация раствора NaCl: 5%, 10%, 20%, температура: -5, -10, -20 °C",Worldwide,,Confirmed,ГП № 6-2024.pdf,High,2026-07-03
MAT_2557,PRO_2558,uses_material,0.5,False,"концентрация соляной кислоты: 0,05 Н, 0,5 Н",Worldwide,,Confirmed,ГП № 6-2024.pdf,High,2026-07-03
EQU_2559,EXP_2560,operates_at_condition,0.5,False,,Worldwide,,Confirmed,ГП № 6-2024.pdf,High,2026-07-03
MAT_2544,PRO_2562,uses_material,0.5,False,,Worldwide,,Confirmed,ГП № 6-2024.pdf,High,2026-07-03
EQU_2563,MAT_2544,uses_material,0.5,False,В условиях криолитозоны,Russia,,Confirmed,ГП № 6-2024.pdf,High,2026-07-03
MAT_2544,PRO_2564,operates_at_condition,0.5,False,При искусственном засолении мёрзлых и осадочных пород грунтов,Worldwide,,Confirmed,ГП № 6-2024.pdf,High,2026-07-03
PRO_2548,EQU_2566,uses_material,0.5,False,,Worldwide,,Unverified,ГП № 6-2024.pdf,High,2026-07-03
EQU_2573,PRO_2574,operates_at_condition,0.5,False,В режиме реального времени,Russia,,Confirmed,ГП № 6-2024.pdf,High,2026-07-03
FAC_2575,EQU_2573,uses_material,0.5,False,,Russia,,Confirmed,ГП № 6-2024.pdf,High,2026-07-03
EQU_2573,PRO_2581,uses_material,0.5,False,,Worldwide,,Confirmed,ГП № 6-2024.pdf,High,2026-07-03
PRO_2581,PUB_2325,described_in,0.5,False,,Worldwide,,Confirmed,ГП № 6-2024.pdf,High,2026-07-03
MAT_2582,EXP_2586,uses_material,0.5,False,,Worldwide,,Confirmed,ГП № 6-2024.pdf,High,2026-07-03
MAT_2583,EXP_2586,uses_material,0.5,False,,Worldwide,,Confirmed,ГП № 6-2024.pdf,High,2026-07-03
MAT_2584,EXP_2586,uses_material,0.5,False,,Worldwide,,Confirmed,ГП № 6-2024.pdf,High,2026-07-03
PRO_2585,EXP_2586,researched_by,0.5,False,В режиме реального времени,Worldwide,,Confirmed,ГП № 6-2024.pdf,High,2026-07-03
EQU_2573,EQU_2589,uses_material,0.5,False,,Worldwide,,Confirmed,ГП № 6-2024.pdf,High,2026-07-03
EQU_2590,EQU_2573,operates_at_condition,0.5,False,В условиях плавучего комплекса,Worldwide,,Confirmed,ГП № 6-2024.pdf,High,2026-07-03
EQU_2589,EQU_2591,uses_material,0.5,False,Для мониторинга температуры,Worldwide,,Confirmed,ГП № 6-2024.pdf,High,2026-07-03
EQU_2589,EQU_2592,uses_material,0.5,False,Для контроля давления масла,Worldwide,,Confirmed,ГП № 6-2024.pdf,High,2026-07-03
EQU_1849,EQU_2594,operates_at_condition,0.5,False,Температура подшипника,Worldwide,,Confirmed,ГП № 6-2024.pdf,High,2026-07-03
EXP_2595,EQU_2594,validated_by,0.5,False,Температурные данные подшипника,Worldwide,,Confirmed,ГП № 6-2024.pdf,High,2026-07-03
MAT_2596,EQU_2598,uses_material,0.5,False,,Worldwide,,Unverified,ГП № 6-2024.pdf,High,2026-07-03
PRO_2597,MAT_2596,operates_at_condition,0.5,False,Продольная однобортовая и двухбортовая углубочная системы,Worldwide,,Unverified,ГП № 6-2024.pdf,High,2026-07-03
EQU_2598,PRO_2599,produces_output,0.5,False,,Worldwide,,Unverified,ГП № 6-2024.pdf,High,2026-07-03
PRO_2605,PUB_895,uses_material,0.5,False,,Russia,,Confirmed,ГП № 6-2024.pdf,High,2026-07-03
EXP_2606,PRO_2605,researched_by,0.5,False,В условиях Крайнего Севера,Russia,,Confirmed,ГП № 6-2024.pdf,High,2026-07-03
PUB_2607,EXP_2606,described_in,0.5,False,,Russia,,Confirmed,ГП № 6-2024.pdf,High,2026-07-03
FAC_457,PUB_2608,researched_by,0.5,False,,Russia,,Confirmed,ГП № 6-2024.pdf,High,2026-07-03
PRO_2614,MAT_2613,produces_output,0.5,False,,Worldwide,,Confirmed,ГП № 6-2024.pdf,High,2026-07-03
EXP_2616,PRO_2614,researched_by,0.5,False,,Russia,,Confirmed,ГП № 6-2024.pdf,High,2026-07-03
FAC_2617,PUB_895,uses_material,0.5,False,,Russia,,Confirmed,ГП № 6-2024.pdf,High,2026-07-03
PRO_2232,EQU_2618,operates_at_condition,0.5,False,Для бестранспортной вскрыши,Russia,,Confirmed,ГП № 6-2024.pdf,High,2026-07-03
PRO_2232,EQU_2619,operates_at_condition,0.5,False,Для добычи угля,Russia,,Confirmed,ГП № 6-2024.pdf,High,2026-07-03
PUB_2620,FAC_2621,researched_by,0.5,False,,Russia,,Confirmed,ГП № 6-2024.pdf,High,2026-07-03
MAT_844,PRO_2622,produces_output,0.5,False,,Russia,,Confirmed,ГП № 6-2024.pdf,High,2026-07-03
PRO_2622,PRO_2624,operates_at_condition,0.5,False,температура воздуха 0 °С,Russia,,Confirmed,ГП № 6-2024.pdf,High,2026-07-03
EQU_2623,EXP_2625,uses_material,0.5,False,,Russia,,Confirmed,ГП № 6-2024.pdf,High,2026-07-03
PUB_2240,FAC_2626,described_in,0.5,False,,Russia,,Confirmed,ГП № 6-2024.pdf,High,2026-07-03
PUB_895,PRO_2627,uses_material,0.5,False,,Russia,,Confirmed,ГП № 6-2024.pdf,High,2026-07-03
EQU_2629,PRO_2627,operates_at_condition,0.5,False,При уплотнении штабелей угля,Russia,,Confirmed,ГП № 6-2024.pdf,High,2026-07-03
EQU_2632,EQU_2633,uses_material,0.5,False,,Worldwide,,Unverified,ГП № 6-2024.pdf,High,2026-07-03
EQU_2633,EQU_2634,operates_at_condition,0.5,False,,Worldwide,,Unverified,ГП № 6-2024.pdf,High,2026-07-03
FAC_2635,PRO_2636,produces_output,0.5,False,"Потенциал заготовки древесины до 1,666 млн м3 ежегодно, фактическое использование составляет менее 0,2 млн м3 в год.",Russia,,Confirmed,ГП № 6-2024.pdf,High,2026-07-03
EXP_2638,FAC_2635,researched_by,0.5,False,,Russia,,Confirmed,ГП № 6-2024.pdf,High,2026-07-03
EQU_2639,PRO_2640,operates_at_condition,0.5,False,,Worldwide,,Confirmed,ГП № 6-2024.pdf,High,2026-07-03
EQU_2641,MAT_2642,uses_material,0.5,False,,Worldwide,,Confirmed,ГП № 6-2024.pdf,High,2026-07-03
PRO_2643,EQU_2641,operates_at_condition,0.5,False,,Worldwide,,Confirmed,ГП № 6-2024.pdf,High,2026-07-03
MAT_2648,PRO_2649,uses_material,0.5,False,,Worldwide,,Confirmed,ГП № 6-2024.pdf,High,2026-07-03
EQU_2650,PRO_2649,operates_at_condition,0.5,False,Длина свободного конца АК не менее 200–300 мм,Worldwide,,Confirmed,ГП № 6-2024.pdf,High,2026-07-03
EXP_2651,MAT_2648,validated_by,0.5,False,,Worldwide,,Confirmed,ГП № 6-2024.pdf,High,2026-07-03
PRO_2652,MAT_1399,uses_material,0.5,False,,Worldwide,,Confirmed,ГП № 6-2024.pdf,High,2026-07-03
PRO_2653,MAT_1399,uses_material,0.5,False,,Worldwide,,Confirmed,ГП № 6-2024.pdf,High,2026-07-03
MAT_2659,PRO_2653,uses_material,0.5,False,,Worldwide,,Confirmed,ГП № 6-2024.pdf,High,2026-07-03
PRO_2653,MAT_2659,produces_output,0.5,False,Стадийная схема с применением реагентов,Worldwide,,Confirmed,ГП № 6-2024.pdf,High,2026-07-03
MAT_2654,PRO_2652,uses_material,0.5,False,,Worldwide,,Confirmed,ГП № 6-2024.pdf,High,2026-07-03
MAT_2654,PRO_2653,uses_material,0.5,False,,Worldwide,,Confirmed,ГП № 6-2024.pdf,High,2026-07-03
EQU_2660,MAT_2654,operates_at_condition,0.5,False,сухое и мокрое грохочение,Worldwide,,Confirmed,ГП № 6-2024.pdf,High,2026-07-03
EXP_2662,MAT_2654,researched_by,0.5,False,,Worldwide,,Confirmed,ГП № 6-2024.pdf,High,2026-07-03
MAT_2664,PRO_2652,uses_material,0.5,False,,Worldwide,,Unverified,ГП № 6-2024.pdf,High,2026-07-03
MAT_2664,PRO_2653,uses_material,0.5,False,,Worldwide,,Unverified,ГП № 6-2024.pdf,High,2026-07-03
MAT_2664,EQU_2665,operates_at_condition,0.5,False,Невысокая точность разделения мелкой и тонкой фракции при пневмосепарации,Worldwide,,Unverified,ГП № 6-2024.pdf,High,2026-07-03
EXP_2666,FAC_2667,researched_by,0.5,False,,Russia,,Confirmed,ГП № 6-2024.pdf,High,2026-07-03
EXP_2668,PRO_2669,uses_material,0.5,False,"Глубина скважины: 1950, 2236, 2677, 3409, 3760 и 4085 м",Туркменистан,,Partially_Confirmed,ГП № 6-2024.pdf,High,2026-07-03
EXP_2668,MAT_1881,researched_by,0.5,False,,Туркменистан,,Partially_Confirmed,ГП № 6-2024.pdf,High,2026-07-03
PRO_2673,MAT_2674,uses_material,0.5,False,,Worldwide,,Confirmed,ГП № 6-2024.pdf,High,2026-07-03
MAT_2674,PRO_2675,produces_output,0.5,False,При проникновении фильтрата в пласт,Worldwide,,Confirmed,ГП № 6-2024.pdf,High,2026-07-03
PRO_2673,EXP_2676,validated_by,0.5,False,,Worldwide,,Confirmed,ГП № 6-2024.pdf,High,2026-07-03
EXP_2677,PRO_2678,produces_output,0.5,False,Для верхнекрасноцветных отложений,Туркменистан,"0,4509 кг/см2 в сутки",Partially_Confirmed,ГП № 6-2024.pdf,High,2026-07-03
PRO_2679,MAT_2681,operates_at_condition,0.5,False,Глинистые пласты практически не подвержены гидроразрыву,Turkmenistan,,Confirmed,ГП № 6-2024.pdf,High,2026-07-03
EXP_2680,PRO_2679,validated_by,0.5,False,Последовательные гидроопрессовки открытого ствола скважины X1,Turkmenistan,,Confirmed,ГП № 6-2024.pdf,High,2026-07-03
PUB_2682,PRO_2683,described_in,0.5,False,,Russia,,Confirmed,ГП № 6-2024.pdf,High,2026-07-03
EXP_2688,PUB_2240,researched_by,0.5,False,,Russia,,Confirmed,ГП № 6-2024.pdf,High,2026-07-03
PUB_2689,PRO_2683,described_in,0.5,False,,Russia,,Confirmed,ГП № 6-2024.pdf,High,2026-07-03
PUB_2325,PRO_2690,described_in,0.5,False,,Russia,,Confirmed,ГП № 6-2024.pdf,High,2026-07-03
EQU_2691,PRO_28,uses_material,0.5,False,,Worldwide,,Confirmed,ГП № 6-2024.pdf,High,2026-07-03
EQU_2691,PUB_2325,described_in,0.5,False,,Russia,,Confirmed,ГП № 6-2024.pdf,High,2026-07-03
PUB_2240,PRO_2690,described_in,0.5,False,,Russia,,Confirmed,ГП № 6-2024.pdf,High,2026-07-03
ORG_156,PUB_127,published_by,0.5,False,,Russia,,Confirmed,ГП № 1-2025.pdf,High,2026-07-03
FAC_2702,EQU_2701,produces_output,0.5,False,,Russia,,Confirmed,ГП № 1-2025.pdf,High,2026-07-03
PRO_2703,PUB_2240,described_in,0.5,False,,Russia,,Confirmed,ГП № 6-2024.pdf,High,2026-07-03
PRO_2704,PUB_2240,described_in,0.5,False,,Russia,,Confirmed,ГП № 6-2024.pdf,High,2026-07-03
PRO_2705,PUB_2240,described_in,0.5,False,,Russia,,Confirmed,ГП № 6-2024.pdf,High,2026-07-03
ORG_2708,FAC_2707,produces_output,0.5,False,,Russia,,Confirmed,ГП № 1-2025.pdf,High,2026-07-03
EQU_2709,EQU_2710,uses_material,0.5,False,"карьерные условия, отсутствие возможности подключения к электрическим сетям",Worldwide,,Confirmed,ГП № 1-2025.pdf,High,2026-07-03
FAC_2711,EQU_2709,produces_output,0.5,False,,Worldwide,,Confirmed,ГП № 1-2025.pdf,High,2026-07-03
ORG_2708,EQU_2706,produces_output,0.5,False,,Russia,,Confirmed,ГП № 1-2025.pdf,High,2026-07-03
ORG_1795,FAC_1794,researched_by,0.5,False,,Russia,,Confirmed,ГП № 1-2025.pdf,High,2026-07-03
FAC_2717,EQU_643,uses_material,0.5,False,,Russia,,Confirmed,ГП № 1-2025.pdf,High,2026-07-03
ORG_1795,FAC_2722,researched_by,0.5,False,,Russia,,Confirmed,ГП № 1-2025.pdf,High,2026-07-03
FAC_2727,MAT_2723,produces_output,0.5,False,,Russia,,Confirmed,ГП № 1-2025.pdf,High,2026-07-03
EQU_2724,PRO_168,operates_at_condition,0.5,False,,Russia,,Confirmed,ГП № 1-2025.pdf,High,2026-07-03
FAC_2729,EQU_2728,operates_at_condition,0.5,False,,Russia,,Confirmed,ГП № 1-2025.pdf,High,2026-07-03
FAC_2730,EQU_2731,uses_material,0.5,False,,Russia,,Confirmed,ГП № 1-2025.pdf,High,2026-07-03
FAC_2730,EQU_2732,uses_material,0.5,False,,Russia,,Confirmed,ГП № 1-2025.pdf,High,2026-07-03
FAC_2730,EQU_2733,uses_material,0.5,False,,Russia,,Confirmed,ГП № 1-2025.pdf,High,2026-07-03
FAC_350,FAC_351,validated_by,0.5,False,,Russia,,Confirmed,ГП № 1-2025.pdf,High,2026-07-03
COM_2736,EQU_2735,produces_output,0.5,False,,Russia,,Confirmed,ГП № 1-2025.pdf,High,2026-07-03
FAC_2737,EQU_2738,uses_material,0.5,False,,Russia,,Confirmed,ГП № 1-2025.pdf,High,2026-07-03
FAC_2742,EQU_2743,researched_by,0.5,False,,Russia,,Confirmed,ГП № 1-2025.pdf,High,2026-07-03
FAC_2742,EQU_2744,researched_by,0.5,False,при добыче полезных ископаемых открытым способом,Russia,,Confirmed,ГП № 1-2025.pdf,High,2026-07-03
MAT_2748,EQU_2749,uses_material,0.5,False,,Russia,,Confirmed,ГП № 1-2025.pdf,High,2026-07-03
MAT_2748,EQU_2750,uses_material,0.5,False,,Russia,,Confirmed,ГП № 1-2025.pdf,High,2026-07-03
MAT_2748,EQU_2751,uses_material,0.5,False,,Russia,,Confirmed,ГП № 1-2025.pdf,High,2026-07-03
PRO_2753,EXP_2754,researched_by,0.5,False,,Worldwide,,Confirmed,ГП № 1-2025.pdf,High,2026-07-03
PRO_2758,PRO_2759,operates_at_condition,0.5,False,Уменьшается при увеличении количества и ширины транспортных берм,Worldwide,,Confirmed,ГП № 1-2025.pdf,High,2026-07-03
PRO_2758,PRO_2760,operates_at_condition,0.5,False,Зависит от схемы вскрытия и ширины проезжей части,Worldwide,,Confirmed,ГП № 1-2025.pdf,High,2026-07-03
ORG_2761,EQU_8,uses_material,0.5,False,,Worldwide,,Confirmed,ГП № 1-2025.pdf,High,2026-07-03
EXP_2762,EQU_8,researched_by,0.5,False,,Russia,,Confirmed,ГП № 1-2025.pdf,High,2026-07-03
PRO_2763,EXP_2764,researched_by,0.5,False,,Worldwide,,Confirmed,ГП № 1-2025.pdf,High,2026-07-03
PRO_2763,EXP_2754,researched_by,0.5,False,,Worldwide,,Confirmed,ГП № 1-2025.pdf,High,2026-07-03
PUB_2765,FAC_2766,researched_by,0.5,False,,Russia,,Confirmed,ГП № 1-2025.pdf,High,2026-07-03
FAC_2767,PRO_2232,operates_at_condition,0.5,False,В условиях повышенной опасности,Russia,,Confirmed,ГП № 1-2025.pdf,High,2026-07-03
FAC_2767,EQU_679,uses_material,0.5,False,,Russia,,Confirmed,ГП № 1-2025.pdf,High,2026-07-03
FAC_2768,EQU_679,uses_material,0.5,False,,Russia,,Confirmed,ГП № 1-2025.pdf,High,2026-07-03
PUB_2769,FAC_2770,described_in,0.5,False,,Russia,,Confirmed,ГП № 1-2025.pdf,High,2026-07-03
PRO_2771,EQU_2772,uses_material,0.5,False,"Уклон (i), сопротивление движению (w)",Worldwide,"i: 0.07, w: 0.03",Confirmed,ГП № 1-2025.pdf,High,2026-07-03
PRO_2774,FAC_2773,operates_at_condition,0.5,False,Подземные работы,Russia,,Confirmed,ГП № 1-2025.pdf,High,2026-07-03
FAC_2775,PRO_1220,operates_at_condition,0.5,False,Усложняющиеся условия ведения горных работ,Worldwide,,Confirmed,ГП № 1-2025.pdf,High,2026-07-03
FAC_2778,EQU_2779,uses_material,0.5,False,,Worldwide,,Confirmed,ГП № 1-2025.pdf,High,2026-07-03
FAC_2778,EQU_2780,uses_material,0.5,False,,Worldwide,,Confirmed,ГП № 1-2025.pdf,High,2026-07-03
FAC_2778,EQU_2781,uses_material,0.5,False,,Worldwide,,Confirmed,ГП № 1-2025.pdf,High,2026-07-03
FAC_2778,EQU_2782,uses_material,0.5,False,,Worldwide,,Confirmed,ГП № 1-2025.pdf,High,2026-07-03
EXP_2783,MAT_2784,researched_by,0.5,False,,Russia,,Confirmed,ГП № 1-2025.pdf,High,2026-07-03
EXP_2783,FAC_2785,discovered,0.5,False,13 июня 1955 г.,Russia,,Confirmed,ГП № 1-2025.pdf,High,2026-07-03
FAC_2786,PUB_2787,described_in,0.5,False,,Russia,,Confirmed,ГП № 1-2025.pdf,High,2026-07-03
FAC_2786,PRO_2788,researched_by,0.5,False,,Russia,,Confirmed,ГП № 1-2025.pdf,High,2026-07-03
FAC_2786,PRO_2789,produces_output,0.5,False,Открытый способ,Russia,1959-2001 гг.,Confirmed,ГП № 1-2025.pdf,High,2026-07-03
FAC_2790,PRO_2791,produces_output,0.5,False,,Russia,,Confirmed,ГП № 1-2025.pdf,High,2026-07-03
FAC_2790,PRO_2792,operates_at_condition,0.5,False,После прорыва рассолов,Russia,,Confirmed,ГП № 1-2025.pdf,High,2026-07-03
ORG_2793,FAC_2790,researched_by,0.5,False,,Russia,,Confirmed,ГП № 1-2025.pdf,High,2026-07-03
PRO_2794,MAT_2795,researched_by,0.5,False,,Worldwide,,Confirmed,ГП № 1-2025.pdf,High,2026-07-03
PRO_2794,MAT_2796,researched_by,0.5,False,,Worldwide,,Confirmed,ГП № 1-2025.pdf,High,2026-07-03
PRO_2797,MAT_2795,uses_material,0.5,False,Для оценки алмазоносности,Worldwide,,Confirmed,ГП № 1-2025.pdf,High,2026-07-03
PUB_2798,MAT_1922,researched_by,0.5,False,,Worldwide,,Confirmed,ГП № 1-2025.pdf,High,2026-07-03
PUB_2799,MAT_1922,researched_by,0.5,False,"Мало-Ботуобинский район, Якутская алмазоносная провинция",Russia,,Confirmed,ГП № 1-2025.pdf,High,2026-07-03
PRO_2800,MAT_1922,researched_by,0.5,False,,Worldwide,,Confirmed,ГП № 1-2025.pdf,High,2026-07-03
EXP_2802,MAT_1922,researched_by,0.5,False,Глубина от -900 до -1300 м,Russia,,Confirmed,ГП № 1-2025.pdf,High,2026-07-03
EXP_2806,PUB_2803,researched_by,0.5,False,,Russia,,Confirmed,ГП № 1-2025.pdf,High,2026-07-03
EXP_2806,PUB_2804,researched_by,0.5,False,,Russia,,Confirmed,ГП № 1-2025.pdf,High,2026-07-03
EXP_2806,PUB_2805,researched_by,0.5,False,,Russia,,Confirmed,ГП № 1-2025.pdf,High,2026-07-03
EQU_2807,PRO_1573,used_for,0.5,False,,Russia,,Confirmed,ГП № 1-2025.pdf,High,2026-07-03
PRO_1573,PRO_2808,produces_output,0.5,False,,Russia,,Confirmed,ГП № 1-2025.pdf,High,2026-07-03
PRO_1573,MAT_2810,produces_output,0.5,False,,Worldwide,,Confirmed,ГП № 1-2025.pdf,High,2026-07-03
PRO_1573,MAT_2811,produces_output,0.5,False,,Russia,,Confirmed,ГП № 1-2025.pdf,High,2026-07-03
EQU_2812,PRO_2808,uses_material,0.5,False,"Расстояние от 2,5 до 30 м, размер частиц от 4 см",Worldwide,,Confirmed,ГП № 1-2025.pdf,High,2026-07-03
PUB_2813,FAC_2814,researched_by,0.5,False,,Russia,,Confirmed,ГП № 1-2025.pdf,High,2026-07-03
PRO_1573,MAT_2815,uses_material,0.5,False,,Worldwide,,Confirmed,ГП № 1-2025.pdf,High,2026-07-03
PRO_1573,MAT_2816,uses_material,0.5,False,,Worldwide,,Confirmed,ГП № 1-2025.pdf,High,2026-07-03
PRO_1573,MAT_2817,uses_material,0.5,False,,Russia,,Confirmed,ГП № 1-2025.pdf,High,2026-07-03
EXP_2818,MAT_2817,researched_by,0.5,False,с использованием логарифмически нормального закона,Russia,,Confirmed,ГП № 1-2025.pdf,High,2026-07-03
PRO_1573,MAT_331,produces_output,0.5,False,,Worldwide,,Confirmed,ГП № 1-2025.pdf,High,2026-07-03
PRO_1573,PUB_142,described_in,0.5,False,,Russia,,Confirmed,ГП № 1-2025.pdf,High,2026-07-03
PUB_2820,FAC_978,described_in,0.5,False,,Russia,,Confirmed,ГП № 1-2025.pdf,High,2026-07-03
FAC_2814,MAT_1537,produces_output,0.5,False,,Russia,,Confirmed,ГП № 1-2025.pdf,High,2026-07-03
FAC_2814,PRO_1152,operates_at_condition,0.5,False,"Суровый климат, удаленность, нехватка трудовых ресурсов",Russia,,Confirmed,ГП № 1-2025.pdf,High,2026-07-03
PUB_2769,FAC_2825,described_in,0.5,False,,Russia,,Unverified,ГП № 1-2025.pdf,High,2026-07-03
PUB_2826,PRO_2827,described_in,0.5,False,,Russia,,Confirmed,ГП № 1-2025.pdf,High,2026-07-03
PRO_2834,EQU_2835,uses_material,0.5,False,,Worldwide,,Unverified,ГП № 1-2025.pdf,High,2026-07-03
PRO_28,PUB_895,produces_output,0.5,False,,Worldwide,,Unverified,ГП № 1-2025.pdf,High,2026-07-03
PRO_28,PRO_518,operates_at_condition,0.5,False,,Worldwide,,Unverified,ГП № 1-2025.pdf,High,2026-07-03
PRO_2840,EQU_2334,uses_material,0.5,False,,Worldwide,,Confirmed,ГП № 1-2025.pdf,High,2026-07-03
PRO_2840,EQU_2841,uses_material,0.5,False,,Worldwide,,Confirmed,ГП № 1-2025.pdf,High,2026-07-03
PRO_1573,EQU_2843,uses_material,0.5,False,,Worldwide,,Confirmed,ГП № 1-2025.pdf,High,2026-07-03
PRO_1573,PRO_2844,produces_output,0.5,False,Уменьшение магнитуды почти на 50%,Worldwide,,Confirmed,ГП № 1-2025.pdf,High,2026-07-03
PRO_1573,PRO_2845,produces_output,0.5,False,Уменьшение скорости сдвижения грунта почти на 90%,Worldwide,,Confirmed,ГП № 1-2025.pdf,High,2026-07-03
EQU_2847,EQU_2848,produces_output,0.5,False,,Worldwide,,Confirmed,ГП № 1-2025.pdf,High,2026-07-03
EQU_2848,FAC_2849,produces_output,0.5,False,,Worldwide,,Confirmed,ГП № 1-2025.pdf,High,2026-07-03
FAC_2850,FAC_2849,integrates_with,0.5,False,Интеграция с модулем учета складов,Worldwide,,Confirmed,ГП № 1-2025.pdf,High,2026-07-03
PRO_2614,PUB_895,uses_material,0.5,False,,Russia,,Confirmed,ГП № 1-2025.pdf,High,2026-07-03
EXP_2853,EQU_2851,uses_equipment,0.5,False,В непосредственной близости от жилых массивов,Russia,,Confirmed,ГП № 1-2025.pdf,High,2026-07-03
PRO_2614,PRO_2852,operates_at_condition,0.5,False,В густонаселенных районах,Russia,,Confirmed,ГП № 1-2025.pdf,High,2026-07-03
EQU_2856,EQU_560,provides_data,0.5,False,,Worldwide,,Confirmed,ГП № 1-2025.pdf,High,2026-07-03
EQU_2859,EQU_2860,produces_output,0.5,False,,Worldwide,,Unverified,ГП № 1-2025.pdf,High,2026-07-03
PRO_2858,PRO_2808,operates_at_condition,0.5,False,На основе алгоритмов ИИ,Worldwide,,Unverified,ГП № 1-2025.pdf,High,2026-07-03
EQU_2862,PRO_2861,uses_material,0.5,False,,Worldwide,,Confirmed,ГП № 1-2025.pdf,High,2026-07-03
EQU_2862,PRO_2863,produces_output,0.5,False,,Worldwide,,Confirmed,ГП № 1-2025.pdf,High,2026-07-03
FAC_2864,PRO_2865,researched_by,0.5,False,"Протяжённость дорог предприятия составляла 24,3 км",Russia,,Confirmed,ГП № 1-2025.pdf,High,2026-07-03
PRO_2866,EQU_2867,uses_material,0.5,False,На дорогах внутри горнодобывающих предприятий,Russia,,Unverified,ГП № 1-2025.pdf,High,2026-07-03
EXP_1678,PUB_2769,researched_by,0.5,False,,Russia,,Confirmed,ГП № 1-2025.pdf,High,2026-07-03
EXP_2868,PUB_2769,researched_by,0.5,False,,Russia,,Confirmed,ГП № 1-2025.pdf,High,2026-07-03
EXP_2869,PUB_2769,researched_by,0.5,False,,Russia,,Confirmed,ГП № 1-2025.pdf,High,2026-07-03
FAC_2870,PRO_2871,researched_by,0.5,False,,Russia,,Confirmed,ГП № 1-2025.pdf,High,2026-07-03
PRO_2871,PUB_2872,described_in,0.5,False,,Russia,,Confirmed,ГП № 1-2025.pdf,High,2026-07-03
PRO_2876,EXP_2877,researched_by,0.5,False,,Russia,,Confirmed,ГП № 1-2025.pdf,High,2026-07-03
EXP_2877,PRO_2876,validated_by,0.5,False,"Протяжённость дорог предприятия составляла 24,3 км",Russia,,Confirmed,ГП № 1-2025.pdf,High,2026-07-03
PUB_2881,PRO_2137,researched_by,0.5,False,,Russia,,Unverified,ГП № 1-2025.pdf,High,2026-07-03
PUB_2881,PRO_2882,researched_by,0.5,False,,Russia,,Unverified,ГП № 1-2025.pdf,High,2026-07-03
PRO_2137,MAT_2123,operates_at_condition,0.5,False,Гравитационное сжатие,Russia,,Unverified,ГП № 1-2025.pdf,High,2026-07-03
EXP_2883,FAC_2884,researched_by,0.5,False,,Russia,,Confirmed,ГП № 1-2025.pdf,High,2026-07-03
PRO_2144,PRO_2137,produces_output,0.5,False,Нарушение естественного состояния массива горных пород,Worldwide,,Confirmed,ГП № 1-2025.pdf,High,2026-07-03
PRO_2885,PRO_2144,uses_material,0.5,False,Применение вакуум-насоса,Worldwide,,Confirmed,ГП № 1-2025.pdf,High,2026-07-03
PRO_2137,MAT_2123,operates_at_condition,0.5,False,В выработанном пространстве происходит обрушение защемлённых консолей породных слоёв,Russia|Worldwide,,Confirmed,ГП № 1-2025.pdf,High,2026-07-03
PRO_2882,MAT_2123,produces_output,0.5,False,Происходит при быстроразвивающемся разрушении массива,Russia|Worldwide,,Confirmed,ГП № 1-2025.pdf,High,2026-07-03
MAT_2123,EQU_2128,uses_material,0.5,False,Для удаления метана из дегазационных скважин,Russia|Worldwide,,Confirmed,ГП № 1-2025.pdf,High,2026-07-03
PRO_2886,MAT_2123,operates_at_condition,0.5,False,Под воздействием силы тяжести,Worldwide,,Confirmed,ГП № 1-2025.pdf,High,2026-07-03
PRO_2137,MAT_2123,produces_output,0.5,False,При падении массы горных пород,Worldwide,,Confirmed,ГП № 1-2025.pdf,High,2026-07-03
PUB_895,PRO_2887,operates_at_condition,0.5,False,Сохранение структуры несмотря на биохимические и метаморфические процессы,Worldwide,,Confirmed,ГП № 1-2025.pdf,High,2026-07-03
PRO_2137,PRO_2887,produces_output,0.5,False,Изменение структуры при физическом сжатии,Worldwide,,Confirmed,ГП № 1-2025.pdf,High,2026-07-03
PRO_2137,MAT_2123,operates_at_condition,0.5,False,Изменения явлений в угольном пласте,Worldwide,,Confirmed,ГП № 1-2025.pdf,High,2026-07-03
PRO_2137,PUB_2888,described_in,0.5,False,,Worldwide,,Confirmed,ГП № 1-2025.pdf,High,2026-07-03
PUB_895,PRO_2137,uses_material,0.5,False,,Worldwide,,Confirmed,ГП № 1-2025.pdf,High,2026-07-03
PUB_895,PRO_2129,produces_output,0.5,False,,Worldwide,,Confirmed,ГП № 1-2025.pdf,High,2026-07-03
PUB_2890,PRO_2891,described_in,0.5,False,,Worldwide,,Confirmed,ГП № 1-2025.pdf,High,2026-07-03
EXP_2898,PUB_2769,described_in,0.5,False,,Worldwide,,Unverified,ГП № 1-2025.pdf,High,2026-07-03
PRO_2891,PRO_2899,uses_material,0.5,False,,Worldwide,,Confirmed,ГП № 1-2025.pdf,High,2026-07-03
PRO_2891,PRO_2900,uses_material,0.5,False,,Worldwide,,Confirmed,ГП № 1-2025.pdf,High,2026-07-03
PRO_2891,PRO_2901,uses_material,0.5,False,,Worldwide,,Confirmed,ГП № 1-2025.pdf,High,2026-07-03
PRO_2891,PRO_2902,uses_material,0.5,False,,Worldwide,,Confirmed,ГП № 1-2025.pdf,High,2026-07-03
PRO_2903,PRO_2904,uses_material,0.5,False,,Worldwide,,Unverified,ГП № 1-2025.pdf,High,2026-07-03
PRO_2903,PUB_2769,described_in,0.5,False,,Russia,,Confirmed,ГП № 1-2025.pdf,High,2026-07-03
PRO_2652,PRO_2907,operates_at_condition,0.5,False,температурные условия рудного штабеля и выщелачивающего раствора,Worldwide,,Confirmed,ГП № 1-2025.pdf,High,2026-07-03
PRO_2652,EQU_2906,uses_material,0.5,False,,Worldwide,,Confirmed,ГП № 1-2025.pdf,High,2026-07-03
EXP_2908,PRO_2652,validated_by,0.5,False,,Worldwide,,Confirmed,ГП № 1-2025.pdf,High,2026-07-03
PRO_2909,MAT_2910,uses_material,0.5,False,Толщина снега до 1 м,Worldwide,,Confirmed,ГП № 1-2025.pdf,High,2026-07-03
PRO_2909,MAT_2911,uses_material,0.5,False,Толщина воздушного прослоя 1-3 см,Worldwide,,Confirmed,ГП № 1-2025.pdf,High,2026-07-03
PRO_2652,MAT_2912,uses_material,0.5,False,В условиях холодного климата,Russia,,Confirmed,ГП № 1-2025.pdf,High,2026-07-03
PRO_2652,FAC_2913,operates_at_condition,0.5,False,"Суровый климат, вечная мерзлота",Russia,,Confirmed,ГП № 1-2025.pdf,High,2026-07-03
PRO_2652,EQU_2914,uses_equipment,0.5,False,Для прогноза теплового режима рудного штабеля,Russia,,Confirmed,ГП № 1-2025.pdf,High,2026-07-03
EQU_2916,MAT_2917,operates_at_condition,0.5,False,Климатические условия Алданского района РС(Я),Worldwide,,Confirmed,ГП № 1-2025.pdf,High,2026-07-03
MAT_2917,PRO_2915,uses_material,0.5,False,"Температура растворов +3–+6 °C, скорость фильтрации зимой 0,25 м/сут, летом 1 м/сут",Russia,,Confirmed,ГП № 1-2025.pdf,High,2026-07-03
EXP_2918,PUB_2699,researched_by,0.5,False,,Worldwide,,Confirmed,ГП № 1-2025.pdf,High,2026-07-03
PRO_2919,EQU_2916,uses_material,0.5,False,,Russia,,Confirmed,ГП № 1-2025.pdf,High,2026-07-03
PRO_2919,MAT_2920,uses_material,0.5,False,"Толщина льда до 0,1 м",Russia,,Confirmed,ГП № 1-2025.pdf,High,2026-07-03
MAT_2920,PRO_2921,operates_at_condition,0.5,False,Зависит от толщины льда и наличия снежного покрова,Russia,,Confirmed,ГП № 1-2025.pdf,High,2026-07-03
PUB_2922,FAC_2923,validated_by,0.5,False,,Russia,,Confirmed,ГП № 1-2025.pdf,High,2026-07-03
PRO_2924,PRO_2925,described_in,0.5,False,В рамках процедуры выдачи наряда описывается организация труда персонала,Worldwide,,Unverified,ГП № 1-2025.pdf,High,2026-07-03
MAT_2917,MAT_2911,uses_material,0.5,False,"при невозможности применить плёнку – проводить теплоизоляцию бортов льдом толщиной не менее 0,1 м",Worldwide,,Confirmed,ГП № 1-2025.pdf,High,2026-07-03
PRO_2652,MAT_2917,operates_at_condition,0.5,False,"учитывает геометрию строения, фильтрацию рабочих растворов, погодные условия",Worldwide,,Confirmed,ГП № 1-2025.pdf,High,2026-07-03
EXP_2927,MAT_2917,validated_by,0.5,False,,Worldwide,,Confirmed,ГП № 1-2025.pdf,High,2026-07-03
PRO_2924,PRO_2928,researched_by,0.5,False,,Worldwide,,Unverified,ГП № 1-2025.pdf,High,2026-07-03
PUB_2931,PRO_2919,researched_by,0.5,False,Условия Крайнего Севера,Russia,,Confirmed,ГП № 1-2025.pdf,High,2026-07-03
PUB_2932,PRO_2919,researched_by,0.5,False,Зоны многолетней мерзлоты,Russia,,Confirmed,ГП № 1-2025.pdf,High,2026-07-03
PUB_2933,PRO_2919,researched_by,0.5,False,,Russia,,Confirmed,ГП № 1-2025.pdf,High,2026-07-03
PRO_2934,PUB_2769,described_in,0.5,False,,Worldwide,,Confirmed,ГП № 1-2025.pdf,High,2026-07-03
PRO_2935,PUB_2769,described_in,0.5,False,,Worldwide,,Confirmed,ГП № 1-2025.pdf,High,2026-07-03
PRO_2936,PUB_2769,described_in,0.5,False,,Worldwide,,Confirmed,ГП № 1-2025.pdf,High,2026-07-03
PRO_2937,FAC_2923,researched_by,0.5,False,В условиях высокой динамики наращивания объёмов горных работ и переработки угля,Russia,,Confirmed,ГП № 1-2025.pdf,High,2026-07-03
PRO_2938,PUB_2769,described_in,0.5,False,,Russia,,Confirmed,ГП № 1-2025.pdf,High,2026-07-03
PRO_2943,PRO_1276,researched_by,0.5,False,,Russia,,Confirmed,ГП № 1-2025.pdf,High,2026-07-03
PRO_1276,PUB_2872,described_in,0.5,False,,Russia,,Confirmed,ГП № 1-2025.pdf,High,2026-07-03
EQU_1267,PRO_2945,uses_material,0.5,False,,Worldwide,,Confirmed,ГП № 1-2025.pdf,High,2026-07-03
PRO_2948,MAT_2949,operates_at_condition,0.5,False,Введение массивов в режим объемного сжатия,Worldwide,,Confirmed,ГП № 1-2025.pdf,High,2026-07-03
PUB_2947,PRO_2948,described_in,0.5,False,,Worldwide,,Confirmed,ГП № 1-2025.pdf,High,2026-07-03
MAT_2952,PRO_2955,operates_at_condition,0.5,False,Поглощение света в синем (400–500 нм) и красном (600–700 нм) диапазонах.,Worldwide,,Confirmed,ГП № 1-2025.pdf,High,2026-07-03
MAT_2953,PRO_2955,operates_at_condition,0.5,False,Поглощение света в синей области спектра.,Worldwide,,Confirmed,ГП № 1-2025.pdf,High,2026-07-03
MAT_2954,PRO_2955,operates_at_condition,0.5,False,"Поглощение света в синем и зеленом диапазонах, отражение желто-оранжевых длин волн.",Worldwide,,Confirmed,ГП № 1-2025.pdf,High,2026-07-03
PRO_2957,PUB_2872,described_in,0.5,False,,Worldwide,,Confirmed,ГП № 1-2025.pdf,High,2026-07-03
EXP_2958,MAT_961,researched_by,0.5,False,,Worldwide,,Confirmed,ГП № 1-2025.pdf,High,2026-07-03
MAT_961,PRO_2959,operates_at_condition,0.5,False,"Коэффициент структурного ослабления для основной части массива составляет 0,03…0,9, а в зоне сгущения трещин он изменяется в пределах 0,4…0,6.",Worldwide,"0,03…0,9",Confirmed,ГП № 1-2025.pdf,High,2026-07-03
PRO_2960,MAT_2961,uses_material,0.5,False,,Russia,,Confirmed,ГП № 1-2025.pdf,High,2026-07-03
PRO_2960,FAC_2962,operates_at_condition,0.5,False,,Russia,,Confirmed,ГП № 1-2025.pdf,High,2026-07-03
EXP_2963,FAC_2962,researched_by,0.5,False,,Russia,,Confirmed,ГП № 1-2025.pdf,High,2026-07-03
PRO_2967,MAT_2966,uses_material,0.5,False,,Worldwide,,Confirmed,ГП № 1-2025.pdf,High,2026-07-03
MAT_2966,PRO_2968,operates_at_condition,0.5,False,Снижение напряжений в окрестностях выработки,Worldwide,,Confirmed,ГП № 1-2025.pdf,High,2026-07-03
PRO_2974,MAT_2973,uses_material,0.5,False,,Russia,,Confirmed,ГП № 1-2025.pdf,High,2026-07-03
EQU_2975,PRO_2974,operates_at_condition,0.5,False,"рабочий орган емкостью 0,13 м3, продолжительность добычного сезона 60 дней",Russia,,Confirmed,ГП № 1-2025.pdf,High,2026-07-03
EXP_2976,PRO_2974,validated_by,0.5,False,,Russia,,Confirmed,ГП № 1-2025.pdf,High,2026-07-03
PRO_2978,EQU_2979,uses_material,0.5,False,,Worldwide,,Unverified,ГП № 1-2025.pdf,High,2026-07-03
PRO_2978,EQU_2980,uses_material,0.5,False,Перемещение оборудования по настилу транспортной полосы,Worldwide,,Unverified,ГП № 1-2025.pdf,High,2026-07-03
PRO_2978,EQU_2981,uses_material,0.5,False,Перемещение оборудования по настилу транспортной полосы,Worldwide,,Unverified,ГП № 1-2025.pdf,High,2026-07-03
PRO_2982,MAT_273,uses_material,0.5,False,,Worldwide,,Confirmed,ГП № 1-2025.pdf,High,2026-07-03
PRO_2982,EQU_2983,operates_at_condition,0.5,False,Цикличный принцип действия,Worldwide,,Confirmed,ГП № 1-2025.pdf,High,2026-07-03
EXP_2985,FAC_2986,produces_output,0.5,False,Определение скорости восстановления растительного слоя,Worldwide,,Confirmed,ГП № 1-2025.pdf,High,2026-07-03
MAT_2987,PRO_2974,uses_material,0.5,False,,Russia,,Confirmed,ГП № 1-2025.pdf,High,2026-07-03
PRO_2974,EQU_2979,operates_at_condition,0.5,False,Неосушенное месторождение,Russia,,Confirmed,ГП № 1-2025.pdf,High,2026-07-03
PRO_2974,PRO_2988,produces_output,0.5,False,,Russia,,Confirmed,ГП № 1-2025.pdf,High,2026-07-03
EXP_2989,PRO_2974,validated_by,0.5,False,,Russia,,Confirmed,ГП № 1-2025.pdf,High,2026-07-03
PUB_2992,PRO_2993,described_in,0.5,False,,Worldwide,,Confirmed,ГП № 1-2025.pdf,High,2026-07-03
EQU_2975,PRO_2982,uses_material,0.5,False,,Worldwide,,Confirmed,ГП № 1-2025.pdf,High,2026-07-03
EQU_2994,PRO_2982,operates_at_condition,0.5,False,,Worldwide,,Confirmed,ГП № 1-2025.pdf,High,2026-07-03
EQU_2995,PRO_2982,produces_output,0.5,False,,Worldwide,,Confirmed,ГП № 1-2025.pdf,High,2026-07-03
EQU_2996,PRO_2982,operates_at_condition,0.5,False,"Длина вылета стрелы 3,5 м, максимальный радиус стрелы 4,7 м",Worldwide,,Confirmed,ГП № 1-2025.pdf,High,2026-07-03
PRO_2993,EQU_704,uses_material,0.5,False,В условиях подземной транспортной инфраструктуры,"Russia, Kazakhstan, Chile",,Partially_Confirmed,ГП № 1-2025.pdf,High,2026-07-03
PRO_2993,PUB_2872,described_in,0.5,False,,Worldwide,,Confirmed,ГП № 1-2025.pdf,High,2026-07-03
PRO_3000,EQU_3001,uses_material,0.5,False,Интеграция с транспортной инфраструктурой,Worldwide,,Confirmed,ГП № 1-2025.pdf,High,2026-07-03
EQU_2975,PRO_2978,uses_material,0.5,False,,Worldwide,,Confirmed,ГП № 1-2025.pdf,High,2026-07-03
PRO_2978,MAT_2973,produces_output,0.5,False,,Worldwide,,Confirmed,ГП № 1-2025.pdf,High,2026-07-03
PUB_3007,PUB_895,researched_by,0.5,False,,Russia,,Confirmed,ГП № 1-2025.pdf,High,2026-07-03
PRO_3008,PRO_3009,operates_at_condition,0.5,False,Среднее время реакции: 154 мс,Worldwide,,Confirmed,ГП № 1-2025.pdf,High,2026-07-03
PRO_3008,PRO_3010,produces_output,0.5,False,"Снижение коэффициента травматизма на 63,2%",Worldwide,,Confirmed,ГП № 1-2025.pdf,High,2026-07-03
PRO_3008,PRO_3011,produces_output,0.5,False,"Уровень автоматизации: 92,4%",Worldwide,,Confirmed,ГП № 1-2025.pdf,High,2026-07-03
PRO_3012,EQU_3013,uses_material,0.5,False,,Worldwide,,Confirmed,ГП № 1-2025.pdf,High,2026-07-03
PRO_3012,PRO_3014,produces_output,0.5,False,"Уровень автоматизации достиг 78,4%",Worldwide,"78,4%",Confirmed,ГП № 1-2025.pdf,High,2026-07-03
EXP_3015,PRO_3012,validated_by,0.5,False,К концу 2023 года подключено 2562 датчика и IoT-устройства,Worldwide,,Confirmed,ГП № 1-2025.pdf,High,2026-07-03
PRO_2993,EXP_3016,researched_by,0.5,False,,Worldwide,,Confirmed,ГП № 1-2025.pdf,High,2026-07-03
EXP_3016,PUB_2769,described_in,0.5,False,,Worldwide,,Confirmed,ГП № 1-2025.pdf,High,2026-07-03
FAC_3020,PUB_2769,described_in,0.5,False,,Russia,,Unverified,ГП № 1-2025.pdf,High,2026-07-03
FAC_3024,PUB_895,uses_material,0.5,False,Добыча угля в труднодоступных районах,Worldwide,"Объём добычи: 20–50 тыс. т/год, макс. до 100 тыс. т",Confirmed,ГП № 1-2025.pdf,High,2026-07-03
FAC_3025,PRO_2232,produces_output,0.5,False,,Russia,,Confirmed,ГП № 1-2025.pdf,High,2026-07-03
PRO_2232,PUB_895,produces_output,0.5,False,,Russia,,Confirmed,ГП № 1-2025.pdf,High,2026-07-03
PRO_3027,PUB_3026,described_in,0.5,False,,Worldwide,,Confirmed,ГП № 1-2025.pdf,High,2026-07-03
PUB_2769,PUB_414,described_in,0.5,False,,Russia,,Confirmed,ГП № 1-2025.pdf,High,2026-07-03
PUB_2769,PUB_3028,described_in,0.5,False,,Worldwide,,Confirmed,ГП № 1-2025.pdf,High,2026-07-03
PUB_2769,PUB_3029,described_in,0.5,False,,Worldwide,,Confirmed,ГП № 1-2025.pdf,High,2026-07-03
PRO_3030,PUB_2769,described_in,0.5,False,,Worldwide,,Unverified,ГП № 1-2025.pdf,High,2026-07-03
PRO_3031,PRO_3012,uses_material,0.5,False,,Worldwide,,Confirmed,ГП № 1-2025.pdf,High,2026-07-03
PRO_3012,PRO_3032,produces_output,0.5,False,,Worldwide,,Confirmed,ГП № 1-2025.pdf,High,2026-07-03
PRO_3031,PUB_2769,described_in,0.5,False,,Worldwide,,Confirmed,ГП № 1-2025.pdf,High,2026-07-03
PRO_3034,MAT_3035,uses_material,0.5,False,В условиях наличия водоносного горизонта,Worldwide,,Confirmed,ГП № 1-2025.pdf,High,2026-07-03
PRO_3034,PRO_3036,operates_at_condition,0.5,False,При повторной подработке массива,Worldwide,,Confirmed,ГП № 1-2025.pdf,High,2026-07-03
PRO_3038,PUB_3037,described_in,0.5,False,,Russia,,Confirmed,ГП № 1-2025.pdf,High,2026-07-03
PRO_3039,PRO_3038,optimal_parameter,0.5,False,Зависимость от суммарной мощности последовательно вынимаемых пластов свиты,Russia,,Confirmed,ГП № 1-2025.pdf,High,2026-07-03
PRO_399,MAT_280,uses_material,0.5,False,,Russia,,Confirmed,ГП № 1-2025.pdf,High,2026-07-03
PRO_399,FAC_3044,operates_at_condition,0.5,False,Отсутствие своевременных мер по предотвращению притока воды,Russia,,Confirmed,ГП № 1-2025.pdf,High,2026-07-03
PRO_399,FAC_3045,operates_at_condition,0.5,False,Неконтролируемый прорыв воды в горные выработки,Russia,,Confirmed,ГП № 1-2025.pdf,High,2026-07-03
PRO_3046,PRO_3047,operates_at_condition,0.5,False,Зависимость высоты распространения ЗВТ от мощности добычных пластов,Worldwide,,Confirmed,ГП № 1-2025.pdf,High,2026-07-03
PRO_3046,PUB_2872,described_in,0.5,False,,Worldwide,,Confirmed,ГП № 1-2025.pdf,High,2026-07-03
PRO_3048,PRO_3049,operates_at_condition,0.5,False,"интеллектуальная оптимизация режимов работы техники, сокращение простоев",Worldwide,,Confirmed,ГП № 1-2025.pdf,High,2026-07-03
PRO_3048,PRO_3050,operates_at_condition,0.5,False,"применение безотходных технологий, рециклинг вскрышных пород",Worldwide,,Confirmed,ГП № 1-2025.pdf,High,2026-07-03
PRO_3048,PRO_3051,operates_at_condition,0.5,False,"применение энергоэффективного оборудования, рекуперация энергии",Worldwide,,Confirmed,ГП № 1-2025.pdf,High,2026-07-03
PRO_3048,PRO_3052,operates_at_condition,0.5,False,"внедрение практик восстановительной рекультивации, геоэкологический мониторинг",Worldwide,,Confirmed,ГП № 1-2025.pdf,High,2026-07-03
EXP_3053,PUB_2872,described_in,0.5,False,,Worldwide,,Confirmed,ГП № 1-2025.pdf,High,2026-07-03
PRO_3054,PRO_3055,operates_at_condition,0.5,False,Зависит от физико-механических свойств горного массива,Worldwide,,Confirmed,ГП № 1-2025.pdf,High,2026-07-03
PRO_3062,EXP_3063,researched_by,0.5,False,,Worldwide,,Confirmed,ГП № 1-2025.pdf,High,2026-07-03
PRO_3062,PRO_3064,operates_at_condition,0.5,False,Снижение уровня негативного воздействия вскрышных работ,Russia,,Confirmed,ГП № 1-2025.pdf,High,2026-07-03
PRO_3062,PRO_3065,operates_at_condition,0.5,False,Сокращение удельных выбросов CO2 на единицу добытого полезного ископаемого,Russia,,Confirmed,ГП № 1-2025.pdf,High,2026-07-03
PRO_3069,TEC_3070,researched_by,0.5,False,,Russia,,Partially_Confirmed,ГП № 1-2025.pdf,High,2026-07-03
EQU_3072,PRO_3069,uses_material,0.5,False,,Russia,,Confirmed,ГП № 1-2025.pdf,High,2026-07-03
PRO_3062,PRO_3073,produces_output,0.5,False,,Worldwide,,Confirmed,ГП № 1-2025.pdf,High,2026-07-03
PRO_3062,PRO_3064,produces_output,0.5,False,,Worldwide,,Confirmed,ГП № 1-2025.pdf,High,2026-07-03
PRO_3062,PRO_3065,produces_output,0.5,False,,Worldwide,,Confirmed,ГП № 1-2025.pdf,High,2026-07-03
PRO_3074,EXP_3075,researched_by,0.5,False,,Worldwide,,Confirmed,ГП № 1-2025.pdf,High,2026-07-03
PUB_3080,PRO_3074,described_in,0.5,False,,Worldwide,,Confirmed,ГП № 1-2025.pdf,High,2026-07-03
PRO_3074,PRO_3081,produces_output,0.5,False,применение ГМО для анализа структуры рудных тел,Worldwide,,Confirmed,ГП № 1-2025.pdf,High,2026-07-03
PRO_3082,EXP_3083,validated_by,0.5,False,,Russia,,Confirmed,ГП № 1-2025.pdf,High,2026-07-03
TEC_3070,PRO_3084,produces_output,0.5,False,применение МАС,Worldwide,"Eint: 0,62–0,84",Confirmed,ГП № 1-2025.pdf,High,2026-07-03
TEC_3070,PRO_3085,produces_output,0.5,False,применение МАС,Worldwide,"Cplan: 0,71–0,92",Confirmed,ГП № 1-2025.pdf,High,2026-07-03
TEC_3070,PRO_3086,produces_output,0.5,False,применение МАС,Worldwide,"Renv: 0,74–0,62",Confirmed,ГП № 1-2025.pdf,High,2026-07-03
TEC_3070,PRO_3049,produces_output,0.5,False,применение МАС,Worldwide,"ECO2: 0,115–0,089 т/т",Confirmed,ГП № 1-2025.pdf,High,2026-07-03
EQU_3087,PRO_3088,produces_output,0.5,False,,Worldwide,,Confirmed,ГП № 1-2025.pdf,High,2026-07-03
PRO_3089,PRO_3093,produces_output,0.5,False,,Worldwide,"сокращение на 18,4%",Confirmed,ГП № 1-2025.pdf,High,2026-07-03
PRO_3090,PRO_3094,produces_output,0.5,False,,Worldwide,"снижение на 20,6%",Confirmed,ГП № 1-2025.pdf,High,2026-07-03
PRO_3091,PRO_3095,produces_output,0.5,False,,Worldwide,"сокращение на 14,1%",Confirmed,ГП № 1-2025.pdf,High,2026-07-03
PRO_3092,PRO_3095,produces_output,0.5,False,,Worldwide,"сокращение на 14,1%",Confirmed,ГП № 1-2025.pdf,High,2026-07-03
EQU_205,EXP_3096,used_in,0.5,False,,Russia,,Confirmed,ГП № 1-2025.pdf,High,2026-07-03
MAT_3097,EXP_3096,analyzed_in,0.5,False,,Russia,,Confirmed,ГП № 1-2025.pdf,High,2026-07-03
PRO_3082,PRO_3099,uses_material,0.5,False,,Worldwide,,Confirmed,ГП № 1-2025.pdf,High,2026-07-03
PRO_3082,PRO_3100,uses_material,0.5,False,,Worldwide,,Confirmed,ГП № 1-2025.pdf,High,2026-07-03
PRO_3082,PRO_3101,uses_material,0.5,False,,Worldwide,,Confirmed,ГП № 1-2025.pdf,High,2026-07-03
PRO_3082,PRO_3102,contradicts,0.5,False,,Worldwide,,Confirmed,ГП № 1-2025.pdf,High,2026-07-03
PRO_3082,PUB_2769,described_in,0.5,False,,Worldwide,,Confirmed,ГП № 1-2025.pdf,High,2026-07-03
EQU_810,MAT_3103,uses_material,0.5,False,,Worldwide,,Unverified,ГП № 1-2025.pdf,High,2026-07-03
EQU_810,MAT_3104,uses_material,0.5,False,,Worldwide,,Unverified,ГП № 1-2025.pdf,High,2026-07-03
EXP_3105,MAT_3103,uses_material,0.5,False,,Worldwide,,Unverified,ГП № 1-2025.pdf,High,2026-07-03
EXP_3105,MAT_3104,uses_material,0.5,False,,Worldwide,,Unverified,ГП № 1-2025.pdf,High,2026-07-03
EXP_3109,MAT_3110,uses_material,0.5,False,,Worldwide,,Confirmed,ГП № 1-2025.pdf,High,2026-07-03
EXP_3109,MAT_3111,uses_material,0.5,False,,Worldwide,,Confirmed,ГП № 1-2025.pdf,High,2026-07-03
EXP_3109,MAT_3112,uses_material,0.5,False,,Worldwide,,Confirmed,ГП № 1-2025.pdf,High,2026-07-03
EXP_3109,MAT_3113,uses_material,0.5,False,,Worldwide,,Confirmed,ГП № 1-2025.pdf,High,2026-07-03
EXP_3109,MAT_3114,uses_material,0.5,False,,Worldwide,,Confirmed,ГП № 1-2025.pdf,High,2026-07-03
ORG_156,PUB_127,published_by,0.5,False,,Russia,,Confirmed,ГП № 2-2025.pdf,High,2026-07-03
EQU_3131,EQU_3132,uses_material,0.5,False,,Worldwide,,Confirmed,ГП № 2-2025.pdf,High,2026-07-03
FAC_3134,EXP_3135,researched_by,0.5,False,,Russia,,Confirmed,ГП № 2-2025.pdf,High,2026-07-03
FAC_3134,EXP_3136,researched_by,0.5,False,,Russia,,Confirmed,ГП № 2-2025.pdf,High,2026-07-03
FAC_3142,EQU_3141,produces_output,0.5,False,,Russia,,Confirmed,ГП № 2-2025.pdf,High,2026-07-03
EQU_1485,PRO_3145,uses_material,0.5,False,,Worldwide,,Confirmed,ГП № 2-2025.pdf,High,2026-07-03
PRO_3147,EQU_3146,researched_by,0.5,False,,Russia,,Confirmed,ГП № 2-2025.pdf,High,2026-07-03
EQU_3149,EQU_3150,uses_material,0.5,False,,Russia,,Confirmed,ГП № 2-2025.pdf,High,2026-07-03
EQU_3151,EQU_3152,uses_material,0.5,False,,Russia,,Confirmed,ГП № 2-2025.pdf,High,2026-07-03
PRO_3145,EQU_3153,researched_by,0.5,False,,Worldwide,,Confirmed,ГП № 2-2025.pdf,High,2026-07-03
PRO_3145,EXP_3154,validated_by,0.5,False,Метод конечных элементов,Worldwide,,Confirmed,ГП № 2-2025.pdf,High,2026-07-03
PRO_3155,EQU_3156,researched_by,0.5,False,,Worldwide,,Confirmed,ГП № 2-2025.pdf,High,2026-07-03
EQU_3156,PRO_3157,operates_at_condition,0.5,False,Циклические нагрузки,Worldwide,,Confirmed,ГП № 2-2025.pdf,High,2026-07-03
EXP_3158,EQU_3156,validated_by,0.5,False,,Worldwide,,Confirmed,ГП № 2-2025.pdf,High,2026-07-03
EQU_3168,EQU_3169,uses_material,0.5,False,,Worldwide,,Confirmed,ГП № 2-2025.pdf,High,2026-07-03
EQU_3168,EQU_3170,uses_material,0.5,False,,Russia,,Confirmed,ГП № 2-2025.pdf,High,2026-07-03
COM_3172,PRO_3173,produces_output,0.5,False,,Russia,,Confirmed,ГП № 2-2025.pdf,High,2026-07-03
FAC_3174,FAC_3175,produces_output,0.5,False,,Russia,,Confirmed,ГП № 2-2025.pdf,High,2026-07-03
EQU_3176,EQU_3177,uses_material,0.5,False,,Worldwide,,Confirmed,ГП № 2-2025.pdf,High,2026-07-03
EQU_3176,EQU_3178,uses_material,0.5,False,,Worldwide,,Confirmed,ГП № 2-2025.pdf,High,2026-07-03
EQU_3176,EQU_3179,uses_material,0.5,False,,Worldwide,,Confirmed,ГП № 2-2025.pdf,High,2026-07-03
FAC_3180,FAC_3181,operates_at_condition,0.5,False,Строительство и разработка месторождения,Russia,,Confirmed,ГП № 2-2025.pdf,High,2026-07-03
FAC_3180,FAC_3182,operates_at_condition,0.5,False,Строительство и разработка месторождения,Russia,,Confirmed,ГП № 2-2025.pdf,High,2026-07-03
FAC_3180,FAC_3183,operates_at_condition,0.5,False,Строительство и разработка месторождения,Russia,,Confirmed,ГП № 2-2025.pdf,High,2026-07-03
FAC_3188,EQU_3123,operates_at_condition,0.5,False,,Russia,,Confirmed,ГП № 2-2025.pdf,High,2026-07-03
FAC_3189,EQU_3123,produces_output,0.5,False,,Worldwide,,Confirmed,ГП № 2-2025.pdf,High,2026-07-03
EXP_3190,PUB_3191,researched_by,0.5,False,,Russia,,Confirmed,ГП № 2-2025.pdf,High,2026-07-03
EXP_3192,FAC_3193,researched_by,0.5,False,,Russia,,Confirmed,ГП № 2-2025.pdf,High,2026-07-03
EXP_3192,FAC_992,researched_by,0.5,False,,Russia,,Confirmed,ГП № 2-2025.pdf,High,2026-07-03
EQU_3194,PRO_3195,uses_material,0.5,False,,Worldwide,,Confirmed,ГП № 2-2025.pdf,High,2026-07-03
PRO_12,EQU_3196,researched_by,0.5,False,,Worldwide,,Unverified,ГП № 2-2025.pdf,High,2026-07-03
PRO_12,PUB_3197,described_in,0.5,False,,Worldwide,,Confirmed,ГП № 2-2025.pdf,High,2026-07-03
ORG_3203,EQU_3201,produces_output,0.5,False,,Russia,,Confirmed,ГП № 2-2025.pdf,High,2026-07-03
ORG_3204,EQU_3201,produces_output,0.5,False,,Worldwide,,Confirmed,ГП № 2-2025.pdf,High,2026-07-03
EQU_3201,FAC_3202,operates_at_condition,0.5,False,температура до –50 °С,Russia,,Confirmed,ГП № 2-2025.pdf,High,2026-07-03
EQU_3205,PRO_3206,uses_material,0.5,False,,Russia,,Confirmed,ГП № 2-2025.pdf,High,2026-07-03
EQU_3205,EXP_3207,validated_by,0.5,False,,Russia,,Confirmed,ГП № 2-2025.pdf,High,2026-07-03
EXP_3207,PRO_3206,researched_by,0.5,False,,Russia,,Confirmed,ГП № 2-2025.pdf,High,2026-07-03
EQU_3209,PRO_3210,uses_material,0.5,False,,Worldwide,,Confirmed,ГП № 2-2025.pdf,High,2026-07-03
EQU_3211,MAT_3213,uses_material,0.5,False,,Worldwide,,Confirmed,ГП № 2-2025.pdf,High,2026-07-03
PRO_3212,MAT_3213,operates_at_condition,0.5,False,Скорость вращения: 3000 об/мин,Worldwide,,Confirmed,ГП № 2-2025.pdf,High,2026-07-03
EXP_3215,PUB_3214,researched_by,0.5,False,,Russia,,Confirmed,ГП № 2-2025.pdf,High,2026-07-03
PRO_3217,FAC_3218,researched_by,0.5,False,,Russia,,Confirmed,ГП № 2-2025.pdf,High,2026-07-03
FAC_3220,PUB_3221,researched_by,0.5,False,,Russia,,Confirmed,ГП № 2-2025.pdf,High,2026-07-03
EXP_3219,PUB_3214,researched_by,0.5,False,,Russia,,Confirmed,ГП № 2-2025.pdf,High,2026-07-03
PUB_3197,PRO_3222,described_in,0.5,False,,Russia,,Confirmed,ГП № 2-2025.pdf,High,2026-07-03
PRO_3223,MAT_3224,uses_material,0.5,False,В границах влагоотдачи,Worldwide,,Confirmed,ГП № 2-2025.pdf,High,2026-07-03
PRO_3223,FAC_3225,researched_by,0.5,False,,Russia,,Confirmed,ГП № 2-2025.pdf,High,2026-07-03
FAC_3226,COM_3229,operates_at_condition,0.5,False,Глубина разработки: более 1000 м,Russia,,Confirmed,ГП № 2-2025.pdf,High,2026-07-03
FAC_3227,COM_3228,operates_at_condition,0.5,False,Глубина разработки: 345-450 м,Russia,,Confirmed,ГП № 2-2025.pdf,High,2026-07-03
PRO_3230,MAT_280,uses_material,0.5,False,,Russia,,Confirmed,ГП № 2-2025.pdf,High,2026-07-03
EQU_3231,PRO_3230,operates_at_condition,0.5,False,глубокозалегающие месторождения,Russia,,Confirmed,ГП № 2-2025.pdf,High,2026-07-03
EQU_3236,MAT_3234,uses_material,0.5,False,,Worldwide,,Confirmed,ГП № 2-2025.pdf,High,2026-07-03
PRO_3235,MAT_280,operates_at_condition,0.5,False,Поддержание стабильности и согласованности состава,Worldwide,,Confirmed,ГП № 2-2025.pdf,High,2026-07-03
EXP_3237,MAT_280,validated_by,0.5,False,,Worldwide,,Confirmed,ГП № 2-2025.pdf,High,2026-07-03
PRO_3244,MAT_3243,produces_output,0.5,False,,Worldwide,,Confirmed,ГП № 2-2025.pdf,High,2026-07-03
EQU_3245,MAT_3243,uses_material,0.5,False,Влажность 5–10%,Russia,,Confirmed,ГП № 2-2025.pdf,High,2026-07-03
MAT_3234,PRO_3250,uses_material,0.5,False,,Worldwide,,Confirmed,ГП № 2-2025.pdf,High,2026-07-03
PRO_3250,EQU_3251,operates_at_condition,0.5,False,В подземных рудниках,Worldwide,,Confirmed,ГП № 2-2025.pdf,High,2026-07-03
EXP_3253,FAC_3225,validated_by,0.5,False,,Russia,,Confirmed,ГП № 2-2025.pdf,High,2026-07-03
EQU_3255,PRO_3254,used_in,0.5,False,,Worldwide,,Confirmed,ГП № 2-2025.pdf,High,2026-07-03
PRO_3254,PUB_3197,described_in,0.5,False,,Russia,,Confirmed,ГП № 2-2025.pdf,High,2026-07-03
EQU_3258,PRO_3257,produces_output,0.5,False,"На основе анализа технологических, экономических и экологических аспектов",Russia,"Рост производительности оборудования на 30–40%, снижение затрат на обслуживание до 25%, повышение безопасности труда до 95%",Confirmed,ГП № 2-2025.pdf,High,2026-07-03
EQU_3259,PRO_3260,produces_output,0.5,False,"Данные передаются со средней скоростью 54,8 Мбит/с",Worldwide,,Confirmed,ГП № 2-2025.pdf,High,2026-07-03
PRO_3260,FAC_3261,described_in,0.5,False,,Worldwide,,Confirmed,ГП № 2-2025.pdf,High,2026-07-03
PRO_3012,PRO_3263,produces_output,0.5,False,,Worldwide,,Confirmed,ГП № 2-2025.pdf,High,2026-07-03
PRO_3012,EXP_3264,validated_by,0.5,False,,Worldwide,,Confirmed,ГП № 2-2025.pdf,High,2026-07-03
PRO_1797,PRO_3265,produces_output,0.5,False,Оптимизация технологических процессов и внедрение систем экологического мониторинга,Worldwide,,Confirmed,ГП № 2-2025.pdf,High,2026-07-03
PRO_1797,PRO_3266,produces_output,0.5,False,Оптимизация технологических процессов,Worldwide,,Confirmed,ГП № 2-2025.pdf,High,2026-07-03
PRO_1797,PRO_3267,produces_output,0.5,False,Применение наилучших доступных технологий в природоохранной деятельности,Worldwide,,Confirmed,ГП № 2-2025.pdf,High,2026-07-03
PRO_3268,PUB_3216,described_in,0.5,False,,Worldwide,,Confirmed,ГП № 2-2025.pdf,High,2026-07-03
EQU_3273,PRO_3272,uses_material,0.5,False,,Russia,,Confirmed,ГП № 2-2025.pdf,High,2026-07-03
PRO_3272,PRO_3274,produces_output,0.5,False,Корреляция между скоростью распространения продольных волн и прочностью на сжатие,Russia,,Confirmed,ГП № 2-2025.pdf,High,2026-07-03
EXP_3275,PRO_3274,validated_by,0.5,False,Цилиндрические образцы с отношением высоты к диаметру 2:1,Russia,,Confirmed,ГП № 2-2025.pdf,High,2026-07-03
EQU_3276,PRO_3277,uses_material,0.5,False,,Worldwide,,Confirmed,ГП № 2-2025.pdf,High,2026-07-03
PRO_3285,MAT_3286,uses_material,0.5,False,,Worldwide,,Confirmed,ГП № 2-2025.pdf,High,2026-07-03
EQU_3273,EXP_3275,operates_at_condition,0.5,False,В соответствии с ГОСТ 21153.7–75,Worldwide,,Confirmed,ГП № 2-2025.pdf,High,2026-07-03
EXP_3275,PRO_147,produces_output,0.5,False,,Worldwide,,Confirmed,ГП № 2-2025.pdf,High,2026-07-03
PRO_3287,PRO_3288,operates_at_condition,0.5,False,"RQD0-50, UCS",Worldwide,,Confirmed,ГП № 2-2025.pdf,High,2026-07-03
PRO_3287,PRO_3274,uses_material,0.5,False,,Worldwide,60 МПа,Confirmed,ГП № 2-2025.pdf,High,2026-07-03
PRO_3293,EQU_99,uses_material,0.5,False,,Worldwide,,Confirmed,ГП № 2-2025.pdf,High,2026-07-03
PRO_3293,MAT_961,operates_at_condition,0.5,False,Глубина 1150–1190 м,Worldwide,,Confirmed,ГП № 2-2025.pdf,High,2026-07-03
EXP_3294,MAT_961,produces_output,0.5,False,,Worldwide,,Confirmed,ГП № 2-2025.pdf,High,2026-07-03
EQU_3302,EQU_3303,uses_material,0.5,False,При изменении давления в колонне НКТ,Worldwide,,Unverified,ГП № 2-2025.pdf,High,2026-07-03
EQU_3304,MAT_3307,operates_at_condition,0.5,False,Присутствие механических примесей в скважинной жидкости,Worldwide,,Confirmed,ГП № 2-2025.pdf,High,2026-07-03
EQU_3304,EQU_3305,uses_material,0.5,False,,Worldwide,,Partially_Confirmed,ГП № 2-2025.pdf,High,2026-07-03
EQU_3308,EQU_3303,uses_material,0.5,False,,Worldwide,,Unverified,ГП № 2-2025.pdf,High,2026-07-03
EQU_3308,EQU_3305,uses_material,0.5,False,,Worldwide,,Unverified,ГП № 2-2025.pdf,High,2026-07-03
EQU_3310,EQU_3311,uses_material,0.5,False,,Worldwide,,Unverified,ГП № 2-2025.pdf,High,2026-07-03
EQU_3311,MAT_3309,uses_material,0.5,False,,Worldwide,,Unverified,ГП № 2-2025.pdf,High,2026-07-03
EQU_3305,EQU_3303,uses_material,0.5,False,,Worldwide,,Confirmed,ГП № 2-2025.pdf,High,2026-07-03
EQU_3303,PRO_3312,produces_output,0.5,False,При небольших глубинах водопонижающих скважин,Worldwide,,Confirmed,ГП № 2-2025.pdf,High,2026-07-03
PRO_3313,EQU_3314,uses_material,0.5,False,,Worldwide,,Confirmed,ГП № 2-2025.pdf,High,2026-07-03
EQU_3314,MAT_3315,operates_at_condition,0.5,False,Содержание механических примесей,Worldwide,,Confirmed,ГП № 2-2025.pdf,High,2026-07-03
EQU_3314,PRO_2393,produces_output,0.5,False,,Worldwide,,Confirmed,ГП № 2-2025.pdf,High,2026-07-03
EXP_3316,EQU_3314,researched_by,0.5,False,,Russia,,Confirmed,ГП № 2-2025.pdf,High,2026-07-03
PRO_3318,EQU_3320,uses_material,0.5,False,В шахтах,Russia,,Confirmed,ГП № 2-2025.pdf,High,2026-07-03
PRO_3318,PUB_3197,described_in,0.5,False,,Worldwide,,Confirmed,ГП № 2-2025.pdf,High,2026-07-03
EQU_3321,PRO_3322,uses_material,0.5,False,,Worldwide,,Confirmed,ГП № 2-2025.pdf,High,2026-07-03
PRO_2683,EQU_3321,operates_at_condition,0.5,False,,Worldwide,,Confirmed,ГП № 2-2025.pdf,High,2026-07-03
EXP_3325,PRO_3323,researched_by,0.5,False,,Worldwide,,Confirmed,ГП № 2-2025.pdf,High,2026-07-03
EXP_3326,PRO_3323,researched_by,0.5,False,,Worldwide,,Confirmed,ГП № 2-2025.pdf,High,2026-07-03
EXP_3327,PRO_3323,researched_by,0.5,False,,Worldwide,,Confirmed,ГП № 2-2025.pdf,High,2026-07-03
EXP_3328,PRO_3323,researched_by,0.5,False,,Worldwide,,Confirmed,ГП № 2-2025.pdf,High,2026-07-03
PRO_3323,MAT_3324,uses_material,0.5,False,,Worldwide,,Confirmed,ГП № 2-2025.pdf,High,2026-07-03
PRO_3329,PRO_3330,improves,0.5,False,,Worldwide,,Confirmed,ГП № 2-2025.pdf,High,2026-07-03
PRO_3329,PRO_3331,enhances,0.5,False,,Worldwide,,Confirmed,ГП № 2-2025.pdf,High,2026-07-03
PRO_3318,PRO_3332,produces_output,0.5,False,,Worldwide,,Confirmed,ГП № 2-2025.pdf,High,2026-07-03
PRO_3318,PRO_3333,produces_output,0.5,False,,Worldwide,,Confirmed,ГП № 2-2025.pdf,High,2026-07-03
PRO_3318,PRO_3334,produces_output,0.5,False,,Worldwide,,Confirmed,ГП № 2-2025.pdf,High,2026-07-03
PRO_3335,EQU_1776,produces_output,0.5,False,,Worldwide,,Confirmed,ГП № 2-2025.pdf,High,2026-07-03
PRO_3254,PRO_3329,uses_material,0.5,False,,Russia,,Confirmed,ГП № 2-2025.pdf,High,2026-07-03
PRO_3329,PUB_3216,described_in,0.5,False,,Russia,,Confirmed,ГП № 2-2025.pdf,High,2026-07-03
PRO_3343,EQU_3344,uses_material,0.5,False,"Периодическое закрытие и открытие скважин, использование механизма автопневмообработки пласта",Russia,,Confirmed,ГП № 2-2025.pdf,High,2026-07-03
PRO_3343,PRO_3345,produces_output,0.5,False,"Развитие микротрещиноватости, вызванной сорбционными деформациями",Russia,,Confirmed,ГП № 2-2025.pdf,High,2026-07-03
PRO_3346,EQU_3347,operates_at_condition,0.5,False,,Worldwide,,Confirmed,ГП № 2-2025.pdf,High,2026-07-03
PRO_2885,PRO_3355,operates_at_condition,0.5,False,Изменение пластового давления метана,Worldwide,,Confirmed,ГП № 2-2025.pdf,High,2026-07-03
PRO_2885,EQU_3356,uses_material,0.5,False,,Worldwide,,Confirmed,ГП № 2-2025.pdf,High,2026-07-03
PUB_3358,PRO_3359,described_in,0.5,False,,Worldwide,,Confirmed,ГП № 2-2025.pdf,High,2026-07-03
PRO_3359,EQU_1683,operates_at_condition,0.5,False,Спектральные и временные характеристики вибраций,Worldwide,30-120 минут для раннего предупреждения,Confirmed,ГП № 2-2025.pdf,High,2026-07-03
PRO_3360,EXP_3361,validated_by,0.5,False,,Worldwide,,Confirmed,ГП № 2-2025.pdf,High,2026-07-03
FAC_3364,PRO_3362,researched_by,0.5,False,,Russia,,Confirmed,ГП № 2-2025.pdf,High,2026-07-03
EXP_3365,PRO_3362,validated_by,0.5,False,"Диаметр скважины 76 мм, длина 120 м",Russia,,Confirmed,ГП № 2-2025.pdf,High,2026-07-03
PRO_3366,EQU_1683,uses_material,0.5,False,Для оценки состояния,Worldwide,,Confirmed,ГП № 2-2025.pdf,High,2026-07-03
PRO_3367,PRO_3366,researched_by,0.5,False,Для автоматизированного распознавания паттернов вибраций,Worldwide,,Confirmed,ГП № 2-2025.pdf,High,2026-07-03
PRO_3368,EQU_3369,operates_at_condition,0.5,False,Для распознавания кратковременных аномалий и переходных процессов,Russia,,Confirmed,ГП № 2-2025.pdf,High,2026-07-03
FAC_350,FAC_351,researched_by,0.5,False,,Russia,,Confirmed,ГП № 2-2025.pdf,High,2026-07-03
PRO_3370,EQU_778,operates_at_condition,0.5,False,"Точность классификации состояний оборудования 95,4%, выявление предотказных состояний за 1–4 часа до аварии",Russia,,Partially_Confirmed,ГП № 2-2025.pdf,High,2026-07-03
PRO_3376,EQU_3377,researched_by,0.5,False,,Worldwide,,Confirmed,ГП № 2-2025.pdf,High,2026-07-03
EXP_3379,PUB_3380,described_in,0.5,False,Анализ данных с 120 точек наблюдения в течение двух лет,Worldwide,"Точность прогнозов смещения грунта до 95%, сокращение времени обработки данных в 3.5 раза, снижение количества ошибок на 28%",Confirmed,ГП № 2-2025.pdf,High,2026-07-03
PRO_3381,EQU_3382,uses_material,0.5,False,,Worldwide,,Unverified,ГП № 2-2025.pdf,High,2026-07-03
PRO_3381,EQU_3383,uses_material,0.5,False,,Worldwide,,Unverified,ГП № 2-2025.pdf,High,2026-07-03
PRO_3381,PUB_3197,described_in,0.5,False,,Worldwide,,Unverified,ГП № 2-2025.pdf,High,2026-07-03
EXP_3384,PUB_3197,described_in,0.5,False,,Worldwide,,Confirmed,ГП № 2-2025.pdf,High,2026-07-03
PRO_3385,EQU_3386,uses_material,0.5,False,,Worldwide,,Confirmed,ГП № 2-2025.pdf,High,2026-07-03
PRO_3385,EQU_3387,uses_material,0.5,False,,Worldwide,,Confirmed,ГП № 2-2025.pdf,High,2026-07-03
PRO_3385,PUB_3197,described_in,0.5,False,,Worldwide,,Confirmed,ГП № 2-2025.pdf,High,2026-07-03
PRO_3388,EQU_3389,uses_material,0.5,False,,Worldwide,,Confirmed,ГП № 2-2025.pdf,High,2026-07-03
EXP_3390,PRO_3388,validated_by,0.5,False,,Worldwide,,Confirmed,ГП № 2-2025.pdf,High,2026-07-03
PRO_3402,EQU_3403,operates_at_condition,0.5,False,Теплофизические характеристики пород и параметры окружающей среды на поверхности в зоне отбора тепла,Worldwide,,Unverified,ГП № 2-2025.pdf,High,2026-07-03
PRO_3404,PRO_3402,uses_material,0.5,False,,Worldwide,,Confirmed,ГП № 2-2025.pdf,High,2026-07-03
PRO_3402,EXP_3405,researched_by,0.5,False,,Russia,,Confirmed,ГП № 2-2025.pdf,High,2026-07-03
EXP_3407,MAT_3408,uses_material,0.5,False,,Worldwide,,Confirmed,ГП № 2-2025.pdf,High,2026-07-03
EXP_3407,EQU_3409,operates_at_condition,0.5,False,Высота каждой секции составляет 500 мм,Worldwide,,Confirmed,ГП № 2-2025.pdf,High,2026-07-03
EXP_3407,PRO_1559,produces_output,0.5,False,"Четыре температурных режима: 40, 50, 60 и 70 °С",Worldwide,40-70 °C,Confirmed,ГП № 2-2025.pdf,High,2026-07-03
PRO_3410,EQU_3411,uses_material,0.5,False,,Worldwide,,Confirmed,ГП № 2-2025.pdf,High,2026-07-03
EXP_3412,EQU_3411,researched_by,0.5,False,,Russia,,Confirmed,ГП № 2-2025.pdf,High,2026-07-03
EXP_3417,PRO_3402,uses_material,0.5,False,С разделителем и без разделителя сред восходящих и нисходящих потоков,Russia,,Confirmed,ГП № 2-2025.pdf,High,2026-07-03
EXP_3417,FAC_3418,operates_at_condition,0.5,False,Нормальные условия,Russia,,Confirmed,ГП № 2-2025.pdf,High,2026-07-03
MAT_441,PRO_440,uses_material,0.5,False,,Worldwide,,Confirmed,ГП № 2-2025.pdf,High,2026-07-03
PUB_3426,PRO_440,described_in,0.5,False,,Russia,,Confirmed,ГП № 2-2025.pdf,High,2026-07-03
MAT_441,PRO_440,uses_material,0.5,False,Внесение торфа в качестве органического удобрения,Worldwide,,Confirmed,ГП № 2-2025.pdf,High,2026-07-03
MAT_441,PRO_3427,produces_output,0.5,False,"Улучшение физических, водно-физических и агрохимических свойств почвы",Worldwide,,Confirmed,ГП № 2-2025.pdf,High,2026-07-03
PRO_3341,MAT_3428,operates_at_condition,0.5,False,"Высокая каменистость, незначительное содержание мелкоземных фракций, низкая биологическая активность",Russia,,Confirmed,ГП № 2-2025.pdf,High,2026-07-03
PRO_3341,PRO_3429,contradicts,0.5,False,,Russia,,Confirmed,ГП № 2-2025.pdf,High,2026-07-03
PRO_3431,MAT_3430,produces_output,0.5,False,,Worldwide,,Confirmed,ГП № 2-2025.pdf,High,2026-07-03
MAT_273,MAT_3433,uses_material,0.5,False,,Worldwide,,Confirmed,ГП № 2-2025.pdf,High,2026-07-03
PRO_3434,MAT_3433,produces_output,0.5,False,,Worldwide,,Confirmed,ГП № 2-2025.pdf,High,2026-07-03
EQU_1344,PRO_1341,operates_at_condition,0.5,False,"Линейно-наклонная траектория с углами наклона 60, 70, 80°, радиально-линейная траектория",Worldwide,,Confirmed,ГП № 2-2025.pdf,High,2026-07-03
EQU_1344,PUB_3436,described_in,0.5,False,,Worldwide,,Confirmed,ГП № 2-2025.pdf,High,2026-07-03
EQU_1344,PRO_3441,operates_at_condition,0.5,False,Тяжёлые условия эксплуатации,Worldwide,,Confirmed,ГП № 2-2025.pdf,High,2026-07-03
EQU_1344,PRO_3442,produces_output,0.5,False,,Worldwide,,Confirmed,ГП № 2-2025.pdf,High,2026-07-03
EQU_1628,PRO_1629,operates_at_condition,0.5,False,"Угол наклона траектории: 60°, 70°, 80°",Worldwide,,Confirmed,ГП № 2-2025.pdf,High,2026-07-03
PRO_1629,PRO_3443,optimal_parameter,0.5,False,,Worldwide,"60°, 70°, 80°",Confirmed,ГП № 2-2025.pdf,High,2026-07-03
EQU_1628,PRO_1620,operates_at_condition,0.5,False,"линейно-наклонная и радиально-линейная траектории с углами наклона 60, 70 и 80°",Worldwide,,Confirmed,ГП № 2-2025.pdf,High,2026-07-03
PRO_1620,PRO_3452,produces_output,0.5,False,,Worldwide,,Confirmed,ГП № 2-2025.pdf,High,2026-07-03
EXP_3458,MAT_3459,researched_by,0.5,False,трехосное осесимметричное сжатие,Russia,,Confirmed,ГП № 2-2025.pdf,High,2026-07-03
EXP_3458,PRO_3460,operates_at_condition,0.5,False,,Russia,,Confirmed,ГП № 2-2025.pdf,High,2026-07-03
MAT_853,PRO_3460,operates_at_condition,0.5,False,давление до 80 МПа,Worldwide,,Confirmed,ГП № 2-2025.pdf,High,2026-07-03
MAT_853,PRO_3461,produces_output,0.5,False,"при боковом давлении 10 МПа прочность увеличилась в 2 раза, при 30 МПа - в 2-3 раза, при 80 МПа - в 4 раза",Worldwide,,Confirmed,ГП № 2-2025.pdf,High,2026-07-03
MAT_853,PRO_3462,produces_output,0.5,False,"при боковом давлении 10 МПа удельная энергия увеличилась в 2-4 раза, при 30 МПа - в 4-8 раз, при 80 МПа - в 13 раз",Worldwide,,Confirmed,ГП № 2-2025.pdf,High,2026-07-03
PRO_449,PRO_3460,operates_at_condition,0.5,False,Диапазон изменения значений пределов прочности при одноосном сжатии от 50 до 220 МПа,Worldwide,50-220 МПа,Confirmed,ГП № 2-2025.pdf,High,2026-07-03
PRO_3462,PRO_3460,operates_at_condition,0.5,False,"Диапазон изменения значений удельной энергии деформирования от 0,03 до 0,40 МДж/м3",Worldwide,"0,03-0,40 МДж/м3",Confirmed,ГП № 2-2025.pdf,High,2026-07-03
EXP_3463,PRO_490,operates_at_condition,0.5,False,Трехосное осесимметричное сжатие,Russia,,Confirmed,ГП № 2-2025.pdf,High,2026-07-03
EXP_3463,PRO_3462,operates_at_condition,0.5,False,Трехосное осесимметричное сжатие,Russia,,Confirmed,ГП № 2-2025.pdf,High,2026-07-03
EXP_3466,MAT_3464,researched_by,0.5,False,,Central Asia,,Confirmed,ГП № 2-2025.pdf,High,2026-07-03
EXP_3466,PRO_3465,uses_material,0.5,False,,Central Asia,,Confirmed,ГП № 2-2025.pdf,High,2026-07-03
EXP_3466,MAT_3467,uses_material,0.5,False,,Worldwide,,Confirmed,ГП № 2-2025.pdf,High,2026-07-03
EXP_3466,PRO_3465,researched_by,0.5,False,,Worldwide,,Confirmed,ГП № 2-2025.pdf,High,2026-07-03
EXP_3466,PRO_3468,researched_by,0.5,False,,Worldwide,,Confirmed,ГП № 2-2025.pdf,High,2026-07-03
EXP_3472,PUB_3469,researched_by,0.5,False,,Russia,,Confirmed,ГП № 2-2025.pdf,High,2026-07-03
PRO_3477,MAT_3479,researched_by,0.5,False,,Worldwide,,Confirmed,ГП № 2-2025.pdf,High,2026-07-03
PRO_3478,MAT_3479,uses_material,0.5,False,,Worldwide,,Confirmed,ГП № 2-2025.pdf,High,2026-07-03
EXP_3480,MAT_3479,operates_at_condition,0.5,False,На площадях Джурамерген и Самантепе,Worldwide,,Confirmed,ГП № 2-2025.pdf,High,2026-07-03
EQU_3489,PRO_3460,operates_at_condition,0.5,False,"Скорость осевого деформирования 0,3 мм/с, изменение величины бокового давления от 5 до 80 МПа",Worldwide,,Confirmed,ГП № 2-2025.pdf,High,2026-07-03
PRO_3460,MAT_3481,uses_material,0.5,False,,Russia,,Confirmed,ГП № 2-2025.pdf,High,2026-07-03
PRO_3460,MAT_3482,uses_material,0.5,False,,Russia,,Confirmed,ГП № 2-2025.pdf,High,2026-07-03
PRO_3460,MAT_3483,uses_material,0.5,False,,Russia,,Confirmed,ГП № 2-2025.pdf,High,2026-07-03
PRO_3460,MAT_3484,uses_material,0.5,False,,Russia,,Confirmed,ГП № 2-2025.pdf,High,2026-07-03
PRO_3460,MAT_3485,uses_material,0.5,False,,Russia,,Confirmed,ГП № 2-2025.pdf,High,2026-07-03
PRO_3460,MAT_3486,uses_material,0.5,False,,Russia,,Confirmed,ГП № 2-2025.pdf,High,2026-07-03
PRO_3460,MAT_3487,uses_material,0.5,False,,Russia,,Confirmed,ГП № 2-2025.pdf,High,2026-07-03
PRO_3460,MAT_3488,uses_material,0.5,False,,Russia,,Confirmed,ГП № 2-2025.pdf,High,2026-07-03
MAT_3479,PRO_3490,part_of,0.5,False,,Worldwide,,Confirmed,ГП № 2-2025.pdf,High,2026-07-03
MAT_3479,PRO_3491,has_property,0.5,False,"превышает гидростатическое более чем в 1,8 раза",Worldwide,,Confirmed,ГП № 2-2025.pdf,High,2026-07-03
MAT_3479,PRO_3492,has_property,0.5,False,,Worldwide,,Confirmed,ГП № 2-2025.pdf,High,2026-07-03
PRO_3495,MAT_3493,uses_material,0.5,False,,Worldwide,,Confirmed,ГП № 2-2025.pdf,High,2026-07-03
PRO_3495,MAT_2377,uses_material,0.5,False,,Worldwide,,Confirmed,ГП № 2-2025.pdf,High,2026-07-03
PRO_3495,MAT_3494,uses_material,0.5,False,,Worldwide,,Confirmed,ГП № 2-2025.pdf,High,2026-07-03
EQU_3502,PRO_1775,used_in,0.5,False,,Worldwide,,Confirmed,ГП № 2-2025.pdf,High,2026-07-03
PUB_3501,PRO_1775,describes,0.5,False,,Worldwide,,Confirmed,ГП № 2-2025.pdf,High,2026-07-03
PRO_3503,EXP_3504,researched_by,0.5,False,,Worldwide,,Confirmed,ГП № 2-2025.pdf,High,2026-07-03
PRO_3505,EQU_1779,uses_material,0.5,False,Внедрение в процессы добычи,Worldwide,2019–2023 гг.,Confirmed,ГП № 2-2025.pdf,High,2026-07-03
PRO_3505,PRO_3506,produces_output,0.5,False,"Повышение точности разведки на 16,3%",Worldwide,2019–2023 гг.,Confirmed,ГП № 2-2025.pdf,High,2026-07-03
PRO_3505,PRO_3507,produces_output,0.5,False,"Повышение производительности на 14,3%",Worldwide,2019–2023 гг.,Confirmed,ГП № 2-2025.pdf,High,2026-07-03
PUB_3508,PRO_3509,researched_by,0.5,False,,Worldwide,,Confirmed,ГП № 2-2025.pdf,High,2026-07-03
PUB_3508,PRO_1152,researched_by,0.5,False,,Worldwide,,Confirmed,ГП № 2-2025.pdf,High,2026-07-03
PUB_3508,PRO_3510,researched_by,0.5,False,,Worldwide,,Confirmed,ГП № 2-2025.pdf,High,2026-07-03
PRO_3511,PUB_3197,described_in,0.5,False,,Worldwide,,Confirmed,ГП № 2-2025.pdf,High,2026-07-03
EQU_3513,PRO_3514,produces_output,0.5,False,В условиях цифровой трансформации,Worldwide,"Уровень утилизации отходов увеличился с 67,3% в 2019 г. до 83,8% в 2023 г.",Confirmed,ГП № 2-2025.pdf,High,2026-07-03
PRO_3516,PRO_3517,produces_output,0.5,False,,Worldwide,,Confirmed,ГП № 2-2025.pdf,High,2026-07-03
PRO_3516,PRO_3518,produces_output,0.5,False,,Worldwide,,Confirmed,ГП № 2-2025.pdf,High,2026-07-03
PRO_3523,EQU_3524,uses_material,0.5,False,,Worldwide,,Confirmed,ГП № 2-2025.pdf,High,2026-07-03
PRO_3523,EQU_3525,uses_material,0.5,False,,Worldwide,,Confirmed,ГП № 2-2025.pdf,High,2026-07-03
PRO_3526,PRO_3367,uses_material,0.5,False,,Worldwide,,Confirmed,ГП № 2-2025.pdf,High,2026-07-03
PRO_3527,EQU_3528,uses_material,0.5,False,Для сбора исходных данных,Worldwide,Не применимо,Confirmed,ГП № 2-2025.pdf,High,2026-07-03
PRO_1095,PRO_3530,used_for,0.5,False,,Russia,,Confirmed,ГП № 2-2025.pdf,High,2026-07-03
PRO_3530,PUB_3529,described_in,0.5,False,,Russia,,Confirmed,ГП № 2-2025.pdf,High,2026-07-03
EQU_3542,PRO_3541,uses_material,0.5,False,,Russia,,Confirmed,ГП № 2-2025.pdf,High,2026-07-03
EQU_3542,PUB_3540,described_in,0.5,False,,Russia,,Confirmed,ГП № 2-2025.pdf,High,2026-07-03
PRO_3543,EQU_3544,uses_material,0.5,False,"Интеграция данных с датчиков, систем и баз данных",Worldwide,90% процессов добычи и обогащения лития,Confirmed,ГП № 2-2025.pdf,High,2026-07-03
PRO_1115,PRO_3545,researched_by,0.5,False,,Worldwide,,Confirmed,ГП № 2-2025.pdf,High,2026-07-03
EXP_3546,PRO_3545,produces_output,0.5,False,"Снижение количества несчастных случаев на производстве на 60%, сокращение среднего времени реагирования на потенциально опасные ситуации на 67%, локализация 90% опасных зон",Worldwide,,Confirmed,ГП № 2-2025.pdf,High,2026-07-03
PRO_3547,MAT_621,uses_material,0.5,False,,Russia,,Confirmed,ГП № 2-2025.pdf,High,2026-07-03
PRO_3547,EQU_3548,operates_at_condition,0.5,False,Количество датчиков увеличилось с 850 до 2500 шт.,Russia,,Confirmed,ГП № 2-2025.pdf,High,2026-07-03
PRO_1115,MAT_621,uses_material,0.5,False,,Worldwide,,Confirmed,ГП № 2-2025.pdf,High,2026-07-03
EQU_3549,MAT_621,operates_at_condition,0.5,False,"Частота обновления данных: 1 с, количество датчиков: 2500 шт.",Worldwide,,Confirmed,ГП № 2-2025.pdf,High,2026-07-03
PRO_1115,EQU_3549,produces_output,0.5,False,"Точность прогнозирования отказов: 85%, среднее время предупреждения: 30 мин",Worldwide,,Confirmed,ГП № 2-2025.pdf,High,2026-07-03
EQU_3550,PRO_3547,uses_material,0.5,False,,Russia,,Confirmed,ГП № 2-2025.pdf,High,2026-07-03
PRO_3547,MAT_621,operates_at_condition,0.5,False,"Для повышения производительности, безопасности и экологичности добычи",Russia,,Confirmed,ГП № 2-2025.pdf,High,2026-07-03
PRO_3551,PRO_3552,produces_output,0.5,False,,Russia,,Confirmed,ГП № 2-2025.pdf,High,2026-07-03
FAC_3261,PRO_3551,uses_material,0.5,False,,Russia,,Confirmed,ГП № 2-2025.pdf,High,2026-07-03
PUB_3197,PUB_3554,described_in,0.5,False,,Worldwide,,Unverified,ГП № 2-2025.pdf,High,2026-07-03
PUB_3197,PUB_3555,described_in,0.5,False,,Worldwide,,Unverified,ГП № 2-2025.pdf,High,2026-07-03
EQU_3409,PRO_3556,uses_material,0.5,False,,Worldwide,,Confirmed,ГП № 2-2025.pdf,High,2026-07-03
PUB_3557,PRO_3410,described_in,0.5,False,,Russia,,Confirmed,ГП № 2-2025.pdf,High,2026-07-03
PRO_3410,PRO_3558,uses_material,0.5,False,,Worldwide,,Confirmed,ГП № 2-2025.pdf,High,2026-07-03
PRO_3410,PRO_3559,uses_material,0.5,False,,Worldwide,,Confirmed,ГП № 2-2025.pdf,High,2026-07-03
PRO_3410,EQU_3560,uses_material,0.5,False,,Worldwide,,Confirmed,ГП № 2-2025.pdf,High,2026-07-03
EQU_3560,FAC_3561,operates_at_condition,0.5,False,на полуострове Камчатка,Russia,,Confirmed,ГП № 2-2025.pdf,High,2026-07-03
EQU_3560,FAC_3562,operates_at_condition,0.5,False,на полуострове Камчатка,Russia,,Confirmed,ГП № 2-2025.pdf,High,2026-07-03
EQU_3560,FAC_3563,operates_at_condition,0.5,False,на полуострове Камчатка,Russia,,Confirmed,ГП № 2-2025.pdf,High,2026-07-03
PUB_3581,MAT_3582,uses_material,0.5,False,,Worldwide,,Confirmed,ГП № 2-2025.pdf,High,2026-07-03
EXP_3583,PUB_3581,researched_by,0.5,False,,Worldwide,,Confirmed,ГП № 2-2025.pdf,High,2026-07-03
EXP_3585,PUB_3584,researched_by,0.5,False,,Worldwide,,Confirmed,ГП № 2-2025.pdf,High,2026-07-03
EXP_3593,PUB_3216,described_in,0.5,False,,Worldwide,,Confirmed,ГП № 2-2025.pdf,High,2026-07-03
PRO_3594,EQU_3595,uses_material,0.5,False,,Worldwide,,Confirmed,ГП № 2-2025.pdf,High,2026-07-03
PRO_3596,PRO_2518,uses_material,0.5,False,,Worldwide,,Confirmed,ГП № 2-2025.pdf,High,2026-07-03
PRO_3596,EXP_3597,validated_by,0.5,False,,Worldwide,,Confirmed,ГП № 2-2025.pdf,High,2026-07-03
PRO_3596,PRO_2518,uses_material,0.5,False,,Worldwide,,Unverified,ГП № 2-2025.pdf,High,2026-07-03
PRO_3596,PRO_3598,uses_material,0.5,False,,Worldwide,,Unverified,ГП № 2-2025.pdf,High,2026-07-03
PRO_3599,EQU_1720,uses_material,0.5,False,Для сбора данных,Russia,,Confirmed,ГП № 2-2025.pdf,High,2026-07-03
PRO_3599,EQU_3600,uses_material,0.5,False,Для обработки данных нейросетевыми алгоритмами,Russia,,Confirmed,ГП № 2-2025.pdf,High,2026-07-03
EQU_3601,EQU_3602,uses_material,0.5,False,,Russia,,Confirmed,ГП № 2-2025.pdf,High,2026-07-03
PUB_142,MAT_3609,researched_by,0.5,False,,Russia,,Unverified,ГП № 3-2025.pdf,High,2026-07-03
FAC_3614,ORG_3615,researched_by,0.5,False,,Russia,,Confirmed,ГП № 3-2025.pdf,High,2026-07-03
PRO_3616,PUB_3216,described_in,0.5,False,,Worldwide,,Confirmed,ГП № 2-2025.pdf,High,2026-07-03
FAC_3625,MAT_3626,produces_output,0.5,False,,Russia,,Confirmed,ГП № 3-2025.pdf,High,2026-07-03
EXP_3627,FAC_3625,researched_by,0.5,False,Визит делегации во главе с Михаилом Юриным,Russia,,Confirmed,ГП № 3-2025.pdf,High,2026-07-03
FAC_3625,MAT_3628,produces_output,0.5,False,,Russia,,Confirmed,ГП № 3-2025.pdf,High,2026-07-03
FAC_3625,FAC_3629,uses_material,0.5,False,поставка лопаритового концентрата,Russia,,Confirmed,ГП № 3-2025.pdf,High,2026-07-03
FAC_3625,MAT_3609,uses_material,0.5,False,,Russia,,Confirmed,ГП № 3-2025.pdf,High,2026-07-03
FAC_3625,PRO_2791,operates_at_condition,0.5,False,,Russia,,Confirmed,ГП № 3-2025.pdf,High,2026-07-03
FAC_3625,EQU_3630,uses_equipment,0.5,False,,Russia,,Confirmed,ГП № 3-2025.pdf,High,2026-07-03
FAC_3625,EQU_3631,uses_equipment,0.5,False,,Russia,,Confirmed,ГП № 3-2025.pdf,High,2026-07-03
FAC_3632,EQU_3633,produces_output,0.5,False,,Worldwide,,Confirmed,ГП № 3-2025.pdf,High,2026-07-03
EQU_3633,EQU_3634,uses_material,0.5,False,,Worldwide,,Confirmed,ГП № 3-2025.pdf,High,2026-07-03
FAC_3635,EQU_3636,uses_material,0.5,False,,Russia,,Confirmed,ГП № 3-2025.pdf,High,2026-07-03
FAC_3635,EQU_3637,uses_material,0.5,False,,Russia,,Confirmed,ГП № 3-2025.pdf,High,2026-07-03
FAC_3635,PRO_3638,operates_at_condition,0.5,False,глубокие карьеры,Russia,,Confirmed,ГП № 3-2025.pdf,High,2026-07-03
EQU_3639,PRO_3640,operates_at_condition,0.5,False,максимальный клиренс 817 мм,Worldwide,,Confirmed,ГП № 3-2025.pdf,High,2026-07-03
EQU_3639,PRO_3641,operates_at_condition,0.5,False,рабочая ширина 5854 мм,Worldwide,,Confirmed,ГП № 3-2025.pdf,High,2026-07-03
FAC_3648,PRO_3650,produces_output,0.5,False,,Russia,,Confirmed,ГП № 3-2025.pdf,High,2026-07-03
FAC_3649,PRO_3650,produces_output,0.5,False,,Russia,,Confirmed,ГП № 3-2025.pdf,High,2026-07-03
COM_3651,EQU_3652,produces_output,0.5,False,,Russia,,Confirmed,ГП № 3-2025.pdf,High,2026-07-03
COM_3651,EVE_3653,participated_in,0.5,False,,Russia,,Confirmed,ГП № 3-2025.pdf,High,2026-07-03
FAC_3654,EQU_1776,operates_at_condition,0.5,False,"Капитальный ремонт, сервисное обслуживание",Russia,,Confirmed,ГП № 3-2025.pdf,High,2026-07-03
EXP_3661,FAC_3608,researched_by,0.5,False,,Russia,,Confirmed,ГП № 3-2025.pdf,High,2026-07-03
EXP_3662,FAC_3608,researched_by,0.5,False,1934–1937 гг.,Russia,,Confirmed,ГП № 3-2025.pdf,High,2026-07-03
MAT_3663,FAC_3608,researched_by,0.5,False,,Russia,,Unverified,ГП № 3-2025.pdf,High,2026-07-03
FAC_3664,MAT_3665,researched_by,0.5,False,,Russia,,Confirmed,ГП № 3-2025.pdf,High,2026-07-03
FAC_3664,MAT_3666,researched_by,0.5,False,Время поиска люминесцирующих образцов ограничено до середины августа.,Russia,,Confirmed,ГП № 3-2025.pdf,High,2026-07-03
FAC_3608,EXP_3667,researched_by,0.5,False,,Russia,,Confirmed,ГП № 3-2025.pdf,High,2026-07-03
FAC_3608,FAC_3668,uses_material,0.5,False,Модернизация для увеличения пропускной способности,Russia,Количество участников до 70 человек,Confirmed,ГП № 3-2025.pdf,High,2026-07-03
EXP_3670,FAC_3671,researched_by,0.5,False,,Russia,,Confirmed,ГП № 3-2025.pdf,High,2026-07-03
EXP_3670,FAC_3672,researched_by,0.5,False,,Russia,,Confirmed,ГП № 3-2025.pdf,High,2026-07-03
EXP_1494,FAC_3672,founded,0.5,False,,Russia,,Confirmed,ГП № 3-2025.pdf,High,2026-07-03
EXP_3673,FAC_3674,researched_by,0.5,False,,Russia,,Confirmed,ГП № 3-2025.pdf,High,2026-07-03
EXP_3673,FAC_1793,researched_by,0.5,False,,Russia,,Confirmed,ГП № 3-2025.pdf,High,2026-07-03
EXP_3676,PUB_3675,researched_by,0.5,False,,Russia,,Confirmed,ГП № 3-2025.pdf,High,2026-07-03
EXP_3673,FAC_1793,researched_by,0.5,False,,Russia,,Confirmed,ГП № 3-2025.pdf,High,2026-07-03
EXP_3673,FAC_3677,researched_by,0.5,False,,Russia,,Confirmed,ГП № 3-2025.pdf,High,2026-07-03
EXP_3673,PUB_3678,researched_by,0.5,False,,Russia,,Confirmed,ГП № 3-2025.pdf,High,2026-07-03
PUB_1933,FAC_3679,researched_by,0.5,False,,Russia,,Confirmed,ГП № 3-2025.pdf,High,2026-07-03
PUB_1933,FAC_1450,researched_by,0.5,False,,Russia,,Confirmed,ГП № 3-2025.pdf,High,2026-07-03
PUB_1933,FAC_3680,researched_by,0.5,False,,Worldwide,,Confirmed,ГП № 3-2025.pdf,High,2026-07-03
EXP_3681,PUB_1933,researched_by,0.5,False,,Russia,,Confirmed,ГП № 3-2025.pdf,High,2026-07-03
PRO_3682,EQU_3683,uses_material,0.5,False,,Russia,,Confirmed,ГП № 3-2025.pdf,High,2026-07-03
PRO_3682,MAT_3684,produces_output,0.5,False,,Russia,,Confirmed,ГП № 3-2025.pdf,High,2026-07-03
FAC_3685,PRO_3682,researched_by,0.5,False,,Russia,,Confirmed,ГП № 3-2025.pdf,High,2026-07-03
PRO_3687,MAT_3686,uses_material,0.5,False,,Worldwide,,Confirmed,ГП № 3-2025.pdf,High,2026-07-03
EXP_3690,MAT_3686,validated_by,0.5,False,,Worldwide,,Confirmed,ГП № 3-2025.pdf,High,2026-07-03
EQU_3688,MAT_3686,operates_at_condition,0.5,False,Ручной отбор проб,Worldwide,,Confirmed,ГП № 3-2025.pdf,High,2026-07-03
MAT_3686,PRO_3692,uses_material,0.5,False,,Worldwide,,Confirmed,ГП № 3-2025.pdf,High,2026-07-03
PRO_3692,EQU_3693,produces_output,0.5,False,"гранулы заданного класса крупности (выход не менее 30%, размеры гранул от 5 до 30 мм), с постоянной влажностью (12%)",Worldwide,,Confirmed,ГП № 3-2025.pdf,High,2026-07-03
EXP_3694,MAT_3686,researched_by,0.5,False,,Kazakhstan,,Confirmed,ГП № 3-2025.pdf,High,2026-07-03
EXP_3694,PRO_3692,validated_by,0.5,False,,Kazakhstan,,Confirmed,ГП № 3-2025.pdf,High,2026-07-03
PRO_3692,MAT_3686,uses_material,0.5,False,,Worldwide,,Confirmed,ГП № 3-2025.pdf,High,2026-07-03
EQU_3696,MAT_3686,operates_at_condition,0.5,False,"Ёмкость ковша не менее 0,92 м³",Worldwide,,Confirmed,ГП № 3-2025.pdf,High,2026-07-03
PRO_3692,MAT_3686,uses_material,0.5,False,,Worldwide,,Confirmed,ГП № 3-2025.pdf,High,2026-07-03
PRO_3692,MAT_3697,uses_material,0.5,False,,Worldwide,,Confirmed,ГП № 3-2025.pdf,High,2026-07-03
PRO_3692,MAT_3698,uses_material,0.5,False,,Worldwide,,Confirmed,ГП № 3-2025.pdf,High,2026-07-03
PRO_3692,MAT_3699,uses_material,0.5,False,,Worldwide,,Confirmed,ГП № 3-2025.pdf,High,2026-07-03
PRO_3692,EQU_560,operates_at_condition,0.5,False,Ёмкость ковша должна соответствовать производительности установки грануляции (10 м³),Worldwide,,Confirmed,ГП № 3-2025.pdf,High,2026-07-03
PRO_3692,EQU_3700,produces_output,0.5,False,,Worldwide,,Confirmed,ГП № 3-2025.pdf,High,2026-07-03
EQU_3706,FAC_3708,operates_at_condition,0.5,False,"Запыленность, загазованность, высокая влажность",Russia,,Confirmed,ГП № 3-2025.pdf,High,2026-07-03
EQU_3707,FAC_3708,operates_at_condition,0.5,False,"Запыленность, загазованность, высокая влажность",Russia,,Confirmed,ГП № 3-2025.pdf,High,2026-07-03
EQU_3706,PRO_3709,uses_material,0.5,False,,Russia,,Confirmed,ГП № 3-2025.pdf,High,2026-07-03
EQU_3707,PRO_3709,uses_material,0.5,False,,Russia,,Confirmed,ГП № 3-2025.pdf,High,2026-07-03
FAC_3714,PUB_3713,researched_by,0.5,False,,Russia,,Confirmed,ГП № 3-2025.pdf,High,2026-07-03
FAC_3715,PUB_3713,researched_by,0.5,False,,Russia,,Confirmed,ГП № 3-2025.pdf,High,2026-07-03
PUB_3716,FAC_2621,described_in,0.5,False,,Russia,,Unverified,ГП № 3-2025.pdf,High,2026-07-03
EQU_3706,PRO_3709,operates_at_condition,0.5,False,Высокая запыленность после бурения и отсутствие пыли,Russia,,Confirmed,ГП № 3-2025.pdf,High,2026-07-03
EQU_3707,PRO_3709,operates_at_condition,0.5,False,Высокая запыленность после бурения,Russia,,Confirmed,ГП № 3-2025.pdf,High,2026-07-03
PUB_3716,FAC_2621,described_in,0.5,False,,Russia,,Confirmed,ГП № 3-2025.pdf,High,2026-07-03
PRO_3720,PUB_1933,researched_by,0.5,False,,Russia,,Confirmed,ГП № 3-2025.pdf,High,2026-07-03
EQU_3722,PRO_3721,uses_material,0.5,False,,Worldwide,,Confirmed,ГП № 3-2025.pdf,High,2026-07-03
EXP_3725,FAC_3727,validated_by,0.5,False,,Vietnam,,Confirmed,ГП № 3-2025.pdf,High,2026-07-03
EXP_3725,EQU_3726,uses_material,0.5,False,,Vietnam,,Confirmed,ГП № 3-2025.pdf,High,2026-07-03
PRO_3728,EQU_3729,uses_material,0.5,False,,Worldwide,,Confirmed,ГП № 3-2025.pdf,High,2026-07-03
PRO_3730,PRO_3728,operates_at_condition,0.5,False,Только в одном направлении,Vietnam,,Confirmed,ГП № 3-2025.pdf,High,2026-07-03
EXP_3737,PUB_3736,researched_by,0.5,False,,Worldwide,,Confirmed,ГП № 3-2025.pdf,High,2026-07-03
EXP_3739,PUB_3738,researched_by,0.5,False,,Worldwide,,Confirmed,ГП № 3-2025.pdf,High,2026-07-03
PUB_3740,PRO_3741,described_in,0.5,False,,Worldwide,,Confirmed,ГП № 3-2025.pdf,High,2026-07-03
PUB_3740,PRO_3742,described_in,0.5,False,,Worldwide,,Confirmed,ГП № 3-2025.pdf,High,2026-07-03
PUB_3716,PRO_3517,described_in,0.5,False,,Worldwide,,Confirmed,ГП № 3-2025.pdf,High,2026-07-03
PUB_3716,PRO_3743,described_in,0.5,False,,Worldwide,,Confirmed,ГП № 3-2025.pdf,High,2026-07-03
PUB_3716,PRO_3744,described_in,0.5,False,,Worldwide,,Confirmed,ГП № 3-2025.pdf,High,2026-07-03
PUB_3716,PRO_3745,described_in,0.5,False,,Worldwide,,Confirmed,ГП № 3-2025.pdf,High,2026-07-03
PUB_3740,EXP_3749,researched_by,0.5,False,,Worldwide,,Confirmed,ГП № 3-2025.pdf,High,2026-07-03
PUB_3716,EXP_3751,described_in,0.5,False,,Worldwide,,Confirmed,ГП № 3-2025.pdf,High,2026-07-03
PUB_3740,EXP_3749,researched_by,0.5,False,,Worldwide,,Unverified,ГП № 3-2025.pdf,High,2026-07-03
PUB_3740,FAC_3753,researched_by,0.5,False,,Worldwide,,Unverified,ГП № 3-2025.pdf,High,2026-07-03
PUB_3740,FAC_3754,researched_by,0.5,False,,Worldwide,,Unverified,ГП № 3-2025.pdf,High,2026-07-03
PUB_3740,FAC_3755,researched_by,0.5,False,,Worldwide,,Unverified,ГП № 3-2025.pdf,High,2026-07-03
PUB_3740,FAC_3756,researched_by,0.5,False,,Russia,,Unverified,ГП № 3-2025.pdf,High,2026-07-03
EXP_3760,PUB_3759,researched_by,0.5,False,,Russia,,Confirmed,ГП № 3-2025.pdf,High,2026-07-03
EXP_3760,PUB_3757,researched_by,0.5,False,,Russia,,Confirmed,ГП № 3-2025.pdf,High,2026-07-03
PRO_1127,MAT_3761,produces_output,0.5,False,,Worldwide,,Confirmed,ГП № 3-2025.pdf,High,2026-07-03
EQU_1136,PRO_1130,uses_material,0.5,False,,Worldwide,,Confirmed,ГП № 3-2025.pdf,High,2026-07-03
PRO_1130,MAT_3765,operates_at_condition,0.5,False,,Worldwide,,Confirmed,ГП № 3-2025.pdf,High,2026-07-03
EXP_3767,EQU_3768,researched_by,0.5,False,,Russia,,Confirmed,ГП № 3-2025.pdf,High,2026-07-03
FAC_3769,EXP_3767,operates_at_condition,0.5,False,,Russia,,Confirmed,ГП № 3-2025.pdf,High,2026-07-03
PRO_1127,MAT_3772,uses_material,0.5,False,,Worldwide,,Confirmed,ГП № 3-2025.pdf,High,2026-07-03
EQU_1133,PRO_1127,operates_at_condition,0.5,False,частота вращения роторов 125 Гц,Worldwide,,Confirmed,ГП № 3-2025.pdf,High,2026-07-03
EXP_3774,PRO_1127,validated_by,0.5,False,,Worldwide,,Confirmed,ГП № 3-2025.pdf,High,2026-07-03
PRO_3775,PRO_3777,produces_output,0.5,False,При открытой разработке,Worldwide,Доля выхода негабаритов до 37%,Confirmed,ГП № 3-2025.pdf,High,2026-07-03
PRO_3776,PRO_3777,reduces,0.5,False,,Worldwide,,Confirmed,ГП № 3-2025.pdf,High,2026-07-03
EQU_3768,PRO_3777,uses_material,0.5,False,В условиях высокой частоты выхода негабаритов,Worldwide,,Confirmed,ГП № 3-2025.pdf,High,2026-07-03
EQU_3768,MAT_1881,uses_material,0.5,False,,Worldwide,,Unverified,ГП № 3-2025.pdf,High,2026-07-03
FAC_3769,EQU_3768,researched_by,0.5,False,Принцип действия вертикального копра,Russia,,Confirmed,ГП № 3-2025.pdf,High,2026-07-03
EQU_3779,PRO_3780,uses_material,0.5,False,,Worldwide,,Confirmed,ГП № 3-2025.pdf,High,2026-07-03
EQU_3779,MAT_1881,operates_at_condition,0.5,False,Форма бойка влияет на энергию удара и эффективность дробления,Worldwide,,Confirmed,ГП № 3-2025.pdf,High,2026-07-03
EQU_3768,MAT_3782,uses_material,0.5,False,,Worldwide,,Confirmed,ГП № 3-2025.pdf,High,2026-07-03
MAT_3782,PRO_3781,produces_output,0.5,False,при рациональной форме бойка,Worldwide,сокращение количества энергии более чем на 50%,Confirmed,ГП № 3-2025.pdf,High,2026-07-03
EQU_3783,PRO_3784,researched_by,0.5,False,,Russia,,Confirmed,ГП № 3-2025.pdf,High,2026-07-03
EQU_3783,EXP_3785,validated_by,0.5,False,Закрепление посадочной поверхности цилиндрической поршневой части бойка по наружному диаметру и приложение распределённой нагрузки к ударному торцу бойка,Russia,,Confirmed,ГП № 3-2025.pdf,High,2026-07-03
EQU_3768,MAT_1881,uses_material,0.5,False,,Worldwide,,Confirmed,ГП № 3-2025.pdf,High,2026-07-03
PRO_3786,EQU_3768,researched_by,0.5,False,,Worldwide,,Confirmed,ГП № 3-2025.pdf,High,2026-07-03
EXP_3787,MAT_1881,validated_by,0.5,False,Предельные значения высоты сброса бойков,Worldwide,,Confirmed,ГП № 3-2025.pdf,High,2026-07-03
MAT_3792,PRO_3793,operates_at_condition,0.5,False,Контакт с воздухом или водой,Worldwide,,Confirmed,ГП № 3-2025.pdf,High,2026-07-03
MAT_1126,FAC_369,produces_output,0.5,False,,Russia,,Confirmed,ГП № 3-2025.pdf,High,2026-07-03
MAT_1126,PRO_3800,contains,0.5,False,,Worldwide,,Confirmed,ГП № 3-2025.pdf,High,2026-07-03
MAT_1126,PRO_3801,contains,0.5,False,образуются в результате окисления сульфидов,Worldwide,,Confirmed,ГП № 3-2025.pdf,High,2026-07-03
FAC_369,PRO_2808,operates_at_condition,0.5,False,"Значения однородности превышают 5, значения кривизны в диапазоне 1–3",Worldwide,,Confirmed,ГП № 3-2025.pdf,High,2026-07-03
FAC_369,PRO_3804,operates_at_condition,0.5,False,,Worldwide,,Confirmed,ГП № 3-2025.pdf,High,2026-07-03
FAC_369,PRO_3805,operates_at_condition,0.5,False,Диапазон кислотности от нейтрального до слабощелочного,Worldwide,,Confirmed,ГП № 3-2025.pdf,High,2026-07-03
FAC_369,PRO_3806,produces_output,0.5,False,Изменение кислотности среды,Worldwide,,Confirmed,ГП № 3-2025.pdf,High,2026-07-03
PRO_3808,EQU_3809,uses_material,0.5,False,Апертура от 3 до 25,Worldwide,,Unverified,ГП № 3-2025.pdf,High,2026-07-03
PRO_3808,EQU_3811,uses_material,0.5,False,В условиях ограниченности информационных ресурсов,Russia,,Confirmed,ГП № 3-2025.pdf,High,2026-07-03
PRO_3808,PUB_3810,described_in,0.5,False,,Russia,,Confirmed,ГП № 3-2025.pdf,High,2026-07-03
PRO_3808,PRO_3812,uses_material,0.5,False,Диапазон апертур маски фильтра скользящее среднее от 3 до 25,Worldwide,,Unverified,ГП № 3-2025.pdf,High,2026-07-03
PRO_3808,PRO_3814,uses_material,0.5,False,,,,Unverified,ГП № 3-2025.pdf,High,2026-07-03
PRO_3808,PRO_3815,uses_material,0.5,False,,,,Unverified,ГП № 3-2025.pdf,High,2026-07-03
MAT_1126,PRO_3818,produces_output,0.5,False,,Worldwide,,Confirmed,ГП № 3-2025.pdf,High,2026-07-03
EXP_3819,EQU_3817,uses_material,0.5,False,,Russia,,Confirmed,ГП № 3-2025.pdf,High,2026-07-03
PRO_3821,PRO_3814,produces_output,0.5,False,Апертура от 3 до 25,Worldwide,,Confirmed,ГП № 3-2025.pdf,High,2026-07-03
FAC_3823,EQU_3822,uses_material,0.5,False,,Russia,,Unverified,ГП № 3-2025.pdf,High,2026-07-03
EQU_3827,FAC_3828,operates_at_condition,0.5,False,В шахтах,Russia,,Confirmed,ГП № 3-2025.pdf,High,2026-07-03
EXP_3829,EQU_3827,researched_by,0.5,False,,Russia,,Confirmed,ГП № 3-2025.pdf,High,2026-07-03
EQU_3837,PRO_3069,uses_material,0.5,False,,Russia,,Confirmed,ГП № 3-2025.pdf,High,2026-07-03
FAC_3838,PRO_3069,operates_at_condition,0.5,False,Пологопадающие пласты,Russia,,Confirmed,ГП № 3-2025.pdf,High,2026-07-03
FAC_3838,PRO_3839,operates_at_condition,0.5,False,,Russia,,Confirmed,ГП № 3-2025.pdf,High,2026-07-03
FAC_3838,PRO_3069,operates_at_condition,0.5,False,,Russia,,Confirmed,ГП № 3-2025.pdf,High,2026-07-03
PRO_3069,EQU_3841,uses_material,0.5,False,,Russia,,Confirmed,ГП № 3-2025.pdf,High,2026-07-03
PRO_3839,EQU_3840,uses_material,0.5,False,,Russia,,Confirmed,ГП № 3-2025.pdf,High,2026-07-03
FAC_3838,PRO_3843,uses_material,0.5,False,,Russia,,Confirmed,ГП № 3-2025.pdf,High,2026-07-03
FAC_3838,PRO_3069,operates_at_condition,0.5,False,Необходимость поддержания подготовленных запасов угля на уровне 20–22 млн т,Russia,,Confirmed,ГП № 3-2025.pdf,High,2026-07-03
PRO_3069,PUB_895,produces_output,0.5,False,Формирование подготовленных запасов угля,Russia,20–22 млн т,Confirmed,ГП № 3-2025.pdf,High,2026-07-03
EXP_3845,PUB_3844,researched_by,0.5,False,,Russia,,Confirmed,ГП № 3-2025.pdf,High,2026-07-03
EXP_3851,PUB_3850,researched_by,0.5,False,,Russia,,Confirmed,ГП № 3-2025.pdf,High,2026-07-03
PRO_3069,EQU_3852,uses_material,0.5,False,,Russia,,Confirmed,ГП № 3-2025.pdf,High,2026-07-03
PRO_3069,EQU_3853,uses_material,0.5,False,,Russia,,Confirmed,ГП № 3-2025.pdf,High,2026-07-03
PRO_3069,EQU_3854,uses_material,0.5,False,период использования: 2007-2013 гг.,Russia,,Confirmed,ГП № 3-2025.pdf,High,2026-07-03
PRO_3069,EQU_3855,uses_material,0.5,False,период использования: 2012-2018 гг.,Russia,,Confirmed,ГП № 3-2025.pdf,High,2026-07-03
PRO_3069,EQU_3856,uses_material,0.5,False,период использования: после 2017 г.,Russia,,Confirmed,ГП № 3-2025.pdf,High,2026-07-03
PRO_3069,EQU_3857,uses_material,0.5,False,период использования: после 2017 г.,Russia,,Confirmed,ГП № 3-2025.pdf,High,2026-07-03
PRO_3858,EQU_3859,uses_material,0.5,False,Для снижения аварийности и повышения эффективности обучения,Worldwide,Не указан,Confirmed,ГП № 3-2025.pdf,High,2026-07-03
PRO_3858,PRO_3860,produces_output,0.5,False,Высокий ROI у инновационных форматов обучения,Worldwide,Не указан,Confirmed,ГП № 3-2025.pdf,High,2026-07-03
EXP_3861,PUB_3716,described_in,0.5,False,,Russia,,Confirmed,ГП № 3-2025.pdf,High,2026-07-03
EXP_3862,PUB_3716,described_in,0.5,False,,Worldwide,,Confirmed,ГП № 3-2025.pdf,High,2026-07-03
PRO_3858,PUB_3716,described_in,0.5,False,,Worldwide,,Unverified,ГП № 3-2025.pdf,High,2026-07-03
EXP_3863,PUB_3716,described_in,0.5,False,,Worldwide,,Confirmed,ГП № 3-2025.pdf,High,2026-07-03
PRO_3867,MAT_1881,operates_at_condition,0.5,False,Одноосное сжатие,Worldwide,,Confirmed,ГП № 3-2025.pdf,High,2026-07-03
PRO_3868,PRO_3869,operates_at_condition,0.5,False,Одноосное сжатие,Worldwide,,Confirmed,ГП № 3-2025.pdf,High,2026-07-03
EXP_3870,PRO_3868,validated_by,0.5,False,,Worldwide,,Confirmed,ГП № 3-2025.pdf,High,2026-07-03
MAT_3875,PRO_460,uses_material,0.5,False,,Worldwide,,Confirmed,ГП № 3-2025.pdf,High,2026-07-03
EXP_3876,MAT_3875,researched_by,0.5,False,,Russia,,Confirmed,ГП № 3-2025.pdf,High,2026-07-03
PRO_3877,MAT_1881,operates_at_condition,0.5,False,Одноосное сжатие,Worldwide,,Confirmed,ГП № 3-2025.pdf,High,2026-07-03
EXP_3878,MAT_1881,produces_output,0.5,False,,Worldwide,,Confirmed,ГП № 3-2025.pdf,High,2026-07-03
PRO_3877,PRO_3869,contradicts,0.5,False,,Worldwide,,Confirmed,ГП № 3-2025.pdf,High,2026-07-03
EXP_3879,MAT_1881,researched_by,0.5,False,Одноосное сжатие,Worldwide,,Confirmed,ГП № 3-2025.pdf,High,2026-07-03
PRO_3867,MAT_1881,operates_at_condition,0.5,False,Одноосное сжатие,Worldwide,,Confirmed,ГП № 3-2025.pdf,High,2026-07-03
PRO_3880,PRO_2808,operates_at_condition,0.5,False,,Worldwide,,Confirmed,ГП № 3-2025.pdf,High,2026-07-03
PRO_1573,PRO_3882,produces_output,0.5,False,,Worldwide,,Confirmed,ГП № 3-2025.pdf,High,2026-07-03
EXP_3883,PRO_3882,researched_by,0.5,False,,Worldwide,,Confirmed,ГП № 3-2025.pdf,High,2026-07-03
EQU_3884,PRO_1573,used_in,0.5,False,,Russia,,Confirmed,ГП № 3-2025.pdf,High,2026-07-03
EXP_3886,PUB_3885,researched_by,0.5,False,,Russia,,Confirmed,ГП № 3-2025.pdf,High,2026-07-03
PRO_1573,MAT_3887,produces_output,0.5,False,,Worldwide,,Confirmed,ГП № 3-2025.pdf,High,2026-07-03
PRO_1573,EQU_1344,uses_material,0.5,False,,Worldwide,,Confirmed,ГП № 3-2025.pdf,High,2026-07-03
MAT_3887,EXP_3888,researched_by,0.5,False,,Worldwide,,Confirmed,ГП № 3-2025.pdf,High,2026-07-03
MAT_3887,EXP_3889,researched_by,0.5,False,,Worldwide,,Confirmed,ГП № 3-2025.pdf,High,2026-07-03
MAT_3887,EXP_3890,researched_by,0.5,False,,Russia,,Confirmed,ГП № 3-2025.pdf,High,2026-07-03
EQU_3891,PRO_1573,operates_at_condition,0.5,False,В условиях карьеров УрФО,Russia,,Confirmed,ГП № 3-2025.pdf,High,2026-07-03
PRO_3896,PRO_3895,researched_by,0.5,False,,Russia,,Unverified,ГП № 3-2025.pdf,High,2026-07-03
PUB_3716,PRO_3896,described_in,0.5,False,,Worldwide,,Unverified,ГП № 3-2025.pdf,High,2026-07-03
FAC_1355,PRO_3896,operates_at_condition,0.5,False,"Повышение деловой активности и вовлеченности персонала на 31%, снижение уровня текучести кадров до 5%, прирост производительности труда на 47% в 2024 году по сравнению с 2020 годом.",Russia,,Confirmed,ГП № 3-2025.pdf,High,2026-07-03
FAC_3901,EXP_3902,researched_by,0.5,False,,Russia,,Confirmed,ГП № 3-2025.pdf,High,2026-07-03
FAC_3903,FAC_3901,operates_at_condition,0.5,False,"удароопасность, высокие водопритоки",Russia,,Confirmed,ГП № 3-2025.pdf,High,2026-07-03
FAC_3901,PRO_3904,researched_by,0.5,False,,Russia,,Confirmed,ГП № 3-2025.pdf,High,2026-07-03
FAC_3901,PRO_3905,produces_output,0.5,False,,Russia,,Confirmed,ГП № 3-2025.pdf,High,2026-07-03
FAC_3901,PRO_3906,validated_by,0.5,False,,Russia,,Confirmed,ГП № 3-2025.pdf,High,2026-07-03
FAC_3901,PRO_3907,researched_by,0.5,False,,Russia,,Confirmed,ГП № 3-2025.pdf,High,2026-07-03
PRO_3907,PUB_3740,described_in,0.5,False,,Russia,,Confirmed,ГП № 3-2025.pdf,High,2026-07-03
FAC_3901,PRO_3911,researched_by,0.5,False,"Арктические сезоны: осень–зима, весна–лето, лето–осень",Russia,,Confirmed,ГП № 3-2025.pdf,High,2026-07-03
PRO_3911,PRO_3912,validated_by,0.5,False,Взаимосвязь водопритоков и сейсмичности массива пород,Russia,,Confirmed,ГП № 3-2025.pdf,High,2026-07-03
FAC_3903,FAC_3901,operates_at_condition,0.5,False,Удароопасные условия,Russia,,Confirmed,ГП № 3-2025.pdf,High,2026-07-03
FAC_3901,PRO_3913,uses_material,0.5,False,,Russia,,Confirmed,ГП № 3-2025.pdf,High,2026-07-03
FAC_3903,PRO_3914,operates_at_condition,0.5,False,,Russia,,Confirmed,ГП № 3-2025.pdf,High,2026-07-03
EXP_3915,FAC_3903,researched_by,0.5,False,,Russia,,Confirmed,ГП № 3-2025.pdf,High,2026-07-03
PRO_1573,PRO_3917,operates_at_condition,0.5,False,Проведение буровзрывных работ вызывает сейсмовзрывное воздействие на массив горных пород.,Worldwide,,Confirmed,ГП № 3-2025.pdf,High,2026-07-03
EXP_3918,PUB_3919,described_in,0.5,False,,Russia,,Confirmed,ГП № 3-2025.pdf,High,2026-07-03
PRO_1573,PRO_3917,produces_output,0.5,False,,Worldwide,,Confirmed,ГП № 3-2025.pdf,High,2026-07-03
PRO_1573,PUB_3740,described_in,0.5,False,,Russia,,Confirmed,ГП № 3-2025.pdf,High,2026-07-03
PRO_1573,EQU_3920,uses_material,0.5,False,,Worldwide,,Confirmed,ГП № 3-2025.pdf,High,2026-07-03
PRO_1573,PRO_3921,operates_at_condition,0.5,False,,Worldwide,,Confirmed,ГП № 3-2025.pdf,High,2026-07-03
PRO_1573,PRO_3922,operates_at_condition,0.5,False,,Worldwide,,Confirmed,ГП № 3-2025.pdf,High,2026-07-03
PRO_1573,PUB_3740,described_in,0.5,False,,Worldwide,,Confirmed,ГП № 3-2025.pdf,High,2026-07-03
PRO_1573,PRO_3923,operates_at_condition,0.5,False,При пересечении линий частот собственных колебаний массива с линией несущей частоты сейсмовзрывной волны,Worldwide,"17–18 Гц, 30–31 Гц",Confirmed,ГП № 3-2025.pdf,High,2026-07-03
PRO_1573,PRO_3917,produces_output,0.5,False,,Worldwide,,Confirmed,ГП № 3-2025.pdf,High,2026-07-03
EXP_3925,PUB_3924,described_in,0.5,False,,Worldwide,,Confirmed,ГП № 3-2025.pdf,High,2026-07-03
EXP_3930,PUB_3929,described_in,0.5,False,,Russia,,Confirmed,ГП № 3-2025.pdf,High,2026-07-03
PRO_1573,EQU_3931,uses_material,0.5,False,,Russia,,Confirmed,ГП № 3-2025.pdf,High,2026-07-03
PRO_1573,PRO_3932,operates_at_condition,0.5,False,"Диапазон допустимых скоростей колебания от 0,03 до 0,5 см/с",Russia,"0,03-0,5 см/с",Confirmed,ГП № 3-2025.pdf,High,2026-07-03
EXP_3933,PRO_1573,researched_by,0.5,False,,Russia,,Confirmed,ГП № 3-2025.pdf,High,2026-07-03
PRO_3934,PRO_3935,researched_by,0.5,False,,Worldwide,,Confirmed,ГП № 3-2025.pdf,High,2026-07-03
PRO_3934,PRO_3936,researched_by,0.5,False,,Worldwide,,Confirmed,ГП № 3-2025.pdf,High,2026-07-03
FAC_3937,PUB_3740,described_in,0.5,False,,Russia,,Confirmed,ГП № 3-2025.pdf,High,2026-07-03
EXP_3944,FAC_3937,researched_by,0.5,False,Участие 76 человек от ЛУР,Russia,,Confirmed,ГП № 3-2025.pdf,High,2026-07-03
EXP_3944,FAC_3945,researched_by,0.5,False,Участие 15 человек от РУН,Russia,,Confirmed,ГП № 3-2025.pdf,High,2026-07-03
EXP_3944,FAC_3946,researched_by,0.5,False,Участие 11 человек от АРМУ,Russia,,Confirmed,ГП № 3-2025.pdf,High,2026-07-03
EXP_3949,PRO_3254,researched_by,0.5,False,,"Russia, China, Australia, USA",,Confirmed,ГП № 3-2025.pdf,High,2026-07-03
PRO_3254,PUB_3716,described_in,0.5,False,,Worldwide,,Confirmed,ГП № 3-2025.pdf,High,2026-07-03
PRO_3956,PRO_3948,operates_at_condition,0.5,False,предустановленные алгоритмы и динамически обновляемые модели,Worldwide,,Confirmed,ГП № 3-2025.pdf,High,2026-07-03
EQU_3957,PRO_3948,uses_material,0.5,False,данные датчиков,Worldwide,,Confirmed,ГП № 3-2025.pdf,High,2026-07-03
PUB_3740,FAC_2775,described_in,0.5,False,,Worldwide,,Confirmed,ГП № 3-2025.pdf,High,2026-07-03
EXP_3958,PUB_3716,researched_by,0.5,False,,Russia,,Unverified,ГП № 3-2025.pdf,High,2026-07-03
EXP_3959,PUB_3716,researched_by,0.5,False,,Russia,,Unverified,ГП № 3-2025.pdf,High,2026-07-03
EXP_3960,PRO_3961,produces_output,0.5,False,Переход к экосистемному подходу,Worldwide,"71,4%",Confirmed,ГП № 3-2025.pdf,High,2026-07-03
EXP_3960,PRO_3962,produces_output,0.5,False,Внедрение интеллектуальных систем,Worldwide,"Снижение на 91,2%",Confirmed,ГП № 3-2025.pdf,High,2026-07-03
PRO_1115,PUB_3740,described_in,0.5,False,,Worldwide,,Unverified,ГП № 3-2025.pdf,High,2026-07-03
PUB_3740,PRO_3965,described_in,0.5,False,,Worldwide,,Confirmed,ГП № 3-2025.pdf,High,2026-07-03
PUB_3740,PRO_3951,described_in,0.5,False,,Worldwide,,Confirmed,ГП № 3-2025.pdf,High,2026-07-03
PRO_3969,EQU_3970,uses_material,0.5,False,,Worldwide,,Confirmed,ГП № 3-2025.pdf,High,2026-07-03
PRO_3969,EQU_3971,uses_material,0.5,False,,Worldwide,,Confirmed,ГП № 3-2025.pdf,High,2026-07-03
PRO_3969,EQU_3972,uses_material,0.5,False,,Worldwide,,Confirmed,ГП № 3-2025.pdf,High,2026-07-03
PRO_3969,EQU_3973,uses_material,0.5,False,При увеличении длины выработки значительно уменьшается коэффициент доставки,Worldwide,,Confirmed,ГП № 3-2025.pdf,High,2026-07-03
PRO_3551,PRO_3974,produces_output,0.5,False,,Worldwide,,Confirmed,ГП № 3-2025.pdf,High,2026-07-03
PRO_3551,PUB_3716,described_in,0.5,False,,Russia,,Confirmed,ГП № 3-2025.pdf,High,2026-07-03
PRO_3975,EQU_704,uses_material,0.5,False,,Worldwide,,Confirmed,ГП № 3-2025.pdf,High,2026-07-03
PRO_3975,PRO_3976,operates_at_condition,0.5,False,"Длина выработки: 100-5500 м, диаметр трубопровода: 2 м, расход воздуха в забое: 20 м³/с",Worldwide,,Confirmed,ГП № 3-2025.pdf,High,2026-07-03
EXP_3977,PRO_3976,produces_output,0.5,False,"Для жёсткого трубопровода: коэффициент утечек = 3,16, для гибкого трубопровода: коэффициент утечек = 1,57",Worldwide,,Confirmed,ГП № 3-2025.pdf,High,2026-07-03
PRO_3979,EQU_3980,uses_material,0.5,False,,Worldwide,,Confirmed,ГП № 3-2025.pdf,High,2026-07-03
PRO_3979,EQU_3981,uses_material,0.5,False,,Worldwide,,Confirmed,ГП № 3-2025.pdf,High,2026-07-03
PRO_1775,PRO_3991,produces_output,0.5,False,,Worldwide,,Confirmed,ГП № 3-2025.pdf,High,2026-07-03
PRO_1775,PRO_3992,produces_output,0.5,False,,Worldwide,,Confirmed,ГП № 3-2025.pdf,High,2026-07-03
PUB_3740,PRO_1115,described_in,0.5,False,,Worldwide,,Unverified,ГП № 3-2025.pdf,High,2026-07-03
PUB_3740,PRO_3993,described_in,0.5,False,,Worldwide,,Unverified,ГП № 3-2025.pdf,High,2026-07-03
PUB_3740,PRO_3994,described_in,0.5,False,,Worldwide,,Unverified,ГП № 3-2025.pdf,High,2026-07-03
PUB_3740,PRO_1115,described_in,0.5,False,,Worldwide,,Unverified,ГП № 3-2025.pdf,High,2026-07-03
PRO_3995,PRO_3996,produces_output,0.5,False,"При увеличении индекса цифровой зрелости на 1 пункт рентабельность EBITDA возрастает в среднем на 2,65 процентных пункта.",Worldwide,,Confirmed,ГП № 3-2025.pdf,High,2026-07-03
PUB_3740,PRO_4002,described_in,0.5,False,,Worldwide,,Unverified,ГП № 3-2025.pdf,High,2026-07-03
PRO_4003,PUB_3716,described_in,0.5,False,,Worldwide,,Confirmed,ГП № 3-2025.pdf,High,2026-07-03
PRO_4004,PUB_3716,described_in,0.5,False,"Использование GlobalData Mining Intelligence, S&P Global Platts и Bloomberg Terminal",Worldwide,,Confirmed,ГП № 3-2025.pdf,High,2026-07-03
PRO_4005,PUB_3716,described_in,0.5,False,"Применение методов корреляционного, регрессионного и кластерного анализа",Worldwide,,Confirmed,ГП № 3-2025.pdf,High,2026-07-03
PRO_4006,PUB_3716,described_in,0.5,False,"27 параметров, сгруппированных в 5 тематических блоков",Worldwide,,Confirmed,ГП № 3-2025.pdf,High,2026-07-03
PUB_3716,PRO_4007,described_in,0.5,False,,Worldwide,,Confirmed,ГП № 3-2025.pdf,High,2026-07-03
EXP_4009,PUB_4008,researched_by,0.5,False,,Worldwide,,Confirmed,ГП № 3-2025.pdf,High,2026-07-03
FAC_4010,PRO_4011,operates_at_condition,0.5,False,,Worldwide,,Confirmed,ГП № 3-2025.pdf,High,2026-07-03
FAC_4010,PRO_4012,operates_at_condition,0.5,False,,Worldwide,,Confirmed,ГП № 3-2025.pdf,High,2026-07-03
FAC_4014,PRO_4015,operates_at_condition,0.5,False,Период 1930–1945 гг.,Worldwide,,Confirmed,ГП № 3-2025.pdf,High,2026-07-03
PRO_4015,PUB_4013,described_in,0.5,False,,Worldwide,,Confirmed,ГП № 3-2025.pdf,High,2026-07-03
PRO_4017,MAT_4016,uses_material,0.5,False,,Worldwide,,Confirmed,ГП № 3-2025.pdf,High,2026-07-03
FAC_4018,PRO_4017,operates_at_condition,0.5,False,,South Africa,,Confirmed,ГП № 3-2025.pdf,High,2026-07-03
FAC_4022,PRO_4023,uses_material,0.5,False,,Worldwide,,Confirmed,ГП № 3-2025.pdf,High,2026-07-03
FAC_4022,EQU_4024,operates_at_condition,0.5,False,"Глубины свыше 2,5 км",Worldwide,,Confirmed,ГП № 3-2025.pdf,High,2026-07-03
PUB_4025,EXP_4026,described_in,0.5,False,,Worldwide,,Confirmed,ГП № 3-2025.pdf,High,2026-07-03
EXP_4027,PUB_3740,researched_by,0.5,False,,Russia,,Confirmed,ГП № 3-2025.pdf,High,2026-07-03
EXP_4028,PUB_3740,researched_by,0.5,False,,Russia,,Confirmed,ГП № 3-2025.pdf,High,2026-07-03
EXP_4029,PUB_3740,researched_by,0.5,False,,Russia,,Confirmed,ГП № 3-2025.pdf,High,2026-07-03
PRO_4015,EQU_4030,uses_material,0.5,False,,Worldwide,,Confirmed,ГП № 3-2025.pdf,High,2026-07-03
PRO_4015,EQU_4031,uses_material,0.5,False,,Worldwide,,Confirmed,ГП № 3-2025.pdf,High,2026-07-03
PRO_4015,EQU_4032,uses_material,0.5,False,,Worldwide,,Confirmed,ГП № 3-2025.pdf,High,2026-07-03
PRO_4015,PRO_4033,operates_at_condition,0.5,False,,Worldwide,,Confirmed,ГП № 3-2025.pdf,High,2026-07-03
PRO_4015,PRO_4023,operates_at_condition,0.5,False,,Worldwide,,Confirmed,ГП № 3-2025.pdf,High,2026-07-03
PRO_4034,PRO_4035,produces_output,0.5,False,,Worldwide,,Confirmed,ГП № 3-2025.pdf,High,2026-07-03
PRO_4034,PRO_4036,operates_at_condition,0.5,False,97%,Worldwide,,Confirmed,ГП № 3-2025.pdf,High,2026-07-03
PRO_4037,PUB_3740,described_in,0.5,False,,Worldwide,,Unverified,ГП № 3-2025.pdf,High,2026-07-03
PRO_4034,FAC_4039,operates_at_condition,0.5,False,Анализ данных о дебитах скважин,Turkmenistan,,Confirmed,ГП № 3-2025.pdf,High,2026-07-03
PRO_1992,FAC_4039,researched_by,0.5,False,,Worldwide,,Confirmed,ГП № 3-2025.pdf,High,2026-07-03
EXP_4048,PUB_4046,researched_by,0.5,False,,Worldwide,,Confirmed,ГП № 3-2025.pdf,High,2026-07-03
EXP_4048,PUB_4047,researched_by,0.5,False,,Worldwide,,Confirmed,ГП № 3-2025.pdf,High,2026-07-03
ORG_156,PUB_127,published_by,0.5,False,,Russia,,Confirmed,ГП № 3-2025.pdf,High,2026-07-03
EQU_3601,EQU_3602,uses_material,0.5,False,,Russia,,Confirmed,ГП № 4-2025.pdf,High,2026-07-03
FAC_4053,PRO_4054,provides_service,0.5,False,,Worldwide,,Confirmed,ГП № 4-2025.pdf,High,2026-07-03
PRO_4054,PRO_4056,assesses,0.5,False,,Worldwide,,Confirmed,ГП № 4-2025.pdf,High,2026-07-03
EXP_4058,PUB_4057,researched_by,0.5,False,,Russia,,Unverified,ГП № 4-2025.pdf,High,2026-07-03
EXP_4059,EXP_4060,researched_by,0.5,False,,Russia,,Unverified,ГП № 4-2025.pdf,High,2026-07-03
EXP_4059,EXP_4061,researched_by,0.5,False,,Russia,,Unverified,ГП № 4-2025.pdf,High,2026-07-03
ORG_156,PUB_127,published_by,0.5,False,,Russia,,Confirmed,ГП № 4-2025.pdf,High,2026-07-03
FAC_4062,PUB_895,produces_output,0.5,False,,Russia,,Confirmed,ГП № 4-2025.pdf,High,2026-07-03
FAC_4063,EQU_4065,uses_material,0.5,False,Для небольших концентраций метана,Russia,,Unverified,ГП № 4-2025.pdf,High,2026-07-03
FAC_4064,EQU_4065,uses_material,0.5,False,Для небольших концентраций метана,Russia,,Unverified,ГП № 4-2025.pdf,High,2026-07-03
FAC_522,EQU_4066,uses_material,0.5,False,,Russia,,Confirmed,ГП № 4-2025.pdf,High,2026-07-03
EQU_4066,PRO_4067,produces_output,0.5,False,,Russia,,Confirmed,ГП № 4-2025.pdf,High,2026-07-03
EQU_4068,EQU_4069,uses_material,0.5,False,,Worldwide,,Confirmed,ГП № 4-2025.pdf,High,2026-07-03
EQU_4068,EQU_4070,uses_material,0.5,False,,Worldwide,,Confirmed,ГП № 4-2025.pdf,High,2026-07-03
EQU_4068,EQU_4071,uses_material,0.5,False,,Worldwide,,Confirmed,ГП № 4-2025.pdf,High,2026-07-03
MAT_2233,PRO_4072,uses_material,0.5,False,,Russia,,Confirmed,ГП № 4-2025.pdf,High,2026-07-03
EQU_4073,MAT_2233,produces_output,0.5,False,,Russia,,Confirmed,ГП № 4-2025.pdf,High,2026-07-03
MAT_2233,PRO_4074,operates_at_condition,0.5,False,"Содержание серы: 0,2%",Russia,,Confirmed,ГП № 4-2025.pdf,High,2026-07-03
FAC_4085,EQU_4083,uses_material,0.5,False,,Russia,,Confirmed,ГП № 4-2025.pdf,High,2026-07-03
PRO_1496,EQU_4084,operates_at_condition,0.5,False,Во время работы техники,Russia,,Confirmed,ГП № 4-2025.pdf,High,2026-07-03
FAC_4086,EQU_4084,uses_material,0.5,False,,Russia,,Confirmed,ГП № 4-2025.pdf,High,2026-07-03
FAC_4089,PRO_4088,researched_by,0.5,False,,Worldwide,,Unverified,ГП № 4-2025.pdf,High,2026-07-03
EQU_4090,FAC_4091,operates_at_condition,0.5,False,Предпродажная обкатка,Worldwide,,Confirmed,ГП № 4-2025.pdf,High,2026-07-03
MAT_4092,PRO_4093,uses_material,0.5,False,,Worldwide,,Confirmed,ГП № 4-2025.pdf,High,2026-07-03
EQU_4094,PRO_4093,operates_at_condition,0.5,False,частота дискретизации до 250 кГц,Russia,,Confirmed,ГП № 4-2025.pdf,High,2026-07-03
MAT_1553,PRO_4095,uses_material,0.5,False,,Worldwide,,Confirmed,ГП № 4-2025.pdf,High,2026-07-03
MAT_1553,PRO_4096,uses_material,0.5,False,,Worldwide,,Confirmed,ГП № 4-2025.pdf,High,2026-07-03
PRO_4096,EQU_4097,uses_material,0.5,False,,Worldwide,,Confirmed,ГП № 4-2025.pdf,High,2026-07-03
EQU_4099,PRO_4098,uses_material,0.5,False,,Worldwide,,Confirmed,ГП № 4-2025.pdf,High,2026-07-03
EQU_4099,PRO_4088,produces_output,0.5,False,,Worldwide,,Confirmed,ГП № 4-2025.pdf,High,2026-07-03
PRO_4100,PRO_4088,researched_by,0.5,False,,Worldwide,,Confirmed,ГП № 4-2025.pdf,High,2026-07-03
EQU_4105,MAT_4106,researched_by,0.5,False,,Russia,,Confirmed,ГП № 4-2025.pdf,High,2026-07-03
MAT_1553,PRO_4107,uses_material,0.5,False,,Worldwide,,Confirmed,ГП № 4-2025.pdf,High,2026-07-03
MAT_1553,EQU_1855,operates_at_condition,0.5,False,,Russia,,Confirmed,ГП № 4-2025.pdf,High,2026-07-03
MAT_1553,PRO_4108,produces_output,0.5,False,,Worldwide,,Confirmed,ГП № 4-2025.pdf,High,2026-07-03
MAT_1882,PRO_4110,described_in,0.5,False,,Worldwide,,Unverified,ГП № 4-2025.pdf,High,2026-07-03
PRO_4110,PUB_4076,published_in,0.5,False,,Worldwide,,Confirmed,ГП № 4-2025.pdf,High,2026-07-03
MAT_4111,PRO_4112,uses_material,0.5,False,,Worldwide,,Confirmed,ГП № 4-2025.pdf,High,2026-07-03
MAT_1380,PRO_4112,uses_material,0.5,False,,Worldwide,,Confirmed,ГП № 4-2025.pdf,High,2026-07-03
MAT_4116,PRO_4118,uses_material,0.5,False,,Worldwide,,Confirmed,ГП № 4-2025.pdf,High,2026-07-03
MAT_4117,PRO_4119,produces_output,0.5,False,,Worldwide,,Confirmed,ГП № 4-2025.pdf,High,2026-07-03
EQU_4120,PRO_4121,optimal_parameter,0.5,False,,Russia,,Confirmed,ГП № 4-2025.pdf,High,2026-07-03
PRO_4123,MAT_4122,uses_material,0.5,False,,Russia,,Confirmed,ГП № 4-2025.pdf,High,2026-07-03
MAT_4122,PRO_4124,produces_output,0.5,False,При контакте с внутрискважинными водами обводнённых горных массивов,Russia,,Confirmed,ГП № 4-2025.pdf,High,2026-07-03
EQU_4120,PRO_1220,operates_at_condition,0.5,False,"24/7 доступность, работа в режиме реального времени, достоверность данных",Worldwide,,Unverified,ГП № 4-2025.pdf,High,2026-07-03
MAT_4129,PRO_4130,produces_output,0.5,False,,Worldwide,,Confirmed,ГП № 4-2025.pdf,High,2026-07-03
MAT_4129,PRO_4131,operates_at_condition,0.5,False,"Температура замерзания 60%-ного водного раствора пергидроля -60 °C, метанола -90 °C",Worldwide,,Confirmed,ГП № 4-2025.pdf,High,2026-07-03
EQU_174,FAC_4139,researched_by,0.5,False,,Worldwide,,Confirmed,ГП № 4-2025.pdf,High,2026-07-03
FAC_4142,EQU_4143,researched_by,0.5,False,,Russia,,Confirmed,ГП № 4-2025.pdf,High,2026-07-03
FAC_4142,EQU_4144,researched_by,0.5,False,,Russia,,Confirmed,ГП № 4-2025.pdf,High,2026-07-03
FAC_4142,EQU_4145,researched_by,0.5,False,,Russia,,Confirmed,ГП № 4-2025.pdf,High,2026-07-03
EQU_4146,MAT_4147,uses_material,0.5,False,,Worldwide,,Confirmed,ГП № 4-2025.pdf,High,2026-07-03
MAT_1888,PRO_4148,uses_material,0.5,False,,Worldwide,,Confirmed,ГП № 4-2025.pdf,High,2026-07-03
MAT_1888,EQU_4149,operates_at_condition,0.5,False,Корректная работа оборудования,Worldwide,,Confirmed,ГП № 4-2025.pdf,High,2026-07-03
EXP_4156,PUB_4155,researched_by,0.5,False,,Russia,,Confirmed,ГП № 4-2025.pdf,High,2026-07-03
PUB_142,FAC_4157,described_in,0.5,False,,Russia,,Confirmed,ГП № 4-2025.pdf,High,2026-07-03
PUB_4158,ORG_4159,described_in,0.5,False,,Russia,,Confirmed,ГП № 4-2025.pdf,High,2026-07-03
PUB_4158,ORG_4160,validated_by,0.5,False,,Russia,,Confirmed,ГП № 4-2025.pdf,High,2026-07-03
PUB_4158,ORG_1898,validated_by,0.5,False,,Russia,,Confirmed,ГП № 4-2025.pdf,High,2026-07-03
PUB_4158,ORG_4161,validated_by,0.5,False,,Russia,,Confirmed,ГП № 4-2025.pdf,High,2026-07-03
PUB_4162,PRO_4163,described_in,0.5,False,,Worldwide,,Confirmed,ГП № 4-2025.pdf,High,2026-07-03
PRO_4163,EQU_4164,operates_at_condition,0.5,False,,Worldwide,,Confirmed,ГП № 4-2025.pdf,High,2026-07-03
EQU_600,PRO_4165,uses_material,0.5,False,,Worldwide,,Confirmed,ГП № 4-2025.pdf,High,2026-07-03
FAC_4166,PRO_4165,operates_at_condition,0.5,False,,Worldwide,,Confirmed,ГП № 4-2025.pdf,High,2026-07-03
FAC_1328,PRO_4165,operates_at_condition,0.5,False,,Worldwide,,Confirmed,ГП № 4-2025.pdf,High,2026-07-03
EQU_4169,PRO_4167,researched_by,0.5,False,,Worldwide,,Confirmed,ГП № 4-2025.pdf,High,2026-07-03
EQU_4168,EQU_4169,uses_material,0.5,False,,Worldwide,,Confirmed,ГП № 4-2025.pdf,High,2026-07-03
EQU_600,FAC_4180,used_in,0.5,False,,Worldwide,,Confirmed,ГП № 4-2025.pdf,High,2026-07-03
EQU_1101,FAC_4180,integrated_with,0.5,False,,Worldwide,,Confirmed,ГП № 4-2025.pdf,High,2026-07-03
EQU_4186,PRO_1573,operates_at_condition,0.5,False,,Worldwide,,Confirmed,ГП № 4-2025.pdf,High,2026-07-03
EQU_4187,PRO_1573,simulates,0.5,False,,Worldwide,,Confirmed,ГП № 4-2025.pdf,High,2026-07-03
EQU_4189,FAC_4190,researched_by,0.5,False,,Worldwide,,Unverified,ГП № 4-2025.pdf,High,2026-07-03
PRO_1116,EQU_4191,uses_material,0.5,False,"Имитация лунной гравитации, рельефа и температуры",Worldwide,,Unverified,ГП № 4-2025.pdf,High,2026-07-03
PRO_1116,EQU_4192,uses_material,0.5,False,Имитация условий других планет,Worldwide,,Unverified,ГП № 4-2025.pdf,High,2026-07-03
FAC_4193,PRO_4194,researched_by,0.5,False,,Russia,,Confirmed,ГП № 4-2025.pdf,High,2026-07-03
FAC_4193,PUB_4195,described_in,0.5,False,,Russia,,Confirmed,ГП № 4-2025.pdf,High,2026-07-03
FAC_992,PRO_3217,researched_by,0.5,False,Участие в семинарах,Russia,,Confirmed,ГП № 4-2025.pdf,High,2026-07-03
EQU_4199,MAT_4201,uses_material,0.5,False,,Russia,,Confirmed,ГП № 4-2025.pdf,High,2026-07-03
EQU_4199,MAT_4200,uses_material,0.5,False,,Russia,,Confirmed,ГП № 4-2025.pdf,High,2026-07-03
EQU_4202,EQU_1061,simulates,0.5,False,,Worldwide,,Confirmed,ГП № 4-2025.pdf,High,2026-07-03
EQU_4202,EQU_4204,simulates,0.5,False,,Worldwide,,Confirmed,ГП № 4-2025.pdf,High,2026-07-03
EQU_4202,EQU_2425,simulates,0.5,False,,Worldwide,,Confirmed,ГП № 4-2025.pdf,High,2026-07-03
PUB_4076,EQU_4205,described_in,0.5,False,,Worldwide,,Confirmed,ГП № 4-2025.pdf,High,2026-07-03
PRO_4213,EQU_8,uses_material,0.5,False,,Worldwide,,Confirmed,ГП № 4-2025.pdf,High,2026-07-03
FAC_992,PRO_4221,researched_by,0.5,False,,Russia,,Confirmed,ГП № 4-2025.pdf,High,2026-07-03
EXP_4220,PRO_4221,validated_by,0.5,False,,Russia,,Confirmed,ГП № 4-2025.pdf,High,2026-07-03
PRO_4213,EQU_8,uses_material,0.5,False,,Worldwide,,Confirmed,ГП № 4-2025.pdf,High,2026-07-03
PUB_4222,PRO_4213,described_in,0.5,False,,Worldwide,,Confirmed,ГП № 4-2025.pdf,High,2026-07-03
PUB_4223,PRO_3784,described_in,0.5,False,,Worldwide,,Confirmed,ГП № 4-2025.pdf,High,2026-07-03
PUB_4223,EQU_4224,uses_material,0.5,False,,Russia,,Confirmed,ГП № 4-2025.pdf,High,2026-07-03
PRO_4213,EQU_4226,uses_material,0.5,False,,Worldwide,,Confirmed,ГП № 4-2025.pdf,High,2026-07-03
PRO_4213,EXP_4227,validated_by,0.5,False,,Worldwide,,Confirmed,ГП № 4-2025.pdf,High,2026-07-03
PRO_4228,PUB_4076,described_in,0.5,False,,Worldwide,,Confirmed,ГП № 4-2025.pdf,High,2026-07-03
PRO_4213,EQU_4224,uses_material,0.5,False,,Worldwide,,Confirmed,ГП № 4-2025.pdf,High,2026-07-03
PRO_4213,EXP_4229,validated_by,0.5,False,,Worldwide,,Confirmed,ГП № 4-2025.pdf,High,2026-07-03
FAC_350,FAC_351,researched_by,0.5,False,,Russia,,Confirmed,ГП № 4-2025.pdf,High,2026-07-03
MAT_1291,PRO_4239,uses_material,0.5,False,,Russia,,Confirmed,ГП № 4-2025.pdf,High,2026-07-03
EQU_4240,PRO_4239,operates_at_condition,0.5,False,Подземный способ,Russia,,Confirmed,ГП № 4-2025.pdf,High,2026-07-03
MAT_1291,PRO_4241,produces_output,0.5,False,,Russia,,Confirmed,ГП № 4-2025.pdf,High,2026-07-03
EXP_4242,MAT_1291,researched_by,0.5,False,,Russia,,Confirmed,ГП № 4-2025.pdf,High,2026-07-03
PUB_895,MAT_1291,contains,0.5,False,Содержание урана в угле может варьироваться в зависимости от месторождения.,Worldwide,,Unverified,ГП № 4-2025.pdf,High,2026-07-03
PRO_4243,PUB_895,uses_material,0.5,False,,Worldwide,,Unverified,ГП № 4-2025.pdf,High,2026-07-03
PRO_4243,MAT_1291,produces_output,0.5,False,,Worldwide,,Unverified,ГП № 4-2025.pdf,High,2026-07-03
EQU_4244,PRO_4243,researched_by,0.5,False,Используется для определения пространственно-временного положения границ очагов пожара в угольных пластах.,Worldwide,,Unverified,ГП № 4-2025.pdf,High,2026-07-03
PRO_4246,PRO_748,operates_at_condition,0.5,False,Необходимо учитывать аэродинамическое сопротивление при проектировании вентиляции,Russia,,Confirmed,ГП № 4-2025.pdf,High,2026-07-03
PUB_4245,PRO_748,researched_by,0.5,False,,Russia,,Confirmed,ГП № 4-2025.pdf,High,2026-07-03
PUB_895,PRO_4248,uses_material,0.5,False,,Worldwide,,Unverified,ГП № 4-2025.pdf,High,2026-07-03
PRO_4248,EQU_4244,operates_at_condition,0.5,False,Для определения пространственно-временного положения границ очагов пожара,Worldwide,,Unverified,ГП № 4-2025.pdf,High,2026-07-03
PRO_4248,EQU_375,produces_output,0.5,False,Для упрощения технологии извлечения радиоактивных элементов,Worldwide,,Unverified,ГП № 4-2025.pdf,High,2026-07-03
PRO_4250,PUB_895,uses_material,0.5,False,,Russia,,Confirmed,ГП № 4-2025.pdf,High,2026-07-03
EQU_778,PRO_748,operates_at_condition,0.5,False,,Worldwide,,Unverified,ГП № 4-2025.pdf,High,2026-07-03
PRO_4251,PRO_748,uses_material,0.5,False,,Worldwide,,Unverified,ГП № 4-2025.pdf,High,2026-07-03
PRO_4257,EQU_4258,operates_at_condition,0.5,False,Минимальный перепад давления hȥȦ = 1 Па,Russia,,Confirmed,ГП № 4-2025.pdf,High,2026-07-03
PRO_4257,EQU_4259,operates_at_condition,0.5,False,"Погрешность измерения дифференциального давления равна 5±0,15Ȥ Па",Russia,,Confirmed,ГП № 4-2025.pdf,High,2026-07-03
EQU_4261,PRO_4260,produces_output,0.5,False,,Worldwide,,Confirmed,ГП № 4-2025.pdf,High,2026-07-03
EQU_4261,PRO_4262,optimal_parameter,0.5,False,,Worldwide,,Confirmed,ГП № 4-2025.pdf,High,2026-07-03
PRO_4270,PUB_4271,described_in,0.5,False,,Worldwide,,Unverified,ГП № 4-2025.pdf,High,2026-07-03
PRO_4272,MAT_4274,produces_output,0.5,False,,Worldwide,,Confirmed,ГП № 4-2025.pdf,High,2026-07-03
PRO_4272,EQU_4273,uses_material,0.5,False,,Worldwide,,Confirmed,ГП № 4-2025.pdf,High,2026-07-03
PUB_4132,PRO_1775,described_in,0.5,False,,Russia,,Confirmed,ГП № 4-2025.pdf,High,2026-07-03
PUB_4132,PUB_4275,described_in,0.5,False,,Russia,,Confirmed,ГП № 4-2025.pdf,High,2026-07-03
PRO_4281,MAT_4282,uses_material,0.5,False,,Worldwide,,Confirmed,ГП № 4-2025.pdf,High,2026-07-03
PRO_4281,MAT_4283,uses_material,0.5,False,,Worldwide,,Confirmed,ГП № 4-2025.pdf,High,2026-07-03
PRO_1130,MAT_4286,produces_output,0.5,False,,Worldwide,,Confirmed,ГП № 4-2025.pdf,High,2026-07-03
FAC_4287,PRO_1130,researched_by,0.5,False,,Russia,,Confirmed,ГП № 4-2025.pdf,High,2026-07-03
EXP_4289,PUB_4288,researched_by,0.5,False,,Russia,,Confirmed,ГП № 4-2025.pdf,High,2026-07-03
EXP_4290,PUB_4132,described_in,0.5,False,,Russia,,Confirmed,ГП № 4-2025.pdf,High,2026-07-03
FAC_4291,EQU_1776,operates_at_condition,0.5,False,,Russia,,Confirmed,ГП № 4-2025.pdf,High,2026-07-03
FAC_4291,EQU_4292,operates_at_condition,0.5,False,,Russia,,Confirmed,ГП № 4-2025.pdf,High,2026-07-03
MAT_3772,PRO_4295,uses_material,0.5,False,соотношение компонент: хвосты обогащения – 600–750 кг; зола-унос ГРЭС – 180–220 кг; цементная пыль электрофильтров – 250–315 кг; цемент – 35–40 кг на 1 м3 закладки,Worldwide,,Unverified,ГП № 4-2025.pdf,High,2026-07-03
MAT_4296,PRO_4297,uses_material,0.5,False,,Worldwide,,Unverified,ГП № 4-2025.pdf,High,2026-07-03
PRO_4297,EQU_4298,operates_at_condition,0.5,False,при активации материалов на виброгрохотах – 15–20%,Worldwide,15–20%,Unverified,ГП № 4-2025.pdf,High,2026-07-03
PRO_4297,EQU_1136,operates_at_condition,0.5,False,в дезинтеграторах – 20–25%,Worldwide,20–25%,Unverified,ГП № 4-2025.pdf,High,2026-07-03
PRO_4297,EQU_4299,operates_at_condition,0.5,False,в вибромельницах – 15–20%,Worldwide,15–20%,Unverified,ГП № 4-2025.pdf,High,2026-07-03
PUB_4304,EXP_4303,described_in,0.5,False,,Russia,,Confirmed,ГП № 4-2025.pdf,High,2026-07-03
PRO_4305,PUB_4076,described_in,0.5,False,,Russia,,Confirmed,ГП № 4-2025.pdf,High,2026-07-03
PRO_4307,EQU_307,uses_material,0.5,False,,Russia,,Confirmed,ГП № 4-2025.pdf,High,2026-07-03
EQU_307,PRO_4308,uses_material,0.5,False,,Worldwide,,Confirmed,ГП № 4-2025.pdf,High,2026-07-03
PRO_4308,PUB_4132,described_in,0.5,False,,Worldwide,,Confirmed,ГП № 4-2025.pdf,High,2026-07-03
FAC_4309,EXP_4303,researched_by,0.5,False,,Russia,,Confirmed,ГП № 4-2025.pdf,High,2026-07-03
PRO_4310,EQU_3156,researched_by,0.5,False,,Worldwide,,Confirmed,ГП № 4-2025.pdf,High,2026-07-03
EQU_4311,PRO_4312,uses_material,0.5,False,,Worldwide,,Confirmed,ГП № 4-2025.pdf,High,2026-07-03
PRO_4312,EQU_1337,uses_material,0.5,False,,Worldwide,,Confirmed,ГП № 4-2025.pdf,High,2026-07-03
PRO_4312,EQU_1335,uses_material,0.5,False,,Worldwide,,Confirmed,ГП № 4-2025.pdf,High,2026-07-03
PRO_4313,PRO_4314,uses_material,0.5,False,,Worldwide,,Confirmed,ГП № 4-2025.pdf,High,2026-07-03
PRO_4313,PRO_4315,uses_material,0.5,False,,Worldwide,,Confirmed,ГП № 4-2025.pdf,High,2026-07-03
PRO_4313,PRO_3367,produces_output,0.5,False,,Worldwide,,Confirmed,ГП № 4-2025.pdf,High,2026-07-03
EQU_4326,MAT_4324,uses_material,0.5,False,,Worldwide,,Unverified,ГП № 4-2025.pdf,High,2026-07-03
EQU_4326,PRO_4325,operates_at_condition,0.5,False,,Worldwide,,Unverified,ГП № 4-2025.pdf,High,2026-07-03
EXP_4328,EQU_4326,researched_by,0.5,False,,Worldwide,,Unverified,ГП № 4-2025.pdf,High,2026-07-03
EQU_778,PRO_4325,uses_material,0.5,False,,Russia,,Confirmed,ГП № 4-2025.pdf,High,2026-07-03
MAT_4324,PRO_4325,operates_at_condition,0.5,False,Высокая температура,Russia,,Confirmed,ГП № 4-2025.pdf,High,2026-07-03
EXP_4329,PRO_4325,validated_by,0.5,False,,Russia,,Confirmed,ГП № 4-2025.pdf,High,2026-07-03
EQU_4332,MAT_4331,uses_material,0.5,False,,Worldwide,,Unverified,ГП № 4-2025.pdf,High,2026-07-03
PRO_4330,EQU_4332,produces_output,0.5,False,"Улучшение процессов сгорания топлива, повышение топливной экономичности и улучшение пусковых качеств",Worldwide,,Unverified,ГП № 4-2025.pdf,High,2026-07-03
EXP_4334,PUB_4333,researched_by,0.5,False,,Russia,,Confirmed,ГП № 4-2025.pdf,High,2026-07-03
EQU_4326,PRO_4337,operates_at_condition,0.5,False,При сгорании топлива,Worldwide,,Confirmed,ГП № 4-2025.pdf,High,2026-07-03
PRO_4336,EQU_4326,produces_output,0.5,False,При применении теплоизоляции,Worldwide,,Partially_Confirmed,ГП № 4-2025.pdf,High,2026-07-03
EXP_4338,PRO_4336,researched_by,0.5,False,,Worldwide,,Partially_Confirmed,ГП № 4-2025.pdf,High,2026-07-03
EXP_4339,PUB_4076,described_in,0.5,False,,Russia,,Confirmed,ГП № 4-2025.pdf,High,2026-07-03
PUB_4343,FAC_4344,researched_by,0.5,False,,Russia,,Confirmed,ГП № 4-2025.pdf,High,2026-07-03
PUB_4343,FAC_4345,researched_by,0.5,False,,Russia,,Confirmed,ГП № 4-2025.pdf,High,2026-07-03
PUB_4343,FAC_4346,researched_by,0.5,False,,Russia,,Confirmed,ГП № 4-2025.pdf,High,2026-07-03
PUB_4343,FAC_4347,researched_by,0.5,False,"высокая волатильность угледобычи, дефицит данных",Russia,,Partially_Confirmed,ГП № 4-2025.pdf,High,2026-07-03
PUB_4343,FAC_4348,researched_by,0.5,False,,Russia,,Confirmed,ГП № 4-2025.pdf,High,2026-07-03
EXP_4349,PUB_4132,described_in,0.5,False,,Russia,,Unverified,ГП № 4-2025.pdf,High,2026-07-03
PUB_4350,MAT_4351,researched_by,0.5,False,,Russia,,Confirmed,ГП № 4-2025.pdf,High,2026-07-03
PUB_4350,MAT_622,researched_by,0.5,False,низкая рентабельность из-за удалённости от инфраструктуры,Russia,,Confirmed,ГП № 4-2025.pdf,High,2026-07-03
PUB_4350,MAT_4352,researched_by,0.5,False,потенциал повышается при использовании инструмента ГЧП,Russia,,Confirmed,ГП № 4-2025.pdf,High,2026-07-03
PRO_12,MAT_4353,operates_at_condition,0.5,False,Изменение насыпной плотности и гранулометрического состава,Worldwide,,Confirmed,ГП № 4-2025.pdf,High,2026-07-03
EXP_3787,MAT_4353,validated_by,0.5,False,"Материал типа керамзит с насыпной плотностью 275 кг/м3 и крупностью 0,005–0,01 м",Worldwide,,Confirmed,ГП № 4-2025.pdf,High,2026-07-03
EXP_4359,PUB_4360,described_in,0.5,False,,Russia,,Confirmed,ГП № 4-2025.pdf,High,2026-07-03
EXP_4359,PUB_4361,described_in,0.5,False,,Russia,,Confirmed,ГП № 4-2025.pdf,High,2026-07-03
EXP_4359,PUB_4362,described_in,0.5,False,,Russia,,Confirmed,ГП № 4-2025.pdf,High,2026-07-03
EXP_4359,PUB_4363,described_in,0.5,False,,Russia,,Confirmed,ГП № 4-2025.pdf,High,2026-07-03
PRO_4364,EQU_753,uses_material,0.5,False,,Russia,,Confirmed,ГП № 4-2025.pdf,High,2026-07-03
PRO_4364,PUB_4365,described_in,0.5,False,,Russia,,Confirmed,ГП № 4-2025.pdf,High,2026-07-03
PRO_12,EXP_4367,validated_by,0.5,False,,Worldwide,,Confirmed,ГП № 4-2025.pdf,High,2026-07-03
EQU_4366,EXP_4367,uses_material,0.5,False,,Worldwide,,Confirmed,ГП № 4-2025.pdf,High,2026-07-03
PRO_4373,EXP_4374,researched_by,0.5,False,,Worldwide,,Confirmed,ГП № 4-2025.pdf,High,2026-07-03
EXP_4374,PUB_4132,described_in,0.5,False,,Worldwide,,Confirmed,ГП № 4-2025.pdf,High,2026-07-03
FAC_4357,PUB_4076,described_in,0.5,False,,Russia,,Confirmed,ГП № 4-2025.pdf,High,2026-07-03
FAC_4375,PUB_4076,described_in,0.5,False,,Russia,,Confirmed,ГП № 4-2025.pdf,High,2026-07-03
FAC_4376,PUB_4076,described_in,0.5,False,,Russia,,Confirmed,ГП № 4-2025.pdf,High,2026-07-03
FAC_4368,PUB_4076,described_in,0.5,False,,Russia,,Confirmed,ГП № 4-2025.pdf,High,2026-07-03
FAC_4377,PUB_4076,described_in,0.5,False,,Russia,,Confirmed,ГП № 4-2025.pdf,High,2026-07-03
PRO_81,EQU_4378,uses_material,0.5,False,,Worldwide,,Confirmed,ГП № 4-2025.pdf,High,2026-07-03
PRO_81,EQU_4379,uses_material,0.5,False,,Worldwide,,Confirmed,ГП № 4-2025.pdf,High,2026-07-03
PRO_4393,MAT_4390,uses_material,0.5,False,,Worldwide,,Confirmed,ГП № 4-2025.pdf,High,2026-07-03
PRO_4393,MAT_4391,uses_material,0.5,False,,Worldwide,,Confirmed,ГП № 4-2025.pdf,High,2026-07-03
PRO_4393,MAT_4392,uses_material,0.5,False,,Worldwide,,Confirmed,ГП № 4-2025.pdf,High,2026-07-03
PRO_81,MAT_4390,uses_material,0.5,False,,Worldwide,,Confirmed,ГП № 4-2025.pdf,High,2026-07-03
MAT_4396,PRO_4397,uses_material,0.5,False,,Worldwide,,Confirmed,ГП № 4-2025.pdf,High,2026-07-03
MAT_4396,PRO_81,uses_material,0.5,False,,Worldwide,,Confirmed,ГП № 4-2025.pdf,High,2026-07-03
PRO_81,EQU_4398,operates_at_condition,0.5,False,Производительность до 100 м³/ч,Worldwide,1–4 электрофлотаторов,Confirmed,ГП № 4-2025.pdf,High,2026-07-03
PRO_81,EQU_4399,operates_at_condition,0.5,False,Производительность свыше 100 м³/ч,Worldwide,50–100 м³/ч,Confirmed,ГП № 4-2025.pdf,High,2026-07-03
MAT_4401,PRO_4402,uses_material,0.5,False,,Worldwide,,Confirmed,ГП № 4-2025.pdf,High,2026-07-03
MAT_4401,PRO_81,uses_material,0.5,False,,Worldwide,,Confirmed,ГП № 4-2025.pdf,High,2026-07-03
EQU_4403,MAT_4401,produces_output,0.5,False,,Worldwide,,Confirmed,ГП № 4-2025.pdf,High,2026-07-03
EQU_4404,MAT_4401,produces_output,0.5,False,,Worldwide,,Confirmed,ГП № 4-2025.pdf,High,2026-07-03
PUB_4405,EXP_4406,described_in,0.5,False,,Worldwide,,Confirmed,ГП № 4-2025.pdf,High,2026-07-03
EXP_4406,MAT_4407,uses_material,0.5,False,"Одноосное сжатие, циклически изменяющееся давление",Russia,,Confirmed,ГП № 4-2025.pdf,High,2026-07-03
FAC_4408,EXP_4409,researched_by,0.5,False,,Russia,,Confirmed,ГП № 4-2025.pdf,High,2026-07-03
EQU_758,MAT_4407,uses_material,0.5,False,,Russia,,Confirmed,ГП № 4-2025.pdf,High,2026-07-03
PRO_81,EQU_4398,uses_material,0.5,False,,Worldwide,,Confirmed,ГП № 4-2025.pdf,High,2026-07-03
PRO_81,EQU_4412,uses_material,0.5,False,,Worldwide,,Confirmed,ГП № 4-2025.pdf,High,2026-07-03
MAT_4410,PRO_81,used_in,0.5,False,дозировка до 3 г/л,Worldwide,,Confirmed,ГП № 4-2025.pdf,High,2026-07-03
MAT_4411,PRO_81,used_in,0.5,False,дозировка до 3 г/л,Worldwide,,Confirmed,ГП № 4-2025.pdf,High,2026-07-03
EXP_1865,PRO_4413,researched_by,0.5,False,,Worldwide,,Confirmed,ГП № 4-2025.pdf,High,2026-07-03
MAT_4407,PRO_4417,uses_material,0.5,False,"Давление пресса: 8,8-16,3 МПа",Worldwide,,Confirmed,ГП № 4-2025.pdf,High,2026-07-03
PRO_4417,EXP_4418,validated_by,0.5,False,,Worldwide,,Confirmed,ГП № 4-2025.pdf,High,2026-07-03
PUB_895,PRO_460,uses_material,0.5,False,Стадии метаморфизма,Worldwide,,Confirmed,ГП № 4-2025.pdf,High,2026-07-03
EQU_4419,PRO_460,operates_at_condition,0.5,False,Постоянная скорость перемещения траверсы,Worldwide,,Confirmed,ГП № 4-2025.pdf,High,2026-07-03
EXP_4425,PUB_4422,researched_by,0.5,False,,Worldwide,,Confirmed,ГП № 4-2025.pdf,High,2026-07-03
EXP_4425,PUB_4423,researched_by,0.5,False,,Worldwide,,Confirmed,ГП № 4-2025.pdf,High,2026-07-03
EXP_4425,PUB_4424,researched_by,0.5,False,,Worldwide,,Confirmed,ГП № 4-2025.pdf,High,2026-07-03
EXP_4428,PUB_4426,researched_by,0.5,False,,Worldwide,,Confirmed,ГП № 4-2025.pdf,High,2026-07-03
EXP_1872,PUB_4427,researched_by,0.5,False,,Russia,,Confirmed,ГП № 4-2025.pdf,High,2026-07-03
PUB_895,PRO_884,operates_at_condition,0.5,False,Входное давление 5∙10^-3 МПа,Worldwide,,Confirmed,ГП № 4-2025.pdf,High,2026-07-03
PUB_895,EQU_4429,uses_material,0.5,False,,Worldwide,,Confirmed,ГП № 4-2025.pdf,High,2026-07-03
EXP_4431,PUB_4132,described_in,0.5,False,,Worldwide,,Confirmed,ГП № 4-2025.pdf,High,2026-07-03
PRO_4432,PRO_4433,operates_at_condition,0.5,False,С увеличением глубины горных работ ширина междукамерных целиков увеличивается из-за роста горного давления.,Worldwide,,Confirmed,ГП № 4-2025.pdf,High,2026-07-03
PRO_4433,PRO_4434,uses_material,0.5,False,В более крепких породах можно использовать меньшие целики.,Worldwide,,Confirmed,ГП № 4-2025.pdf,High,2026-07-03
PRO_4434,PRO_4435,operates_at_condition,0.5,False,Разрушение межходовых целиков может привести к увеличению нагрузки на межкамерные целики.,Worldwide,,Confirmed,ГП № 4-2025.pdf,High,2026-07-03
PUB_4437,PRO_4439,described_in,0.5,False,,Russia,,Confirmed,ГП № 4-2025.pdf,High,2026-07-03
EXP_4438,PRO_4439,validated_by,0.5,False,,Russia,,Confirmed,ГП № 4-2025.pdf,High,2026-07-03
PRO_399,MAT_4443,uses_material,0.5,False,,Worldwide,,Confirmed,ГП № 4-2025.pdf,High,2026-07-03
PRO_399,PRO_4444,operates_at_condition,0.5,False,"Угол падения залежи, глубина горных работ, мощность рудного тела",Worldwide,,Confirmed,ГП № 4-2025.pdf,High,2026-07-03
EXP_4445,PRO_4444,produces_output,0.5,False,Математическое моделирование,Worldwide,,Confirmed,ГП № 4-2025.pdf,High,2026-07-03
PUB_4446,EXP_4445,described_in,0.5,False,,Russia,,Confirmed,ГП № 4-2025.pdf,High,2026-07-03
EQU_4450,PRO_4449,uses_material,0.5,False,В рамках исследования с применением компьютерного моделирования,Worldwide,,Confirmed,ГП № 4-2025.pdf,High,2026-07-03
PRO_4449,PRO_4451,operates_at_condition,0.5,False,Зависит от положения места выброса выхлопных газов,Worldwide,,Confirmed,ГП № 4-2025.pdf,High,2026-07-03
EXP_4452,PRO_4449,described_in,0.5,False,,Worldwide,,Confirmed,ГП № 4-2025.pdf,High,2026-07-03
PRO_4455,MAT_4454,reduces,0.5,False,При температуре 200–400 °C,Worldwide,,Confirmed,ГП № 4-2025.pdf,High,2026-07-03
PRO_4456,MAT_4454,reduces,0.5,False,При снижении температуры сгорания,Worldwide,,Confirmed,ГП № 4-2025.pdf,High,2026-07-03
PRO_4457,MAT_4458,removes,0.5,False,,Worldwide,,Confirmed,ГП № 4-2025.pdf,High,2026-07-03
EQU_4459,PRO_4457,used_for,0.5,False,,Worldwide,,Confirmed,ГП № 4-2025.pdf,High,2026-07-03
EXP_4460,PRO_4457,studies,0.5,False,Модель тупиковой горной выработки с работающей в ней машиной с ДВС (ST-2D) и вентиляционным трубопроводом,Worldwide,,Confirmed,ГП № 4-2025.pdf,High,2026-07-03
EQU_4461,MAT_4458,produces_output,0.5,False,,Worldwide,,Unverified,ГП № 4-2025.pdf,High,2026-07-03
MAT_4458,MAT_4454,contains,0.5,False,,Worldwide,,Confirmed,ГП № 4-2025.pdf,High,2026-07-03
MAT_4458,MAT_4453,contains,0.5,False,,Worldwide,,Confirmed,ГП № 4-2025.pdf,High,2026-07-03
EXP_4462,MAT_4463,researched_by,0.5,False,,Worldwide,,Confirmed,ГП № 4-2025.pdf,High,2026-07-03
EXP_4462,MAT_4464,researched_by,0.5,False,,Worldwide,,Confirmed,ГП № 4-2025.pdf,High,2026-07-03
EQU_4465,MAT_4463,produces_output,0.5,False,Расположение выхлопной трубы относительно транспортного средства,Worldwide,,Confirmed,ГП № 4-2025.pdf,High,2026-07-03
EQU_4465,MAT_4464,produces_output,0.5,False,Расположение выхлопной трубы относительно транспортного средства,Worldwide,,Confirmed,ГП № 4-2025.pdf,High,2026-07-03
MAT_621,PUB_4474,described_in,0.5,False,,Worldwide,,Confirmed,ГП № 4-2025.pdf,High,2026-07-03
MAT_621,PUB_4475,described_in,0.5,False,,Worldwide,,Confirmed,ГП № 4-2025.pdf,High,2026-07-03
PRO_4477,EQU_4465,operates_at_condition,0.5,False,"Расположение выхлопной трубы (сбоку, сверху позади ТС)",Worldwide,,Confirmed,ГП № 4-2025.pdf,High,2026-07-03
PRO_4477,PRO_4478,optimal_parameter,0.5,False,"Q/q = 0,061 (ВТ сбоку), Q/q = 0,081 (ВТ снизу позади ТС), Q/q = 0,101 (ВТ сверху позади ТС)",Worldwide,,Confirmed,ГП № 4-2025.pdf,High,2026-07-03
FAC_4482,MAT_4480,produces_output,0.5,False,,Worldwide,,Unverified,ГП № 4-2025.pdf,High,2026-07-03
PRO_4481,FAC_4482,operates_at_condition,0.5,False,,Worldwide,,Unverified,ГП № 4-2025.pdf,High,2026-07-03
FAC_4483,MAT_1275,produces_output,0.5,False,,Portugal,,Confirmed,ГП № 4-2025.pdf,High,2026-07-03
FAC_4484,MAT_621,produces_output,0.5,False,,Portugal,,Confirmed,ГП № 4-2025.pdf,High,2026-07-03
PUB_4076,PUB_4488,described_in,0.5,False,,Worldwide,,Unverified,ГП № 4-2025.pdf,High,2026-07-03
PUB_4076,PUB_4489,described_in,0.5,False,,Worldwide,,Unverified,ГП № 4-2025.pdf,High,2026-07-03
PUB_4491,FAC_4492,described_in,0.5,False,,Russia,,Unverified,ГП № 5-2025.pdf,High,2026-07-03
PRO_4494,EQU_4493,uses_material,0.5,False,,Worldwide,,Confirmed,ГП № 5-2025.pdf,High,2026-07-03
ORG_156,PUB_127,published_by,0.5,False,,Russia,,Confirmed,ГП № 5-2025.pdf,High,2026-07-03
EQU_4490,EQU_4501,uses_material,0.5,False,,Russia,,Confirmed,ГП № 5-2025.pdf,High,2026-07-03
EQU_4490,EQU_4502,uses_material,0.5,False,при температуре ниже –15 °С,Russia,,Confirmed,ГП № 5-2025.pdf,High,2026-07-03
FAC_4503,MAT_621,produces_output,0.5,False,,Europe,,Confirmed,ГП № 4-2025.pdf,High,2026-07-03
FAC_4504,MAT_621,produces_output,0.5,False,,Europe,,Confirmed,ГП № 4-2025.pdf,High,2026-07-03
FAC_4505,MAT_621,produces_output,0.5,False,,Europe,,Confirmed,ГП № 4-2025.pdf,High,2026-07-03
FAC_4506,MAT_621,produces_output,0.5,False,из термальных вод,Germany,,Confirmed,ГП № 4-2025.pdf,High,2026-07-03
COM_4507,MAT_4508,produces_output,0.5,False,,Russia,,Confirmed,ГП № 5-2025.pdf,High,2026-07-03
COM_4507,MAT_4509,produces_output,0.5,False,,Russia,,Confirmed,ГП № 5-2025.pdf,High,2026-07-03
PRO_4512,FAC_4513,researched_by,0.5,False,,Russia,,Unverified,ГП № 5-2025.pdf,High,2026-07-03
MAT_3609,FAC_4514,uses_material,0.5,False,,Russia,,Confirmed,ГП № 5-2025.pdf,High,2026-07-03
FAC_4515,PUB_4516,described_in,0.5,False,,Russia,,Confirmed,ГП № 5-2025.pdf,High,2026-07-03
FAC_4518,MAT_3609,uses_material,0.5,False,,Russia,,Unverified,ГП № 5-2025.pdf,High,2026-07-03
MAT_3609,PUB_4519,described_in,0.5,False,,Russia,,Unverified,ГП № 5-2025.pdf,High,2026-07-03
FAC_4522,MAT_4520,uses_material,0.5,False,,Russia,,Unverified,ГП № 5-2025.pdf,High,2026-07-03
PRO_4521,MAT_4520,produces_output,0.5,False,,Russia,,Confirmed,ГП № 5-2025.pdf,High,2026-07-03
FAC_4523,MAT_4524,uses_material,0.5,False,,Russia,,Confirmed,ГП № 5-2025.pdf,High,2026-07-03
EXP_4527,FAC_4525,researched_by,0.5,False,,Russia,,Confirmed,ГП № 5-2025.pdf,High,2026-07-03
FAC_4525,MAT_4526,produces_output,0.5,False,,Russia,,Confirmed,ГП № 5-2025.pdf,High,2026-07-03
FAC_4525,MAT_3628,produces_output,0.5,False,,Russia,,Confirmed,ГП № 5-2025.pdf,High,2026-07-03
EVE_4529,PUB_4528,described_in,0.5,False,,Worldwide,,Confirmed,ГП № 5-2025.pdf,High,2026-07-03
FAC_4530,PUB_4528,described_in,0.5,False,,Russia,,Confirmed,ГП № 5-2025.pdf,High,2026-07-03
EXP_4533,FAC_4532,researched_by,0.5,False,,Russia|Worldwide,,Unverified,ГП № 5-2025.pdf,High,2026-07-03
EXP_4534,FAC_4532,operates_at_condition,0.5,False,,Russia|Worldwide,,Unverified,ГП № 5-2025.pdf,High,2026-07-03
PRO_4536,PRO_4537,operates_at_condition,0.5,False,Учет геодинамики массива важен для эффективности функционирования горных предприятий,Worldwide,,Confirmed,ГП № 5-2025.pdf,High,2026-07-03
PUB_4535,PRO_4536,described_in,0.5,False,,Worldwide,,Confirmed,ГП № 5-2025.pdf,High,2026-07-03
PRO_4543,MAT_4544,uses_material,0.5,False,,Worldwide,,Confirmed,ГП № 5-2025.pdf,High,2026-07-03
PRO_2960,MAT_4546,uses_material,0.5,False,,Worldwide,,Confirmed,ГП № 5-2025.pdf,High,2026-07-03
PRO_2960,PRO_4545,operates_at_condition,0.5,False,Условие сохранности земной поверхности,Worldwide,,Confirmed,ГП № 5-2025.pdf,High,2026-07-03
EXP_4547,MAT_4546,researched_by,0.5,False,,Worldwide,,Confirmed,ГП № 5-2025.pdf,High,2026-07-03
EXP_4548,PUB_142,researched_by,0.5,False,,Russia,,Confirmed,ГП № 5-2025.pdf,High,2026-07-03
EXP_4550,PUB_142,researched_by,0.5,False,,Russia,,Confirmed,ГП № 5-2025.pdf,High,2026-07-03
EXP_4551,PUB_142,researched_by,0.5,False,,Russia,,Confirmed,ГП № 5-2025.pdf,High,2026-07-03
EXP_4552,PUB_142,researched_by,0.5,False,,Russia,,Confirmed,ГП № 5-2025.pdf,High,2026-07-03
PRO_4553,MAT_4554,uses_material,0.5,False,,Worldwide,,Unverified,ГП № 5-2025.pdf,High,2026-07-03
MAT_4554,PRO_4555,produces_output,0.5,False,за счет природных вяжущих веществ,Worldwide,прочность до 1 МПа,Unverified,ГП № 5-2025.pdf,High,2026-07-03
PRO_4557,EQU_304,uses_material,0.5,False,,Worldwide,,Confirmed,ГП № 5-2025.pdf,High,2026-07-03
PRO_4557,EQU_4558,uses_material,0.5,False,,Worldwide,,Confirmed,ГП № 5-2025.pdf,High,2026-07-03
PRO_4557,EQU_4559,uses_material,0.5,False,,Worldwide,,Confirmed,ГП № 5-2025.pdf,High,2026-07-03
EQU_4560,PRO_4561,operates_at_condition,0.5,False,Нормальные погодные условия,Russia,,Confirmed,ГП № 5-2025.pdf,High,2026-07-03
EQU_4564,FAC_3937,operates_at_condition,0.5,False,Нормальные погодные условия,Russia,,Confirmed,ГП № 5-2025.pdf,High,2026-07-03
EXP_4565,EQU_4564,researched_by,0.5,False,,Russia,,Confirmed,ГП № 5-2025.pdf,High,2026-07-03
PRO_4561,EQU_304,uses_material,0.5,False,,Russia,,Confirmed,ГП № 5-2025.pdf,High,2026-07-03
PUB_4567,PRO_4568,described_in,0.5,False,,Russia,,Confirmed,ГП № 5-2025.pdf,High,2026-07-03
PRO_4569,PUB_4516,described_in,0.5,False,,Worldwide,,Confirmed,ГП № 5-2025.pdf,High,2026-07-03
EXP_4570,PRO_4571,researched_by,0.5,False,Скорость детонации: 1.8-8.5 км/с,Worldwide,,Confirmed,ГП № 5-2025.pdf,High,2026-07-03
EXP_4570,PUB_4572,described_in,0.5,False,,Worldwide,,Confirmed,ГП № 5-2025.pdf,High,2026-07-03
PRO_1496,PRO_4573,operates_at_condition,0.5,False,Вблизи жилой застройки и объектов производственного назначения,Worldwide,,Confirmed,ГП № 5-2025.pdf,High,2026-07-03
EQU_4574,EXP_4575,uses_material,0.5,False,,Russia,,Confirmed,ГП № 5-2025.pdf,High,2026-07-03
PRO_1573,MAT_4576,uses_material,0.5,False,,Worldwide,,Confirmed,ГП № 5-2025.pdf,High,2026-07-03
EXP_4577,PRO_1573,validated_by,0.5,False,,Worldwide,,Confirmed,ГП № 5-2025.pdf,High,2026-07-03
PRO_1496,PRO_4579,operates_at_condition,0.5,False,Скорость выделения энергии,Worldwide,,Confirmed,ГП № 5-2025.pdf,High,2026-07-03
PRO_1496,EXP_4578,validated_by,0.5,False,,Worldwide,,Confirmed,ГП № 5-2025.pdf,High,2026-07-03
PRO_4569,FAC_2767,researched_by,0.5,False,,Worldwide,,Unverified,ГП № 5-2025.pdf,High,2026-07-03
PRO_1496,EQU_4580,uses_material,0.5,False,,Worldwide,,Confirmed,ГП № 5-2025.pdf,High,2026-07-03
PRO_1496,PRO_4582,operates_at_condition,0.5,False,"Скорость детонации от 1,8 до 8,5 км/с",Worldwide,,Confirmed,ГП № 5-2025.pdf,High,2026-07-03
EXP_4581,PRO_4582,produces_output,0.5,False,Постоянная влажность грунта,Worldwide,,Confirmed,ГП № 5-2025.pdf,High,2026-07-03
PRO_1573,FAC_4585,operates_at_condition,0.5,False,,Russia,,Confirmed,ГП № 5-2025.pdf,High,2026-07-03
PRO_343,FAC_4586,researched_by,0.5,False,Совмещение горных работ с эксплуатацией солнечной электростанции,Russia,,Confirmed,ГП № 5-2025.pdf,High,2026-07-03
PRO_343,PUB_4587,described_in,0.5,False,,Russia,,Confirmed,ГП № 5-2025.pdf,High,2026-07-03
PRO_1573,FAC_4589,operates_at_condition,0.5,False,Ведение массовых взрывов вблизи верхних уступов,Worldwide,,Unverified,ГП № 5-2025.pdf,High,2026-07-03
PRO_1573,EQU_4588,uses_material,0.5,False,Необходимость обеспечения безопасности солнечных панелей при проведении БВР,Worldwide,,Unverified,ГП № 5-2025.pdf,High,2026-07-03
PRO_4590,PUB_4516,described_in,0.5,False,,Worldwide,,Unverified,ГП № 5-2025.pdf,High,2026-07-03
PRO_1573,EQU_4588,researched_by,0.5,False,При установке и эксплуатации солнечных панелей на борту карьера,Worldwide,,Confirmed,ГП № 5-2025.pdf,High,2026-07-03
EQU_4588,FAC_4586,uses_material,0.5,False,,Worldwide,,Confirmed,ГП № 5-2025.pdf,High,2026-07-03
PRO_1573,FAC_1623,operates_at_condition,0.5,False,В период ведения горных работ,Worldwide,,Confirmed,ГП № 5-2025.pdf,High,2026-07-03
EXP_4592,PUB_4528,described_in,0.5,False,,Worldwide,,Confirmed,ГП № 5-2025.pdf,High,2026-07-03
MAT_667,FAC_4598,operates_at_condition,0.5,False,Эксплуатация на горизонтах до 930 м с расстоянием откатки от 530 до 6750 м и уклоном дороги 11–14%,Russia,,Confirmed,ГП № 5-2025.pdf,High,2026-07-03
MAT_667,FAC_4599,operates_at_condition,0.5,False,,Russia,,Confirmed,ГП № 5-2025.pdf,High,2026-07-03
EXP_4600,FAC_4598,validated_by,0.5,False,,Russia,,Confirmed,ГП № 5-2025.pdf,High,2026-07-03
EXP_4600,FAC_4599,validated_by,0.5,False,,Russia,,Confirmed,ГП № 5-2025.pdf,High,2026-07-03
EXP_4601,MAT_244,uses_material,0.5,False,,Russia,,Confirmed,ГП № 5-2025.pdf,High,2026-07-03
EXP_4601,EQU_4602,operates_at_condition,0.5,False,,Russia,,Confirmed,ГП № 5-2025.pdf,High,2026-07-03
EXP_4601,FAC_4598,validated_by,0.5,False,,Russia,,Confirmed,ГП № 5-2025.pdf,High,2026-07-03
EXP_4601,FAC_4599,validated_by,0.5,False,,Russia,,Confirmed,ГП № 5-2025.pdf,High,2026-07-03
PUB_4603,EQU_8,described_in,0.5,False,,Russia,,Confirmed,ГП № 5-2025.pdf,High,2026-07-03
PUB_4603,PRO_4604,validated_by,0.5,False,ГОСТ ISO 3449–2014,Russia,,Confirmed,ГП № 5-2025.pdf,High,2026-07-03
EQU_4607,PRO_4608,uses_material,0.5,False,,Worldwide,,Confirmed,ГП № 5-2025.pdf,High,2026-07-03
EQU_4609,PRO_4608,operates_at_condition,0.5,False,Ударные нагрузки от падающих предметов,Worldwide,,Confirmed,ГП № 5-2025.pdf,High,2026-07-03
EQU_4609,PRO_4610,validated_by,0.5,False,,Russia,,Confirmed,ГП № 5-2025.pdf,High,2026-07-03
EXP_4613,PUB_4612,researched_by,0.5,False,,Worldwide,,Confirmed,ГП № 5-2025.pdf,High,2026-07-03
EQU_4614,FAC_4598,operates_at_condition,0.5,False,эксплуатируются на самосвалах,Russia,,Confirmed,ГП № 5-2025.pdf,High,2026-07-03
EQU_4615,FAC_4598,operates_at_condition,0.5,False,эксплуатируются на самосвалах,Russia,,Confirmed,ГП № 5-2025.pdf,High,2026-07-03
EQU_4616,FAC_4598,operates_at_condition,0.5,False,эксплуатируются на самосвалах на длинных плечах откатки,Russia,,Confirmed,ГП № 5-2025.pdf,High,2026-07-03
EQU_4616,FAC_4599,operates_at_condition,0.5,False,эксплуатируются на подземных самосвалах,Russia,,Confirmed,ГП № 5-2025.pdf,High,2026-07-03
PRO_4617,EQU_4618,researched_by,0.5,False,,Worldwide,,Confirmed,ГП № 5-2025.pdf,High,2026-07-03
PRO_4620,MAT_4619,uses_material,0.5,False,,Worldwide,,Confirmed,ГП № 5-2025.pdf,High,2026-07-03
PRO_4620,EQU_4621,operates_at_condition,0.5,False,"Скорость стандартного предмета 10,1 м/с, масса 227 кг",Worldwide,,Confirmed,ГП № 5-2025.pdf,High,2026-07-03
EXP_4626,EXP_4625,researched_by,0.5,False,,USA,,Confirmed,ГП № 5-2025.pdf,High,2026-07-03
EXP_4625,PUB_4516,described_in,0.5,False,,Worldwide,,Confirmed,ГП № 5-2025.pdf,High,2026-07-03
PRO_2232,PUB_895,produces_output,0.5,False,,Worldwide,,Confirmed,ГП № 5-2025.pdf,High,2026-07-03
PRO_4627,PUB_895,uses_material,0.5,False,,Worldwide,,Confirmed,ГП № 5-2025.pdf,High,2026-07-03
EQU_1776,PRO_2232,operates_at_condition,0.5,False,,Worldwide,,Confirmed,ГП № 5-2025.pdf,High,2026-07-03
PUB_895,FAC_4630,produced_at,0.5,False,,Worldwide,,Confirmed,ГП № 5-2025.pdf,High,2026-07-03
PUB_895,FAC_4631,produced_at,0.5,False,,Worldwide,,Confirmed,ГП № 5-2025.pdf,High,2026-07-03
PUB_895,FAC_4632,produced_at,0.5,False,,Worldwide,,Confirmed,ГП № 5-2025.pdf,High,2026-07-03
FAC_4633,PRO_481,uses_material,0.5,False,,Russia,,Confirmed,ГП № 5-2025.pdf,High,2026-07-03
PRO_481,EQU_4634,uses_material,0.5,False,,Russia,,Confirmed,ГП № 5-2025.pdf,High,2026-07-03
EQU_4636,MAT_2964,operates_at_condition,0.5,False,Прочность пород на сжатие до 60 и свыше 60 МПа,Worldwide,,Confirmed,ГП № 5-2025.pdf,High,2026-07-03
MAT_2964,PRO_4637,produces_output,0.5,False,,Worldwide,"до 40 МПа, от 40 до 60 МПа, от 60 до 80 МПа",Confirmed,ГП № 5-2025.pdf,High,2026-07-03
EXP_4638,MAT_2964,validated_by,0.5,False,,Worldwide,,Confirmed,ГП № 5-2025.pdf,High,2026-07-03
EQU_4636,PRO_4639,uses_material,0.5,False,,Russia,,Confirmed,ГП № 5-2025.pdf,High,2026-07-03
PRO_4639,PRO_4640,operates_at_condition,0.5,False,на основании прочностных свойств пород установлены границы технологических зон,Russia,,Confirmed,ГП № 5-2025.pdf,High,2026-07-03
EXP_4641,PUB_4528,described_in,0.5,False,,Russia,,Confirmed,ГП № 5-2025.pdf,High,2026-07-03
EQU_4642,MAT_2552,uses_material,0.5,False,прочность пород на сжатие от 60 до 80 МПа,Worldwide,производительность от 750 до 1100 м³/ч,Confirmed,ГП № 5-2025.pdf,High,2026-07-03
PRO_4639,FAC_480,operates_at_condition,0.5,False,прочность пород на сжатие до 60 и свыше 60 МПа,Russia,,Confirmed,ГП № 5-2025.pdf,High,2026-07-03
EXP_4643,MAT_4644,researched_by,0.5,False,"Влажность рудной массы 1%, температура очистного пространства от -1 °C до -7 °C",Russia,,Confirmed,ГП № 5-2025.pdf,High,2026-07-03
PRO_4645,MAT_4644,operates_at_condition,0.5,False,Температура от -1 °C до -7 °C,Russia,,Confirmed,ГП № 5-2025.pdf,High,2026-07-03
PRO_4649,PRO_4650,operates_at_condition,0.5,False,Влажность 1%,Worldwide,,Confirmed,ГП № 5-2025.pdf,High,2026-07-03
PRO_4649,PRO_4645,operates_at_condition,0.5,False,Температура от -1 °C до -7 °C,Worldwide,,Confirmed,ГП № 5-2025.pdf,High,2026-07-03
EXP_4651,PRO_4649,validated_by,0.5,False,,Worldwide,,Confirmed,ГП № 5-2025.pdf,High,2026-07-03
EQU_4654,PRO_4653,uses_material,0.5,False,Используется для схемы размещения тензодатчиков,Worldwide,,Confirmed,ГП № 5-2025.pdf,High,2026-07-03
PRO_4655,EXP_4656,researched_by,0.5,False,,Worldwide,,Unverified,ГП № 5-2025.pdf,High,2026-07-03
PRO_4657,EQU_787,uses_material,0.5,False,,Russia,,Confirmed,ГП № 5-2025.pdf,High,2026-07-03
PRO_4657,PRO_4658,operates_at_condition,0.5,False,"температура, влажность",Russia,,Confirmed,ГП № 5-2025.pdf,High,2026-07-03
EXP_4659,EQU_787,validated_by,0.5,False,,Russia,,Confirmed,ГП № 5-2025.pdf,High,2026-07-03
PRO_4667,EQU_4668,uses_material,0.5,False,,Worldwide,,Confirmed,ГП № 5-2025.pdf,High,2026-07-03
EXP_4674,MAT_786,uses_material,0.5,False,,Worldwide,,Confirmed,ГП № 5-2025.pdf,High,2026-07-03
EXP_4674,MAT_4669,uses_material,0.5,False,,Worldwide,,Confirmed,ГП № 5-2025.pdf,High,2026-07-03
EXP_4674,EQU_4670,operates_at_condition,0.5,False,контроль температуры воздуха,Worldwide,,Confirmed,ГП № 5-2025.pdf,High,2026-07-03
EXP_4674,EQU_4671,operates_at_condition,0.5,False,контроль температуры воздуха,Worldwide,,Confirmed,ГП № 5-2025.pdf,High,2026-07-03
EXP_4674,EQU_4672,operates_at_condition,0.5,False,замеры температуры руды и породы,Worldwide,,Confirmed,ГП № 5-2025.pdf,High,2026-07-03
EXP_4674,EQU_4673,operates_at_condition,0.5,False,замеры температуры руды и породы,Worldwide,,Confirmed,ГП № 5-2025.pdf,High,2026-07-03
PRO_4675,EQU_4676,uses_material,0.5,False,,Worldwide,,Confirmed,ГП № 5-2025.pdf,High,2026-07-03
EXP_4677,PRO_4675,validated_by,0.5,False,"Модуль упругости равен 87,0 ГПа, коэффициент Пуассона равен 0,22",Russia,,Confirmed,ГП № 5-2025.pdf,High,2026-07-03
PRO_4681,EXP_4683,used_in,0.5,False,,Worldwide,,Confirmed,ГП № 5-2025.pdf,High,2026-07-03
PRO_4682,EXP_4683,used_in,0.5,False,,Worldwide,,Confirmed,ГП № 5-2025.pdf,High,2026-07-03
MAT_4684,PRO_1496,uses_material,0.5,False,,Russia,,Confirmed,ГП № 5-2025.pdf,High,2026-07-03
EXP_4685,MAT_4684,researched_by,0.5,False,В рамках стандартных методов по ГОСТ 4545–88,Russia,,Confirmed,ГП № 5-2025.pdf,High,2026-07-03
EQU_4686,MAT_638,uses_material,0.5,False,"Масса навески: 50 мг, высота сброса груза: 250 мм",Worldwide,,Unverified,ГП № 5-2025.pdf,High,2026-07-03
EQU_4687,MAT_638,uses_material,0.5,False,Масса навески: 100 мг,Worldwide,,Unverified,ГП № 5-2025.pdf,High,2026-07-03
PRO_4696,MAT_4693,uses_material,0.5,False,,Worldwide,,Confirmed,ГП № 5-2025.pdf,High,2026-07-03
PRO_4696,MAT_4694,produces_output,0.5,False,При производстве ПЭВВ возможно образование некондиционной эмульсии,Worldwide,,Confirmed,ГП № 5-2025.pdf,High,2026-07-03
PRO_4698,EQU_4699,uses_material,0.5,False,,Worldwide,,Confirmed,ГП № 5-2025.pdf,High,2026-07-03
PRO_4698,EQU_4700,uses_material,0.5,False,,Worldwide,,Confirmed,ГП № 5-2025.pdf,High,2026-07-03
EXP_4701,EQU_4699,uses_material,0.5,False,,Worldwide,,Confirmed,ГП № 5-2025.pdf,High,2026-07-03
EXP_4701,EQU_4700,uses_material,0.5,False,,Worldwide,,Confirmed,ГП № 5-2025.pdf,High,2026-07-03
MAT_2486,PRO_4702,uses_material,0.5,False,,Worldwide,,Confirmed,ГП № 5-2025.pdf,High,2026-07-03
EXP_4703,MAT_2486,researched_by,0.5,False,чувствительность к удару,Worldwide,,Confirmed,ГП № 5-2025.pdf,High,2026-07-03
FAC_4706,MAT_4707,uses_material,0.5,False,,Russia,,Confirmed,ГП № 5-2025.pdf,High,2026-07-03
FAC_4708,MAT_4707,produces_output,0.5,False,,Russia,,Confirmed,ГП № 5-2025.pdf,High,2026-07-03
EQU_4495,MAT_4707,uses_material,0.5,False,,Russia,,Confirmed,ГП № 5-2025.pdf,High,2026-07-03
FAC_4709,PRO_28,uses_material,0.5,False,,Russia,,Confirmed,ГП № 5-2025.pdf,High,2026-07-03
FAC_4709,EQU_4710,operates_at_condition,0.5,False,Заполнение хвостохранилища хвостами обогащения,Russia,,Confirmed,ГП № 5-2025.pdf,High,2026-07-03
MAT_2486,PRO_4711,produces_output,0.5,False,"При давлении течения выше 0,53 ГПа",Worldwide,,Confirmed,ГП № 5-2025.pdf,High,2026-07-03
MAT_2486,EQU_4712,uses_material,0.5,False,,Worldwide,,Confirmed,ГП № 5-2025.pdf,High,2026-07-03
MAT_2486,EQU_4700,uses_material,0.5,False,,Worldwide,,Confirmed,ГП № 5-2025.pdf,High,2026-07-03
MAT_2486,PRO_4713,operates_at_condition,0.5,False,В условиях свободного и затрудненного истечения вещества,Worldwide,,Confirmed,ГП № 5-2025.pdf,High,2026-07-03
PRO_1506,FAC_4706,operates_at_condition,0.5,False,Для обеспечения требуемых показателей осветления оборотной воды и несущей способности ограждающих дамб,Russia,,Confirmed,ГП № 5-2025.pdf,High,2026-07-03
PRO_1506,EQU_4715,uses_material,0.5,False,,Russia,,Confirmed,ГП № 5-2025.pdf,High,2026-07-03
PRO_4717,MAT_4716,uses_material,0.5,False,,Worldwide,,Confirmed,ГП № 5-2025.pdf,High,2026-07-03
PRO_4717,EQU_4718,operates_at_condition,0.5,False,Глубина зондирования 5–8 м,Worldwide,,Confirmed,ГП № 5-2025.pdf,High,2026-07-03
EXP_4720,MAT_4716,produces_output,0.5,False,,Worldwide,,Confirmed,ГП № 5-2025.pdf,High,2026-07-03
PRO_4721,MAT_1126,uses_material,0.5,False,,Worldwide,,Confirmed,ГП № 5-2025.pdf,High,2026-07-03
PRO_4721,EQU_4722,operates_at_condition,0.5,False,Подача хвостов обогащения по магистральному пульпопроводу,Worldwide,,Confirmed,ГП № 5-2025.pdf,High,2026-07-03
EXP_4724,PRO_4721,validated_by,0.5,False,,Worldwide,,Confirmed,ГП № 5-2025.pdf,High,2026-07-03
FAC_2746,EQU_4725,produces_output,0.5,False,,Russia,,Confirmed,ГП № 5-2025.pdf,High,2026-07-03
FAC_2746,EQU_4726,produces_output,0.5,False,,Russia,,Confirmed,ГП № 5-2025.pdf,High,2026-07-03
FAC_2746,EQU_4727,produces_output,0.5,False,,Russia,,Confirmed,ГП № 5-2025.pdf,High,2026-07-03
PUB_4732,EXP_4733,described_in,0.5,False,,Russia,,Confirmed,ГП № 5-2025.pdf,High,2026-07-03
EQU_1655,PRO_2232,produces_output,0.5,False,"Снижение времени простоя на 38,9%, дополнительная добыча угля 2,347 т в месяц",Worldwide,,Confirmed,ГП № 5-2025.pdf,High,2026-07-03
EQU_1655,PRO_4734,uses_material,0.5,False,Для прогнозирования дефектов,Worldwide,,Confirmed,ГП № 5-2025.pdf,High,2026-07-03
EQU_4735,PRO_4736,operates_at_condition,0.5,False,В условиях реальной эксплуатации,Worldwide,"Обработка до 150,000 телеметрических записей в секунду при времени отклика менее 200 мс",Confirmed,ГП № 5-2025.pdf,High,2026-07-03
PRO_4737,EQU_699,uses_material,0.5,False,,Worldwide,,Confirmed,ГП № 5-2025.pdf,High,2026-07-03
EXP_4738,PRO_4737,validated_by,0.5,False,,Russia,,Confirmed,ГП № 5-2025.pdf,High,2026-07-03
EQU_4739,PRO_4740,operates_at_condition,0.5,False,"Температура: от -40 °C до +60 °C, влажность: до 95%, вибрация: до 4g",Worldwide,,Confirmed,ГП № 5-2025.pdf,High,2026-07-03
EQU_4742,PRO_4741,researched_by,0.5,False,,Worldwide,,Confirmed,ГП № 5-2025.pdf,High,2026-07-03
EQU_4743,MAT_4744,uses_material,0.5,False,,Worldwide,,Confirmed,ГП № 5-2025.pdf,High,2026-07-03
PRO_4745,MAT_4744,produces_output,0.5,False,,Worldwide,,Confirmed,ГП № 5-2025.pdf,High,2026-07-03
PUB_4746,PRO_4740,described_in,0.5,False,,Worldwide,,Confirmed,ГП № 5-2025.pdf,High,2026-07-03
PRO_4740,EQU_1683,operates_at_condition,0.5,False,Непрерывная эксплуатация,Russia,,Confirmed,ГП № 5-2025.pdf,High,2026-07-03
PRO_4748,EQU_4747,produces_output,0.5,False,,Worldwide,,Confirmed,ГП № 5-2025.pdf,High,2026-07-03
PRO_4749,PRO_4748,uses_material,0.5,False,,Worldwide,,Confirmed,ГП № 5-2025.pdf,High,2026-07-03
PRO_4750,PRO_4748,uses_material,0.5,False,,Worldwide,,Confirmed,ГП № 5-2025.pdf,High,2026-07-03
EQU_4751,PRO_4752,used_in,0.5,False,,Worldwide,,Confirmed,ГП № 5-2025.pdf,High,2026-07-03
EQU_4751,PUB_142,described_in,0.5,False,,Worldwide,,Confirmed,ГП № 5-2025.pdf,High,2026-07-03
EQU_4751,PRO_4754,operates_at_condition,0.5,False,,Worldwide,,Confirmed,ГП № 5-2025.pdf,High,2026-07-03
PRO_4748,MAT_4755,uses_material,0.5,False,,Russia,,Confirmed,ГП № 5-2025.pdf,High,2026-07-03
EQU_4751,PRO_4748,operates_at_condition,0.5,False,Отсутствие средств механизации,Russia,,Confirmed,ГП № 5-2025.pdf,High,2026-07-03
PRO_4748,PRO_4756,produces_output,0.5,False,Нарушение целостности водозащитной толщи,Russia,,Confirmed,ГП № 5-2025.pdf,High,2026-07-03
PUB_4759,FAC_4760,researched_by,0.5,False,,Russia,,Confirmed,ГП № 5-2025.pdf,High,2026-07-03
PUB_4759,FAC_4761,researched_by,0.5,False,,Russia,,Confirmed,ГП № 5-2025.pdf,High,2026-07-03
PUB_4759,FAC_4762,researched_by,0.5,False,,Russia,,Confirmed,ГП № 5-2025.pdf,High,2026-07-03
PUB_4759,FAC_4763,researched_by,0.5,False,,Russia,,Confirmed,ГП № 5-2025.pdf,High,2026-07-03
EXP_2084,PUB_4528,researched_by,0.5,False,,Russia,,Confirmed,ГП № 5-2025.pdf,High,2026-07-03
EXP_4764,PUB_4528,researched_by,0.5,False,,Russia,,Confirmed,ГП № 5-2025.pdf,High,2026-07-03
EXP_4765,PUB_4528,researched_by,0.5,False,,Russia,,Confirmed,ГП № 5-2025.pdf,High,2026-07-03
EXP_4766,PUB_4528,researched_by,0.5,False,,Russia,,Confirmed,ГП № 5-2025.pdf,High,2026-07-03
PRO_4768,EQU_1779,uses_material,0.5,False,,Worldwide,,Confirmed,ГП № 5-2025.pdf,High,2026-07-03
FAC_4760,MAT_424,produces_output,0.5,False,,Russia,,Confirmed,ГП № 5-2025.pdf,High,2026-07-03
FAC_4761,MAT_424,produces_output,0.5,False,,Russia,,Confirmed,ГП № 5-2025.pdf,High,2026-07-03
FAC_4762,MAT_424,produces_output,0.5,False,,Russia,,Confirmed,ГП № 5-2025.pdf,High,2026-07-03
FAC_4769,MAT_424,produces_output,0.5,False,,Russia,,Confirmed,ГП № 5-2025.pdf,High,2026-07-03
PUB_4528,EXP_4772,described_in,0.5,False,,Russia,,Confirmed,ГП № 5-2025.pdf,High,2026-07-03
EXP_4772,MAT_424,researched_by,0.5,False,,Russia,,Confirmed,ГП № 5-2025.pdf,High,2026-07-03
EXP_4772,MAT_4770,researched_by,0.5,False,,Russia,,Confirmed,ГП № 5-2025.pdf,High,2026-07-03
EXP_4772,MAT_4771,researched_by,0.5,False,,Russia,,Confirmed,ГП № 5-2025.pdf,High,2026-07-03
FAC_4773,MAT_424,produces_output,0.5,False,,Russia,,Confirmed,ГП № 5-2025.pdf,High,2026-07-03
FAC_4774,MAT_424,produces_output,0.5,False,,Russia,,Confirmed,ГП № 5-2025.pdf,High,2026-07-03
FAC_4775,MAT_424,produces_output,0.5,False,,Russia,,Confirmed,ГП № 5-2025.pdf,High,2026-07-03
EXP_4776,PUB_4528,researched_by,0.5,False,,Russia,,Confirmed,ГП № 5-2025.pdf,High,2026-07-03
EXP_4777,PUB_4528,researched_by,0.5,False,,Russia,,Confirmed,ГП № 5-2025.pdf,High,2026-07-03
EXP_4778,PUB_4528,researched_by,0.5,False,,Russia,,Confirmed,ГП № 5-2025.pdf,High,2026-07-03
EQU_4779,PRO_4780,uses_material,0.5,False,,Worldwide,,Confirmed,ГП № 5-2025.pdf,High,2026-07-03
PRO_4780,FAC_1623,operates_at_condition,0.5,False,,Worldwide,,Confirmed,ГП № 5-2025.pdf,High,2026-07-03
PRO_4781,EQU_4782,uses_material,0.5,False,,Worldwide,,Confirmed,ГП № 5-2025.pdf,High,2026-07-03
EQU_4782,FAC_4783,researched_by,0.5,False,,Russia,,Partially_Confirmed,ГП № 5-2025.pdf,High,2026-07-03
EQU_4782,EXP_4784,validated_by,0.5,False,"Высокая загазованность рабочего пространства, плохая видимость, частые взрывные работы",Russia,,Confirmed,ГП № 5-2025.pdf,High,2026-07-03
EQU_4785,PRO_4786,researched_by,0.5,False,Внедрение автономных самосвалов в горные работы,Worldwide,,Confirmed,ГП № 5-2025.pdf,High,2026-07-03
PUB_4787,FAC_2621,described_in,0.5,False,,Russia,,Confirmed,ГП № 5-2025.pdf,High,2026-07-03
EQU_4788,FAC_1623,operates_at_condition,0.5,False,"Отсутствие нормативной базы, несоответствие технологической среды",Worldwide,,Unverified,ГП № 5-2025.pdf,High,2026-07-03
EQU_4788,PUB_3056,described_in,0.5,False,,Russia,,Confirmed,ГП № 5-2025.pdf,High,2026-07-03
PRO_4789,EQU_1344,uses_material,0.5,False,Полная автоматизация всех основных машин,Worldwide,Не применимо,Unverified,ГП № 5-2025.pdf,High,2026-07-03
PRO_4789,EQU_1779,produces_output,0.5,False,Повышение производительности труда и уровня промышленной безопасности,Worldwide,Не применимо,Partially_Confirmed,ГП № 5-2025.pdf,High,2026-07-03
PUB_4516,FAC_2621,described_in,0.5,False,,Russia,,Unverified,ГП № 5-2025.pdf,High,2026-07-03
EXP_4795,PUB_4516,described_in,0.5,False,,Worldwide,,Unverified,ГП № 5-2025.pdf,High,2026-07-03
EXP_4802,PUB_4801,researched_by,0.5,False,,Russia,,Confirmed,ГП № 5-2025.pdf,High,2026-07-03
EXP_4804,PUB_4803,researched_by,0.5,False,,Russia,,Confirmed,ГП № 5-2025.pdf,High,2026-07-03
PRO_4805,PRO_4806,produces_output,0.5,False,Высокий уровень цифровизации,Worldwide,"Производительность труда в 2,2 раза выше, чем на предприятиях с низким уровнем цифровизации",Confirmed,ГП № 5-2025.pdf,High,2026-07-03
PRO_4805,PRO_4807,produces_output,0.5,False,Высокий уровень цифровизации,Worldwide,Себестоимость добычи угля снижается на 37%,Confirmed,ГП № 5-2025.pdf,High,2026-07-03
PUB_4516,PRO_1115,described_in,0.5,False,,Worldwide,,Confirmed,ГП № 5-2025.pdf,High,2026-07-03
EQU_4813,EQU_4814,uses_material,0.5,False,,Russia,,Confirmed,ГП № 5-2025.pdf,High,2026-07-03
PUB_4812,EQU_4813,described_in,0.5,False,,Russia,,Confirmed,ГП № 5-2025.pdf,High,2026-07-03
EQU_4813,PRO_4817,operates_at_condition,0.5,False,Угол поворота сопла: 0° < α ≤ 360°,Worldwide,,Unverified,ГП № 5-2025.pdf,High,2026-07-03
EQU_4813,PRO_4818,operates_at_condition,0.5,False,"Учитываются коэффициенты Kα, Kqx, Kqy, Kx, Ky, а также углы α и β.",Worldwide,,Unverified,ГП № 5-2025.pdf,High,2026-07-03
PRO_4820,MAT_4821,researched_by,0.5,False,,Worldwide,,Confirmed,ГП № 5-2025.pdf,High,2026-07-03
PUB_4819,MAT_4821,described_in,0.5,False,,Worldwide,,Confirmed,ГП № 5-2025.pdf,High,2026-07-03
EQU_4813,EQU_4822,described_in,0.5,False,,Worldwide,,Unverified,ГП № 5-2025.pdf,High,2026-07-03
EQU_4813,PUB_4528,described_in,0.5,False,,Worldwide,,Unverified,ГП № 5-2025.pdf,High,2026-07-03
PUB_4829,MAT_4821,researched_by,0.5,False,,Worldwide,,Confirmed,ГП № 5-2025.pdf,High,2026-07-03
MAT_4821,FAC_4831,operates_at_condition,0.5,False,стратиграфическое положение указывает на периодические изменения в условиях соленакопления,Worldwide,,Confirmed,ГП № 5-2025.pdf,High,2026-07-03
FAC_4831,MAT_4832,contains,0.5,False,,Узбекистан,,Confirmed,ГП № 5-2025.pdf,High,2026-07-03
PRO_4833,FAC_4831,analyzed_in,0.5,False,,Узбекистан,,Confirmed,ГП № 5-2025.pdf,High,2026-07-03
PRO_4834,MAT_4832,analyzed,0.5,False,,Узбекистан,,Confirmed,ГП № 5-2025.pdf,High,2026-07-03
MAT_4821,MAT_4835,contains,0.5,False,,Worldwide,,Confirmed,ГП № 5-2025.pdf,High,2026-07-03
MAT_4821,MAT_4836,contains,0.5,False,,Worldwide,,Confirmed,ГП № 5-2025.pdf,High,2026-07-03
MAT_4821,MAT_4837,contains,0.5,False,,Worldwide,,Confirmed,ГП № 5-2025.pdf,High,2026-07-03
MAT_4821,MAT_4838,contains,0.5,False,,Worldwide,,Confirmed,ГП № 5-2025.pdf,High,2026-07-03
EQU_4843,MAT_4844,uses_material,0.5,False,,Russia,,Confirmed,ГП № 5-2025.pdf,High,2026-07-03
PRO_4842,EQU_4843,operates_at_condition,0.5,False,Непрерывный контроль,Russia,,Confirmed,ГП № 5-2025.pdf,High,2026-07-03
FAC_4849,MAT_2377,contains,0.5,False,,Worldwide,,Confirmed,ГП № 5-2025.pdf,High,2026-07-03
FAC_4849,MAT_4848,contains,0.5,False,нижняя часть разреза,Worldwide,,Confirmed,ГП № 5-2025.pdf,High,2026-07-03
FAC_4849,MAT_3286,contains,0.5,False,нижняя часть разреза,Worldwide,,Confirmed,ГП № 5-2025.pdf,High,2026-07-03
EQU_3156,MAT_4844,uses_material,0.5,False,В процессе эксплуатации,Russia,,Confirmed,ГП № 5-2025.pdf,High,2026-07-03
PRO_4850,EQU_3156,operates_at_condition,0.5,False,Для снижения простоев и повышения эффективности,Russia,,Confirmed,ГП № 5-2025.pdf,High,2026-07-03
EXP_4851,MAT_4844,validated_by,0.5,False,Для контроля качества,Russia,,Confirmed,ГП № 5-2025.pdf,High,2026-07-03
MAT_4821,PRO_1152,uses_material,0.5,False,,Worldwide,,Confirmed,ГП № 5-2025.pdf,High,2026-07-03
MAT_4821,PRO_4852,operates_at_condition,0.5,False,Минерализация варьируется в зависимости от глубины и местоположения,Worldwide,"93,3 г/л - 340,3 г/л",Confirmed,ГП № 5-2025.pdf,High,2026-07-03
EXP_4853,MAT_4821,researched_by,0.5,False,,Worldwide,,Confirmed,ГП № 5-2025.pdf,High,2026-07-03
EQU_4855,MAT_4854,uses_material,0.5,False,Температура масла: 90-100°C,Worldwide,,Confirmed,ГП № 5-2025.pdf,High,2026-07-03
PRO_4842,MAT_4854,operates_at_condition,0.5,False,"Шкала работоспособности масла: 650-701 ед., температура масла: 90-100°C",Worldwide,,Confirmed,ГП № 5-2025.pdf,High,2026-07-03
MAT_4844,PRO_4856,researched_by,0.5,False,,Worldwide,,Confirmed,ГП № 5-2025.pdf,High,2026-07-03
MAT_4844,EQU_4857,uses_material,0.5,False,в процессе эксплуатации,Russia,,Confirmed,ГП № 5-2025.pdf,High,2026-07-03
EQU_4857,PRO_4858,produces_output,0.5,False,в режиме реального времени,Russia,,Confirmed,ГП № 5-2025.pdf,High,2026-07-03
MAT_4859,PRO_4856,analyzed_by,0.5,False,,Worldwide,,Confirmed,ГП № 5-2025.pdf,High,2026-07-03
MAT_4859,PRO_4860,analyzed_by,0.5,False,Измерение электропроводимости и емкости при прохождении высокочастотного сигнала между двумя электродами,Worldwide,,Confirmed,ГП № 5-2025.pdf,High,2026-07-03
PRO_4860,EQU_4861,uses_equipment,0.5,False,,Worldwide,,Confirmed,ГП № 5-2025.pdf,High,2026-07-03
MAT_4844,EQU_4862,uses_material,0.5,False,,Worldwide,,Confirmed,ГП № 5-2025.pdf,High,2026-07-03
MAT_4844,PRO_4856,validated_by,0.5,False,,Worldwide,,Confirmed,ГП № 5-2025.pdf,High,2026-07-03
PUB_4863,MAT_4866,uses_material,0.5,False,,Worldwide,,Confirmed,ГП № 5-2025.pdf,High,2026-07-03
PUB_4863,MAT_4867,uses_material,0.5,False,,Worldwide,,Confirmed,ГП № 5-2025.pdf,High,2026-07-03
FAC_4369,MAT_4351,produces_output,0.5,False,,Russia,,Confirmed,ГП № 5-2025.pdf,High,2026-07-03
EXP_4870,PUB_142,researched_by,0.5,False,,Russia,,Confirmed,ГП № 6-2025.pdf,High,2026-07-03
PUB_4879,EQU_4880,researched_by,0.5,False,,Russia,,Unverified,ГП № 6-2025.pdf,High,2026-07-03
PUB_4516,FAC_4369,described_in,0.5,False,,Russia,,Confirmed,ГП № 5-2025.pdf,High,2026-07-03
EXP_3140,FAC_141,researched_by,0.5,False,,Russia,,Confirmed,ГП № 6-2025.pdf,High,2026-07-03
FAC_4889,EQU_4891,produces_output,0.5,False,,Worldwide,,Confirmed,ГП № 6-2025.pdf,High,2026-07-03
FAC_4890,EQU_4892,produces_output,0.5,False,,Russia,,Confirmed,ГП № 6-2025.pdf,High,2026-07-03
EXP_4893,EQU_4894,researched_by,0.5,False,,Russia,,Confirmed,ГП № 6-2025.pdf,High,2026-07-03
EXP_4893,EQU_4895,researched_by,0.5,False,,Russia,,Confirmed,ГП № 6-2025.pdf,High,2026-07-03
EXP_2762,EQU_8,researched_by,0.5,False,,"Russia, China",,Confirmed,ГП № 6-2025.pdf,High,2026-07-03
FAC_4898,EQU_4899,produces_output,0.5,False,,Russia,,Confirmed,ГП № 6-2025.pdf,High,2026-07-03
FAC_4898,EXP_4901,validated_by,0.5,False,,Russia,,Confirmed,ГП № 6-2025.pdf,High,2026-07-03
EQU_4902,FAC_4903,operates_at_condition,0.5,False,"позволяет подготавливать документы в цифровом формате на основе утверждённого шаблона, добавлять в него необходимые данные из актуальной модели месторождения и сохранять результат обратно в рабочее пространство",Worldwide,,Confirmed,ГП № 6-2025.pdf,High,2026-07-03
FAC_4903,PRO_4904,uses_material,0.5,False,,Russia,,Confirmed,ГП № 6-2025.pdf,High,2026-07-03
FAC_2870,FAC_4903,operates_at_condition,0.5,False,Использование ГГИС для подготовки горной графической документации,Russia,,Confirmed,ГП № 6-2025.pdf,High,2026-07-03
FAC_4905,PRO_4906,researched_by,0.5,False,,Russia,,Confirmed,ГП № 6-2025.pdf,High,2026-07-03
FAC_4905,EQU_4907,uses_material,0.5,False,,Russia,,Confirmed,ГП № 6-2025.pdf,High,2026-07-03
EQU_4875,MAT_4908,uses_material,0.5,False,,Worldwide,,Confirmed,ГП № 6-2025.pdf,High,2026-07-03
FAC_4915,PRO_4916,researched_by,0.5,False,,Russia,,Confirmed,ГП № 6-2025.pdf,High,2026-07-03
FAC_4915,EQU_4917,uses_material,0.5,False,,Russia,,Confirmed,ГП № 6-2025.pdf,High,2026-07-03
FAC_1794,EXP_4918,researched_by,0.5,False,,Russia,,Confirmed,ГП № 6-2025.pdf,High,2026-07-03
FAC_4919,PUB_4876,described_in,0.5,False,,Russia,,Confirmed,ГП № 6-2025.pdf,High,2026-07-03
EQU_4925,MAT_4926,uses_material,0.5,False,,Worldwide,,Confirmed,ГП № 6-2025.pdf,High,2026-07-03
EQU_4925,PRO_1345,operates_at_condition,0.5,False,В карьерах,Worldwide,,Confirmed,ГП № 6-2025.pdf,High,2026-07-03
EXP_4928,FAC_4927,researched_by,0.5,False,,Russia,,Confirmed,ГП № 6-2025.pdf,High,2026-07-03
FAC_4931,PUB_4932,researched_by,0.5,False,,Russia,,Confirmed,ГП № 6-2025.pdf,High,2026-07-03
ORG_4933,EQU_8,produces_output,0.5,False,,Russia,,Confirmed,ГП № 6-2025.pdf,High,2026-07-03
FAC_1114,FAC_4934,researched_by,0.5,False,,Russia,,Confirmed,ГП № 6-2025.pdf,High,2026-07-03
ORG_4940,FAC_4936,operates_at_condition,0.5,False,,Russia,,Confirmed,ГП № 6-2025.pdf,High,2026-07-03
PRO_4941,PRO_4942,researched_by,0.5,False,,Worldwide,,Unverified,ГП № 6-2025.pdf,High,2026-07-03
FAC_4947,FAC_4948,researched_by,0.5,False,,Russia,,Confirmed,ГП № 6-2025.pdf,High,2026-07-03
PRO_4950,EQU_4951,researched_by,0.5,False,,Worldwide,,Confirmed,ГП № 6-2025.pdf,High,2026-07-03
PUB_4949,PRO_4950,described_in,0.5,False,,Worldwide,,Confirmed,ГП № 6-2025.pdf,High,2026-07-03
FAC_2033,PRO_4952,uses_material,0.5,False,,Russia,,Confirmed,ГП № 6-2025.pdf,High,2026-07-03
FAC_2033,EQU_4953,uses_material,0.5,False,,Russia,,Confirmed,ГП № 6-2025.pdf,High,2026-07-03
PUB_4957,EQU_4960,described_in,0.5,False,,Russia,,Confirmed,ГП № 6-2025.pdf,High,2026-07-03
PUB_4957,PRO_4958,uses_material,0.5,False,,Russia,,Confirmed,ГП № 6-2025.pdf,High,2026-07-03
PUB_4957,PRO_4959,uses_material,0.5,False,,Russia,,Confirmed,ГП № 6-2025.pdf,High,2026-07-03
PRO_4964,EXP_4965,described_in,0.5,False,,Worldwide,,Confirmed,ГП № 6-2025.pdf,High,2026-07-03
FAC_4971,MAT_4972,produces_output,0.5,False,,Russia,,Confirmed,ГП № 6-2025.pdf,High,2026-07-03
EXP_4974,PUB_4929,described_in,0.5,False,,Russia,,Confirmed,ГП № 6-2025.pdf,High,2026-07-03
FAC_4982,MAT_4981,produces_output,0.5,False,,Russia,,Confirmed,ГП № 6-2025.pdf,High,2026-07-03
FAC_4983,MAT_424,produces_output,0.5,False,,Russia,,Confirmed,ГП № 6-2025.pdf,High,2026-07-03
FAC_4984,FAC_4983,operates_at_condition,0.5,False,,Russia,,Confirmed,ГП № 6-2025.pdf,High,2026-07-03
PRO_4986,MAT_4988,uses_material,0.5,False,Присутствие метана в угольной массе,Russia,,Confirmed,ГП № 6-2025.pdf,High,2026-07-03
EQU_4987,FAC_4989,researched_by,0.5,False,,Russia,,Confirmed,ГП № 6-2025.pdf,High,2026-07-03
EQU_4992,PRO_4067,uses_material,0.5,False,,Worldwide,,Unverified,ГП № 6-2025.pdf,High,2026-07-03
EQU_4993,MAT_4994,operates_at_condition,0.5,False,Концентрация метановоздушной смеси,Worldwide,,Unverified,ГП № 6-2025.pdf,High,2026-07-03
EXP_4996,PUB_4995,researched_by,0.5,False,,Russia,,Confirmed,ГП № 6-2025.pdf,High,2026-07-03
EQU_5006,MAT_1265,produces_output,0.5,False,Использование изотермы сорбции Лэнгмюра,Worldwide,,Confirmed,ГП № 6-2025.pdf,High,2026-07-03
EQU_5007,MAT_1265,produces_output,0.5,False,Использование изотермы сорбции Лэнгмюра,Worldwide,,Confirmed,ГП № 6-2025.pdf,High,2026-07-03
EQU_44,MAT_1265,produces_output,0.5,False,Использование изотермы сорбции Лэнгмюра,Worldwide,,Confirmed,ГП № 6-2025.pdf,High,2026-07-03
EXP_5008,PUB_4929,described_in,0.5,False,,Russia,,Confirmed,ГП № 6-2025.pdf,High,2026-07-03
EXP_5009,PUB_4963,researched_by,0.5,False,,Russia,,Confirmed,ГП № 6-2025.pdf,High,2026-07-03
EXP_5010,PUB_4929,described_in,0.5,False,,Russia,,Confirmed,ГП № 6-2025.pdf,High,2026-07-03
EXP_5012,EXP_5013,researched_by,0.5,False,,China,,Confirmed,ГП № 6-2025.pdf,High,2026-07-03
EXP_5013,PUB_5011,described_in,0.5,False,,Worldwide,,Confirmed,ГП № 6-2025.pdf,High,2026-07-03
EXP_5019,PUB_5018,researched_by,0.5,False,,Russia,,Confirmed,ГП № 6-2025.pdf,High,2026-07-03
PRO_5020,PUB_4963,described_in,0.5,False,,Russia,,Confirmed,ГП № 6-2025.pdf,High,2026-07-03
EXP_5012,PUB_4963,researched_by,0.5,False,,Worldwide,,Confirmed,ГП № 6-2025.pdf,High,2026-07-03
EXP_5021,PUB_4963,researched_by,0.5,False,,Russia,,Confirmed,ГП № 6-2025.pdf,High,2026-07-03
EXP_5012,PRO_5024,researched_by,0.5,False,,China,,Confirmed,ГП № 6-2025.pdf,High,2026-07-03
PRO_5024,FAC_5026,validated_by,0.5,False,,China,,Confirmed,ГП № 6-2025.pdf,High,2026-07-03
PRO_5024,FAC_5027,validated_by,0.5,False,,China,,Confirmed,ГП № 6-2025.pdf,High,2026-07-03
FAC_5028,PUB_4929,described_in,0.5,False,,Worldwide,,Confirmed,ГП № 6-2025.pdf,High,2026-07-03
PUB_4929,FAC_5029,described_in,0.5,False,,Worldwide,,Confirmed,ГП № 6-2025.pdf,High,2026-07-03
PUB_5030,PRO_5031,described_in,0.5,False,,Worldwide,,Confirmed,ГП № 6-2025.pdf,High,2026-07-03
PRO_5031,FAC_5032,operates_at_condition,0.5,False,Для очистки сточных вод,Russia|Worldwide,,Confirmed,ГП № 6-2025.pdf,High,2026-07-03
FAC_5033,PUB_4929,described_in,0.5,False,,Worldwide,,Confirmed,ГП № 6-2025.pdf,High,2026-07-03
PRO_2232,PUB_895,produces_output,0.5,False,В условиях высокого уровня геомеханического и геодинамического рисков,China,,Confirmed,ГП № 6-2025.pdf,High,2026-07-03
EXP_5036,FAC_5035,researched_by,0.5,False,На глубине 1000 м,China,,Confirmed,ГП № 6-2025.pdf,High,2026-07-03
PUB_5042,EQU_5043,described_in,0.5,False,,Russia,,Confirmed,ГП № 6-2025.pdf,High,2026-07-03
EQU_5043,PRO_5044,uses_material,0.5,False,,Russia,,Confirmed,ГП № 6-2025.pdf,High,2026-07-03
EQU_5046,PRO_5045,uses_material,0.5,False,,Worldwide,,Confirmed,ГП № 6-2025.pdf,High,2026-07-03
PRO_5047,EQU_5048,uses_material,0.5,False,,Worldwide,,Confirmed,ГП № 6-2025.pdf,High,2026-07-03
EQU_5048,FAC_5049,operates_at_condition,0.5,False,,Worldwide,,Confirmed,ГП № 6-2025.pdf,High,2026-07-03
PRO_5057,EQU_5046,описано в,0.5,False,,Worldwide,,Confirmed,ГП № 6-2025.pdf,High,2026-07-03
EXP_5059,PUB_5058,researched_by,0.5,False,,Russia,,Confirmed,ГП № 6-2025.pdf,High,2026-07-03
EXP_5061,PUB_5060,researched_by,0.5,False,,Russia,,Confirmed,ГП № 6-2025.pdf,High,2026-07-03
PUB_4929,PRO_1115,described_in,0.5,False,,Russia,,Confirmed,ГП № 6-2025.pdf,High,2026-07-03
PRO_5068,PRO_5070,produces_output,0.5,False,,Worldwide,15–20%,Confirmed,ГП № 6-2025.pdf,High,2026-07-03
PRO_1775,PUB_4929,described_in,0.5,False,,Russia,,Confirmed,ГП № 6-2025.pdf,High,2026-07-03
PRO_5084,EQU_5085,uses_material,0.5,False,,Worldwide,,Confirmed,ГП № 6-2025.pdf,High,2026-07-03
PUB_5083,PRO_5084,described_in,0.5,False,,Russia,,Confirmed,ГП № 6-2025.pdf,High,2026-07-03
PRO_5093,EQU_5085,uses_material,0.5,False,,Worldwide,,Confirmed,ГП № 6-2025.pdf,High,2026-07-03
PRO_5094,PRO_5093,researched_by,0.5,False,,Worldwide,,Confirmed,ГП № 6-2025.pdf,High,2026-07-03
EQU_5098,PRO_5097,uses_material,0.5,False,,Worldwide,,Confirmed,ГП № 6-2025.pdf,High,2026-07-03
EQU_5098,PRO_5095,uses_material,0.5,False,,Worldwide,,Confirmed,ГП № 6-2025.pdf,High,2026-07-03
EQU_5098,PRO_5096,uses_material,0.5,False,,Worldwide,,Confirmed,ГП № 6-2025.pdf,High,2026-07-03
EQU_5085,PRO_5099,uses_material,0.5,False,,Worldwide,,Confirmed,ГП № 6-2025.pdf,High,2026-07-03
PRO_5099,PRO_5100,produces_output,0.5,False,,Worldwide,,Confirmed,ГП № 6-2025.pdf,High,2026-07-03
PRO_5103,EQU_5104,uses_material,0.5,False,,Worldwide,,Confirmed,ГП № 6-2025.pdf,High,2026-07-03
PRO_5103,PRO_5105,operates_at_condition,0.5,False,Отсутствие больших абсолютных величин движений земной коры и активных эндогенных геодинамических процессов,Worldwide,,Confirmed,ГП № 6-2025.pdf,High,2026-07-03
PRO_5115,MAT_5116,uses_material,0.5,False,,Worldwide,,Unverified,ГП № 6-2025.pdf,High,2026-07-03
PRO_5115,PUB_5117,described_in,0.5,False,,Worldwide,,Confirmed,ГП № 6-2025.pdf,High,2026-07-03
FAC_1264,PRO_5115,uses_material,0.5,False,,Worldwide,,Confirmed,ГП № 6-2025.pdf,High,2026-07-03
FAC_1264,EQU_5121,operates_at_condition,0.5,False,,Worldwide,,Confirmed,ГП № 6-2025.pdf,High,2026-07-03
PRO_5115,PRO_5122,produces_output,0.5,False,,Worldwide,,Confirmed,ГП № 6-2025.pdf,High,2026-07-03
EQU_5123,PRO_5125,uses_material,0.5,False,,Worldwide,,Confirmed,ГП № 6-2025.pdf,High,2026-07-03
EQU_5124,PRO_5125,uses_material,0.5,False,,Worldwide,,Confirmed,ГП № 6-2025.pdf,High,2026-07-03
PRO_5115,MAT_5130,uses_material,0.5,False,,Worldwide,,Confirmed,ГП № 6-2025.pdf,High,2026-07-03
PRO_5115,PRO_5131,produces_output,0.5,False,,Worldwide,,Confirmed,ГП № 6-2025.pdf,High,2026-07-03
PRO_5132,PUB_5133,described_in,0.5,False,,Russia,,Confirmed,ГП № 6-2025.pdf,High,2026-07-03
PUB_5134,PRO_1775,researched_by,0.5,False,,Russia,,Confirmed,ГП № 6-2025.pdf,High,2026-07-03
PRO_1775,EQU_5138,uses_material,0.5,False,,Russia,,Confirmed,ГП № 6-2025.pdf,High,2026-07-03
PRO_1775,EQU_5139,uses_material,0.5,False,,Russia,,Confirmed,ГП № 6-2025.pdf,High,2026-07-03
PRO_1775,EQU_5140,uses_material,0.5,False,,Russia,,Confirmed,ГП № 6-2025.pdf,High,2026-07-03
PRO_3551,EXP_5142,researched_by,0.5,False,,Russia,,Confirmed,ГП № 6-2025.pdf,High,2026-07-03
PRO_5141,EXP_5142,researched_by,0.5,False,,Russia,,Confirmed,ГП № 6-2025.pdf,High,2026-07-03
PRO_5148,EQU_5149,uses_material,0.5,False,,Russia,,Confirmed,ГП № 6-2025.pdf,High,2026-07-03
PRO_5148,PRO_5150,operates_at_condition,0.5,False,Зависимость от расстояния до источника загрязнения,Russia,,Confirmed,ГП № 6-2025.pdf,High,2026-07-03
EQU_5158,EQU_5159,operates_at_condition,0.5,False,Мониторинг работы в течение 18 месяцев,Worldwide,,Confirmed,ГП № 6-2025.pdf,High,2026-07-03
EQU_5158,EQU_2334,operates_at_condition,0.5,False,Мониторинг работы в течение 18 месяцев,Worldwide,,Confirmed,ГП № 6-2025.pdf,High,2026-07-03
PRO_5153,EQU_5158,produces_output,0.5,False,"Снижение удельного энергопотребления на 12,2%",Worldwide,,Confirmed,ГП № 6-2025.pdf,High,2026-07-03
PRO_5160,EQU_5158,produces_output,0.5,False,Повышение точности прогнозирования качественных параметров,Worldwide,,Confirmed,ГП № 6-2025.pdf,High,2026-07-03
PRO_1783,EQU_5158,produces_output,0.5,False,Увеличение фактического времени работы за счёт исключения технологических перерывов,Worldwide,,Confirmed,ГП № 6-2025.pdf,High,2026-07-03
PRO_5162,MAT_5161,researched_by,0.5,False,,Worldwide,,Confirmed,ГП № 6-2025.pdf,High,2026-07-03
PRO_5162,PRO_5163,produces_output,0.5,False,Точность прогноза NPP составила 78% (параметр CUA = 0.78),Worldwide,,Confirmed,ГП № 6-2025.pdf,High,2026-07-03
PRO_2299,MAT_5165,researched_by,0.5,False,,Russia,,Confirmed,ГП № 6-2025.pdf,High,2026-07-03
PRO_2299,FAC_5166,operates_at_condition,0.5,False,Техногенное загрязнение атмосферы оксидами азота,Russia,Расстояние более 10 км,Confirmed,ГП № 6-2025.pdf,High,2026-07-03
PRO_5167,FAC_5170,operates_at_condition,0.5,False,,Russia,,Confirmed,ГП № 6-2025.pdf,High,2026-07-03
PRO_5167,MAT_5161,produces_output,0.5,False,,Russia,,Confirmed,ГП № 6-2025.pdf,High,2026-07-03
PRO_5167,PRO_5169,uses_material,0.5,False,Техногенное загрязнение атмосферы,Russia,,Confirmed,ГП № 6-2025.pdf,High,2026-07-03
PRO_5169,PRO_5168,contradicts,0.5,False,Снижение NPP из-за загрязнения NOx,Russia,,Confirmed,ГП № 6-2025.pdf,High,2026-07-03
PRO_1573,MAT_5171,uses_material,0.5,False,,Russia,,Confirmed,ГП № 6-2025.pdf,High,2026-07-03
PRO_1573,MAT_3792,uses_material,0.5,False,В рецептуре гранулитов,Russia,,Confirmed,ГП № 6-2025.pdf,High,2026-07-03
PRO_5175,MAT_5161,researched_by,0.5,False,,Russia,,Confirmed,ГП № 6-2025.pdf,High,2026-07-03
EQU_5176,PRO_5175,uses_material,0.5,False,,Worldwide,,Confirmed,ГП № 6-2025.pdf,High,2026-07-03
EQU_5177,PRO_5175,uses_material,0.5,False,,Worldwide,,Confirmed,ГП № 6-2025.pdf,High,2026-07-03
PRO_5175,PRO_5178,produces_output,0.5,False,,Worldwide,,Confirmed,ГП № 6-2025.pdf,High,2026-07-03
PRO_5175,PRO_5179,produces_output,0.5,False,,Worldwide,,Confirmed,ГП № 6-2025.pdf,High,2026-07-03
PRO_5175,PRO_5180,produces_output,0.5,False,,Worldwide,,Confirmed,ГП № 6-2025.pdf,High,2026-07-03
MAT_5181,MAT_5171,uses_material,0.5,False,В качестве компонентов,Arctic zone of the Russian Federation,,Confirmed,ГП № 6-2025.pdf,High,2026-07-03
PRO_5183,MAT_5171,produces_output,0.5,False,,Arctic zone of the Russian Federation,,Confirmed,ГП № 6-2025.pdf,High,2026-07-03
PRO_1573,MAT_5171,uses_material,0.5,False,,Worldwide,,Confirmed,ГП № 6-2025.pdf,High,2026-07-03
MAT_5171,MAT_5185,uses_material,0.5,False,,Russia,,Confirmed,ГП № 6-2025.pdf,High,2026-07-03
MAT_5171,MAT_5186,uses_material,0.5,False,,Russia,,Confirmed,ГП № 6-2025.pdf,High,2026-07-03
MAT_5181,PRO_1573,uses_material,0.5,False,Низкозастывающие разновидности,Russia,,Confirmed,ГП № 6-2025.pdf,High,2026-07-03
PRO_5188,MAT_5187,uses_material,0.5,False,,Worldwide,,Confirmed,ГП № 6-2025.pdf,High,2026-07-03
EQU_5189,MAT_5187,operates_at_condition,0.5,False,Удаление воды,Worldwide,,Confirmed,ГП № 6-2025.pdf,High,2026-07-03
MAT_5192,PRO_5193,produces_output,0.5,False,,Worldwide,,Confirmed,ГП № 6-2025.pdf,High,2026-07-03
FAC_5196,MAT_621,produces_output,0.5,False,Открытая разработка,Russia,,Confirmed,ГП № 6-2025.pdf,High,2026-07-03
PRO_5197,FAC_5196,operates_at_condition,0.5,False,Горнотехнические условия благоприятны для открытой разработки,Russia,,Confirmed,ГП № 6-2025.pdf,High,2026-07-03
MAT_5198,MAT_2336,uses_material,0.5,False,,Worldwide,,Confirmed,ГП № 6-2025.pdf,High,2026-07-03
MAT_5199,MAT_2336,uses_material,0.5,False,,Worldwide,,Confirmed,ГП № 6-2025.pdf,High,2026-07-03
MAT_5182,MAT_2336,uses_material,0.5,False,,Worldwide,,Confirmed,ГП № 6-2025.pdf,High,2026-07-03
MAT_5200,MAT_2336,uses_material,0.5,False,Применяется в качестве твёрдой горючей добавки,Worldwide,,Confirmed,ГП № 6-2025.pdf,High,2026-07-03
MAT_5192,MAT_2336,uses_material,0.5,False,,Worldwide,,Confirmed,ГП № 6-2025.pdf,High,2026-07-03
MAT_5201,MAT_2336,uses_material,0.5,False,,Worldwide,,Confirmed,ГП № 6-2025.pdf,High,2026-07-03
FAC_5196,MAT_621,contains,0.5,False,,Russia,,Confirmed,ГП № 6-2025.pdf,High,2026-07-03
FAC_5196,MAT_5202,contains,0.5,False,,Russia,,Confirmed,ГП № 6-2025.pdf,High,2026-07-03
FAC_5196,PRO_81,uses_process,0.5,False,,Russia,,Confirmed,ГП № 6-2025.pdf,High,2026-07-03
FAC_5196,PRO_5203,uses_process,0.5,False,,Russia,,Confirmed,ГП № 6-2025.pdf,High,2026-07-03
PRO_5214,FAC_5215,operates_at_condition,0.5,False,Строгие меры защиты окружающей среды,Russia,,Confirmed,ГП № 6-2025.pdf,High,2026-07-03
FAC_5215,MAT_621,produces_output,0.5,False,,Russia,,Confirmed,ГП № 6-2025.pdf,High,2026-07-03
PRO_5218,FAC_5217,researched_by,0.5,False,,Russia,,Confirmed,ГП № 6-2025.pdf,High,2026-07-03
EQU_5220,MAT_5219,produces_output,0.5,False,,Russia,,Confirmed,ГП № 6-2025.pdf,High,2026-07-03
PRO_28,MAT_5219,uses_material,0.5,False,,Russia,,Confirmed,ГП № 6-2025.pdf,High,2026-07-03
EQU_5220,PRO_28,operates_at_condition,0.5,False,На месте,Russia,,Confirmed,ГП № 6-2025.pdf,High,2026-07-03
PRO_5226,FAC_5217,researched_by,0.5,False,,Russia,,Confirmed,ГП № 6-2025.pdf,High,2026-07-03
PRO_5227,FAC_5228,researched_by,0.5,False,,Russia,,Confirmed,ГП № 6-2025.pdf,High,2026-07-03
PRO_5227,EXP_5229,validated_by,0.5,False,,Russia,,Confirmed,ГП № 6-2025.pdf,High,2026-07-03
FAC_5230,MAT_1291,produces_output,0.5,False,,Russia,,Confirmed,ГП № 6-2025.pdf,High,2026-07-03
PRO_5231,EQU_5232,uses_material,0.5,False,,Worldwide,,Confirmed,ГП № 6-2025.pdf,High,2026-07-03
PRO_5234,EQU_5235,uses_material,0.5,False,,Russia,,Confirmed,ГП № 6-2025.pdf,High,2026-07-03
PRO_5234,MAT_1291,researched_by,0.5,False,,Russia,,Confirmed,ГП № 6-2025.pdf,High,2026-07-03
PUB_5236,FAC_5237,described_in,0.5,False,,Russia,,Confirmed,ГП № 6-2025.pdf,High,2026-07-03
FAC_5243,PUB_5242,researched_by,0.5,False,,Russia,,Confirmed,ГП № 6-2025.pdf,High,2026-07-03
FAC_5246,PRO_2299,researched_by,0.5,False,,Russia,,Confirmed,ГП № 6-2025.pdf,High,2026-07-03
PRO_2299,PUB_5247,described_in,0.5,False,,Worldwide,,Confirmed,ГП № 6-2025.pdf,High,2026-07-03
FAC_5249,FAC_5248,operates_at_condition,0.5,False,,Russia,,Unverified,ГП № 6-2025.pdf,High,2026-07-03
FAC_5237,PUB_4929,described_in,0.5,False,,Russia,,Confirmed,ГП № 6-2025.pdf,High,2026-07-03
FAC_5250,PRO_5251,uses_material,0.5,False,,Worldwide,,Unverified,ГП № 6-2025.pdf,High,2026-07-03
FAC_5252,PRO_5253,operates_at_condition,0.5,False,Многофакторность и многопараметричность описания природных экосистем,Мурманская область,,Confirmed,ГП № 6-2025.pdf,High,2026-07-03
FAC_5254,PRO_2306,uses_material,0.5,False,"Включает данные мониторинга нарушенных земель, лимитирующие факторы самовосстановления, данные о влиянии предприятий на природную среду и технико-экономические параметры технологий восстановления.",Worldwide,,Unverified,ГП № 6-2025.pdf,High,2026-07-03
FAC_5255,EQU_5256,uses_material,0.5,False,,Russia,,Confirmed,ГП № 6-2025.pdf,High,2026-07-03
FAC_5255,EQU_5257,uses_material,0.5,False,,Russia,,Confirmed,ГП № 6-2025.pdf,High,2026-07-03
FAC_5255,PUB_5258,researched_by,0.5,False,,Russia,,Confirmed,ГП № 6-2025.pdf,High,2026-07-03
FAC_5255,PUB_5259,researched_by,0.5,False,,Russia,,Confirmed,ГП № 6-2025.pdf,High,2026-07-03
MAT_5264,PRO_5268,uses_material,0.5,False,,Worldwide,,Unverified,ГП № 6-2025.pdf,High,2026-07-03
MAT_5265,PRO_5268,uses_material,0.5,False,,Worldwide,,Unverified,ГП № 6-2025.pdf,High,2026-07-03
MAT_5266,PRO_5268,uses_material,0.5,False,,Worldwide,,Unverified,ГП № 6-2025.pdf,High,2026-07-03
MAT_5267,PRO_5268,uses_material,0.5,False,,Worldwide,,Unverified,ГП № 6-2025.pdf,High,2026-07-03
EQU_1235,FAC_5269,operates_at_condition,0.5,False,Ведение горных работ,Russia,,Confirmed,ГП № 6-2025.pdf,High,2026-07-03
EQU_1235,PRO_5270,produces_output,0.5,False,,Russia,,Confirmed,ГП № 6-2025.pdf,High,2026-07-03
FAC_5272,PRO_2047,operates_at_condition,0.5,False,При ведении горных работ на больших территориях,Russia,,Confirmed,ГП № 6-2025.pdf,High,2026-07-03
MAT_5266,PRO_5275,uses_material,0.5,False,,Worldwide,,Confirmed,ГП № 6-2025.pdf,High,2026-07-03
MAT_5265,PRO_5275,uses_material,0.5,False,,Worldwide,,Confirmed,ГП № 6-2025.pdf,High,2026-07-03
MAT_5274,PRO_5275,uses_material,0.5,False,,Worldwide,,Confirmed,ГП № 6-2025.pdf,High,2026-07-03
MAT_5264,PRO_5275,uses_material,0.5,False,,Worldwide,,Confirmed,ГП № 6-2025.pdf,High,2026-07-03
MAT_5267,PRO_5275,uses_material,0.5,False,,Worldwide,,Confirmed,ГП № 6-2025.pdf,High,2026-07-03
MAT_4396,PRO_5268,uses_material,0.5,False,,Worldwide,,Confirmed,ГП № 6-2025.pdf,High,2026-07-03
EQU_758,EXP_5277,operates_at_condition,0.5,False,"высота фильтрующего слоя загрузки – 0,15 м, диаметр – 0,05 м",Worldwide,,Confirmed,ГП № 6-2025.pdf,High,2026-07-03
PRO_5268,PRO_5276,produces_output,0.5,False,,Worldwide,,Confirmed,ГП № 6-2025.pdf,High,2026-07-03
MAT_5264,PRO_5268,uses_material,0.5,False,,Worldwide,,Confirmed,ГП № 6-2025.pdf,High,2026-07-03
MAT_5267,PRO_5268,uses_material,0.5,False,,Worldwide,,Confirmed,ГП № 6-2025.pdf,High,2026-07-03
MAT_5274,PRO_5268,uses_material,0.5,False,,Worldwide,,Confirmed,ГП № 6-2025.pdf,High,2026-07-03
MAT_5266,PRO_5268,uses_material,0.5,False,,Worldwide,,Confirmed,ГП № 6-2025.pdf,High,2026-07-03
MAT_5265,PRO_5268,uses_material,0.5,False,,Worldwide,,Confirmed,ГП № 6-2025.pdf,High,2026-07-03
MAT_5264,PRO_5268,uses_material,0.5,False,,Worldwide,,Confirmed,ГП № 6-2025.pdf,High,2026-07-03
MAT_5265,PRO_5268,uses_material,0.5,False,,Worldwide,,Confirmed,ГП № 6-2025.pdf,High,2026-07-03
MAT_5266,PRO_5268,uses_material,0.5,False,,Worldwide,,Confirmed,ГП № 6-2025.pdf,High,2026-07-03
MAT_5267,PRO_5268,uses_material,0.5,False,,Worldwide,,Confirmed,ГП № 6-2025.pdf,High,2026-07-03
MAT_5274,PRO_5268,uses_material,0.5,False,,Worldwide,,Confirmed,ГП № 6-2025.pdf,High,2026-07-03
PRO_5280,EQU_5281,uses_material,0.5,False,,Worldwide,,Confirmed,ГП № 6-2025.pdf,High,2026-07-03
PRO_5280,PRO_5282,operates_at_condition,0.5,False,"Vp = 5,7 км/с, Vs = 3,2 км/с",Worldwide,,Confirmed,ГП № 6-2025.pdf,High,2026-07-03
PRO_5283,PRO_1221,produces_output,0.5,False,,Worldwide,,Confirmed,ГП № 6-2025.pdf,High,2026-07-03
PRO_1221,EQU_1235,described_in,0.5,False,,Worldwide,,Confirmed,ГП № 6-2025.pdf,High,2026-07-03
PRO_5284,EQU_528,operates_at_condition,0.5,False,,Worldwide,,Unverified,ГП № 6-2025.pdf,High,2026-07-03
PRO_5284,EQU_5285,operates_at_condition,0.5,False,,Worldwide,,Unverified,ГП № 6-2025.pdf,High,2026-07-03
PRO_5284,EQU_5286,operates_at_condition,0.5,False,,Worldwide,,Unverified,ГП № 6-2025.pdf,High,2026-07-03
PRO_5284,EQU_5287,operates_at_condition,0.5,False,,Worldwide,,Unverified,ГП № 6-2025.pdf,High,2026-07-03
EQU_5291,FAC_5288,uses_material,0.5,False,,Russia,,Confirmed,ГП № 6-2025.pdf,High,2026-07-03
EQU_5291,FAC_5289,uses_material,0.5,False,,Russia,,Confirmed,ГП № 6-2025.pdf,High,2026-07-03
EQU_1235,FAC_2043,operates_at_condition,0.5,False,Сейсмический мониторинг с 1987 года,Russia,,Confirmed,ГП № 6-2025.pdf,High,2026-07-03
EQU_1235,FAC_1226,operates_at_condition,0.5,False,Сейсмический мониторинг с 2001 года,Russia,,Confirmed,ГП № 6-2025.pdf,High,2026-07-03
PRO_4477,EQU_5293,uses_material,0.5,False,null,Russia,null,Confirmed,ГП № 6-2025.pdf,High,2026-07-03
FAC_5269,PRO_5270,operates_at_condition,0.5,False,время простоев системы сбора сейсмособытий не превышает 10%,Russia,,Confirmed,ГП № 6-2025.pdf,High,2026-07-03
EQU_5296,EQU_5294,used_in,0.5,False,оцифровка сигналов происходит при 1000 Гц,Russia,,Confirmed,ГП № 6-2025.pdf,High,2026-07-03
EQU_5297,EQU_5295,used_in,0.5,False,геофоны установлены вне измерительной сети,Russia,,Confirmed,ГП № 6-2025.pdf,High,2026-07-03
EQU_5303,PRO_5304,operates_at_condition,0.5,False,"Проходка выработки, наработка машины после последнего капитального ремонта около 9000 м/ч",Worldwide,,Confirmed,ГП № 6-2025.pdf,High,2026-07-03
PRO_5304,PRO_5305,produces_output,0.5,False,"Расход воздуха 3,5 м³/мин/л.с., 2,5 м³/мин/л.с., 1,55 м³/мин/л.с.",Worldwide,,Confirmed,ГП № 6-2025.pdf,High,2026-07-03
EQU_5306,PRO_5307,operates_at_condition,0.5,False,Концентрация NOx не превышает допустимых пределов,Worldwide,"0,00021–0,00037%",Confirmed,ГП № 6-2025.pdf,High,2026-07-03
EQU_5306,PRO_5308,operates_at_condition,0.5,False,Концентрация CO не превышает допустимых пределов,Worldwide,"0,032–0,055%",Confirmed,ГП № 6-2025.pdf,High,2026-07-03
PRO_5309,EQU_5310,uses_material,0.5,False,,Worldwide,,Confirmed,ГП № 6-2025.pdf,High,2026-07-03
EQU_5310,PRO_5311,operates_at_condition,0.5,False,"Содержание кислорода по объёму не должно быть менее 20%, а вредных компонентов ВГ не должно превышать значений, указанных в таблице 1",Russia,,Confirmed,ГП № 6-2025.pdf,High,2026-07-03
EQU_5306,PRO_5312,produces_output,0.5,False,Продолжительность работы двигателя (моточасы),Worldwide,"1,76–2,98 м³/мин на 1 л.с.",Unverified,ГП № 6-2025.pdf,High,2026-07-03
EQU_5318,PRO_5317,uses_material,0.5,False,Проветривание горных выработок,Russia,,Confirmed,ГП № 6-2025.pdf,High,2026-07-03
EXP_5319,PRO_5317,validated_by,0.5,False,,Russia,,Confirmed,ГП № 6-2025.pdf,High,2026-07-03
FAC_5320,PRO_5317,researched_by,0.5,False,,Russia,,Confirmed,ГП № 6-2025.pdf,High,2026-07-03
FAC_5321,PRO_5317,researched_by,0.5,False,,Russia,,Confirmed,ГП № 6-2025.pdf,High,2026-07-03
EQU_5322,PRO_5323,used_in,0.5,False,,Russia,,Confirmed,ГП № 6-2025.pdf,High,2026-07-03
EQU_5322,PUB_4929,described_in,0.5,False,,Russia,,Confirmed,ГП № 6-2025.pdf,High,2026-07-03
PRO_5324,EQU_5325,researched_by,0.5,False,,Russia,,Confirmed,ГП № 6-2025.pdf,High,2026-07-03
PRO_5324,PRO_5324,described_in,0.5,False,,Russia,,Confirmed,ГП № 6-2025.pdf,High,2026-07-03
EQU_5331,EQU_5333,uses_material,0.5,False,,Worldwide,,Confirmed,ГП № 6-2025.pdf,High,2026-07-03
EXP_5334,PRO_5332,researched_by,0.5,False,,Worldwide,,Confirmed,ГП № 6-2025.pdf,High,2026-07-03
EQU_5335,PRO_5336,operates_at_condition,0.5,False,Тактированный режим выхода штоков гидроцилиндров,Worldwide,,Confirmed,ГП № 6-2025.pdf,High,2026-07-03
PRO_5336,PRO_5337,produces_output,0.5,False,Контакт опорами МШК почвы выработки,Worldwide,,Confirmed,ГП № 6-2025.pdf,High,2026-07-03
PRO_1611,EQU_5343,uses_material,0.5,False,,Worldwide,,Confirmed,ГП № 6-2025.pdf,High,2026-07-03
PRO_1611,EQU_5344,uses_material,0.5,False,,Worldwide,,Confirmed,ГП № 6-2025.pdf,High,2026-07-03
PRO_5345,EQU_1720,uses_material,0.5,False,Для съемки видео и оценки качества моделей,Worldwide,,Unverified,ГП № 6-2025.pdf,High,2026-07-03
EQU_5325,EQU_5347,uses_material,0.5,False,,Worldwide,,Unverified,ГП № 6-2025.pdf,High,2026-07-03
PRO_5346,EQU_5347,operates_at_condition,0.5,False,,Worldwide,,Unverified,ГП № 6-2025.pdf,High,2026-07-03
EXP_5348,EQU_5325,validated_by,0.5,False,,Worldwide,,Unverified,ГП № 6-2025.pdf,High,2026-07-03
PRO_5349,EQU_1720,uses_material,0.5,False,"Подземные горные выработки, низкая освещённость",Worldwide,,Confirmed,ГП № 6-2025.pdf,High,2026-07-03
PRO_5349,PRO_5350,produces_output,0.5,False,Оценка схожести изображений,Worldwide,"0,08–1,00",Confirmed,ГП № 6-2025.pdf,High,2026-07-03
PRO_5349,PRO_5351,produces_output,0.5,False,Оценка качества изображений,Worldwide,"93,91–107,82",Confirmed,ГП № 6-2025.pdf,High,2026-07-03
PRO_1611,MAT_5353,uses_material,0.5,False,Низкий уровень освещенности,Worldwide,,Confirmed,ГП № 6-2025.pdf,High,2026-07-03
PRO_1611,PRO_5350,operates_at_condition,0.5,False,,Worldwide,,Confirmed,ГП № 6-2025.pdf,High,2026-07-03
PRO_1611,PRO_5351,operates_at_condition,0.5,False,,Worldwide,,Confirmed,ГП № 6-2025.pdf,High,2026-07-03
PRO_5354,EQU_5352,uses_material,0.5,False,В условиях низкой освещенности,Worldwide,,Confirmed,ГП № 6-2025.pdf,High,2026-07-03
PRO_5354,PUB_5355,described_in,0.5,False,,Worldwide,,Confirmed,ГП № 6-2025.pdf,High,2026-07-03
PRO_5356,EQU_5357,uses_material,0.5,False,Видеосъемка в подземных горных выработках,Worldwide,,Confirmed,ГП № 6-2025.pdf,High,2026-07-03
PRO_5356,PRO_5358,operates_at_condition,0.5,False,"Недостаточное освещение, запыленность, задымленность, высокая влажность",Worldwide,,Confirmed,ГП № 6-2025.pdf,High,2026-07-03
EXP_5359,PRO_5356,researched_by,0.5,False,,Worldwide,,Confirmed,ГП № 6-2025.pdf,High,2026-07-03
PRO_5367,PRO_3343,operates_at_condition,0.5,False,Эффективное напряжение (σэфф) ≈ 5–15 МПа,Russia,"Эффективные напряжения 0–50 МПа, глубины до 1500 м",Confirmed,ГП № 6-2025.pdf,High,2026-07-03
PRO_5368,PRO_5369,produces_output,0.5,False,,Worldwide,,Confirmed,ГП № 6-2025.pdf,High,2026-07-03
PRO_5369,PRO_5370,operates_at_condition,0.5,False,нелинейное уменьшение проницаемости с ростом эффективного напряжения,Worldwide,,Confirmed,ГП № 6-2025.pdf,High,2026-07-03
PRO_1573,PRO_2047,researched_by,0.5,False,При расширении бортов действующего карьера рудника 'Железный',Russia,,Confirmed,ГП № 6-2025.pdf,High,2026-07-03
PRO_2047,FAC_2257,operates_at_condition,0.5,False,В горно-геологических условиях рудника,Russia,,Confirmed,ГП № 6-2025.pdf,High,2026-07-03
PUB_895,PRO_5367,operates_at_condition,0.5,False,"Влияние тектонических процессов, пористость, трещиноватость",Worldwide,,Confirmed,ГП № 6-2025.pdf,High,2026-07-03
PRO_5367,PRO_3343,produces_output,0.5,False,,Worldwide,,Confirmed,ГП № 6-2025.pdf,High,2026-07-03
PRO_5372,PRO_5369,produces_output,0.5,False,,Worldwide,,Confirmed,ГП № 6-2025.pdf,High,2026-07-03
PRO_5372,PRO_5370,operates_at_condition,0.5,False,,Worldwide,,Confirmed,ГП № 6-2025.pdf,High,2026-07-03
PRO_5372,PRO_5373,uses_material,0.5,False,,Worldwide,,Confirmed,ГП № 6-2025.pdf,High,2026-07-03
PRO_5372,PRO_152,uses_material,0.5,False,,Worldwide,,Confirmed,ГП № 6-2025.pdf,High,2026-07-03
PRO_1573,EQU_5374,uses_material,0.5,False,Длина скважин более 12 диаметров,Worldwide,,Confirmed,ГП № 6-2025.pdf,High,2026-07-03
PRO_1573,PRO_5375,operates_at_condition,0.5,False,"Интервал замедления от 30 до 50 мс, отрицательная температура воздуха",Worldwide,"Увеличение безопасного расстояния в 1,2 раза",Confirmed,ГП № 6-2025.pdf,High,2026-07-03
EXP_5376,PRO_5375,validated_by,0.5,False,"Отрицательные температуры, интервал замедлений от 20 до 30 мс",Russia,Безопасное расстояние rB по УВВ составляет 405 м,Confirmed,ГП № 6-2025.pdf,High,2026-07-03
PRO_1573,EQU_5377,uses_material,0.5,False,,Worldwide,,Confirmed,ГП № 6-2025.pdf,High,2026-07-03
PRO_1573,EQU_5378,uses_material,0.5,False,,Worldwide,,Confirmed,ГП № 6-2025.pdf,High,2026-07-03
PRO_1573,PRO_5379,produces_output,0.5,False,,Worldwide,,Confirmed,ГП № 6-2025.pdf,High,2026-07-03
PRO_1573,PRO_5380,operates_at_condition,0.5,False,Взаимное расположение блока в карьере и охраняемого объекта,Worldwide,,Confirmed,ГП № 6-2025.pdf,High,2026-07-03
PRO_1573,FAC_2257,validated_by,0.5,False,,Russia,,Confirmed,ГП № 6-2025.pdf,High,2026-07-03
PRO_1573,EQU_5381,uses_material,0.5,False,,Worldwide,,Confirmed,ГП № 6-2025.pdf,High,2026-07-03
PRO_1573,PRO_5382,produces_output,0.5,False,При взрыве блока гор. +94/+106 м,Russia,"0,5 мм/с - 4 мм/с",Confirmed,ГП № 6-2025.pdf,High,2026-07-03
EXP_5383,PRO_1573,researched_by,0.5,False,В условиях жилой застройки,Russia,,Confirmed,ГП № 6-2025.pdf,High,2026-07-03
PRO_1573,PRO_5388,produces_output,0.5,False,,Worldwide,,Confirmed,ГП № 6-2025.pdf,High,2026-07-03
PRO_1573,PRO_5389,produces_output,0.5,False,,Worldwide,,Confirmed,ГП № 6-2025.pdf,High,2026-07-03
EQU_5387,PRO_2047,uses_material,0.5,False,,Russia,,Confirmed,ГП № 6-2025.pdf,High,2026-07-03
EQU_5390,PRO_5391,uses_material,0.5,False,Добавление лопаток второго ряда,Worldwide,,Confirmed,ГП № 6-2025.pdf,High,2026-07-03
PRO_5391,PUB_5392,described_in,0.5,False,,Worldwide,,Confirmed,ГП № 6-2025.pdf,High,2026-07-03
EQU_5393,PRO_5394,uses_material,0.5,False,,Worldwide,,Confirmed,ГП № 6-2025.pdf,High,2026-07-03
PRO_5394,EXP_5395,validated_by,0.5,False,С использованием программного обеспечения ANSYS CFX,Worldwide,,Confirmed,ГП № 6-2025.pdf,High,2026-07-03
EQU_5396,PRO_898,uses_material,0.5,False,,Worldwide,,Unverified,ГП № 6-2025.pdf,High,2026-07-03
EQU_5396,PRO_5397,operates_at_condition,0.5,False,,Worldwide,,Unverified,ГП № 6-2025.pdf,High,2026-07-03
EXP_5398,PUB_4963,researched_by,0.5,False,,Russia,,Confirmed,ГП № 6-2025.pdf,High,2026-07-03
EXP_5399,PUB_4963,researched_by,0.5,False,,Russia,,Confirmed,ГП № 6-2025.pdf,High,2026-07-03
PUB_5400,PRO_5401,described_in,0.5,False,,Worldwide,,Confirmed,ГП № 6-2025.pdf,High,2026-07-03
PUB_5400,EQU_5402,uses_material,0.5,False,,Worldwide,,Confirmed,ГП № 6-2025.pdf,High,2026-07-03
PUB_5403,EQU_5393,described_in,0.5,False,,Worldwide,,Confirmed,ГП № 6-2025.pdf,High,2026-07-03
PUB_5404,EQU_5393,described_in,0.5,False,,Worldwide,,Confirmed,ГП № 6-2025.pdf,High,2026-07-03
PUB_5405,EQU_5393,described_in,0.5,False,,Russia,,Confirmed,ГП № 6-2025.pdf,High,2026-07-03
PUB_5406,FAC_2621,researched_by,0.5,False,,Russia,,Confirmed,ГП № 6-2025.pdf,High,2026-07-03
PRO_5410,MAT_5411,researched_by,0.5,False,,Worldwide,,Confirmed,ГП № 6-2025.pdf,High,2026-07-03
EQU_5412,PRO_5410,uses_material,0.5,False,,Russia,,Confirmed,ГП № 6-2025.pdf,High,2026-07-03
EXP_5413,PRO_5410,validated_by,0.5,False,,Worldwide,,Confirmed,ГП № 6-2025.pdf,High,2026-07-03
PRO_5421,PRO_5422,uses_material,0.5,False,,Worldwide,,Confirmed,ГП № 6-2025.pdf,High,2026-07-03
EXP_5423,PRO_5421,researched_by,0.5,False,Изменение пластового давления на ΔP = 10 МПа,Worldwide,2018–2025 гг.,Confirmed,ГП № 6-2025.pdf,High,2026-07-03
PUB_5037,EXP_5423,described_in,0.5,False,,Worldwide,,Confirmed,ГП № 6-2025.pdf,High,2026-07-03
FAC_5424,EXP_5425,researched_by,0.5,False,,Russia,,Unverified,ГП № 6-2025.pdf,High,2026-07-03
PRO_508,PRO_5428,produces_output,0.5,False,,Worldwide,,Confirmed,ГП № 6-2025.pdf,High,2026-07-03
FAC_5433,EQU_3602,produces_output,0.5,False,,Russia,,Confirmed,ГП № 2_2026_d.pdf,High,2026-07-03
FAC_5433,EQU_5432,produces_output,0.5,False,,Russia,,Confirmed,ГП № 2_2026_d.pdf,High,2026-07-03
FAC_5441,PRO_5439,operates_at_condition,0.5,False,Проведение капитального ремонта с использованием современного оборудования.,Russia,,Confirmed,ГП № 2_2026_d.pdf,High,2026-07-03
FAC_5441,EQU_5440,uses_material,0.5,False,,Russia,,Confirmed,ГП № 2_2026_d.pdf,High,2026-07-03
COM_5442,EQU_5446,researched_by,0.5,False,Условия шахтного и карьерного водоотлива,Russia,,Confirmed,ГП № 6-2025.pdf,High,2026-07-03
EQU_5446,MAT_5443,uses_material,0.5,False,Высокая абразивность и коррозионная активность шахтных и карьерных вод,Russia,,Confirmed,ГП № 6-2025.pdf,High,2026-07-03
EQU_5446,MAT_5444,uses_material,0.5,False,Высокая абразивность и коррозионная активность шахтных и карьерных вод,Russia,,Confirmed,ГП № 6-2025.pdf,High,2026-07-03
COM_5442,PRO_5445,uses_process,0.5,False,,Russia,,Confirmed,ГП № 6-2025.pdf,High,2026-07-03
EXP_5447,PUB_142,researched_by,0.5,False,,Russia,,Confirmed,ГП № 2_2026_d.pdf,High,2026-07-03
FAC_5449,FAC_5450,operates_at_condition,0.5,False,,Russia,,Confirmed,ГП № 2_2026_d.pdf,High,2026-07-03
FAC_5453,PRO_2232,operates_at_condition,0.5,False,В Кузбассе,Russia,,Confirmed,ГП № 2_2026_d.pdf,High,2026-07-03
PRO_2232,FAC_5453,produces_output,0.5,False,Объём добычи 40 млн т в год,Russia,40 млн т в год,Confirmed,ГП № 2_2026_d.pdf,High,2026-07-03
EQU_1485,FAC_5455,researched_by,0.5,False,,Russia,,Confirmed,ГП № 2_2026_d.pdf,High,2026-07-03
EXP_5456,EQU_1485,researched_by,0.5,False,,Russia,,Confirmed,ГП № 2_2026_d.pdf,High,2026-07-03
FAC_5457,PUB_895,uses_material,0.5,False,,Russia,,Confirmed,ГП № 2_2026_d.pdf,High,2026-07-03
FAC_5457,PRO_2232,operates_at_condition,0.5,False,В Кузбассе,Russia,,Confirmed,ГП № 2_2026_d.pdf,High,2026-07-03
FAC_5455,EQU_5458,uses_material,0.5,False,,Russia,,Confirmed,ГП № 2_2026_d.pdf,High,2026-07-03
FAC_5455,EQU_5459,uses_material,0.5,False,,Russia,,Confirmed,ГП № 2_2026_d.pdf,High,2026-07-03
EQU_1485,FAC_5455,operates_at_condition,0.5,False,в самых сложных условиях,Russia,,Confirmed,ГП № 2_2026_d.pdf,High,2026-07-03
FAC_5460,EQU_1485,produces_output,0.5,False,,Russia,,Confirmed,ГП № 2_2026_d.pdf,High,2026-07-03
FAC_5462,MAT_5461,produces_output,0.5,False,,Russia,,Confirmed,ГП № 2_2026_d.pdf,High,2026-07-03
EQU_5464,FAC_5469,operates_at_condition,0.5,False,сложные горно-геологические условия и колоссальные объёмы вскрышных работ,Russia,,Confirmed,ГП № 2_2026_d.pdf,High,2026-07-03
EQU_5467,FAC_5469,operates_at_condition,0.5,False,,Russia,,Confirmed,ГП № 2_2026_d.pdf,High,2026-07-03
EQU_5468,FAC_5469,operates_at_condition,0.5,False,,Russia,,Confirmed,ГП № 2_2026_d.pdf,High,2026-07-03
EXP_5471,FAC_5470,researched_by,0.5,False,,Russia,,Confirmed,ГП № 2_2026_d.pdf,High,2026-07-03
FAC_5470,MAT_5472,produces_output,0.5,False,,Russia,,Confirmed,ГП № 2_2026_d.pdf,High,2026-07-03
FAC_1264,PRO_1115,researched_by,0.5,False,Стремление снизить себестоимость продукции,Russia,,Confirmed,ГП № 2_2026_d.pdf,High,2026-07-03
FAC_1264,EQU_5138,uses_material,0.5,False,Необходимость производственного контроля,Russia,,Confirmed,ГП № 2_2026_d.pdf,High,2026-07-03
EQU_539,MAT_5473,uses_material,0.5,False,,Russia,,Confirmed,ГП № 2_2026_d.pdf,High,2026-07-03
EQU_5474,MAT_732,uses_material,0.5,False,в условиях реальных карьеров,Worldwide,,Confirmed,ГП № 2_2026_d.pdf,High,2026-07-03
EQU_539,MAT_732,uses_material,0.5,False,,Worldwide,,Confirmed,ГП № 2_2026_d.pdf,High,2026-07-03
PRO_5478,MAT_5477,uses_material,0.5,False,,Russia,,Confirmed,ГП № 2_2026_d.pdf,High,2026-07-03
MAT_5477,PRO_5480,operates_at_condition,0.5,False,,Russia,,Confirmed,ГП № 2_2026_d.pdf,High,2026-07-03
EXP_5481,MAT_5477,validated_by,0.5,False,,Russia,,Confirmed,ГП № 2_2026_d.pdf,High,2026-07-03
PUB_5482,EQU_5485,described_in,0.5,False,,Worldwide,,Unverified,ГП № 2_2026_d.pdf,High,2026-07-03
EQU_5486,MAT_541,uses_material,0.5,False,,Russia,,Confirmed,ГП № 2_2026_d.pdf,High,2026-07-03
EQU_5486,PRO_5487,optimal_parameter,0.5,False,Достигает 91%,Russia,,Confirmed,ГП № 2_2026_d.pdf,High,2026-07-03
BRA_5490,MAT_5489,uses_material,0.5,False,,Worldwide,,Confirmed,ГП № 2_2026_d.pdf,High,2026-07-03
PUB_5493,FAC_5494,organized_by,0.5,False,,Russia,,Confirmed,ГП № 2_2026_d.pdf,High,2026-07-03
FAC_5494,FAC_3672,supported_by,0.5,False,,Russia,,Confirmed,ГП № 2_2026_d.pdf,High,2026-07-03
FAC_5494,ORG_5495,supported_by,0.5,False,,Russia,,Confirmed,ГП № 2_2026_d.pdf,High,2026-07-03
PRO_5496,EQU_1892,described_in,0.5,False,,Worldwide,,Confirmed,ГП № 2_2026_d.pdf,High,2026-07-03
EQU_5497,MAT_541,uses_material,0.5,False,,Worldwide,,Confirmed,ГП № 2_2026_d.pdf,High,2026-07-03
EQU_5497,MAT_4335,uses_material,0.5,False,Не рекомендуется для прямого нагрева из-за нарушения санитарных требований,Worldwide,,Confirmed,ГП № 2_2026_d.pdf,High,2026-07-03
EVE_5500,PUB_142,described_in,0.5,False,,Russia,,Confirmed,ГП № 2_2026_d.pdf,High,2026-07-03
PRO_5501,EQU_5502,uses_material,0.5,False,,Worldwide,,Unverified,ГП № 2_2026_d.pdf,High,2026-07-03
PRO_5503,PRO_5504,researched_by,0.5,False,,Worldwide,,Confirmed,ГП № 2_2026_d.pdf,High,2026-07-03
PRO_5504,EQU_5505,uses_material,0.5,False,,Worldwide,,Confirmed,ГП № 2_2026_d.pdf,High,2026-07-03
FAC_2775,PRO_1359,operates_at_condition,0.5,False,"Нестабильность рынков, экологические и климатические соображения",Worldwide,,Confirmed,ГП № 2_2026_d.pdf,High,2026-07-03
PUB_5482,FAC_5506,described_in,0.5,False,,Worldwide,,Confirmed,ГП № 2_2026_d.pdf,High,2026-07-03
EXP_5517,PUB_5482,researched_by,0.5,False,,Russia,,Confirmed,ГП № 2_2026_d.pdf,High,2026-07-03
FAC_5518,FAC_5520,researched_by,0.5,False,,Russia,,Confirmed,ГП № 2_2026_d.pdf,High,2026-07-03
FAC_5519,FAC_5520,researched_by,0.5,False,,Russia,,Confirmed,ГП № 2_2026_d.pdf,High,2026-07-03
PUB_5521,PRO_2774,researched_by,0.5,False,,Worldwide,,Confirmed,ГП № 2_2026_d.pdf,High,2026-07-03
PRO_2774,EQU_5522,uses_material,0.5,False,В условиях подземной угледобычи,Worldwide,,Confirmed,ГП № 2_2026_d.pdf,High,2026-07-03
PRO_2774,EQU_5523,uses_material,0.5,False,В условиях подземной угледобычи,Worldwide,,Confirmed,ГП № 2_2026_d.pdf,High,2026-07-03
FAC_5525,PRO_5524,researched_by,0.5,False,"Учёт состояния нарушенных территорий, масштабов реабилитации, источников финансирования, степени интеграции экореабилитации с туристической инфраструктурой",Russia,,Confirmed,ГП № 2_2026_d.pdf,High,2026-07-03
PRO_5527,EQU_5528,uses_material,0.5,False,,Worldwide,,Confirmed,ГП № 2_2026_d.pdf,High,2026-07-03
PRO_5527,EQU_5529,uses_material,0.5,False,,Worldwide,,Confirmed,ГП № 2_2026_d.pdf,High,2026-07-03
PRO_5527,EQU_5530,uses_material,0.5,False,,Worldwide,,Confirmed,ГП № 2_2026_d.pdf,High,2026-07-03
PRO_5533,MAT_5532,produces_output,0.5,False,,Worldwide,,Confirmed,ГП № 2_2026_d.pdf,High,2026-07-03
EQU_5534,EQU_5535,operates_at_condition,0.5,False,Одновременное использование МШК и проходческого комбайна позволяет образовать проходческий комплекс,Worldwide,,Confirmed,ГП № 2_2026_d.pdf,High,2026-07-03
EXP_5541,PUB_5482,researched_by,0.5,False,,Russia,,Confirmed,ГП № 2_2026_d.pdf,High,2026-07-03
PUB_5549,PRO_1573,described_in,0.5,False,,Russia,,Confirmed,ГП № 2_2026_d.pdf,High,2026-07-03
PRO_1573,PRO_5550,uses_material,0.5,False,Изменяющиеся условия на карьерах,Worldwide,,Unverified,ГП № 2_2026_d.pdf,High,2026-07-03
PRO_5551,EXP_5552,researched_by,0.5,False,,Worldwide,,Unverified,ГП № 2_2026_d.pdf,High,2026-07-03
PRO_5551,EXP_5553,validated_by,0.5,False,Интегральный критерий адаптации близок к единице,Worldwide,,Unverified,ГП № 2_2026_d.pdf,High,2026-07-03
PRO_1496,PRO_5556,produces_output,0.5,False,,Worldwide,,Confirmed,ГП № 2_2026_d.pdf,High,2026-07-03
PRO_1496,MAT_4576,uses_material,0.5,False,,Worldwide,,Confirmed,ГП № 2_2026_d.pdf,High,2026-07-03
PUB_5555,PRO_1496,researched_by,0.5,False,,Russia,,Confirmed,ГП № 2_2026_d.pdf,High,2026-07-03
PRO_1573,PRO_5550,uses_material,0.5,False,Для оценки эффективности и безопасности,Worldwide,,Unverified,ГП № 2_2026_d.pdf,High,2026-07-03
MAT_5557,PRO_5558,operates_at_condition,0.5,False,давление от 0 до 20 МПа,Worldwide,"5,0 км/с до 5,6 км/с",Confirmed,ГП № 2_2026_d.pdf,High,2026-07-03
PRO_1496,PRO_3274,produces_output,0.5,False,,Worldwide,,Confirmed,ГП № 2_2026_d.pdf,High,2026-07-03
PRO_1496,MAT_5559,uses_material,0.5,False,,Russia,,Confirmed,ГП № 2_2026_d.pdf,High,2026-07-03
PRO_1496,PRO_5560,produces_output,0.5,False,При взрывании скважинных зарядов,Russia,"Удельный объем пыли: (2,29–3,47)·10-3 м3 на 1 м заряда взрывчатых веществ, удельная масса пыли: 0,18–0,25 кг на 1 кг взрывчатых веществ",Confirmed,ГП № 2_2026_d.pdf,High,2026-07-03
EXP_5561,PRO_5560,validated_by,0.5,False,"При взрывании скважины диаметром 0,25 м",Russia,"Удельный объем пыли: (2,29–3,47)·10-3 м3 на 1 м заряда взрывчатых веществ, удельная масса пыли: 0,18–0,25 кг на 1 кг взрывчатых веществ",Confirmed,ГП № 2_2026_d.pdf,High,2026-07-03
PRO_1496,MAT_4576,uses_material,0.5,False,,Worldwide,,Confirmed,ГП № 2_2026_d.pdf,High,2026-07-03
PRO_1496,PRO_4433,operates_at_condition,0.5,False,,Worldwide,,Confirmed,ГП № 2_2026_d.pdf,High,2026-07-03
EXP_5563,PRO_1496,researched_by,0.5,False,,"Russia, Worldwide",,Confirmed,ГП № 2_2026_d.pdf,High,2026-07-03
PRO_1496,MAT_5559,uses_material,0.5,False,"Диаметр скважин 0,25 м",Worldwide,,Confirmed,ГП № 2_2026_d.pdf,High,2026-07-03
PRO_1496,PRO_5568,produces_output,0.5,False,,Worldwide,"2,29–3,47·10–3 м3 на 1 м заряда ВВ",Confirmed,ГП № 2_2026_d.pdf,High,2026-07-03
PRO_1496,PRO_5569,produces_output,0.5,False,,Worldwide,"0,18–0,25 кг на 1 кг ВВ",Confirmed,ГП № 2_2026_d.pdf,High,2026-07-03
PRO_5570,EQU_5343,uses_material,0.5,False,,Worldwide,,Confirmed,ГП № 2_2026_d.pdf,High,2026-07-03
PRO_5570,PUB_5571,described_in,0.5,False,,Worldwide,,Confirmed,ГП № 2_2026_d.pdf,High,2026-07-03
PUB_5572,PRO_5573,described_in,0.5,False,,Worldwide,,Confirmed,ГП № 2_2026_d.pdf,High,2026-07-03
EQU_1720,PRO_5356,uses_material,0.5,False,,Worldwide,,Confirmed,ГП № 2_2026_d.pdf,High,2026-07-03
PRO_5575,PUB_5482,described_in,0.5,False,,Worldwide,,Unverified,ГП № 2_2026_d.pdf,High,2026-07-03
EQU_5576,PRO_5356,uses_material,0.5,False,,Worldwide,,Confirmed,ГП № 2_2026_d.pdf,High,2026-07-03
PUB_5577,EQU_5576,described_in,0.5,False,,Worldwide,,Confirmed,ГП № 2_2026_d.pdf,High,2026-07-03
EQU_1720,PRO_5578,uses_material,0.5,False,,Worldwide,,Confirmed,ГП № 2_2026_d.pdf,High,2026-07-03
PRO_5578,PUB_142,described_in,0.5,False,,Worldwide,,Confirmed,ГП № 2_2026_d.pdf,High,2026-07-03
PUB_5526,PRO_5579,described_in,0.5,False,,Worldwide,,Confirmed,ГП № 2_2026_d.pdf,High,2026-07-03
PUB_5526,PRO_5580,described_in,0.5,False,,Worldwide,,Confirmed,ГП № 2_2026_d.pdf,High,2026-07-03
PRO_5579,MAT_484,researched_by,0.5,False,,Worldwide,,Confirmed,ГП № 2_2026_d.pdf,High,2026-07-03
MAT_5586,PRO_5587,uses_material,0.5,False,,Worldwide,,Confirmed,ГП № 2_2026_d.pdf,High,2026-07-03
MAT_5588,MAT_2441,produces_output,0.5,False,при использовании в процессе флокуляции,Worldwide,,Confirmed,ГП № 2_2026_d.pdf,High,2026-07-03
EQU_5590,MAT_2441,uses_material,0.5,False,режим 'гальваностат',Worldwide,,Confirmed,ГП № 2_2026_d.pdf,High,2026-07-03
MAT_2441,PRO_5592,operates_at_condition,0.5,False,,Worldwide,,Confirmed,ГП № 2_2026_d.pdf,High,2026-07-03
MAT_2441,PRO_5593,operates_at_condition,0.5,False,рН 9–10,Worldwide,,Confirmed,ГП № 2_2026_d.pdf,High,2026-07-03
PRO_5594,MAT_2441,uses_material,0.5,False,,Worldwide,,Confirmed,ГП № 2_2026_d.pdf,High,2026-07-03
EXP_5598,MAT_2441,researched_by,0.5,False,,Worldwide,,Confirmed,ГП № 2_2026_d.pdf,High,2026-07-03
EXP_5599,MAT_2441,researched_by,0.5,False,,Worldwide,,Confirmed,ГП № 2_2026_d.pdf,High,2026-07-03
PRO_1772,PRO_5600,produces_output,0.5,False,,Worldwide,,Confirmed,ГП № 2_2026_d.pdf,High,2026-07-03
EXP_5601,PRO_1772,researched_by,0.5,False,,Russia,,Confirmed,ГП № 2_2026_d.pdf,High,2026-07-03
PRO_5609,MAT_5610,uses_material,0.5,False,,Russia,,Confirmed,ГП № 2_2026_d.pdf,High,2026-07-03
PRO_5609,FAC_5611,produces_output,0.5,False,При соблюдении требований к оформлению отвалов,Russia,,Confirmed,ГП № 2_2026_d.pdf,High,2026-07-03
MAT_2441,PRO_5612,uses_material,0.5,False,,Worldwide,,Confirmed,ГП № 2_2026_d.pdf,High,2026-07-03
PRO_5613,MAT_2441,operates_at_condition,0.5,False,снижение содержания SiO2,Worldwide,,Confirmed,ГП № 2_2026_d.pdf,High,2026-07-03
EQU_5614,PRO_5612,produces_output,0.5,False,,Worldwide,,Confirmed,ГП № 2_2026_d.pdf,High,2026-07-03
EXP_5616,MAT_2441,researched_by,0.5,False,,Worldwide,,Confirmed,ГП № 2_2026_d.pdf,High,2026-07-03
EXP_5616,PRO_5615,optimal_parameter,0.5,False,повышение гидрофильности поверхности магнетита,Worldwide,,Confirmed,ГП № 2_2026_d.pdf,High,2026-07-03
MAT_5618,PRO_5622,uses_material,0.5,False,,Worldwide,,Confirmed,ГП № 2_2026_d.pdf,High,2026-07-03
MAT_5619,PRO_5622,uses_material,0.5,False,,Worldwide,,Confirmed,ГП № 2_2026_d.pdf,High,2026-07-03
MAT_5620,PRO_5622,uses_material,0.5,False,,Worldwide,,Confirmed,ГП № 2_2026_d.pdf,High,2026-07-03
MAT_5621,PRO_5622,contradicts,0.5,False,,Worldwide,,Confirmed,ГП № 2_2026_d.pdf,High,2026-07-03
PRO_5623,EQU_5624,uses_material,0.5,False,,Russia,,Confirmed,ГП № 2_2026_d.pdf,High,2026-07-03
PRO_5623,FAC_5625,operates_at_condition,0.5,False,Мощность вскрыши до 20 м,Russia,,Confirmed,ГП № 2_2026_d.pdf,High,2026-07-03
PUB_5626,PRO_1130,described_in,0.5,False,,Russia,,Confirmed,ГП № 2_2026_d.pdf,High,2026-07-03
MAT_2441,PRO_5622,uses_material,0.5,False,,Worldwide,,Confirmed,ГП № 2_2026_d.pdf,High,2026-07-03
MAT_5618,PRO_5622,uses_material,0.5,False,режим 2,Worldwide,,Confirmed,ГП № 2_2026_d.pdf,High,2026-07-03
MAT_5619,PRO_5622,uses_material,0.5,False,режим 3,Worldwide,,Confirmed,ГП № 2_2026_d.pdf,High,2026-07-03
MAT_5630,PRO_5622,uses_material,0.5,False,режим 5,Worldwide,,Confirmed,ГП № 2_2026_d.pdf,High,2026-07-03
MAT_5631,PRO_5622,uses_material,0.5,False,режим 6,Worldwide,,Confirmed,ГП № 2_2026_d.pdf,High,2026-07-03
PRO_5651,EQU_5647,uses_material,0.5,False,,Worldwide,,Confirmed,ГП № 2_2026_d.pdf,High,2026-07-03
PRO_5651,EXP_5652,researched_by,0.5,False,,Australia,,Confirmed,ГП № 2_2026_d.pdf,High,2026-07-03
FAC_3629,MAT_5657,produces_output,0.5,False,,Russia,,Confirmed,ГП № 2_2026_d.pdf,High,2026-07-03
EXP_5661,PRO_5662,researched_by,0.5,False,,Worldwide,,Confirmed,ГП № 2_2026_d.pdf,High,2026-07-03
EXP_5661,PRO_5663,researched_by,0.5,False,,Worldwide,,Confirmed,ГП № 2_2026_d.pdf,High,2026-07-03
EQU_5641,PRO_5651,detects,0.5,False,,Worldwide,,Confirmed,ГП № 2_2026_d.pdf,High,2026-07-03
PRO_5674,PRO_5651,analyzes,0.5,False,Оценка расстояния и направления,Worldwide,,Confirmed,ГП № 2_2026_d.pdf,High,2026-07-03
MAT_5676,PUB_5677,described_in,0.5,False,,Worldwide,,Confirmed,ГП № 2_2026_d.pdf,High,2026-07-03
MAT_5676,PUB_5678,described_in,0.5,False,,Worldwide,,Confirmed,ГП № 2_2026_d.pdf,High,2026-07-03
PUB_5482,PRO_5683,described_in,0.5,False,,Worldwide,,Confirmed,ГП № 2_2026_d.pdf,High,2026-07-03
PUB_5482,PRO_5684,described_in,0.5,False,,Worldwide,,Confirmed,ГП № 2_2026_d.pdf,High,2026-07-03
PUB_5482,PRO_5685,described_in,0.5,False,,Worldwide,,Confirmed,ГП № 2_2026_d.pdf,High,2026-07-03
PUB_5526,FAC_5686,described_in,0.5,False,,Russia,,Unverified,ГП № 2_2026_d.pdf,High,2026-07-03
PUB_5526,FAC_5687,described_in,0.5,False,,Russia,,Unverified,ГП № 2_2026_d.pdf,High,2026-07-03
PUB_5526,FAC_5688,described_in,0.5,False,,Russia,,Confirmed,ГП № 2_2026_d.pdf,High,2026-07-03
PUB_5526,FAC_5689,described_in,0.5,False,,Russia,,Confirmed,ГП № 2_2026_d.pdf,High,2026-07-03
PUB_5691,PRO_3145,described_in,0.5,False,,Russia,,Confirmed,ГП № 2_2026_d.pdf,High,2026-07-03
PUB_5691,PRO_1681,described_in,0.5,False,,Russia,,Confirmed,ГП № 2_2026_d.pdf,High,2026-07-03
PRO_3999,EQU_699,uses_material,0.5,False,,Russia,,Confirmed,ГП № 2_2026_d.pdf,High,2026-07-03
PRO_3999,EQU_5069,uses_material,0.5,False,,Russia,,Confirmed,ГП № 2_2026_d.pdf,High,2026-07-03
PRO_5696,EQU_5697,uses_material,0.5,False,,Worldwide,,Confirmed,ГП № 2_2026_d.pdf,High,2026-07-03
PRO_5696,EQU_5698,uses_material,0.5,False,,Worldwide,,Confirmed,ГП № 2_2026_d.pdf,High,2026-07-03
PRO_5699,PRO_5696,researched_by,0.5,False,,Worldwide,,Confirmed,ГП № 2_2026_d.pdf,High,2026-07-03
PUB_5526,PRO_5700,described_in,0.5,False,,Russia,,Confirmed,ГП № 2_2026_d.pdf,High,2026-07-03
EQU_5701,EXP_5702,validated_by,0.5,False,Точность прогнозирования отказов 85–93%,Russia,Экономический эффект 15–25%,Confirmed,ГП № 2_2026_d.pdf,High,2026-07-03
EXP_1325,PUB_5703,researched_by,0.5,False,,Worldwide,,Confirmed,ГП № 2_2026_d.pdf,High,2026-07-03
EXP_5705,PUB_5704,researched_by,0.5,False,,Worldwide,,Confirmed,ГП № 2_2026_d.pdf,High,2026-07-03
EXP_5706,PUB_5526,described_in,0.5,False,,Worldwide,,Unverified,ГП № 2_2026_d.pdf,High,2026-07-03
PUB_5707,PRO_5708,described_in,0.5,False,,Worldwide,,Confirmed,ГП № 2_2026_d.pdf,High,2026-07-03
PUB_5707,PRO_5709,described_in,0.5,False,,Worldwide,,Confirmed,ГП № 2_2026_d.pdf,High,2026-07-03
PRO_5710,PUB_5707,described_in,0.5,False,,Worldwide,,Confirmed,ГП № 2_2026_d.pdf,High,2026-07-03
PRO_5711,PUB_5707,contradicts,0.5,False,Фиксированные ценовые допущения,Worldwide,,Partially_Confirmed,ГП № 2_2026_d.pdf,High,2026-07-03
PUB_5526,MAT_5716,described_in,0.5,False,,Worldwide,,Unverified,ГП № 2_2026_d.pdf,High,2026-07-03
PUB_5526,MAT_5717,described_in,0.5,False,,Worldwide,,Unverified,ГП № 2_2026_d.pdf,High,2026-07-03
PUB_5526,MAT_5718,described_in,0.5,False,,Worldwide,,Unverified,ГП № 2_2026_d.pdf,High,2026-07-03
PRO_5708,PRO_5719,contradicts,0.5,False,,Worldwide,,Confirmed,ГП № 2_2026_d.pdf,High,2026-07-03
PRO_5720,PRO_5719,researched_by,0.5,False,,Worldwide,,Confirmed,ГП № 2_2026_d.pdf,High,2026-07-03
PRO_5725,MAT_5645,described_in,0.5,False,,Worldwide,,Confirmed,ГП № 2_2026_d.pdf,High,2026-07-03
PRO_5725,MAT_424,described_in,0.5,False,,Worldwide,,Confirmed,ГП № 2_2026_d.pdf,High,2026-07-03
PRO_5726,MAT_5645,described_in,0.5,False,,Worldwide,,Confirmed,ГП № 2_2026_d.pdf,High,2026-07-03
PRO_5726,MAT_424,described_in,0.5,False,,Worldwide,,Confirmed,ГП № 2_2026_d.pdf,High,2026-07-03
PRO_5720,MAT_5645,described_in,0.5,False,,Worldwide,,Confirmed,ГП № 2_2026_d.pdf,High,2026-07-03
PRO_5720,MAT_424,described_in,0.5,False,,Worldwide,,Confirmed,ГП № 2_2026_d.pdf,High,2026-07-03
EQU_5728,PRO_5727,uses_material,0.5,False,,Russia,,Confirmed,ГП № 2_2026_d.pdf,High,2026-07-03
PUB_5729,EQU_5728,described_in,0.5,False,,Russia,,Confirmed,ГП № 2_2026_d.pdf,High,2026-07-03
EQU_5734,MAT_5735,uses_material,0.5,False,средняя производительность 100 м³/ч,Russia,,Confirmed,ГП № 2_2026_d.pdf,High,2026-07-03
EQU_5734,PRO_5736,produces_output,0.5,False,,Russia,,Confirmed,ГП № 2_2026_d.pdf,High,2026-07-03
EQU_5728,EQU_5737,uses_material,0.5,False,,Worldwide,,Confirmed,ГП № 2_2026_d.pdf,High,2026-07-03
EXP_5738,EQU_5737,researched_by,0.5,False,До и после установки автоматизированной системы,Worldwide,,Confirmed,ГП № 2_2026_d.pdf,High,2026-07-03
PRO_5739,MAT_5735,uses_material,0.5,False,,Worldwide,,Confirmed,ГП № 2_2026_d.pdf,High,2026-07-03
EQU_5740,PRO_5739,operates_at_condition,0.5,False,,Worldwide,,Confirmed,ГП № 2_2026_d.pdf,High,2026-07-03
EXP_5741,PRO_5739,validated_by,0.5,False,Проведены на предприятиях в российском Дальнем Востоке,Russia,,Confirmed,ГП № 2_2026_d.pdf,High,2026-07-03
EQU_5744,MAT_5742,analyzes,0.5,False,,Worldwide,,Confirmed,ГП № 2_2026_d.pdf,High,2026-07-03
PRO_5743,EQU_5744,used_in,0.5,False,,Worldwide,,Confirmed,ГП № 2_2026_d.pdf,High,2026-07-03
EQU_5745,PRO_5746,uses_material,0.5,False,,Worldwide,,Confirmed,ГП № 2_2026_d.pdf,High,2026-07-03
PRO_5746,EXP_5747,validated_by,0.5,False,,Worldwide,,Confirmed,ГП № 2_2026_d.pdf,High,2026-07-03
EQU_5749,MAT_5742,uses_material,0.5,False,,Russia,,Confirmed,ГП № 2_2026_d.pdf,High,2026-07-03
PRO_5743,EQU_5749,described_in,0.5,False,,Russia,,Confirmed,ГП № 2_2026_d.pdf,High,2026-07-03
PRO_5743,EQU_5750,uses_material,0.5,False,,Worldwide,,Confirmed,ГП № 2_2026_d.pdf,High,2026-07-03
PRO_5743,PUB_5482,described_in,0.5,False,,Russia,,Confirmed,ГП № 2_2026_d.pdf,High,2026-07-03
PRO_5752,MAT_5751,uses_material,0.5,False,Образцы ЖРК с известной массовой долей серы и железа,Worldwide,,Confirmed,ГП № 2_2026_d.pdf,High,2026-07-03
EXP_5753,PRO_5752,validated_by,0.5,False,Измерения проводились с фильтром из Ti толщиной 120 мкм при первичном излучении при анодном напряжении и анодном токе рентгеновской трубки соответственно 26 кВ и 500 мкА.,Worldwide,,Confirmed,ГП № 2_2026_d.pdf,High,2026-07-03
EQU_5764,PRO_5765,uses_material,0.5,False,,Worldwide,,Confirmed,ГП № 2_2026_d.pdf,High,2026-07-03
PRO_5765,EQU_5764,operates_at_condition,0.5,False,"Минимальное расстояние от гидромонитора до забоя составляет 0,3–0,4 от высоты уступа",Worldwide,Высота уступа: 25–30 м,Confirmed,ГП № 2_2026_d.pdf,High,2026-07-03
EQU_5767,PRO_2427,operates_at_condition,0.5,False,"Предел прочности при одноосном сжатии, величина угла внутреннего трения и сцепления пород",Worldwide,,Confirmed,ГП № 2_2026_d.pdf,High,2026-07-03
EQU_5767,PRO_5766,uses_material,0.5,False,,Worldwide,,Confirmed,ГП № 2_2026_d.pdf,High,2026-07-03
EXP_5768,PUB_5526,researched_by,0.5,False,,Russia,,Confirmed,ГП № 2_2026_d.pdf,High,2026-07-03
EXP_5769,PUB_5526,researched_by,0.5,False,,Russia,,Confirmed,ГП № 2_2026_d.pdf,High,2026-07-03
PRO_5770,EQU_5764,uses_material,0.5,False,,Worldwide,,Confirmed,ГП № 2_2026_d.pdf,High,2026-07-03
EQU_5764,PRO_5771,operates_at_condition,0.5,False,Давление на насадке гидромонитора влияет на производительность,Worldwide,,Confirmed,ГП № 2_2026_d.pdf,High,2026-07-03
EQU_5772,PRO_5175,uses_material,0.5,False,,Worldwide,,Confirmed,ГП № 2_2026_d.pdf,High,2026-07-03
PRO_5766,EQU_5764,uses_material,0.5,False,,Worldwide,,Confirmed,ГП № 2_2026_d.pdf,High,2026-07-03
PRO_5766,EQU_5774,uses_material,0.5,False,,Worldwide,,Confirmed,ГП № 2_2026_d.pdf,High,2026-07-03
PRO_5766,EQU_5775,uses_material,0.5,False,,Worldwide,,Confirmed,ГП № 2_2026_d.pdf,High,2026-07-03
PRO_5777,EQU_5764,uses_material,0.5,False,,Worldwide,,Confirmed,ГП № 2_2026_d.pdf,High,2026-07-03
PRO_5777,PRO_5778,operates_at_condition,0.5,False,"предел прочности от < 0,05 до > 0,65 МПа",Worldwide,,Confirmed,ГП № 2_2026_d.pdf,High,2026-07-03
EQU_5780,PRO_5779,uses_material,0.5,False,,Russia,,Confirmed,ГП № 2_2026_d.pdf,High,2026-07-03
FAC_5782,MAT_5781,produces_output,0.5,False,,Russia,,Confirmed,ГП № 2_2026_d.pdf,High,2026-07-03
EQU_5784,PRO_5783,uses_material,0.5,False,,Worldwide,,Confirmed,ГП № 2_2026_d.pdf,High,2026-07-03
EXP_5785,PRO_5783,researched_by,0.5,False,,Worldwide,,Confirmed,ГП № 2_2026_d.pdf,High,2026-07-03
PRO_5788,EQU_5786,uses_material,0.5,False,,Worldwide,,Confirmed,ГП № 2_2026_d.pdf,High,2026-07-03
PRO_5356,EQU_5787,uses_material,0.5,False,,Worldwide,,Confirmed,ГП № 2_2026_d.pdf,High,2026-07-03
EXP_3676,PUB_142,researched_by,0.5,False,,Russia,,Confirmed,ГП № 2_2026_d.pdf,High,2026-07-03
EXP_5789,PUB_142,researched_by,0.5,False,,Russia,,Confirmed,ГП № 2_2026_d.pdf,High,2026-07-03
EXP_5790,PUB_142,researched_by,0.5,False,,Russia,,Confirmed,ГП № 2_2026_d.pdf,High,2026-07-03
EXP_5791,PUB_142,researched_by,0.5,False,,Russia,,Confirmed,ГП № 2_2026_d.pdf,High,2026-07-03
PRO_5792,EQU_528,uses_material,0.5,False,,Worldwide,,Confirmed,ГП № 2_2026_d.pdf,High,2026-07-03
EQU_5795,PRO_5794,uses_material,0.5,False,"Интеграция управления буровыми растворами, установкой обсадных колонн и оптимизацией траектории ствола",Worldwide,"Повышение точности, скорости и снижение операционных издержек",Confirmed,ГП № 2_2026_d.pdf,High,2026-07-03
PRO_5076,PRO_5794,operates_at_condition,0.5,False,Создание виртуальных реплик для симуляции сценариев работы и оптимизации параметров,Worldwide,Радикальное преобразование подходов к планированию и управлению буровыми операциями,Confirmed,ГП № 2_2026_d.pdf,High,2026-07-03
EQU_5797,PRO_5796,used_in,0.5,False,,Worldwide,,Confirmed,ГП № 2_2026_d.pdf,High,2026-07-03
EXP_5799,PRO_5796,researched_by,0.5,False,,Worldwide,,Confirmed,ГП № 2_2026_d.pdf,High,2026-07-03
EQU_5801,EQU_5802,validated_by,0.5,False,,Worldwide,,Confirmed,ГП № 2_2026_d.pdf,High,2026-07-03
EQU_5802,PRO_5805,uses_material,0.5,False,Высота полёта 150 м,Worldwide,,Confirmed,ГП № 2_2026_d.pdf,High,2026-07-03
EQU_5803,PRO_5805,uses_material,0.5,False,Высота полёта 70 м,Worldwide,,Confirmed,ГП № 2_2026_d.pdf,High,2026-07-03
EQU_5804,PRO_5806,produces_output,0.5,False,,Worldwide,,Confirmed,ГП № 2_2026_d.pdf,High,2026-07-03
PRO_5808,EQU_699,uses_material,0.5,False,,Worldwide,,Confirmed,ГП № 2_2026_d.pdf,High,2026-07-03
PRO_5809,EQU_5810,uses_material,0.5,False,,Worldwide,,Confirmed,ГП № 2_2026_d.pdf,High,2026-07-03
PRO_5808,PRO_5076,uses_material,0.5,False,,Worldwide,,Confirmed,ГП № 2_2026_d.pdf,High,2026-07-03
PRO_5796,EQU_5811,uses_material,0.5,False,,Worldwide,,Confirmed,ГП № 2_2026_d.pdf,High,2026-07-03
EXP_5813,PUB_5812,researched_by,0.5,False,,Russia,,Confirmed,ГП № 2_2026_d.pdf,High,2026-07-03
PRO_5818,PRO_3012,uses_material,0.5,False,,Worldwide,,Confirmed,ГП № 2_2026_d.pdf,High,2026-07-03
FAC_5819,PRO_3012,uses_material,0.5,False,,Worldwide,,Confirmed,ГП № 2_2026_d.pdf,High,2026-07-03
PRO_5820,PUB_5526,described_in,0.5,False,,Worldwide,,Unverified,ГП № 2_2026_d.pdf,High,2026-07-03
PUB_5821,PRO_5822,described_in,0.5,False,,Russia,,Confirmed,ГП № 2_2026_d.pdf,High,2026-07-03
EXP_5823,PUB_5821,researched_by,0.5,False,,Russia,,Confirmed,ГП № 2_2026_d.pdf,High,2026-07-03
PUB_5482,PRO_5792,described_in,0.5,False,,Worldwide,,Confirmed,ГП № 2_2026_d.pdf,High,2026-07-03
FAC_5824,PRO_5792,validated_by,0.5,False,Комплексная автоматизация транспортных систем с подземной навигацией,China,,Confirmed,ГП № 2_2026_d.pdf,High,2026-07-03
FAC_5825,PRO_5792,validated_by,0.5,False,Оптимизация транспортной системы,China,,Confirmed,ГП № 2_2026_d.pdf,High,2026-07-03
FAC_5826,PRO_5792,validated_by,0.5,False,Масштабирование внедрения на 118 шахт,China,,Confirmed,ГП № 2_2026_d.pdf,High,2026-07-03
PUB_5526,PRO_5827,described_in,0.5,False,,Russia,,Confirmed,ГП № 2_2026_d.pdf,High,2026-07-03
PUB_5482,PRO_5828,described_in,0.5,False,,Russia,,Confirmed,ГП № 2_2026_d.pdf,High,2026-07-03
PUB_5526,MAT_5645,researched_by,0.5,False,,Russia,,Confirmed,ГП № 2_2026_d.pdf,High,2026-07-03
PUB_5526,MAT_424,researched_by,0.5,False,,Russia,,Confirmed,ГП № 2_2026_d.pdf,High,2026-07-03
PUB_5526,MAT_1145,researched_by,0.5,False,,Russia,,Confirmed,ГП № 2_2026_d.pdf,High,2026-07-03
PRO_5832,MAT_3430,produces_output,0.5,False,,Worldwide,,Confirmed,ГП № 2_2026_d.pdf,High,2026-07-03
EXP_5833,MAT_3430,validated_by,0.5,False,Внесение в рассыпчатом и гранулированном виде,Worldwide,,Confirmed,ГП № 2_2026_d.pdf,High,2026-07-03
PRO_5832,EXP_5833,researched_by,0.5,False,,Worldwide,,Confirmed,ГП № 2_2026_d.pdf,High,2026-07-03
MAT_5835,PRO_440,uses_material,0.5,False,,Worldwide,,Unverified,ГП № 2_2026_d.pdf,High,2026-07-03
MAT_5835,EXP_5836,validated_by,0.5,False,,Russia,,Confirmed,ГП № 2_2026_d.pdf,High,2026-07-03
MAT_5837,PRO_440,uses_material,0.5,False,,Worldwide,,Confirmed,ГП № 2_2026_d.pdf,High,2026-07-03
PUB_5838,PRO_5839,described_in,0.5,False,,Russia,,Confirmed,ГП № 2_2026_d.pdf,High,2026-07-03
PUB_3426,MAT_5840,researched_by,0.5,False,,Russia,,Confirmed,ГП № 2_2026_d.pdf,High,2026-07-03
MAT_5840,PRO_3341,uses_material,0.5,False,,Russia,,Confirmed,ГП № 2_2026_d.pdf,High,2026-07-03
EQU_5843,MAT_5842,uses_material,0.5,False,Диаметр фильеры 13 мм,Worldwide,,Confirmed,ГП № 2_2026_d.pdf,High,2026-07-03
EQU_5845,EQU_5844,operates_at_condition,0.5,False,Высота 150 мм от входного сопла,Worldwide,,Confirmed,ГП № 2_2026_d.pdf,High,2026-07-03
MAT_5849,PRO_5848,used_in,0.5,False,,Worldwide,,Confirmed,ГП № 2_2026_d.pdf,High,2026-07-03
PRO_5848,EXP_5850,validated_by,0.5,False,,Worldwide,,Confirmed,ГП № 2_2026_d.pdf,High,2026-07-03
FAC_5851,PRO_5852,operates_at_condition,0.5,False,"Химический фактор: 3.1, Биологический фактор: 2, Аэрозоли преимущественно фиброгенного действия: 2, Шум: 3.1, Инфразвук: 2",Russia,,Confirmed,ГП № 2_2026_d.pdf,High,2026-07-03
PRO_5853,MAT_4401,uses_material,0.5,False,,Worldwide,,Confirmed,ГП № 2_2026_d.pdf,High,2026-07-03
PRO_5853,EQU_5854,operates_at_condition,0.5,False,задержка воды на 1–2 часа,Worldwide,,Confirmed,ГП № 2_2026_d.pdf,High,2026-07-03
PRO_5839,EQU_5855,uses_material,0.5,False,,Worldwide,,Confirmed,ГП № 2_2026_d.pdf,High,2026-07-03
PRO_5839,EQU_5856,uses_material,0.5,False,,Worldwide,,Confirmed,ГП № 2_2026_d.pdf,High,2026-07-03
PRO_5839,MAT_5857,uses_material,0.5,False,,Worldwide,,Confirmed,ГП № 2_2026_d.pdf,High,2026-07-03
PRO_5839,MAT_5858,uses_material,0.5,False,,Worldwide,,Confirmed,ГП № 2_2026_d.pdf,High,2026-07-03
PRO_5864,PRO_5865,researched_by,0.5,False,,Worldwide,,Confirmed,ГП № 2_2026_d.pdf,High,2026-07-03
PRO_5864,PRO_5866,researched_by,0.5,False,,Worldwide,,Confirmed,ГП № 2_2026_d.pdf,High,2026-07-03
PRO_5864,PRO_5867,researched_by,0.5,False,,Worldwide,,Confirmed,ГП № 2_2026_d.pdf,High,2026-07-03
EQU_4412,MAT_5868,uses_material,0.5,False,,Worldwide,,Confirmed,ГП № 2_2026_d.pdf,High,2026-07-03
EQU_4412,MAT_5857,uses_material,0.5,False,,Worldwide,,Confirmed,ГП № 2_2026_d.pdf,High,2026-07-03
EQU_4412,MAT_5869,uses_material,0.5,False,,Worldwide,,Confirmed,ГП № 2_2026_d.pdf,High,2026-07-03
PRO_5839,EQU_4412,operates_at_condition,0.5,False,"Давление 0,3–0,5 МПа",Worldwide,0.3-0.5 МПа,Confirmed,ГП № 2_2026_d.pdf,High,2026-07-03
EQU_5871,PRO_5839,uses_material,0.5,False,В условиях угольных предприятий,Worldwide,,Confirmed,ГП № 2_2026_d.pdf,High,2026-07-03
PRO_5839,PRO_5872,operates_at_condition,0.5,False,"Высокие уровни шума и вибрации, воздействие химических веществ",Worldwide,,Confirmed,ГП № 2_2026_d.pdf,High,2026-07-03
EXP_5878,PUB_5877,researched_by,0.5,False,,Russia,,Confirmed,ГП № 2_2026_d.pdf,High,2026-07-03
PRO_5879,PRO_5880,researched_by,0.5,False,,Russia,,Confirmed,ГП № 2_2026_d.pdf,High,2026-07-03
PRO_5879,PRO_5881,validated_by,0.5,False,"Увеличение инвестиций в декарбонизацию на 1% ВРП ассоциируется со снижением HHI на 0,013 п.п. ежегодно",Russia,,Confirmed,ГП № 2_2026_d.pdf,High,2026-07-03
PUB_5882,PRO_5879,researched_by,0.5,False,,Russia,,Confirmed,ГП № 2_2026_d.pdf,High,2026-07-03
PUB_5882,PRO_5881,researched_by,0.5,False,,Russia,,Confirmed,ГП № 2_2026_d.pdf,High,2026-07-03
FAC_5887,PRO_5880,operates_at_condition,0.5,False,"CI = 0,78–0,92",Russia,,Confirmed,ГП № 2_2026_d.pdf,High,2026-07-03
FAC_5888,PRO_5880,operates_at_condition,0.5,False,"CI = 1,72–2,05",Russia,,Confirmed,ГП № 2_2026_d.pdf,High,2026-07-03
FAC_5887,PRO_5886,operates_at_condition,0.5,False,"IDEC = 2,82–3,42% ВРП",Russia,,Confirmed,ГП № 2_2026_d.pdf,High,2026-07-03
FAC_5888,PRO_5886,operates_at_condition,0.5,False,"IDEC = 0,47–1,85% ВРП",Russia,,Confirmed,ГП № 2_2026_d.pdf,High,2026-07-03
PUB_5482,PRO_5879,described_in,0.5,False,,Russia,,Confirmed,ГП № 2_2026_d.pdf,High,2026-07-03
PRO_5879,FAC_5889,operates_at_condition,0.5,False,"Снижение добычи угля на 11%, рост себестоимости добычи",Russia,,Confirmed,ГП № 2_2026_d.pdf,High,2026-07-03
PRO_5879,FAC_5890,operates_at_condition,0.5,False,"Конструктивная трансформация, инвестиции в ВИЭ",Russia,,Confirmed,ГП № 2_2026_d.pdf,High,2026-07-03
PRO_5879,FAC_5891,operates_at_condition,0.5,False,"Конструктивная трансформация, инвестиции в ВИЭ",Russia,,Confirmed,ГП № 2_2026_d.pdf,High,2026-07-03
EQU_5896,MAT_5895,uses_material,0.5,False,,Worldwide,,Confirmed,ГП № 2_2026_d.pdf,High,2026-07-03
PRO_5897,EQU_5896,validated_by,0.5,False,,Worldwide,,Confirmed,ГП № 2_2026_d.pdf,High,2026-07-03
EQU_5898,EXP_5901,used_in,0.5,False,,Worldwide,,Confirmed,ГП № 2_2026_d.pdf,High,2026-07-03
EQU_5899,EXP_5901,used_in,0.5,False,,Worldwide,,Confirmed,ГП № 2_2026_d.pdf,High,2026-07-03
EQU_5900,EXP_5901,used_in,0.5,False,,Worldwide,,Confirmed,ГП № 2_2026_d.pdf,High,2026-07-03
PRO_5902,MAT_3238,uses_material,0.5,False,,Russia,,Confirmed,ГП № 2_2026_d.pdf,High,2026-07-03
PRO_5902,EQU_5896,operates_at_condition,0.5,False,Условия действующего рудника,Russia,,Confirmed,ГП № 2_2026_d.pdf,High,2026-07-03
EQU_5896,PRO_5903,produces_output,0.5,False,,Russia,,Confirmed,ГП № 2_2026_d.pdf,High,2026-07-03
PUB_5905,PRO_5902,described_in,0.5,False,,Russia,,Confirmed,ГП № 2_2026_d.pdf,High,2026-07-03
EQU_5906,MAT_5895,uses_material,0.5,False,,Worldwide,,Confirmed,ГП № 2_2026_d.pdf,High,2026-07-03
PRO_5907,MAT_5895,operates_at_condition,0.5,False,"0,5 кг измельченной сильвинитовой породы с различным содержанием хлорида калия и каменной соли",Worldwide,,Confirmed,ГП № 2_2026_d.pdf,High,2026-07-03
EXP_5908,EQU_5906,researched_by,0.5,False,в условиях действующего рудника,Worldwide,,Confirmed,ГП № 2_2026_d.pdf,High,2026-07-03
EQU_5910,PRO_5909,uses_material,0.5,False,,Russia,,Confirmed,ГП № 2_2026_d.pdf,High,2026-07-03
MAT_3238,PRO_5911,operates_at_condition,0.5,False,Содержание 40K в различных пропластках неодинаково,Russia,,Confirmed,ГП № 2_2026_d.pdf,High,2026-07-03
EXP_5912,MAT_3238,researched_by,0.5,False,,Russia,,Confirmed,ГП № 2_2026_d.pdf,High,2026-07-03
PRO_5915,EQU_5896,uses_material,0.5,False,,Worldwide,,Confirmed,ГП № 2_2026_d.pdf,High,2026-07-03
EQU_5896,MAT_5916,operates_at_condition,0.5,False,В условиях Верхнекамского месторождения солей,Russia,,Confirmed,ГП № 2_2026_d.pdf,High,2026-07-03
EXP_5918,MAT_3481,uses_material,0.5,False,,Worldwide,,Unverified,ГП № 2_2026_d.pdf,High,2026-07-03
MAT_458,EXP_5919,researched_by,0.5,False,"нормальная нагрузка 1,0 МПа",Worldwide,,Confirmed,ГП № 2_2026_d.pdf,High,2026-07-03
EXP_5926,MAT_458,uses_material,0.5,False,,Worldwide,,Confirmed,ГП № 2_2026_d.pdf,High,2026-07-03
EXP_5926,PRO_5927,produces_output,0.5,False,Методика постоянной нормальной нагрузки,Worldwide,,Confirmed,ГП № 2_2026_d.pdf,High,2026-07-03
EXP_5926,PRO_5928,produces_output,0.5,False,Методика постоянной нормальной нагрузки,Worldwide,,Confirmed,ГП № 2_2026_d.pdf,High,2026-07-03
MAT_458,EXP_5932,uses_material,0.5,False,,Worldwide,,Confirmed,ГП № 2_2026_d.pdf,High,2026-07-03
EQU_5929,EXP_5932,operates_at_condition,0.5,False,"Постоянная нормальная нагрузка (CNL), пошаговое увеличение нормальной нагрузки от 1,0 до 3,5 МПа",Worldwide,,Confirmed,ГП № 2_2026_d.pdf,High,2026-07-03
PRO_12,PRO_5930,produces_output,0.5,False,,Worldwide,,Confirmed,ГП № 2_2026_d.pdf,High,2026-07-03
PRO_12,PRO_5931,produces_output,0.5,False,,Worldwide,,Confirmed,ГП № 2_2026_d.pdf,High,2026-07-03
PUB_5482,PRO_5937,described_in,0.5,False,,Russia,,Confirmed,ГП № 2_2026_d.pdf,High,2026-07-03
EXP_5938,PUB_5482,described_in,0.5,False,,Russia,,Confirmed,ГП № 2_2026_d.pdf,High,2026-07-03
EXP_5939,PUB_5482,described_in,0.5,False,,Russia,,Confirmed,ГП № 2_2026_d.pdf,High,2026-07-03
PRO_5940,PUB_5526,described_in,0.5,False,,Russia,,Unverified,ГП № 2_2026_d.pdf,High,2026-07-03
PUB_5945,PRO_5944,described_in,0.5,False,,Russia,,Confirmed,ГП № 2_2026_d.pdf,High,2026-07-03
PRO_5946,PUB_5482,described_in,0.5,False,,Russia,,Confirmed,ГП № 2_2026_d.pdf,High,2026-07-03
PRO_5947,PUB_5482,described_in,0.5,False,,Russia,,Confirmed,ГП № 2_2026_d.pdf,High,2026-07-03
PRO_5948,PUB_5482,described_in,0.5,False,,Russia,,Confirmed,ГП № 2_2026_d.pdf,High,2026-07-03
PUB_5482,PUB_5949,described_in,0.5,False,,Russia,,Unverified,ГП № 2_2026_d.pdf,High,2026-07-03
PUB_5482,PUB_5950,described_in,0.5,False,,Russia,,Unverified,ГП № 2_2026_d.pdf,High,2026-07-03
PUB_5954,MAT_621,researched_by,0.5,False,,Worldwide,,Confirmed,ГП № 2_2026_d.pdf,High,2026-07-03
PUB_5954,MAT_2289,researched_by,0.5,False,,Worldwide,,Confirmed,ГП № 2_2026_d.pdf,High,2026-07-03
PUB_5954,MAT_3609,researched_by,0.5,False,,Worldwide,,Confirmed,ГП № 2_2026_d.pdf,High,2026-07-03
MAT_621,PRO_5956,researched_by,0.5,False,,Worldwide,,Unverified,ГП № 2_2026_d.pdf,High,2026-07-03
MAT_5955,PRO_5956,researched_by,0.5,False,,Worldwide,,Unverified,ГП № 2_2026_d.pdf,High,2026-07-03
PUB_5482,MAT_621,described_in,0.5,False,,Worldwide,,Confirmed,ГП № 2_2026_d.pdf,High,2026-07-03
PUB_5482,MAT_2289,described_in,0.5,False,,Worldwide,,Confirmed,ГП № 2_2026_d.pdf,High,2026-07-03
PUB_5482,MAT_3609,described_in,0.5,False,,Worldwide,,Confirmed,ГП № 2_2026_d.pdf,High,2026-07-03
PUB_5677,MAT_5959,described_in,0.5,False,,Worldwide,,Confirmed,ГП № 2_2026_d.pdf,High,2026-07-03
PUB_5677,MAT_621,described_in,0.5,False,Спрос увеличился на 30% в 2024 году,Worldwide,,Confirmed,ГП № 2_2026_d.pdf,High,2026-07-03
PUB_5677,MAT_2289,described_in,0.5,False,Спрос увеличился на 6-8% в 2024 году,Worldwide,,Confirmed,ГП № 2_2026_d.pdf,High,2026-07-03
PUB_5677,MAT_5681,described_in,0.5,False,Спрос увеличился на 6-8% в 2024 году,Worldwide,,Confirmed,ГП № 2_2026_d.pdf,High,2026-07-03
PUB_5677,MAT_5960,described_in,0.5,False,Спрос увеличился на 6-8% в 2024 году,Worldwide,,Confirmed,ГП № 2_2026_d.pdf,High,2026-07-03
EXP_4815,PUB_5482,described_in,0.5,False,,Russia,,Confirmed,ГП № 2_2026_d.pdf,High,2026-07-03
PRO_5961,PUB_5482,described_in,0.5,False,,Russia,,Confirmed,ГП № 2_2026_d.pdf,High,2026-07-03
PRO_5966,PUB_5482,described_in,0.5,False,,Russia,,Confirmed,ГП № 2_2026_d.pdf,High,2026-07-03
EQU_810,FAC_5974,operates_at_condition,0.5,False,Обеспечение технической поддержки и управления складом,Russia,,Confirmed,ГП №1_2026_d.pdf,High,2026-07-03
EQU_810,EQU_5975,uses_material,0.5,False,,Russia,,Confirmed,ГП №1_2026_d.pdf,High,2026-07-03
EQU_810,PRO_5976,researched_by,0.5,False,,Russia,,Confirmed,ГП №1_2026_d.pdf,High,2026-07-03
COM_5977,FAC_5978,researched_by,0.5,False,,Russia,,Confirmed,ГП №1_2026_d.pdf,High,2026-07-03
COM_5977,FAC_5979,researched_by,0.5,False,,Russia,,Confirmed,ГП №1_2026_d.pdf,High,2026-07-03
PRO_5984,EQU_2566,uses_material,0.5,False,,Worldwide,,Unverified,ГП №1_2026_d.pdf,High,2026-07-03
FAC_5989,EQU_5987,operates_at_condition,0.5,False,Российские условия,Russia,,Confirmed,ГП №1_2026_d.pdf,High,2026-07-03
FAC_5989,EQU_5988,produces_output,0.5,False,,Russia,,Unverified,ГП №1_2026_d.pdf,High,2026-07-03
FAC_5992,EQU_5990,produces_output,0.5,False,,Russia,,Confirmed,ГП №1_2026_d.pdf,High,2026-07-03
FAC_5992,EQU_5991,produces_output,0.5,False,,Russia,,Confirmed,ГП №1_2026_d.pdf,High,2026-07-03
FAC_5969,EQU_5988,produces_output,0.5,False,,Russia,,Confirmed,ГП №1_2026_d.pdf,High,2026-07-03
FAC_5995,MAT_3609,produces_output,0.5,False,,Russia,,Confirmed,ГП №1_2026_d.pdf,High,2026-07-03
FAC_3614,FAC_5997,operates_at_condition,0.5,False,"Малая толщина продуктивного пласта, порядка 70 см",Russia,,Confirmed,ГП №1_2026_d.pdf,High,2026-07-03
FAC_3614,FAC_5998,operates_at_condition,0.5,False,Широкое использование элементов механизации и транспортировки руды,Russia,,Confirmed,ГП №1_2026_d.pdf,High,2026-07-03
FAC_5999,MAT_3609,produces_output,0.5,False,,Russia,,Confirmed,ГП №1_2026_d.pdf,High,2026-07-03
FAC_6001,FAC_6002,researched_by,0.5,False,,Russia,,Confirmed,ГП №1_2026_d.pdf,High,2026-07-03
EXP_6004,PRO_6003,researched_by,0.5,False,,Russia,,Confirmed,ГП №1_2026_d.pdf,High,2026-07-03
PUB_6005,PRO_6003,described_in,0.5,False,,Russia,,Confirmed,ГП №1_2026_d.pdf,High,2026-07-03
EXP_6011,FAC_6006,researched_by,0.5,False,,Russia,,Confirmed,ГП №1_2026_d.pdf,High,2026-07-03
EXP_6011,FAC_6007,researched_by,0.5,False,,Russia,,Confirmed,ГП №1_2026_d.pdf,High,2026-07-03
EXP_6011,FAC_6008,researched_by,0.5,False,,Russia,,Confirmed,ГП №1_2026_d.pdf,High,2026-07-03
EXP_6011,FAC_6009,researched_by,0.5,False,,Russia,,Confirmed,ГП №1_2026_d.pdf,High,2026-07-03
EXP_6011,FAC_6010,researched_by,0.5,False,,Russia,,Confirmed,ГП №1_2026_d.pdf,High,2026-07-03
PUB_142,FAC_5494,described_in,0.5,False,,Russia,,Confirmed,ГП №1_2026_d.pdf,High,2026-07-03
FAC_3672,FAC_5494,validated_by,0.5,False,,Russia,,Confirmed,ГП №1_2026_d.pdf,High,2026-07-03
ORG_2162,FAC_5494,validated_by,0.5,False,,Russia,,Confirmed,ГП №1_2026_d.pdf,High,2026-07-03
EQU_6017,PRO_6018,uses_material,0.5,False,,Russia,,Confirmed,ГП №1_2026_d.pdf,High,2026-07-03
PRO_6018,PUB_142,described_in,0.5,False,,Russia,,Confirmed,ГП №1_2026_d.pdf,High,2026-07-03
FAC_6019,MAT_6020,produces_output,0.5,False,,Russia,,Confirmed,ГП №1_2026_d.pdf,High,2026-07-03
EQU_6022,MAT_6020,uses_material,0.5,False,,Russia,,Confirmed,ГП №1_2026_d.pdf,High,2026-07-03
FAC_6019,PRO_6021,operates_at_condition,0.5,False,,Russia,,Confirmed,ГП №1_2026_d.pdf,High,2026-07-03
ORG_6029,PUB_6028,researched_by,0.5,False,,Russia,,Confirmed,ГП №1_2026_d.pdf,High,2026-07-03
ORG_6030,PUB_6028,researched_by,0.5,False,,Russia,,Confirmed,ГП №1_2026_d.pdf,High,2026-07-03
PRO_1496,MAT_6031,uses_material,0.5,False,,Worldwide,,Confirmed,ГП №1_2026_d.pdf,High,2026-07-03
PRO_1496,MAT_6032,uses_material,0.5,False,,Worldwide,,Confirmed,ГП №1_2026_d.pdf,High,2026-07-03
EXP_6033,MAT_6031,uses_material,0.5,False,Шах-Тауский карьер,Russia,,Confirmed,ГП №1_2026_d.pdf,High,2026-07-03
EQU_6036,PUB_6037,researched_by,0.5,False,,Russia,,Confirmed,ГП №1_2026_d.pdf,High,2026-07-03
FAC_6039,PRO_6038,researched_by,0.5,False,,Russia,,Confirmed,ГП №1_2026_d.pdf,High,2026-07-03
PRO_6040,EQU_5357,uses_material,0.5,False,,Worldwide,,Confirmed,ГП №1_2026_d.pdf,High,2026-07-03
PUB_5986,PRO_6040,described_in,0.5,False,,Worldwide,,Confirmed,ГП №1_2026_d.pdf,High,2026-07-03
EXP_6051,PUB_6050,researched_by,0.5,False,,Russia,,Confirmed,ГП №1_2026_d.pdf,High,2026-07-03
PRO_6052,EQU_6053,uses_material,0.5,False,,Worldwide,,Unverified,ГП №1_2026_d.pdf,High,2026-07-03
PRO_6054,EQU_6055,uses_material,0.5,False,Наличие затопленных водоприемников,Worldwide,,Unverified,ГП №1_2026_d.pdf,High,2026-07-03
EXP_6064,PUB_6063,researched_by,0.5,False,,Worldwide,,Confirmed,ГП №1_2026_d.pdf,High,2026-07-03
PRO_6052,EQU_6066,produces_output,0.5,False,,Worldwide,,Confirmed,ГП №1_2026_d.pdf,High,2026-07-03
PUB_6065,PRO_6052,described_in,0.5,False,,Worldwide,,Confirmed,ГП №1_2026_d.pdf,High,2026-07-03
PUB_6067,EXP_6068,researched_by,0.5,False,,Russia,,Confirmed,ГП №1_2026_d.pdf,High,2026-07-03
PRO_6079,PUB_5986,described_in,0.5,False,,Worldwide,,Confirmed,ГП №1_2026_d.pdf,High,2026-07-03
PRO_6080,PUB_5986,described_in,0.5,False,,Worldwide,,Confirmed,ГП №1_2026_d.pdf,High,2026-07-03
PRO_6081,PUB_5986,described_in,0.5,False,,Worldwide,,Confirmed,ГП №1_2026_d.pdf,High,2026-07-03
PUB_6082,MAT_6083,described_in,0.5,False,,Worldwide,,Confirmed,ГП №1_2026_d.pdf,High,2026-07-03
PUB_6084,FAC_468,described_in,0.5,False,,Russia,,Confirmed,ГП №1_2026_d.pdf,High,2026-07-03
PRO_6085,MAT_6088,produces_output,0.5,False,,Russia,,Confirmed,ГП №1_2026_d.pdf,High,2026-07-03
PRO_6086,MAT_6088,produces_output,0.5,False,Из вод техногенного озера,Russia,,Confirmed,ГП №1_2026_d.pdf,High,2026-07-03
PRO_6087,MAT_6089,uses_material,0.5,False,,Russia,,Confirmed,ГП №1_2026_d.pdf,High,2026-07-03
PRO_6090,MAT_6091,uses_material,0.5,False,,Worldwide,,Confirmed,ГП №1_2026_d.pdf,High,2026-07-03
PRO_6090,MAT_4116,uses_material,0.5,False,,Worldwide,,Confirmed,ГП №1_2026_d.pdf,High,2026-07-03
EXP_6092,PUB_6077,described_in,0.5,False,,Russia,,Confirmed,ГП №1_2026_d.pdf,High,2026-07-03
FAC_2621,PUB_6077,researched_by,0.5,False,,Russia,,Confirmed,ГП №1_2026_d.pdf,High,2026-07-03
FAC_6093,MAT_6094,operates_at_condition,0.5,False,"толщина ЛМ – 6,5 м, температура фазовых переходов влаги –1°С",Russia,,Confirmed,ГП №1_2026_d.pdf,High,2026-07-03
FAC_6093,MAT_6095,operates_at_condition,0.5,False,"толщина отсыпки 2 и 2,5 м",Russia,,Confirmed,ГП №1_2026_d.pdf,High,2026-07-03
PRO_6096,MAT_6094,uses_material,0.5,False,,Russia,,Confirmed,ГП №1_2026_d.pdf,High,2026-07-03
PRO_6096,MAT_6095,uses_material,0.5,False,,Russia,,Confirmed,ГП №1_2026_d.pdf,High,2026-07-03
PRO_6101,MAT_6102,produces_output,0.5,False,"В экстремальных климатических, геокриологических и геотехнологических условиях",Russia,,Confirmed,ГП №1_2026_d.pdf,High,2026-07-03
MAT_6102,PRO_6104,operates_at_condition,0.5,False,Высокая несущая способность,Russia,,Confirmed,ГП №1_2026_d.pdf,High,2026-07-03
EXP_6105,MAT_6102,described_in,0.5,False,Для сохранения круглогодичного мерзлого состояния,Russia,,Confirmed,ГП №1_2026_d.pdf,High,2026-07-03
EXP_6107,FAC_2320,researched_by,0.5,False,,Russia,,Confirmed,ГП №1_2026_d.pdf,High,2026-07-03
EXP_6108,PUB_5986,researched_by,0.5,False,,Russia,,Confirmed,ГП №1_2026_d.pdf,High,2026-07-03
EXP_6109,PUB_5986,researched_by,0.5,False,,Russia,,Confirmed,ГП №1_2026_d.pdf,High,2026-07-03
FAC_2320,EQU_6112,uses_material,0.5,False,,Russia,,Confirmed,ГП №1_2026_d.pdf,High,2026-07-03
FAC_2320,EQU_6113,uses_material,0.5,False,,Russia,,Confirmed,ГП №1_2026_d.pdf,High,2026-07-03
FAC_2320,PRO_6110,operates_at_condition,0.5,False,,Russia,,Confirmed,ГП №1_2026_d.pdf,High,2026-07-03
FAC_2320,PRO_6111,operates_at_condition,0.5,False,,Russia,,Confirmed,ГП №1_2026_d.pdf,High,2026-07-03
MAT_6115,PRO_2673,uses_material,0.5,False,Нестабильные глинистые и аргиллитовые породы,Worldwide,Концентрация 1–3 кг/м³,Partially_Confirmed,ГП №1_2026_d.pdf,High,2026-07-03
MAT_6115,FAC_6116,operates_at_condition,0.5,False,Крепость пород до 13 по Протодьяконову,Worldwide,,Partially_Confirmed,ГП №1_2026_d.pdf,High,2026-07-03
MAT_6115,FAC_6117,operates_at_condition,0.5,False,"Глубина скважин до 65 м, глубина водоносного горизонта 8 м",Worldwide,,Partially_Confirmed,ГП №1_2026_d.pdf,High,2026-07-03
MAT_6115,PRO_2673,uses_material,0.5,False,Концентрация 1–3 кг/м³,Russia,1–3 кг/м³,Confirmed,ГП №1_2026_d.pdf,High,2026-07-03
EXP_6119,MAT_6115,validated_by,0.5,False,,Russia,,Confirmed,ГП №1_2026_d.pdf,High,2026-07-03
PRO_2673,EQU_6118,produces_output,0.5,False,,Worldwide,,Confirmed,ГП №1_2026_d.pdf,High,2026-07-03
MAT_6115,PRO_2673,uses_material,0.5,False,Оптимальный диапазон концентраций 1–3 кг/м³,Worldwide,1–3 кг/м³,Confirmed,ГП №1_2026_d.pdf,High,2026-07-03
MAT_6115,PRO_6121,produces_output,0.5,False,"При концентрациях выше 2,5 кг/м³ рост адгезии замедляется",Worldwide,"1–2,5 кг/м³",Confirmed,ГП №1_2026_d.pdf,High,2026-07-03
MAT_6115,PRO_6122,uses_material,0.5,False,Концентрация: 1–3 кг/м³,Worldwide,1–3 кг/м³,Confirmed,ГП №1_2026_d.pdf,High,2026-07-03
MAT_6115,EQU_6123,operates_at_condition,0.5,False,Метод введения: через трубы при поднятом керноприемнике,Worldwide,,Confirmed,ГП №1_2026_d.pdf,High,2026-07-03
MAT_6115,PRO_6121,produces_output,0.5,False,"Концентрация: 0,5–2 кг/м³",Worldwide,"0,5–2 кг/м³",Confirmed,ГП №1_2026_d.pdf,High,2026-07-03
EXP_6124,MAT_6115,validated_by,0.5,False,,Worldwide,,Confirmed,ГП №1_2026_d.pdf,High,2026-07-03
PRO_4796,EQU_6130,uses_material,0.5,False,,Worldwide,,Confirmed,ГП №1_2026_d.pdf,High,2026-07-03
PRO_4796,TEC_5475,uses_material,0.5,False,,Worldwide,,Confirmed,ГП №1_2026_d.pdf,High,2026-07-03
PRO_1775,FAC_3261,uses_material,0.5,False,,Worldwide,,Confirmed,ГП №1_2026_d.pdf,High,2026-07-03
PUB_5986,PRO_1775,described_in,0.5,False,,Russia,,Confirmed,ГП №1_2026_d.pdf,High,2026-07-03
PUB_6077,PRO_3503,described_in,0.5,False,,Worldwide,,Confirmed,ГП №1_2026_d.pdf,High,2026-07-03
PRO_1115,PUB_6077,described_in,0.5,False,,Worldwide,,Confirmed,ГП №1_2026_d.pdf,High,2026-07-03
PRO_1115,EQU_6134,uses_material,0.5,False,,Worldwide,,Confirmed,ГП №1_2026_d.pdf,High,2026-07-03
PRO_1115,EQU_6135,uses_material,0.5,False,,Worldwide,,Confirmed,ГП №1_2026_d.pdf,High,2026-07-03
PRO_1115,EQU_6136,uses_material,0.5,False,,Worldwide,,Confirmed,ГП №1_2026_d.pdf,High,2026-07-03
PRO_1115,EQU_6137,uses_material,0.5,False,,Worldwide,,Confirmed,ГП №1_2026_d.pdf,High,2026-07-03
PRO_1115,PRO_1783,uses_material,0.5,False,,Worldwide,,Confirmed,ГП №1_2026_d.pdf,High,2026-07-03
PRO_6138,EQU_6139,uses_material,0.5,False,,Worldwide,,Confirmed,ГП №1_2026_d.pdf,High,2026-07-03
PRO_6138,EQU_6140,uses_material,0.5,False,,Worldwide,,Confirmed,ГП №1_2026_d.pdf,High,2026-07-03
PRO_6138,EQU_6141,uses_material,0.5,False,,Worldwide,,Confirmed,ГП №1_2026_d.pdf,High,2026-07-03
PRO_6138,EQU_6142,uses_material,0.5,False,,Worldwide,,Confirmed,ГП №1_2026_d.pdf,High,2026-07-03
PRO_6138,EQU_6143,uses_material,0.5,False,,Worldwide,,Confirmed,ГП №1_2026_d.pdf,High,2026-07-03
FAC_6146,PRO_6147,uses_material,0.5,False,"Экстремальные климатические условия, труднодоступность территорий",Russia,,Unverified,ГП №1_2026_d.pdf,High,2026-07-03
FAC_6149,PRO_6148,operates_at_condition,0.5,False,В экстремальных условиях Крайнего Севера,Russia,10–200 тыс. т/г,Confirmed,ГП №1_2026_d.pdf,High,2026-07-03
FAC_3024,PUB_895,produces_output,0.5,False,В условиях Крайнего Севера,Russia,10–200 тыс. т/год,Confirmed,ГП №1_2026_d.pdf,High,2026-07-03
FAC_6152,PRO_6151,operates_at_condition,0.5,False,В отдаленных арктических районах,Russia,,Confirmed,ГП №1_2026_d.pdf,High,2026-07-03
MAT_3604,PRO_6156,uses_material,0.5,False,,Russia,,Confirmed,ГП №1_2026_d.pdf,High,2026-07-03
FAC_6157,MAT_3604,researched_by,0.5,False,,Russia,,Confirmed,ГП №1_2026_d.pdf,High,2026-07-03
FAC_3024,PRO_2232,operates_at_condition,0.5,False,Арктические условия,Russia,,Unverified,ГП №1_2026_d.pdf,High,2026-07-03
FAC_3024,EQU_6158,uses_material,0.5,False,,Russia,,Unverified,ГП №1_2026_d.pdf,High,2026-07-03
MAT_6159,PRO_4102,produces_output,0.5,False,,Russia,,Confirmed,ГП №1_2026_d.pdf,High,2026-07-03
MAT_6159,PRO_6156,produces_output,0.5,False,,Russia,,Confirmed,ГП №1_2026_d.pdf,High,2026-07-03
PRO_6156,MAT_6159,uses_material,0.5,False,,Russia,,Confirmed,ГП №1_2026_d.pdf,High,2026-07-03
PRO_6161,EQU_6162,uses_material,0.5,False,,Worldwide,,Confirmed,ГП №1_2026_d.pdf,High,2026-07-03
PRO_6161,MAT_6163,produces_output,0.5,False,,Worldwide,,Confirmed,ГП №1_2026_d.pdf,High,2026-07-03
MAT_6163,EQU_6162,operates_at_condition,0.5,False,напряженность поля 1300 Э,Worldwide,,Confirmed,ГП №1_2026_d.pdf,High,2026-07-03
MAT_6167,MAT_2044,researched_by,0.5,False,,Worldwide,,Unverified,ГП №1_2026_d.pdf,High,2026-07-03
MAT_2044,PRO_4102,uses_material,0.5,False,,Worldwide,,Unverified,ГП №1_2026_d.pdf,High,2026-07-03
PRO_4102,EQU_6168,operates_at_condition,0.5,False,,Worldwide,,Unverified,ГП №1_2026_d.pdf,High,2026-07-03
EXP_6169,MAT_2044,produces_output,0.5,False,"дробленая руда измельчалась до крупности –0,315 мм",Russia,,Unverified,ГП №1_2026_d.pdf,High,2026-07-03
PRO_6171,MAT_6170,uses_material,0.5,False,напряженность поля 900 Э,Worldwide,,Confirmed,ГП №1_2026_d.pdf,High,2026-07-03
PRO_6156,MAT_6170,uses_material,0.5,False,,Worldwide,,Confirmed,ГП №1_2026_d.pdf,High,2026-07-03
EQU_6172,PRO_6171,operates_at_condition,0.5,False,напряженность поля 1300 Э,Worldwide,,Confirmed,ГП №1_2026_d.pdf,High,2026-07-03
MAT_6159,PRO_6173,uses_material,0.5,False,,Russia,,Confirmed,ГП №1_2026_d.pdf,High,2026-07-03
PRO_6173,MAT_6159,produces_output,0.5,False,прирост качества на 2–3% по Feобщ,Russia,,Confirmed,ГП №1_2026_d.pdf,High,2026-07-03
MAT_6159,PRO_6171,uses_material,0.5,False,,Russia,,Confirmed,ГП №1_2026_d.pdf,High,2026-07-03
PRO_6171,EQU_6162,operates_at_condition,0.5,False,,Russia,,Confirmed,ГП №1_2026_d.pdf,High,2026-07-03
PRO_6156,MAT_6170,produces_output,0.5,False,Последовательное снижение напряженности магнитного поля сепаратора от 1000 до 600 Э,Russia,,Confirmed,ГП №1_2026_d.pdf,High,2026-07-03
PRO_6156,PUB_6077,described_in,0.5,False,,Russia,,Confirmed,ГП №1_2026_d.pdf,High,2026-07-03
PRO_6179,MAT_6181,uses_material,0.5,False,"при ширине целиков 10,4 м",Worldwide,,Confirmed,ГП №1_2026_d.pdf,High,2026-07-03
PRO_6180,MAT_6181,uses_material,0.5,False,"при ширине целиков 12,8 м",Worldwide,,Confirmed,ГП №1_2026_d.pdf,High,2026-07-03
PRO_6182,MAT_1399,uses_material,0.5,False,,Worldwide,,Confirmed,ГП №1_2026_d.pdf,High,2026-07-03
PRO_6183,MAT_1399,uses_material,0.5,False,,Worldwide,,Confirmed,ГП №1_2026_d.pdf,High,2026-07-03
MAT_1399,MAT_5645,produces_output,0.5,False,,Worldwide,,Confirmed,ГП №1_2026_d.pdf,High,2026-07-03
PRO_6187,PUB_6186,researched_by,0.5,False,,Russia,,Confirmed,ГП №1_2026_d.pdf,High,2026-07-03
PRO_6,PUB_6186,researched_by,0.5,False,,Russia,,Confirmed,ГП №1_2026_d.pdf,High,2026-07-03
FAC_6188,PUB_6186,operates_at_condition,0.5,False,,Russia,,Confirmed,ГП №1_2026_d.pdf,High,2026-07-03
FAC_6189,PRO_6190,uses_material,0.5,False,,Russia,,Confirmed,ГП №1_2026_d.pdf,High,2026-07-03
PRO_6190,PRO_6191,operates_at_condition,0.5,False,,Russia,,Confirmed,ГП №1_2026_d.pdf,High,2026-07-03
PRO_6192,PRO_6191,researched_by,0.5,False,,Worldwide,,Confirmed,ГП №1_2026_d.pdf,High,2026-07-03
EXP_6193,MAT_6194,uses_material,0.5,False,,Russia,,Confirmed,ГП №1_2026_d.pdf,High,2026-07-03
EXP_6193,EQU_126,operates_at_condition,0.5,False,Подземные условия медно-колчеданных рудников Урала,Russia,,Confirmed,ГП №1_2026_d.pdf,High,2026-07-03
EXP_6193,PRO_6195,validated_by,0.5,False,,Russia,,Confirmed,ГП №1_2026_d.pdf,High,2026-07-03
PRO_3250,MAT_3224,uses_material,0.5,False,,Worldwide,,Confirmed,ГП №1_2026_d.pdf,High,2026-07-03
MAT_3224,PRO_6196,produces_output,0.5,False,"Прочность закладки 5,2 МПа",Worldwide,,Confirmed,ГП №1_2026_d.pdf,High,2026-07-03
PRO_6200,FAC_6201,researched_by,0.5,False,,Worldwide,,Confirmed,ГП №1_2026_d.pdf,High,2026-07-03
PRO_6202,EQU_1485,uses_material,0.5,False,,Worldwide,,Confirmed,ГП №1_2026_d.pdf,High,2026-07-03
PRO_6202,EQU_2334,uses_material,0.5,False,,Worldwide,,Confirmed,ГП №1_2026_d.pdf,High,2026-07-03
FAC_6203,PRO_6200,researched_by,0.5,False,,Russia,,Confirmed,ГП №1_2026_d.pdf,High,2026-07-03
PRO_6200,EQU_5146,uses_material,0.5,False,,Russia,,Confirmed,ГП №1_2026_d.pdf,High,2026-07-03
PRO_1681,EQU_3156,uses_material,0.5,False,,Worldwide,,Confirmed,ГП №1_2026_d.pdf,High,2026-07-03
PRO_1681,MAT_1399,operates_at_condition,0.5,False,Точное соблюдение плановых заданий,Worldwide,,Confirmed,ГП №1_2026_d.pdf,High,2026-07-03
MAT_1399,PRO_6204,produces_output,0.5,False,"Пропорции смешивания богатых руд, окисленных кварцитов и неокисленных кварцитов",Worldwide,,Confirmed,ГП №1_2026_d.pdf,High,2026-07-03
EQU_5146,PRO_1681,uses_material,0.5,False,,Worldwide,,Confirmed,ГП №1_2026_d.pdf,High,2026-07-03
EQU_6205,PRO_1681,uses_material,0.5,False,,Worldwide,,Confirmed,ГП №1_2026_d.pdf,High,2026-07-03
PRO_1681,PUB_142,described_in,0.5,False,,Worldwide,,Confirmed,ГП №1_2026_d.pdf,High,2026-07-03
PRO_6207,FAC_6206,researched_by,0.5,False,,Russia,,Confirmed,ГП №1_2026_d.pdf,High,2026-07-03
PRO_6208,EQU_5146,operates_at_condition,0.5,False,Использование DQN-агента для оптимизации маршрутов и распределения нагрузки,Worldwide,,Confirmed,ГП №1_2026_d.pdf,High,2026-07-03
PRO_6208,FAC_6209,produces_output,0.5,False,"Увеличение производительности на 11,93% и сокращение очередей на 41,90%",Russia,,Confirmed,ГП №1_2026_d.pdf,High,2026-07-03
PRO_6210,EQU_5146,uses_material,0.5,False,"Транспортные циклы 25–35 мин, перепад высот более 400 м",Worldwide,,Confirmed,ГП №1_2026_d.pdf,High,2026-07-03
PRO_6210,EQU_2334,uses_material,0.5,False,"Транспортные циклы 25–35 мин, перепад высот более 400 м",Worldwide,,Confirmed,ГП №1_2026_d.pdf,High,2026-07-03
EQU_6213,PRO_6212,uses_material,0.5,False,,Worldwide,,Confirmed,ГП №1_2026_d.pdf,High,2026-07-03
EXP_6214,PRO_6212,validated_by,0.5,False,,Worldwide,,Confirmed,ГП №1_2026_d.pdf,High,2026-07-03
PRO_6216,MAT_6215,uses_material,0.5,False,,Worldwide,,Confirmed,ГП №1_2026_d.pdf,High,2026-07-03
EQU_6217,PRO_6218,produces_output,0.5,False,,Worldwide,,Confirmed,ГП №1_2026_d.pdf,High,2026-07-03
EXP_6219,MAT_6215,researched_by,0.5,False,,Worldwide,,Confirmed,ГП №1_2026_d.pdf,High,2026-07-03
PRO_6221,MAT_5681,produces_output,0.5,False,"диапазон концентраций 5,2–28,7 мг/кг",Worldwide,,Confirmed,ГП №1_2026_d.pdf,High,2026-07-03
PRO_6222,MAT_5645,produces_output,0.5,False,"диапазон Cu 0,002–0,018 мг/л",Worldwide,,Confirmed,ГП №1_2026_d.pdf,High,2026-07-03
MAT_6227,PRO_6231,uses_material,0.5,False,Для гиперспектральной классификации,Worldwide,,Confirmed,ГП №1_2026_d.pdf,High,2026-07-03
MAT_6228,PRO_6231,uses_material,0.5,False,Для гиперспектральной классификации,Worldwide,,Confirmed,ГП №1_2026_d.pdf,High,2026-07-03
MAT_6229,PRO_6231,uses_material,0.5,False,Для гиперспектральной классификации,Worldwide,,Confirmed,ГП №1_2026_d.pdf,High,2026-07-03
MAT_6230,PRO_6231,uses_material,0.5,False,Для гиперспектральной классификации,Worldwide,,Confirmed,ГП №1_2026_d.pdf,High,2026-07-03
PRO_6232,MAT_5781,uses_material,0.5,False,,Worldwide,,Confirmed,ГП №1_2026_d.pdf,High,2026-07-03
EQU_2517,PRO_6232,operates_at_condition,0.5,False,Спектральный диапазон 400–2500 нм,Worldwide,,Confirmed,ГП №1_2026_d.pdf,High,2026-07-03
EXP_6234,MAT_5781,researched_by,0.5,False,,Worldwide,,Confirmed,ГП №1_2026_d.pdf,High,2026-07-03
PRO_6239,MAT_6227,uses_material,0.5,False,,Worldwide,,Confirmed,ГП №1_2026_d.pdf,High,2026-07-03
PRO_6239,MAT_6229,uses_material,0.5,False,,Worldwide,,Confirmed,ГП №1_2026_d.pdf,High,2026-07-03
PRO_6239,EQU_6240,operates_at_condition,0.5,False,Использование спутника для гиперспектральной съёмки,Worldwide,,Confirmed,ГП №1_2026_d.pdf,High,2026-07-03
PRO_6239,EQU_6241,operates_at_condition,0.5,False,Использование спутника для гиперспектральной съёмки,Worldwide,,Confirmed,ГП №1_2026_d.pdf,High,2026-07-03
MAT_6244,EQU_3156,uses_material,0.5,False,,Russia,,Confirmed,ГП №1_2026_d.pdf,High,2026-07-03
PRO_6245,MAT_6244,researched_by,0.5,False,,Russia,,Confirmed,ГП №1_2026_d.pdf,High,2026-07-03
EXP_6246,EQU_3156,operates_at_condition,0.5,False,"Климатические, инфраструктурные и производственные факторы региона",Russia,,Confirmed,ГП №1_2026_d.pdf,High,2026-07-03
MAT_6244,MAT_6248,uses_material,0.5,False,,Worldwide,,Confirmed,ГП №1_2026_d.pdf,High,2026-07-03
PRO_6249,MAT_6248,produces_output,0.5,False,Использование возобновляемых источников энергии,Worldwide,,Confirmed,ГП №1_2026_d.pdf,High,2026-07-03
EXP_6251,MAT_6244,validated_by,0.5,False,,Russia,,Partially_Confirmed,ГП №1_2026_d.pdf,High,2026-07-03
MAT_6244,PRO_6254,uses_material,0.5,False,,Worldwide,,Confirmed,ГП №1_2026_d.pdf,High,2026-07-03
MAT_6257,EQU_6259,uses_material,0.5,False,,Worldwide,,Confirmed,ГП №1_2026_d.pdf,High,2026-07-03
PRO_6258,EQU_6259,produces_output,0.5,False,,Worldwide,,Confirmed,ГП №1_2026_d.pdf,High,2026-07-03
EQU_6259,PRO_6260,operates_at_condition,0.5,False,Температура окружающей среды,Russia,-40°C до +20°C,Confirmed,ГП №1_2026_d.pdf,High,2026-07-03
EQU_3156,MAT_6248,uses_material,0.5,False,,Russia,,Confirmed,ГП №1_2026_d.pdf,High,2026-07-03
PRO_6262,PRO_3263,operates_at_condition,0.5,False,"температуры от –42 °C до +28 °C, влажность 72–85%, ветровые нагрузки выше 15 м/с",Russia,,Confirmed,ГП №1_2026_d.pdf,High,2026-07-03
EXP_6263,MAT_6248,validated_by,0.5,False,,Russia,,Confirmed,ГП №1_2026_d.pdf,High,2026-07-03
EQU_6265,MAT_6248,uses_material,0.5,False,,Worldwide,,Confirmed,ГП №1_2026_d.pdf,High,2026-07-03
PRO_6264,MAT_6248,produces_output,0.5,False,на электроэнергии Кольской АЭС,Russia,,Confirmed,ГП №1_2026_d.pdf,High,2026-07-03
EQU_6267,MAT_6248,uses_material,0.5,False,,Worldwide,,Confirmed,ГП №1_2026_d.pdf,High,2026-07-03
PRO_6264,MAT_6248,produces_output,0.5,False,На электроэнергии Кольской АЭС,Russia,"0,03–0,04 долл/кВт·ч",Confirmed,ГП №1_2026_d.pdf,High,2026-07-03
PRO_875,MAT_6268,operates_at_condition,0.5,False,Низкочастотная вибрация,Worldwide,,Confirmed,ГП №1_2026_d.pdf,High,2026-07-03
PRO_875,PRO_6269,produces_output,0.5,False,,Worldwide,,Confirmed,ГП №1_2026_d.pdf,High,2026-07-03
EXP_6270,PRO_875,researched_by,0.5,False,,Worldwide,,Confirmed,ГП №1_2026_d.pdf,High,2026-07-03
PRO_6276,PUB_895,operates_at_condition,0.5,False,"Частота вибрации: 1–100 Гц, амплитуда: 3,9–0,4 мм",Worldwide,,Confirmed,ГП №1_2026_d.pdf,High,2026-07-03
EXP_6277,PRO_6276,validated_by,0.5,False,,Worldwide,,Confirmed,ГП №1_2026_d.pdf,High,2026-07-03
PRO_3074,FAC_6278,researched_by,0.5,False,,Worldwide,,Confirmed,ГП №1_2026_d.pdf,High,2026-07-03
PUB_6077,PRO_3074,described_in,0.5,False,,Worldwide,,Confirmed,ГП №1_2026_d.pdf,High,2026-07-03
PRO_6276,MAT_880,operates_at_condition,0.5,False,В диапазоне резонансных частот,Worldwide,,Confirmed,ГП №1_2026_d.pdf,High,2026-07-03
PRO_6276,PRO_6281,produces_output,0.5,False,,Worldwide,,Confirmed,ГП №1_2026_d.pdf,High,2026-07-03
PRO_6284,MAT_6283,researched_by,0.5,False,,Worldwide,,Confirmed,ГП №1_2026_d.pdf,High,2026-07-03
PUB_6285,MAT_6283,described_in,0.5,False,,Russia,,Confirmed,ГП №1_2026_d.pdf,High,2026-07-03
PRO_6286,PUB_895,uses_material,0.5,False,,Worldwide,,Confirmed,ГП №1_2026_d.pdf,High,2026-07-03
PRO_6286,EQU_6287,operates_at_condition,0.5,False,"Диапазон частот 0–100 Гц, амплитуда 0,1–3,9 мм",Worldwide,,Confirmed,ГП №1_2026_d.pdf,High,2026-07-03
EXP_6288,PRO_6286,validated_by,0.5,False,,Worldwide,,Confirmed,ГП №1_2026_d.pdf,High,2026-07-03
PRO_6289,PRO_6290,produces_output,0.5,False,"Порог P > 0,65 оптимален для региональных поисковых работ, P > 0,85 – для детального опоискования с ограниченным финансированием",Worldwide,"P > 0,50 до P > 0,95",Confirmed,ГП №1_2026_d.pdf,High,2026-07-03
FAC_6278,MAT_6291,contains,0.5,False,,Worldwide,,Confirmed,ГП №1_2026_d.pdf,High,2026-07-03
FAC_6278,MAT_6292,contains,0.5,False,,Worldwide,,Confirmed,ГП №1_2026_d.pdf,High,2026-07-03
FAC_6278,MAT_6293,contains,0.5,False,,Worldwide,,Confirmed,ГП №1_2026_d.pdf,High,2026-07-03
PRO_6289,MAT_6298,researched_by,0.5,False,,Worldwide,,Confirmed,ГП №1_2026_d.pdf,High,2026-07-03
MAT_6298,FAC_6278,produces_output,0.5,False,,Russia,,Confirmed,ГП №1_2026_d.pdf,High,2026-07-03
PUB_6302,PRO_6303,described_in,0.5,False,,Worldwide,,Confirmed,ГП №1_2026_d.pdf,High,2026-07-03
PRO_6303,PRO_6304,researched_by,0.5,False,,Worldwide,,Confirmed,ГП №1_2026_d.pdf,High,2026-07-03
EXP_6305,PRO_6303,validated_by,0.5,False,Использование маркеров-датчиков для определения горизонтального смещения горной массы,Worldwide,,Confirmed,ГП №1_2026_d.pdf,High,2026-07-03
PRO_6289,EQU_6306,operates_at_condition,0.5,False,Обучение проводилось на 150 эпохах с размером батча 32.,Worldwide,,Confirmed,ГП №1_2026_d.pdf,High,2026-07-03
PRO_6289,PUB_5986,described_in,0.5,False,,Worldwide,,Confirmed,ГП №1_2026_d.pdf,High,2026-07-03
PRO_6307,PRO_6308,researched_by,0.5,False,,Worldwide,,Confirmed,ГП №1_2026_d.pdf,High,2026-07-03
PRO_6307,EQU_5343,uses_material,0.5,False,,Worldwide,,Confirmed,ГП №1_2026_d.pdf,High,2026-07-03
EXP_6309,PRO_6308,validated_by,0.5,False,"Высота уступа: 8-9 м, диаметр скважин: 200 мм, расстояние между рядами скважин: 4,5-6,1 м, расстояние между скважинами в ряду: 4,7-6,9 м, удельный расход взрывчатых веществ: 0,78-1,31 кг/м³",Worldwide,,Confirmed,ГП №1_2026_d.pdf,High,2026-07-03
MAT_961,PRO_6310,operates_at_condition,0.5,False,,Worldwide,,Unverified,ГП №1_2026_d.pdf,High,2026-07-03
PRO_6311,PRO_6312,optimal_parameter,0.5,False,,Worldwide,,Confirmed,ГП №1_2026_d.pdf,High,2026-07-03
PRO_6311,PRO_6313,optimal_parameter,0.5,False,,Worldwide,,Confirmed,ГП №1_2026_d.pdf,High,2026-07-03
PRO_6314,EXP_6315,researched_by,0.5,False,"Глубина нарушенной зоны составляет 1–1,5 м, наиболее вероятный тип поля напряжений — равнокомпонентный",Russia,,Confirmed,ГП №1_2026_d.pdf,High,2026-07-03
PUB_6316,PRO_6314,described_in,0.5,False,,Russia,,Confirmed,ГП №1_2026_d.pdf,High,2026-07-03
EXP_6317,PRO_6311,researched_by,0.5,False,,Worldwide,,Confirmed,ГП №1_2026_d.pdf,High,2026-07-03
PRO_6311,PRO_6318,operates_at_condition,0.5,False,"Корреляция -0,795",Worldwide,,Confirmed,ГП №1_2026_d.pdf,High,2026-07-03
PRO_6311,PRO_6319,operates_at_condition,0.5,False,"Корреляция 0,829",Worldwide,,Confirmed,ГП №1_2026_d.pdf,High,2026-07-03
PRO_6311,PRO_6320,operates_at_condition,0.5,False,"Корреляция -0,977",Worldwide,,Confirmed,ГП №1_2026_d.pdf,High,2026-07-03
PRO_6311,PRO_6321,operates_at_condition,0.5,False,"Корреляция -0,767",Worldwide,,Confirmed,ГП №1_2026_d.pdf,High,2026-07-03
PRO_6329,PRO_6311,operates_at_condition,0.5,False,"Для массивных не трещиноватых горных пород Jn = 0,5, для разрушенного сильнотрещиноватого массива горных пород Jn = 20",Worldwide,0.5-20,Confirmed,ГП №1_2026_d.pdf,High,2026-07-03
PRO_6330,PRO_6311,operates_at_condition,0.5,False,"Для плоской поверхности трещин Jr = 0,5, для неровной поверхности Jr = 4,0",Worldwide,0.5-4.0,Confirmed,ГП №1_2026_d.pdf,High,2026-07-03
PRO_6331,PRO_6311,operates_at_condition,0.5,False,"Без изменения поверхности трещин в горной породе Ja = 0,75, при изменении поверхности трещин, в т.ч. при включении глины Ja = 20,0",Worldwide,0.75-20.0,Confirmed,ГП №1_2026_d.pdf,High,2026-07-03
PRO_6332,PRO_6311,operates_at_condition,0.5,False,"При необводненном массиве горных пород или с незначительными притоком (до 5 л/мин) и давлением (менее 1,0 кг/см2) Jw = 1,0. При интенсивном водном притоке или давлении более 10,0 кг/см2 Jw = 0,1–0,05",Worldwide,0.1-1.0,Confirmed,ГП №1_2026_d.pdf,High,2026-07-03
PRO_6333,PRO_6311,operates_at_condition,0.5,False,"В горных крепких породах (без глины и глубиной выемки более 50 м) SRF = 2,5. В случае наличия многочисленных имеющихся зон ослабления горных пород, содержащих глину, разрушенную или рыхлую породу на любой глубине, SRF = 10,0, а при определенных состояниях напряженности массива горных пород SRF может быть увеличен до 20,0",Worldwide,2.5-20.0,Confirmed,ГП №1_2026_d.pdf,High,2026-07-03
PRO_2090,FAC_6335,operates_at_condition,0.5,False,Глубина порядка 2 км от дневной поверхности,Russia,,Confirmed,ГП №1_2026_d.pdf,High,2026-07-03
PRO_2090,EQU_8,uses_material,0.5,False,,Russia,,Confirmed,ГП №1_2026_d.pdf,High,2026-07-03
PRO_508,PRO_6338,produces_output,0.5,False,,Worldwide,,Confirmed,ГП №1_2026_d.pdf,High,2026-07-03
EXP_6336,PRO_6338,validated_by,0.5,False,,Worldwide,,Confirmed,ГП №1_2026_d.pdf,High,2026-07-03
EQU_6337,EXP_6336,uses_material,0.5,False,Повышенные температуры,Worldwide,,Confirmed,ГП №1_2026_d.pdf,High,2026-07-03
MAT_6339,PRO_6340,operates_at_condition,0.5,False,"температура 18–22 °С, относительная влажность воздуха не менее 90%",Worldwide,,Confirmed,ГП №1_2026_d.pdf,High,2026-07-03
EQU_6341,PRO_6340,uses_material,0.5,False,,Worldwide,,Confirmed,ГП №1_2026_d.pdf,High,2026-07-03
PRO_6340,PRO_6342,produces_output,0.5,False,,Worldwide,,Confirmed,ГП №1_2026_d.pdf,High,2026-07-03
PRO_6344,MAT_6339,operates_at_condition,0.5,False,"Температура до 50 °C, влажность 22–31%",Worldwide,,Confirmed,ГП №1_2026_d.pdf,High,2026-07-03
EXP_6345,PRO_6344,validated_by,0.5,False,,Worldwide,,Confirmed,ГП №1_2026_d.pdf,High,2026-07-03
PRO_6346,MAT_6339,researched_by,0.5,False,в натурных условиях,Worldwide,,Confirmed,ГП №1_2026_d.pdf,High,2026-07-03
EXP_6347,PRO_5907,validated_by,0.5,False,,Worldwide,,Confirmed,ГП №1_2026_d.pdf,High,2026-07-03
EQU_6348,MAT_441,operates_at_condition,0.5,False,"Глубина фрезерования 0,4 м, ширина захвата 1,5-2 м",Worldwide,,Confirmed,ГП №1_2026_d.pdf,High,2026-07-03
EQU_6348,PRO_6349,produces_output,0.5,False,,Worldwide,,Confirmed,ГП №1_2026_d.pdf,High,2026-07-03
PRO_6349,EQU_6350,uses_material,0.5,False,,Worldwide,,Confirmed,ГП №1_2026_d.pdf,High,2026-07-03
EQU_6350,MAT_273,operates_at_condition,0.5,False,Глубина резания: 1 и 2 см,Worldwide,,Confirmed,ГП №1_2026_d.pdf,High,2026-07-03
EQU_6352,MAT_6351,uses_material,0.5,False,,Worldwide,,Confirmed,ГП №1_2026_d.pdf,High,2026-07-03
EQU_6352,PRO_1154,operates_at_condition,0.5,False,,Worldwide,,Confirmed,ГП №1_2026_d.pdf,High,2026-07-03
EXP_6353,EQU_6352,validated_by,0.5,False,,Worldwide,,Confirmed,ГП №1_2026_d.pdf,High,2026-07-03
PUB_6354,EXP_6353,described_in,0.5,False,,Worldwide,,Confirmed,ГП №1_2026_d.pdf,High,2026-07-03
EQU_6355,PRO_6356,uses_material,0.5,False,Глубина резания: 1 и 2 см,Worldwide,,Confirmed,ГП №1_2026_d.pdf,High,2026-07-03
EQU_6355,MAT_441,operates_at_condition,0.5,False,Глубина резания: 1 и 2 см,Worldwide,,Confirmed,ГП №1_2026_d.pdf,High,2026-07-03
EQU_810,PRO_6361,operates_at_condition,0.5,False,При характерных природно-климатических и дорожных условиях,Worldwide,,Unverified,ГП №1_2026_d.pdf,High,2026-07-03
EQU_6362,PRO_6363,operates_at_condition,0.5,False,,Worldwide,,Unverified,ГП №1_2026_d.pdf,High,2026-07-03
EQU_810,PRO_5699,operates_at_condition,0.5,False,В процессе эксплуатации,Worldwide,,Confirmed,ГП №1_2026_d.pdf,High,2026-07-03
EQU_810,PRO_6364,uses_material,0.5,False,При интенсивном использовании в сложных условиях,Worldwide,,Confirmed,ГП №1_2026_d.pdf,High,2026-07-03
PRO_6366,EQU_810,operates_at_condition,0.5,False,Многорежимность эксплуатации,Russia,,Unverified,ГП №1_2026_d.pdf,High,2026-07-03
EXP_6367,PUB_6077,described_in,0.5,False,,Worldwide,,Confirmed,ГП №1_2026_d.pdf,High,2026-07-03
FAC_6370,EQU_6372,uses_material,0.5,False,,Russia,,Unverified,ГП №1_2026_d.pdf,High,2026-07-03
FAC_6370,EQU_6373,uses_material,0.5,False,,Russia,,Unverified,ГП №1_2026_d.pdf,High,2026-07-03
EQU_95,PRO_6122,uses_material,0.5,False,,Worldwide,,Confirmed,ГП №1_2026_d.pdf,High,2026-07-03
PRO_6122,PRO_6378,produces_output,0.5,False,Применение передовых технологий бурения,Turkmenistan,,Confirmed,ГП №1_2026_d.pdf,High,2026-07-03
EXP_6379,PRO_6122,validated_by,0.5,False,,Turkmenistan,,Confirmed,ГП №1_2026_d.pdf,High,2026-07-03
FAC_4291,EQU_1776,operates_at_condition,0.5,False,,Russia,,Confirmed,ГП №1_2026_d.pdf,High,2026-07-03
FAC_6382,PRO_6380,uses_material,0.5,False,,Worldwide,,Confirmed,ГП №1_2026_d.pdf,High,2026-07-03
FAC_6382,PRO_6381,uses_material,0.5,False,,Worldwide,,Confirmed,ГП №1_2026_d.pdf,High,2026-07-03
EQU_6383,FAC_6382,operates_at_condition,0.5,False,Одновременная добыча газа и нефти из трёх горизонтов,Worldwide,,Confirmed,ГП №1_2026_d.pdf,High,2026-07-03
EQU_6389,PRO_6122,uses_material,0.5,False,Ограниченный доступ к электросети,Worldwide,,Confirmed,ГП №1_2026_d.pdf,High,2026-07-03
EQU_6390,PRO_6122,uses_material,0.5,False,Различные условия сложности,Worldwide,,Confirmed,ГП №1_2026_d.pdf,High,2026-07-03
MAT_6392,PRO_6122,uses_material,0.5,False,Твёрдые и прочные породы,Worldwide,,Confirmed,ГП №1_2026_d.pdf,High,2026-07-03
EQU_6393,PRO_2673,uses_material,0.5,False,,Worldwide,,Confirmed,ГП №1_2026_d.pdf,High,2026-07-03
PRO_2673,PRO_6394,produces_output,0.5,False,При определенных условиях эксплуатации,Worldwide,,Confirmed,ГП №1_2026_d.pdf,High,2026-07-03
EXP_6395,PRO_2673,researched_by,0.5,False,,Worldwide,,Confirmed,ГП №1_2026_d.pdf,High,2026-07-03
EXP_6399,PUB_6398,described_in,0.5,False,,Worldwide,,Unverified,№ 01_24.pdf,High,2026-07-03
ORG_6401,PUB_6400,publisher,0.5,False,,Russia,,Confirmed,№ 01_24.pdf,High,2026-07-03
FAC_6405,MAT_6404,operates_at_condition,0.5,False,,Worldwide,,Unverified,№ 01_24.pdf,High,2026-07-03
PRO_6402,PRO_6403,produces_output,0.5,False,,Worldwide,,Unverified,№ 01_24.pdf,High,2026-07-03
EXP_6407,PUB_6406,researched_by,0.5,False,,Worldwide,,Confirmed,№ 01_24.pdf,High,2026-07-03
PRO_2045,MAT_6409,uses_material,0.5,False,,Worldwide,,Confirmed,№ 01_24.pdf,High,2026-07-03
PRO_2045,EQU_6408,uses_material,0.5,False,,Russia,,Confirmed,№ 01_24.pdf,High,2026-07-03
FAC_6410,PUB_896,described_in,0.5,False,,Russia,,Confirmed,№ 01_24.pdf,High,2026-07-03
PRO_5421,PRO_6411,produces_output,0.5,False,,Worldwide,,Unverified,№ 01_24.pdf,High,2026-07-03
PRO_5421,MAT_4644,produces_output,0.5,False,,Worldwide,,Unverified,№ 01_24.pdf,High,2026-07-03
PRO_5421,MAT_6412,produces_output,0.5,False,,Worldwide,,Unverified,№ 01_24.pdf,High,2026-07-03
ORG_6414,PUB_896,described_in,0.5,False,,Russia,,Confirmed,№ 01_24.pdf,High,2026-07-03
PRO_6415,PRO_6416,uses_material,0.5,False,,Worldwide,,Unverified,№ 01_24.pdf,High,2026-07-03
PRO_6415,PRO_6417,uses_material,0.5,False,,Worldwide,,Unverified,№ 01_24.pdf,High,2026-07-03
PRO_6415,PRO_6418,uses_material,0.5,False,,Worldwide,,Unverified,№ 01_24.pdf,High,2026-07-03
PRO_6415,PRO_6419,uses_material,0.5,False,,Worldwide,,Unverified,№ 01_24.pdf,High,2026-07-03
PRO_6421,PUB_6420,described_in,0.5,False,,Russia,,Confirmed,№ 01_24.pdf,High,2026-07-03
PRO_6422,EQU_6423,uses_material,0.5,False,,Worldwide,,Unverified,№ 01_24.pdf,High,2026-07-03
EQU_6423,PRO_6424,operates_at_condition,0.5,False,,Worldwide,,Unverified,№ 01_24.pdf,High,2026-07-03
PRO_4165,PUB_6400,described_in,0.5,False,,Russia,,Confirmed,№ 01_24.pdf,High,2026-07-03
PRO_6427,PUB_6428,described_in,0.5,False,,Worldwide,,Confirmed,№ 01_24.pdf,High,2026-07-03
PRO_6429,PRO_6430,uses_material,0.5,False,,Russia,,Confirmed,№ 01_24.pdf,High,2026-07-03
PRO_6431,EQU_6432,uses_material,0.5,False,,Russia,,Confirmed,№ 01_24.pdf,High,2026-07-03
EQU_6432,FAC_6433,produces_output,0.5,False,,Russia,,Confirmed,№ 01_24.pdf,High,2026-07-03
PRO_6434,PRO_6435,operates_at_condition,0.5,False,При приближении к пределу прочности,Worldwide,,Confirmed,№ 01_24.pdf,High,2026-07-03
PRO_6434,PRO_6436,operates_at_condition,0.5,False,При наличии коэффициента запаса,Worldwide,,Confirmed,№ 01_24.pdf,High,2026-07-03
PRO_6434,PRO_6437,operates_at_condition,0.5,False,При медленном убывании прочности,Worldwide,,Confirmed,№ 01_24.pdf,High,2026-07-03
FAC_6440,PRO_6439,researched_by,0.5,False,,Киргизия,,Confirmed,№ 01_24.pdf,High,2026-07-03
PUB_6441,PRO_6439,described_in,0.5,False,,Worldwide,,Confirmed,№ 01_24.pdf,High,2026-07-03
FAC_6442,PRO_6443,researched_by,0.5,False,,Russia,,Confirmed,№ 01_24.pdf,High,2026-07-03
PRO_6443,EXP_6444,produces_output,0.5,False,,Russia,,Confirmed,№ 01_24.pdf,High,2026-07-03
PUB_6445,FAC_6446,described_in,0.5,False,,Russia,,Confirmed,№ 01_24.pdf,High,2026-07-03
FAC_6447,EQU_6448,uses_material,0.5,False,,Russia,,Confirmed,№ 01_24.pdf,High,2026-07-03
FAC_6447,EQU_6449,uses_material,0.5,False,,Russia,,Confirmed,№ 01_24.pdf,High,2026-07-03
PRO_6450,FAC_6447,operates_at_condition,0.5,False,2012–2021 гг.,Russia,,Confirmed,№ 01_24.pdf,High,2026-07-03
EXP_6455,FAC_6456,researched_by,0.5,False,,Worldwide,,Confirmed,№ 01_24.pdf,High,2026-07-03
EXP_6455,FAC_6457,researched_by,0.5,False,,Worldwide,,Confirmed,№ 01_24.pdf,High,2026-07-03
PRO_6458,EQU_6460,uses_material,0.5,False,,Worldwide,,Confirmed,№ 01_24.pdf,High,2026-07-03
PRO_6459,EQU_6460,uses_material,0.5,False,,Worldwide,,Confirmed,№ 01_24.pdf,High,2026-07-03
PRO_6461,PRO_6462,produces_output,0.5,False,Гравитационное поле напряжений,Worldwide,Значения сжимающих напряжений до 100 МПа,Confirmed,№ 01_24.pdf,High,2026-07-03
MAT_6463,EQU_2096,researched_by,0.5,False,,Worldwide,,Confirmed,№ 01_24.pdf,High,2026-07-03
MAT_6464,PRO_6459,researched_by,0.5,False,,Worldwide,,Confirmed,№ 01_24.pdf,High,2026-07-03
MAT_6463,EQU_8,analyzed_by,0.5,False,,Worldwide,,Confirmed,№ 01_24.pdf,High,2026-07-03
PRO_6465,EXP_6466,validated_by,0.5,False,,Worldwide,,Partially_Confirmed,№ 01_24.pdf,High,2026-07-03
EXP_6466,PRO_6467,produces_output,0.5,False,Ультразвуковой и реометрический методы,Worldwide,1 м,Confirmed,№ 01_24.pdf,High,2026-07-03
FAC_6468,EXP_6469,researched_by,0.5,False,Глубина порядка 2000 м,Russia,,Confirmed,№ 01_24.pdf,High,2026-07-03
PRO_6470,EXP_6469,uses_material,0.5,False,Горизонты –1650 и –1750 м,Russia,,Confirmed,№ 01_24.pdf,High,2026-07-03
PRO_6472,EQU_6473,uses_material,0.5,False,,Russia,,Unverified,№ 01_24.pdf,High,2026-07-03
PRO_6474,EQU_6475,uses_material,0.5,False,,Worldwide,,Unverified,№ 01_24.pdf,High,2026-07-03
EXP_6476,EQU_6475,researched_by,0.5,False,,Worldwide,,Unverified,№ 01_24.pdf,High,2026-07-03
PRO_6478,PRO_6458,uses_material,0.5,False,,Russia,,Confirmed,№ 01_24.pdf,High,2026-07-03
PRO_6478,PRO_6459,uses_material,0.5,False,,Russia,,Confirmed,№ 01_24.pdf,High,2026-07-03
PRO_6480,FAC_6481,uses_material,0.5,False,Глубина разработки месторождений,Worldwide,,Partially_Confirmed,№ 01_24.pdf,High,2026-07-03
PRO_6482,PRO_6483,operates_at_condition,0.5,False,В различных горно-геологических условиях,Worldwide,,Confirmed,№ 01_24.pdf,High,2026-07-03
PRO_6482,PRO_6484,uses_material,0.5,False,,Worldwide,,Confirmed,№ 01_24.pdf,High,2026-07-03
PRO_6486,EXP_6487,researched_by,0.5,False,,Worldwide,,Unverified,№ 01_24.pdf,High,2026-07-03
MAT_6488,FAC_6485,operates_at_condition,0.5,False,,Russia,,Confirmed,№ 01_24.pdf,High,2026-07-03
PRO_12,EQU_6489,uses_material,0.5,False,,Worldwide,,Confirmed,№ 01_24.pdf,High,2026-07-03
PRO_12,MAT_6490,operates_at_condition,0.5,False,Устойчивость вмещающего массива,Worldwide,,Confirmed,№ 01_24.pdf,High,2026-07-03
FAC_6485,PRO_6491,operates_at_condition,0.5,False,Условия Соль-Илецкого рудника,Russia,,Unverified,№ 01_24.pdf,High,2026-07-03
PRO_6492,MAT_3224,uses_material,0.5,False,,Worldwide,,Confirmed,№ 01_24.pdf,High,2026-07-03
EQU_6493,MAT_3224,operates_at_condition,0.5,False,Перемешивание цемента с водой,Worldwide,,Confirmed,№ 01_24.pdf,High,2026-07-03
PRO_6494,MAT_6495,produces_output,0.5,False,,Worldwide,,Confirmed,№ 01_24.pdf,High,2026-07-03
PRO_6494,EQU_6496,uses_material,0.5,False,,Worldwide,,Confirmed,№ 01_24.pdf,High,2026-07-03
PRO_6497,MAT_3224,uses_material,0.5,False,,Worldwide,,Unverified,№ 01_24.pdf,High,2026-07-03
PRO_6497,PRO_3762,produces_output,0.5,False,,Worldwide,,Unverified,№ 01_24.pdf,High,2026-07-03
PUB_6498,PRO_6499,described_in,0.5,False,,Worldwide,,Confirmed,№ 01_24.pdf,High,2026-07-03
PUB_6498,PRO_6500,described_in,0.5,False,,Worldwide,,Confirmed,№ 01_24.pdf,High,2026-07-03
PRO_6500,EQU_6501,operates_at_condition,0.5,False,глубина 600 м,Worldwide,,Confirmed,№ 01_24.pdf,High,2026-07-03
MAT_3224,PRO_6502,uses_material,0.5,False,,Worldwide,,Confirmed,№ 01_24.pdf,High,2026-07-03
MAT_3224,EXP_6503,researched_by,0.5,False,,Russia,,Confirmed,№ 01_24.pdf,High,2026-07-03
PRO_6504,EQU_6505,uses_material,0.5,False,,Worldwide,,Confirmed,№ 01_24.pdf,High,2026-07-03
PRO_3250,MAT_3224,uses_material,0.5,False,,Worldwide,,Confirmed,№ 01_24.pdf,High,2026-07-03
PRO_3250,EQU_6506,produces_output,0.5,False,,Worldwide,,Confirmed,№ 01_24.pdf,High,2026-07-03
PRO_2673,MAT_6507,uses_material,0.5,False,,Worldwide,,Unverified,№ 01_24.pdf,High,2026-07-03
PRO_2673,PRO_6508,produces_output,0.5,False,При бурении скважин наблюдается газовыделение,Worldwide,,Unverified,№ 01_24.pdf,High,2026-07-03
EXP_6509,FAC_6510,researched_by,0.5,False,,Russia,,Confirmed,№ 01_24.pdf,High,2026-07-03
EQU_6505,PRO_6122,uses_material,0.5,False,,Russia,,Confirmed,№ 01_24.pdf,High,2026-07-03
PRO_6122,PRO_6513,produces_output,0.5,False,Концентрация СН4 по окончании бурения составила 15%,Russia,15%,Confirmed,№ 01_24.pdf,High,2026-07-03
MAT_3224,PRO_6494,uses_material,0.5,False,,Russia,,Confirmed,№ 01_24.pdf,High,2026-07-03
PRO_6494,EQU_6514,operates_at_condition,0.5,False,,Russia,,Confirmed,№ 01_24.pdf,High,2026-07-03
MAT_3224,PRO_6515,produces_output,0.5,False,ρз.ц = 3100 кг/м3,Russia,,Confirmed,№ 01_24.pdf,High,2026-07-03
MAT_3224,EXP_6169,validated_by,0.5,False,,Russia,,Confirmed,№ 01_24.pdf,High,2026-07-03
MAT_3224,PUB_896,described_in,0.5,False,,Russia,,Confirmed,№ 01_24.pdf,High,2026-07-03
PRO_6516,EQU_6517,uses_material,0.5,False,,Russia,,Confirmed,№ 01_24.pdf,High,2026-07-03
PRO_6518,MAT_6519,uses_material,0.5,False,,Russia,,Confirmed,№ 01_24.pdf,High,2026-07-03
PRO_6518,FAC_6520,operates_at_condition,0.5,False,Горные работы на различных участках и глубинах,Russia,,Confirmed,№ 01_24.pdf,High,2026-07-03
PRO_1496,MAT_1881,operates_at_condition,0.5,False,Глубина разработки месторождений 1000–2000 м и более,Russia,,Confirmed,№ 01_24.pdf,High,2026-07-03
EXP_6521,MAT_1881,researched_by,0.5,False,,Russia,,Confirmed,№ 01_24.pdf,High,2026-07-03
PRO_1496,FAC_6520,operates_at_condition,0.5,False,Гор. +115 ... +235 м,Russia,,Confirmed,№ 01_24.pdf,High,2026-07-03
PRO_1496,FAC_6522,operates_at_condition,0.5,False,"Гор. –140, –250, –270 и –280 м",Russia,,Confirmed,№ 01_24.pdf,High,2026-07-03
PRO_1496,MAT_6519,uses_material,0.5,False,,Worldwide,,Confirmed,№ 01_24.pdf,High,2026-07-03
PRO_1496,FAC_5484,operates_at_condition,0.5,False,"Гор. –280 м, гор. –250 м, гор. –225/–250 м",Worldwide,,Confirmed,№ 01_24.pdf,High,2026-07-03
EXP_6524,MAT_6523,uses_material,0.5,False,"вязкость жидкостей 9,8·10–4; 0,095 и 0,94 МПа, давление обжатия 3–9 Н/м2·105",Worldwide,,Confirmed,№ 01_24.pdf,High,2026-07-03
EXP_6524,PRO_3363,researched_by,0.5,False,,Worldwide,,Confirmed,№ 01_24.pdf,High,2026-07-03
PRO_6526,MAT_6525,uses_material,0.5,False,Постоянный темп нагнетания,Worldwide,,Unverified,№ 01_24.pdf,High,2026-07-03
MAT_6525,PRO_6527,operates_at_condition,0.5,False,"Вязкость 0,095 и 0,94 МПа",Worldwide,"0,095-0,94 МПа",Unverified,№ 01_24.pdf,High,2026-07-03
PRO_1496,MAT_6519,uses_material,0.5,False,,Russia,,Confirmed,№ 01_24.pdf,High,2026-07-03
PRO_1496,FAC_6522,operates_at_condition,0.5,False,,Russia,,Confirmed,№ 01_24.pdf,High,2026-07-03
PRO_1496,FAC_6520,operates_at_condition,0.5,False,,Russia,,Confirmed,№ 01_24.pdf,High,2026-07-03
PRO_6528,MAT_2123,uses_material,0.5,False,,Russia,,Unverified,№ 01_24.pdf,High,2026-07-03
PRO_6528,PRO_4430,operates_at_condition,0.5,False,,Russia,,Unverified,№ 01_24.pdf,High,2026-07-03
PRO_6528,PRO_6269,operates_at_condition,0.5,False,,Russia,,Unverified,№ 01_24.pdf,High,2026-07-03
PRO_6528,PRO_6529,operates_at_condition,0.5,False,,Russia,,Unverified,№ 01_24.pdf,High,2026-07-03
PRO_6528,PRO_6530,operates_at_condition,0.5,False,,Russia,,Unverified,№ 01_24.pdf,High,2026-07-03
PRO_3363,MAT_1732,uses_material,0.5,False,"Рабочее давление: 29,4·104 Н/м2",Worldwide,,Confirmed,№ 01_24.pdf,High,2026-07-03
PRO_3363,MAT_6531,uses_material,0.5,False,"Вязкость: 0,94 МПа",Worldwide,,Confirmed,№ 01_24.pdf,High,2026-07-03
FAC_6534,PRO_6532,researched_by,0.5,False,,Russia,,Confirmed,№ 01_24.pdf,High,2026-07-03
FAC_6534,EQU_6533,uses_material,0.5,False,,Russia,,Confirmed,№ 01_24.pdf,High,2026-07-03
FAC_6534,EQU_3276,uses_material,0.5,False,,Russia,,Confirmed,№ 01_24.pdf,High,2026-07-03
PRO_6535,EQU_6536,uses_material,0.5,False,Для контроля вертикальных смещений поверхности и локализации участков активных просадок,Worldwide,,Confirmed,№ 01_24.pdf,High,2026-07-03
EXP_6537,PRO_6535,produces_output,0.5,False,Высокая средняя точность порядка 98 % относительно всех энергий и достаточная точность порядка 91 % относительно событий с высокой энергией,Worldwide,,Confirmed,№ 01_24.pdf,High,2026-07-03
PRO_6541,EQU_6542,uses_material,0.5,False,,Worldwide,,Confirmed,№ 01_24.pdf,High,2026-07-03
PRO_6541,EQU_6543,uses_material,0.5,False,,Worldwide,,Confirmed,№ 01_24.pdf,High,2026-07-03
PRO_6541,EQU_6544,uses_material,0.5,False,,Worldwide,,Confirmed,№ 01_24.pdf,High,2026-07-03
PRO_3363,MAT_1732,uses_material,0.5,False,,Worldwide,,Unverified,№ 01_24.pdf,High,2026-07-03
PRO_3363,MAT_6525,uses_material,0.5,False,,Worldwide,,Unverified,№ 01_24.pdf,High,2026-07-03
EQU_6545,PRO_3363,operates_at_condition,0.5,False,Высокое давление,Worldwide,,Unverified,№ 01_24.pdf,High,2026-07-03
PRO_6546,EQU_6547,uses_material,0.5,False,,Worldwide,,Unverified,№ 01_24.pdf,High,2026-07-03
EQU_6549,FAC_6550,uses_material,0.5,False,,Russia,,Confirmed,№ 01_24.pdf,High,2026-07-03
PRO_6552,EQU_6553,uses_material,0.5,False,,Worldwide,,Confirmed,№ 01_24.pdf,High,2026-07-03
PRO_6552,EQU_6554,uses_material,0.5,False,,Worldwide,,Confirmed,№ 01_24.pdf,High,2026-07-03
PRO_6555,EQU_8,uses_material,0.5,False,,Worldwide,,Confirmed,№ 01_24.pdf,High,2026-07-03
PRO_6555,PRO_2427,operates_at_condition,0.5,False,"Модуль упругости 50,3 ГПа; коэффициент Пуассона 0,19; сцепление 38,7 МПа; угол внутреннего трения 36,2°",Worldwide,,Confirmed,№ 01_24.pdf,High,2026-07-03
PRO_94,EQU_6556,uses_material,0.5,False,,Worldwide,,Confirmed,№ 01_24.pdf,High,2026-07-03
PRO_94,EQU_8,validated_by,0.5,False,Верификация полученных данных выполнена при помощи пошагового расчета,Worldwide,,Confirmed,№ 01_24.pdf,High,2026-07-03
PRO_6557,EQU_6558,uses_material,0.5,False,,Worldwide,,Confirmed,№ 01_24.pdf,High,2026-07-03
PRO_6557,EQU_6559,uses_material,0.5,False,,Worldwide,,Confirmed,№ 01_24.pdf,High,2026-07-03
PRO_6557,EQU_40,uses_material,0.5,False,беспроводной и водоустойчивый,Worldwide,,Confirmed,№ 01_24.pdf,High,2026-07-03
PRO_6557,EQU_42,uses_material,0.5,False,беспроводной,Scandinavia,,Confirmed,№ 01_24.pdf,High,2026-07-03
EXP_6562,FAC_6561,researched_by,0.5,False,,Russia,,Confirmed,№ 01_24.pdf,High,2026-07-03
FAC_6561,EQU_5381,uses_material,0.5,False,,Russia,,Confirmed,№ 01_24.pdf,High,2026-07-03
MAT_6563,PRO_12,researched_by,0.5,False,,Worldwide,,Partially_Confirmed,№ 01_24.pdf,High,2026-07-03
MAT_6563,PRO_3869,produces_output,0.5,False,"При коэффициенте трения fтр = 0,3",Worldwide,"86,03 кН",Confirmed,№ 01_24.pdf,High,2026-07-03
MAT_6564,PRO_6565,uses_material,0.5,False,,Worldwide,,Confirmed,№ 01_24.pdf,High,2026-07-03
EQU_6566,MAT_6564,produces_output,0.5,False,,Worldwide,,Confirmed,№ 01_24.pdf,High,2026-07-03
EXP_6567,PRO_3869,validated_by,0.5,False,,Worldwide,,Confirmed,№ 01_24.pdf,High,2026-07-03
MAT_6568,PRO_150,operates_at_condition,0.5,False,,Worldwide,,Unverified,№ 01_24.pdf,High,2026-07-03
MAT_6568,PRO_6569,operates_at_condition,0.5,False,,Worldwide,,Unverified,№ 01_24.pdf,High,2026-07-03
MAT_6579,EXP_6581,researched_by,0.5,False,"толщина стенки 3 мм, сталь Ст20",Worldwide,,Confirmed,№ 01_24.pdf,High,2026-07-03
EXP_6581,EXP_6582,validated_by,0.5,False,,Worldwide,,Confirmed,№ 01_24.pdf,High,2026-07-03
PRO_12,MAT_6583,uses_material,0.5,False,,Worldwide,,Confirmed,№ 01_24.pdf,High,2026-07-03
EXP_6584,MAT_6583,researched_by,0.5,False,,Worldwide,,Confirmed,№ 01_24.pdf,High,2026-07-03
PUB_6585,PRO_12,described_in,0.5,False,,Worldwide,,Confirmed,№ 01_24.pdf,High,2026-07-03
PRO_6586,EQU_8,validated_by,0.5,False,,Russia,,Confirmed,№ 01_24.pdf,High,2026-07-03
PRO_6586,PUB_6400,described_in,0.5,False,,Russia,,Confirmed,№ 01_24.pdf,High,2026-07-03
MAT_6587,PRO_6588,uses_material,0.5,False,,Worldwide,,Unverified,№ 01_24.pdf,High,2026-07-03
PRO_6589,EQU_6591,validated_by,0.5,False,,Worldwide,,Contradicted,№ 01_24.pdf,High,2026-07-03
MAT_6590,EQU_6591,uses_material,0.5,False,Предел текучести > 300 МПа,Worldwide,,Confirmed,№ 01_24.pdf,High,2026-07-03
FAC_6593,PRO_6594,researched_by,0.5,False,,Russia,,Confirmed,№ 01_24.pdf,High,2026-07-03
PRO_6594,PRO_6595,operates_at_condition,0.5,False,Искажение естественного температурного поля при бурении глубоких скважин,Russia,,Confirmed,№ 01_24.pdf,High,2026-07-03
PRO_6596,EQU_6597,uses_material,0.5,False,,Russia,,Confirmed,№ 01_24.pdf,High,2026-07-03
PRO_6596,FAC_6598,operates_at_condition,0.5,False,В пределах добычных горизонтов рудника,Russia,,Confirmed,№ 01_24.pdf,High,2026-07-03
MAT_6583,MAT_6599,uses_material,0.5,False,,Russia,,Confirmed,№ 01_24.pdf,High,2026-07-03
PRO_6600,PRO_3869,produces_output,0.5,False,,Russia,,Confirmed,№ 01_24.pdf,High,2026-07-03
EXP_6601,MAT_6583,validated_by,0.5,False,,Russia,,Confirmed,№ 01_24.pdf,High,2026-07-03
FAC_6593,PRO_6603,operates_at_condition,0.5,False,Температура массива превышает 40 °C на глубине 1700 м,Russia,,Confirmed,№ 01_24.pdf,High,2026-07-03
FAC_6593,PRO_6604,operates_at_condition,0.5,False,Значения геотермического градиента изменяются в диапазоне от 1 до 5 °C на 100 м,Russia,1-5 °C на 100 м,Confirmed,№ 01_24.pdf,High,2026-07-03
EXP_6605,PRO_6603,validated_by,0.5,False,,Russia,,Confirmed,№ 01_24.pdf,High,2026-07-03
FAC_6593,PRO_6606,uses_material,0.5,False,,Russia,,Confirmed,№ 01_24.pdf,High,2026-07-03
EXP_6607,FAC_6593,researched_by,0.5,False,,Russia,,Confirmed,№ 01_24.pdf,High,2026-07-03
FAC_6608,MAT_6609,contains,0.5,False,,Worldwide,,Confirmed,№ 01_24.pdf,High,2026-07-03
MAT_6609,MAT_6610,crosses,0.5,False,,Worldwide,,Confirmed,№ 01_24.pdf,High,2026-07-03
MAT_6609,MAT_6611,crosses,0.5,False,,Worldwide,,Confirmed,№ 01_24.pdf,High,2026-07-03
FAC_6612,PRO_6614,operates_at_condition,0.5,False,Nonuniform temperature field along depth and across area,Worldwide,,Confirmed,№ 01_24.pdf,High,2026-07-03
PRO_6613,FAC_6612,uses_material,0.5,False,,Worldwide,,Confirmed,№ 01_24.pdf,High,2026-07-03
PRO_6615,PRO_6616,operates_at_condition,0.5,False,"Снижение порового давления (HuH = 0,6)",Worldwide,,Confirmed,№ 01_24.pdf,High,2026-07-03
PRO_12,PRO_6616,operates_at_condition,0.5,False,Снижение порового давления,Worldwide,,Confirmed,№ 01_24.pdf,High,2026-07-03
PRO_6620,MAT_6619,uses_material,0.5,False,Бурение шпуров глубиной 3 м в горных выработках,Russia,,Confirmed,№ 01_24.pdf,High,2026-07-03
EXP_6618,PRO_6620,validated_by,0.5,False,,Russia,,Confirmed,№ 01_24.pdf,High,2026-07-03
PUB_6621,FAC_6622,described_in,0.5,False,,Kazakhstan,,Confirmed,№ 01_24.pdf,High,2026-07-03
PRO_6623,FAC_6625,operates_at_condition,0.5,False,"Глубина обработки массива от 1,7 до 5,7 м",Worldwide,"1,7-5,7 м",Confirmed,№ 01_24.pdf,High,2026-07-03
PRO_6624,FAC_6625,operates_at_condition,0.5,False,Длина скважин передового торпедирования 15; 20 и 30 м,Worldwide,15-30 м,Confirmed,№ 01_24.pdf,High,2026-07-03
PRO_6626,EQU_6627,uses_material,0.5,False,,Worldwide,,Confirmed,№ 01_24.pdf,High,2026-07-03
PRO_6626,EQU_6628,uses_material,0.5,False,,Worldwide,,Confirmed,№ 01_24.pdf,High,2026-07-03
FAC_6636,PRO_6637,researched_by,0.5,False,,Worldwide,,Confirmed,№ 01_24.pdf,High,2026-07-03
PRO_6637,EQU_6638,uses_material,0.5,False,,Worldwide,,Confirmed,№ 01_24.pdf,High,2026-07-03
PRO_6616,PRO_6637,operates_at_condition,0.5,False,Период снеготаяния,Worldwide,,Confirmed,№ 01_24.pdf,High,2026-07-03
PRO_6639,PRO_6640,researched_by,0.5,False,,Worldwide,,Confirmed,№ 01_24.pdf,High,2026-07-03
PRO_6641,PRO_6639,validated_by,0.5,False,,Russia,,Confirmed,№ 01_24.pdf,High,2026-07-03
PRO_6642,PRO_6643,researched_by,0.5,False,,Worldwide,,Confirmed,№ 01_24.pdf,High,2026-07-03
PRO_6644,PRO_6642,contradicts,0.5,False,гипотеза стационарности не выполняется,Worldwide,,Confirmed,№ 01_24.pdf,High,2026-07-03
PRO_6645,PRO_6642,validated_by,0.5,False,,Worldwide,,Confirmed,№ 01_24.pdf,High,2026-07-03
PRO_6642,EQU_45,uses_material,0.5,False,,Russia,,Confirmed,№ 01_24.pdf,High,2026-07-03
EQU_45,PRO_6647,operates_at_condition,0.5,False,гетероскедастичность данных,Russia,,Confirmed,№ 01_24.pdf,High,2026-07-03
FAC_6636,EQU_6648,uses_material,0.5,False,,Worldwide,,Confirmed,№ 01_24.pdf,High,2026-07-03
EQU_6648,MAT_6649,operates_at_condition,0.5,False,"Rсж: 50–98 МПа, GSI: 42–57, mi: 23–24, D: 0–0,7, Hu: 0,80–0,83",Worldwide,,Confirmed,№ 01_24.pdf,High,2026-07-03
EQU_6648,MAT_6650,operates_at_condition,0.5,False,"Rсж: 66–90 МПа, GSI: 46–59, mi: 19–20, D: 0–0,7, Hu: 0,77–0,80",Worldwide,,Confirmed,№ 01_24.pdf,High,2026-07-03
EQU_6648,MAT_6651,operates_at_condition,0.5,False,"Rсж: 32–88 МПа, GSI: 42–56, mi: 16–19, D: 0–0,7, Hu: 0,79–0,86",Worldwide,,Confirmed,№ 01_24.pdf,High,2026-07-03
PUB_6652,EQU_6653,described_in,0.5,False,,Russia,,Confirmed,№ 01_24.pdf,High,2026-07-03
PRO_6654,EQU_6655,uses_material,0.5,False,,Russia,,Unverified,№ 01_24.pdf,High,2026-07-03
PRO_1606,PRO_6656,uses_material,0.5,False,,Worldwide,,Unverified,№ 01_24.pdf,High,2026-07-03
PRO_1606,PRO_6657,uses_material,0.5,False,,Worldwide,,Unverified,№ 01_24.pdf,High,2026-07-03
PRO_6658,EQU_375,uses_material,0.5,False,,Russia,,Confirmed,№ 01_24.pdf,High,2026-07-03
FAC_6659,PRO_6658,operates_at_condition,0.5,False,,Russia,,Confirmed,№ 01_24.pdf,High,2026-07-03
PRO_6660,EQU_6661,uses_material,0.5,False,,Worldwide,,Unverified,№ 01_24.pdf,High,2026-07-03
ORG_6663,FAC_6662,researched_by,0.5,False,,Russia,,Confirmed,№ 01_24.pdf,High,2026-07-03
PUB_6664,FAC_6665,described_in,0.5,False,,Russia,,Confirmed,№ 01_24.pdf,High,2026-07-03
EQU_6666,MAT_6669,uses_material,0.5,False,толщиной не менее 2 см,Worldwide,,Confirmed,№ 01_24.pdf,High,2026-07-03
EQU_6667,MAT_6669,uses_material,0.5,False,толщиной не менее 7 см,Worldwide,,Confirmed,№ 01_24.pdf,High,2026-07-03
EQU_6668,MAT_6669,uses_material,0.5,False,толщиной не менее 2 см,Worldwide,,Confirmed,№ 01_24.pdf,High,2026-07-03
EQU_6668,MAT_6670,uses_material,0.5,False,толщиной не менее 10 см,Worldwide,,Confirmed,№ 01_24.pdf,High,2026-07-03
PRO_6642,PRO_6671,researched_by,0.5,False,,Worldwide,,Confirmed,№ 01_24.pdf,High,2026-07-03
FAC_1794,EXP_6673,researched_by,0.5,False,,Worldwide,,Confirmed,№ 01_24.pdf,High,2026-07-03
EQU_6675,PRO_6674,operates_at_condition,0.5,False,,Russia,,Confirmed,№ 01_24.pdf,High,2026-07-03
EQU_6675,FAC_6659,validated_by,0.5,False,,Russia,,Confirmed,№ 01_24.pdf,High,2026-07-03
PUB_6676,EXP_6677,researched_by,0.5,False,,Russia,,Confirmed,№ 01_24.pdf,High,2026-07-03
PUB_6676,EXP_6678,researched_by,0.5,False,,Russia,,Confirmed,№ 01_24.pdf,High,2026-07-03
PUB_6676,EXP_6679,researched_by,0.5,False,,Russia,,Confirmed,№ 01_24.pdf,High,2026-07-03
PUB_6676,EXP_6680,researched_by,0.5,False,,Russia,,Confirmed,№ 01_24.pdf,High,2026-07-03
EXP_6682,FAC_6681,researched_by,0.5,False,,Russia|Worldwide,,Confirmed,№ 01_24.pdf,High,2026-07-03
EXP_6683,FAC_6681,researched_by,0.5,False,,Russia|Worldwide,,Confirmed,№ 01_24.pdf,High,2026-07-03
EXP_6684,PUB_896,researched_by,0.5,False,,Russia,,Confirmed,№ 02_24.pdf,High,2026-07-03
EXP_6685,FAC_6686,researched_by,0.5,False,,Russia,,Confirmed,№ 01_24.pdf,High,2026-07-03
EXP_6685,FAC_6687,researched_by,0.5,False,,Russia,,Confirmed,№ 01_24.pdf,High,2026-07-03
FAC_6688,PUB_6689,described_in,0.5,False,,Russia,,Confirmed,№ 02_24.pdf,High,2026-07-03
EXP_6690,PUB_6400,researched_by,0.5,False,,Russia,,Confirmed,№ 02_24.pdf,High,2026-07-03
ORG_6414,PUB_896,described_in,0.5,False,,Russia,,Confirmed,№ 02_24.pdf,High,2026-07-03
FAC_6691,ORG_6692,researched_by,0.5,False,,Russia,,Confirmed,№ 02_24.pdf,High,2026-07-03
FAC_6693,ORG_6694,researched_by,0.5,False,,Russia,,Confirmed,№ 02_24.pdf,High,2026-07-03
FAC_6693,ORG_6692,researched_by,0.5,False,,Russia,,Confirmed,№ 02_24.pdf,High,2026-07-03
FAC_6691,EXP_6695,researched_by,0.5,False,,Russia,,Confirmed,№ 02_24.pdf,High,2026-07-03
FAC_6691,PUB_6696,described_in,0.5,False,,Russia,,Confirmed,№ 02_24.pdf,High,2026-07-03
FAC_6701,MAT_424,produces_output,0.5,False,,Russia,,Confirmed,№ 02_24.pdf,High,2026-07-03
FAC_6702,MAT_424,produces_output,0.5,False,,Russia,,Confirmed,№ 02_24.pdf,High,2026-07-03
FAC_6703,FAC_6704,researched_by,0.5,False,,Africa,,Confirmed,№ 01_24.pdf,High,2026-07-03
ORG_6707,FAC_6706,researched_by,0.5,False,,Russia,,Confirmed,№ 02_24.pdf,High,2026-07-03
ORG_6707,FAC_6705,operates_at_condition,0.5,False,использование электроэнергии атомной генерации не менее 35 МВт,Russia,,Confirmed,№ 02_24.pdf,High,2026-07-03
FAC_6705,EQU_4495,uses_material,0.5,False,"На фабрике производят золотой, серебряный и гравитационный концентраты",Russia,,Confirmed,№ 02_24.pdf,High,2026-07-03
EQU_4495,MAT_4351,produces_output,0.5,False,,Russia,,Confirmed,№ 02_24.pdf,High,2026-07-03
MAT_6708,PRO_6709,researched_by,0.5,False,,Worldwide,,Unverified,№ 02_24.pdf,High,2026-07-03
EXP_6710,PRO_6709,validated_by,0.5,False,,Worldwide,,Partially_Confirmed,№ 02_24.pdf,High,2026-07-03
PRO_6711,MAT_6712,operates_at_condition,0.5,False,Пластовое давление ниже давления конденсации,Worldwide,,Unverified,№ 02_24.pdf,High,2026-07-03
EXP_5738,MAT_6712,produces_output,0.5,False,,Worldwide,,Unverified,№ 02_24.pdf,High,2026-07-03
PUB_6713,MAT_4351,researched_by,0.5,False,,Russia,,Confirmed,№ 02_24.pdf,High,2026-07-03
PUB_6713,MAT_4869,researched_by,0.5,False,,Russia,,Confirmed,№ 02_24.pdf,High,2026-07-03
PRO_2218,MAT_6714,produces_output,0.5,False,,Russia,,Unverified,№ 02_24.pdf,High,2026-07-03
PRO_2218,MAT_6715,uses_material,0.5,False,Наличие углекислого газа в системе,Russia,,Unverified,№ 02_24.pdf,High,2026-07-03
PUB_6722,MAT_6723,researched_by,0.5,False,,Russia,,Confirmed,№ 02_24.pdf,High,2026-07-03
MAT_6723,PRO_6724,uses_material,0.5,False,,Russia,,Confirmed,№ 02_24.pdf,High,2026-07-03
MAT_6725,PRO_6726,uses_material,0.5,False,,Russia,,Confirmed,№ 02_24.pdf,High,2026-07-03
PRO_6726,EXP_6727,validated_by,0.5,False,,Russia,,Confirmed,№ 02_24.pdf,High,2026-07-03
PRO_6728,EQU_6729,uses_material,0.5,False,,Worldwide,,Confirmed,№ 02_24.pdf,High,2026-07-03
PRO_6730,MAT_961,operates_at_condition,0.5,False,Т > 0 °C,Worldwide,,Unverified,№ 02_24.pdf,High,2026-07-03
PUB_6735,PRO_6736,described_in,0.5,False,,Russia,,Confirmed,№ 02_24.pdf,High,2026-07-03
PRO_6736,EQU_6737,uses_material,0.5,False,,Russia,,Confirmed,№ 02_24.pdf,High,2026-07-03
PRO_6738,MAT_6739,produces_output,0.5,False,В условиях криолитозоны,Worldwide,,Confirmed,№ 02_24.pdf,High,2026-07-03
PRO_6738,EQU_6740,uses_material,0.5,False,,Worldwide,,Confirmed,№ 02_24.pdf,High,2026-07-03
EXP_5413,PRO_6738,researched_by,0.5,False,Для выбора рациональных режимов возведения искусственного ледяного массива,Worldwide,,Confirmed,№ 02_24.pdf,High,2026-07-03
FAC_1904,PRO_6741,uses_material,0.5,False,На дне отработанного карьера криолитозоны,Russia,,Confirmed,№ 02_24.pdf,High,2026-07-03
PRO_6741,MAT_6742,produces_output,0.5,False,При условии своевременного осуществления работ по намораживанию,Russia,Один зимний сезон,Confirmed,№ 02_24.pdf,High,2026-07-03
PRO_6743,MAT_6744,uses_material,0.5,False,,Russia,,Confirmed,№ 02_24.pdf,High,2026-07-03
PRO_6743,MAT_6745,uses_material,0.5,False,,Russia,,Confirmed,№ 02_24.pdf,High,2026-07-03
PRO_6743,FAC_6093,operates_at_condition,0.5,False,Среднесуточная температура наружного воздуха,Russia,,Confirmed,№ 02_24.pdf,High,2026-07-03
PRO_6747,MAT_6748,produces_output,0.5,False,in mined-out pits in the permafrost zone,Russia,,Confirmed,№ 02_24.pdf,High,2026-07-03
PRO_6750,MAT_6745,uses_material,0.5,False,,Worldwide,,Confirmed,№ 02_24.pdf,High,2026-07-03
PRO_6750,MAT_6744,uses_material,0.5,False,,Worldwide,,Confirmed,№ 02_24.pdf,High,2026-07-03
MAT_6751,PRO_6752,uses_material,0.5,False,,Russia,,Confirmed,№ 02_24.pdf,High,2026-07-03
PRO_6752,MAT_6753,uses_material,0.5,False,стабильность технологических свойств,Russia,,Confirmed,№ 02_24.pdf,High,2026-07-03
MAT_6753,PRO_6754,operates_at_condition,0.5,False,контакт с минерализованной водой,Russia,глубина азотирования 30–60 нм,Confirmed,№ 02_24.pdf,High,2026-07-03
PRO_6757,MAT_6756,uses_material,0.5,False,"Температура: 1000 °C, время: 2 ч, давление азота: 1,25 атм.",Worldwide,,Confirmed,№ 02_24.pdf,High,2026-07-03
PRO_6757,PRO_6758,produces_output,0.5,False,,Worldwide,,Confirmed,№ 02_24.pdf,High,2026-07-03
MAT_6760,PRO_6752,uses_material,0.5,False,,Worldwide,,Confirmed,№ 02_24.pdf,High,2026-07-03
PRO_6752,EQU_6764,uses_material,0.5,False,в качестве утяжелителя,Worldwide,,Confirmed,№ 02_24.pdf,High,2026-07-03
MAT_6760,PRO_6761,uses_material,0.5,False,,Worldwide,,Confirmed,№ 02_24.pdf,High,2026-07-03
MAT_6760,PRO_6762,uses_material,0.5,False,,Worldwide,,Confirmed,№ 02_24.pdf,High,2026-07-03
MAT_6760,PRO_6763,uses_material,0.5,False,,Worldwide,,Confirmed,№ 02_24.pdf,High,2026-07-03
MAT_6765,PRO_6766,uses_material,0.5,False,,Worldwide,,Confirmed,№ 02_24.pdf,High,2026-07-03
MAT_6765,PRO_6767,uses_material,0.5,False,,Worldwide,,Confirmed,№ 02_24.pdf,High,2026-07-03
MAT_6765,PRO_6768,uses_material,0.5,False,After dense medium separation,Worldwide,,Confirmed,№ 02_24.pdf,High,2026-07-03
MAT_6769,PRO_6762,uses_material,0.5,False,,Worldwide,,Confirmed,№ 02_24.pdf,High,2026-07-03
MAT_6769,PRO_6763,uses_material,0.5,False,,Worldwide,,Confirmed,№ 02_24.pdf,High,2026-07-03
EQU_6770,MAT_6769,operates_at_condition,0.5,False,,Worldwide,,Confirmed,№ 02_24.pdf,High,2026-07-03
EQU_6771,MAT_6769,operates_at_condition,0.5,False,,Worldwide,,Confirmed,№ 02_24.pdf,High,2026-07-03
EQU_6772,MAT_6769,operates_at_condition,0.5,False,,Worldwide,,Confirmed,№ 02_24.pdf,High,2026-07-03
MAT_6769,PRO_6773,produces_output,0.5,False,,Worldwide,,Confirmed,№ 02_24.pdf,High,2026-07-03
MAT_6774,PRO_6755,uses_material,0.5,False,напряженность магнитного поля от 2000 до 14000 Э,Worldwide,,Confirmed,№ 02_24.pdf,High,2026-07-03
PRO_6755,EQU_6775,operates_at_condition,0.5,False,напряженность магнитного поля от 2000 до 14000 Э,Worldwide,,Confirmed,№ 02_24.pdf,High,2026-07-03
PRO_6755,PRO_6776,produces_output,0.5,False,,Worldwide,,Confirmed,№ 02_24.pdf,High,2026-07-03
EXP_6777,PRO_6755,researched_by,0.5,False,,Worldwide,,Confirmed,№ 02_24.pdf,High,2026-07-03
EXP_6777,PRO_6776,validated_by,0.5,False,,Worldwide,,Confirmed,№ 02_24.pdf,High,2026-07-03
PRO_6780,EQU_6781,uses_material,0.5,False,,Russia,,Confirmed,№ 02_24.pdf,High,2026-07-03
PRO_6780,EQU_6782,uses_material,0.5,False,,Russia,,Confirmed,№ 02_24.pdf,High,2026-07-03
EQU_6784,MAT_6786,uses_material,0.5,False,,Worldwide,,Confirmed,№ 02_24.pdf,High,2026-07-03
PRO_6785,MAT_6786,produces_output,0.5,False,,Worldwide,,Confirmed,№ 02_24.pdf,High,2026-07-03
EQU_6793,MAT_6792,produces_output,0.5,False,,Worldwide,,Confirmed,№ 02_24.pdf,High,2026-07-03
EQU_6793,PRO_6761,uses_material,0.5,False,,Worldwide,,Confirmed,№ 02_24.pdf,High,2026-07-03
EXP_6787,EQU_6793,validated_by,0.5,False,"скорость движения алмазов до 5 м/с, толщина кимберлита до 50 мм",Russia,вероятность распознавания алмазов более 95%,Confirmed,№ 02_24.pdf,High,2026-07-03
PRO_6795,MAT_6796,uses_material,0.5,False,,Russia,,Confirmed,№ 02_24.pdf,High,2026-07-03
EQU_6797,PRO_6795,operates_at_condition,0.5,False,,Russia,,Confirmed,№ 02_24.pdf,High,2026-07-03
EQU_6799,MAT_6800,uses_material,0.5,False,,Russia,,Confirmed,№ 02_24.pdf,High,2026-07-03
EQU_6799,PRO_6798,operates_at_condition,0.5,False,Основная стадия обогащения на установках тяжелосредной сепарации (ТСУ) и рентгенолюминесцентной сепарации (РЛС),Russia,,Confirmed,№ 02_24.pdf,High,2026-07-03
EQU_6801,PRO_6798,uses_material,0.5,False,,Worldwide,,Unverified,№ 02_24.pdf,High,2026-07-03
EQU_6802,PRO_6798,uses_material,0.5,False,,Worldwide,,Unverified,№ 02_24.pdf,High,2026-07-03
EQU_6803,PRO_6798,uses_material,0.5,False,,Worldwide,,Unverified,№ 02_24.pdf,High,2026-07-03
EQU_6804,MAT_6805,produces_output,0.5,False,,Worldwide,,Confirmed,№ 02_24.pdf,High,2026-07-03
FAC_6806,EQU_6804,uses_material,0.5,False,,Worldwide,,Confirmed,№ 02_24.pdf,High,2026-07-03
FAC_6806,MAT_4716,produces_output,0.5,False,,Worldwide,,Confirmed,№ 02_24.pdf,High,2026-07-03
EQU_6811,PRO_6812,uses_material,0.5,False,,Worldwide,,Confirmed,№ 02_24.pdf,High,2026-07-03
PRO_6812,EQU_6813,operates_at_condition,0.5,False,Класс крупности –50+1 мм,Worldwide,,Confirmed,№ 02_24.pdf,High,2026-07-03
PRO_6812,EQU_6814,operates_at_condition,0.5,False,Класс крупности –5+3 и –3+1 мм,Worldwide,,Confirmed,№ 02_24.pdf,High,2026-07-03
PRO_6812,EQU_6815,operates_at_condition,0.5,False,Класс крупности –5+3 и –3+1 мм,Worldwide,,Confirmed,№ 02_24.pdf,High,2026-07-03
PRO_6812,EQU_6816,operates_at_condition,0.5,False,Контрольная операция доводки,Worldwide,,Confirmed,№ 02_24.pdf,High,2026-07-03
PRO_6818,MAT_424,produces_output,0.5,False,,Russia,,Confirmed,№ 02_24.pdf,High,2026-07-03
PRO_6818,MAT_6817,produces_output,0.5,False,,Russia,,Confirmed,№ 02_24.pdf,High,2026-07-03
EQU_6819,PRO_6818,uses_material,0.5,False,,Russia,,Confirmed,№ 02_24.pdf,High,2026-07-03
PRO_6821,MAT_6753,uses_material,0.5,False,В условиях тяжелосредной сепарации,Worldwide,,Confirmed,№ 02_24.pdf,High,2026-07-03
EQU_6764,MAT_6753,produces_output,0.5,False,При контакте с минерализованными водами,Worldwide,,Confirmed,№ 02_24.pdf,High,2026-07-03
EQU_6826,MAT_6800,uses_material,0.5,False,,Russia,,Confirmed,№ 02_24.pdf,High,2026-07-03
EQU_6826,PRO_6827,produces_output,0.5,False,,Russia,,Confirmed,№ 02_24.pdf,High,2026-07-03
PRO_6798,PUB_6602,described_in,0.5,False,,Russia,,Confirmed,№ 02_24.pdf,High,2026-07-03
PRO_6752,MAT_6753,uses_material,0.5,False,,Worldwide,,Confirmed,№ 02_24.pdf,High,2026-07-03
PRO_6752,EQU_6829,operates_at_condition,0.5,False,,Worldwide,,Confirmed,№ 02_24.pdf,High,2026-07-03
EXP_6832,MAT_6753,uses_material,0.5,False,,Worldwide,,Confirmed,№ 02_24.pdf,High,2026-07-03
EXP_6832,MAT_6830,uses_material,0.5,False,,Worldwide,,Confirmed,№ 02_24.pdf,High,2026-07-03
MAT_6830,PRO_6831,produces_output,0.5,False,увеличение срока нахождения в рабочей схеме до 30 сут,Worldwide,,Confirmed,№ 02_24.pdf,High,2026-07-03
PRO_6833,MAT_6834,uses_material,0.5,False,,Worldwide,,Confirmed,№ 02_24.pdf,High,2026-07-03
PRO_6835,EQU_6836,uses_material,0.5,False,,Worldwide,,Confirmed,№ 02_24.pdf,High,2026-07-03
PRO_6835,MAT_6834,produces_output,0.5,False,,Worldwide,,Confirmed,№ 02_24.pdf,High,2026-07-03
EQU_6764,PRO_6837,uses_material,0.5,False,без рудного материала,Worldwide,,Confirmed,№ 02_24.pdf,High,2026-07-03
EQU_6764,EQU_2440,operates_at_condition,0.5,False,цикл регенерации,Worldwide,,Confirmed,№ 02_24.pdf,High,2026-07-03
EQU_6764,PRO_6758,produces_output,0.5,False,при использовании азота,Worldwide,"снижение потерь в 2,3 раза",Confirmed,№ 02_24.pdf,High,2026-07-03
EXP_6838,EQU_6764,validated_by,0.5,False,использование азота и воздуха,Worldwide,,Confirmed,№ 02_24.pdf,High,2026-07-03
MAT_6753,PRO_6837,uses_material,0.5,False,,Worldwide,,Confirmed,№ 02_24.pdf,High,2026-07-03
MAT_6753,PRO_6841,researched_by,0.5,False,,Russia,,Confirmed,№ 02_24.pdf,High,2026-07-03
PRO_6841,MAT_6753,produces_output,0.5,False,Создание защитного нанослоя на поверхности ферросилиция,Russia,,Confirmed,№ 02_24.pdf,High,2026-07-03
EXP_6842,MAT_6753,validated_by,0.5,False,,Russia,,Confirmed,№ 02_24.pdf,High,2026-07-03
EQU_6764,PRO_6837,uses_material,0.5,False,,Worldwide,,Confirmed,№ 02_24.pdf,High,2026-07-03
EQU_6764,PRO_6758,operates_at_condition,0.5,False,"pH водной фазы в пределах 9,5–11",Worldwide,,Confirmed,№ 02_24.pdf,High,2026-07-03
MAT_6844,EQU_6846,uses_material,0.5,False,"концентрация 0,1%, объем 0,5 л",Worldwide,,Confirmed,№ 02_24.pdf,High,2026-07-03
PRO_6845,EQU_6846,operates_at_condition,0.5,False,подача сжатого воздуха и электролизных газов,Worldwide,"давление сжатого воздуха от 0,01 до 0,05 МПа, напряжение на электродах от 1 до 20 В",Confirmed,№ 02_24.pdf,High,2026-07-03
EQU_6846,PRO_6847,produces_output,0.5,False,,Worldwide,,Confirmed,№ 02_24.pdf,High,2026-07-03
EQU_2392,PRO_6849,operates_at_condition,0.5,False,"параллельная работа на один став, откачка шахтных вод",Worldwide,,Unverified,№ 02_24.pdf,High,2026-07-03
EQU_6854,MAT_2394,uses_material,0.5,False,Содержание твердой фазы в воде,Worldwide,,Confirmed,№ 02_24.pdf,High,2026-07-03
EQU_6854,PRO_6855,operates_at_condition,0.5,False,Износ деталей проточной части насоса,Worldwide,,Confirmed,№ 02_24.pdf,High,2026-07-03
EXP_6858,PRO_6847,operates_at_condition,0.5,False,,Worldwide,,Confirmed,№ 02_24.pdf,High,2026-07-03
EXP_6858,PRO_6857,operates_at_condition,0.5,False,,Worldwide,,Confirmed,№ 02_24.pdf,High,2026-07-03
EXP_6858,PRO_6856,validated_by,0.5,False,,Worldwide,,Confirmed,№ 02_24.pdf,High,2026-07-03
PRO_6859,PRO_6860,operates_at_condition,0.5,False,"qож = 3,15 и 3,2 млн м³/год",Worldwide,,Unverified,№ 02_24.pdf,High,2026-07-03
MAT_2394,PRO_6860,uses_material,0.5,False,,Worldwide,,Unverified,№ 02_24.pdf,High,2026-07-03
MAT_6861,PRO_6862,uses_material,0.5,False,,Worldwide,,Confirmed,№ 02_24.pdf,High,2026-07-03
PRO_6862,EQU_6863,produces_output,0.5,False,,Worldwide,,Confirmed,№ 02_24.pdf,High,2026-07-03
EXP_6864,MAT_6861,researched_by,0.5,False,,Russia,,Confirmed,№ 02_24.pdf,High,2026-07-03
EQU_753,EQU_6865,uses_material,0.5,False,,Worldwide,,Unverified,№ 02_24.pdf,High,2026-07-03
EQU_6870,MAT_2394,uses_material,0.5,False,Концентрация твердых частиц: 17-4 г/л,Russia,Производительность: 200-250 м³/ч,Confirmed,№ 02_24.pdf,High,2026-07-03
EQU_6870,PRO_6871,operates_at_condition,0.5,False,Оптимальная периодичность: 3400 ч,Russia,,Confirmed,№ 02_24.pdf,High,2026-07-03
MAT_6872,PRO_6873,uses_material,0.5,False,,Russia,,Confirmed,№ 02_24.pdf,High,2026-07-03
EQU_6874,MAT_6872,analyzes,0.5,False,,Russia,,Confirmed,№ 02_24.pdf,High,2026-07-03
MAT_6872,PRO_6875,operates_at_condition,0.5,False,,Russia,,Confirmed,№ 02_24.pdf,High,2026-07-03
MAT_6861,EQU_4066,uses_material,0.5,False,,Russia,,Confirmed,№ 02_24.pdf,High,2026-07-03
MAT_6861,PRO_6862,produces_output,0.5,False,,Russia,,Confirmed,№ 02_24.pdf,High,2026-07-03
EQU_6878,PRO_6879,operates_at_condition,0.5,False,"Гранулометрический состав разрабатываемой горной массы, квалификация машиниста, конструктивные особенности механизмов",Worldwide,,Confirmed,№ 02_24.pdf,High,2026-07-03
EQU_6878,EQU_6880,uses_material,0.5,False,,Worldwide,,Confirmed,№ 02_24.pdf,High,2026-07-03
EXP_6883,MAT_541,researched_by,0.5,False,Диапазон температур: от +22 до –50 °C,Russia,,Confirmed,№ 02_24.pdf,High,2026-07-03
PRO_6884,MAT_541,uses_material,0.5,False,,Russia,,Confirmed,№ 02_24.pdf,High,2026-07-03
EQU_6885,PRO_6886,produces_output,0.5,False,,Worldwide,,Unverified,№ 02_24.pdf,High,2026-07-03
PRO_6887,EQU_753,uses_material,0.5,False,,Worldwide,,Confirmed,№ 02_24.pdf,High,2026-07-03
PUB_6890,PRO_6891,described_in,0.5,False,Условия Крайнего Севера РФ,Russia,,Confirmed,№ 02_24.pdf,High,2026-07-03
FAC_6892,EQU_6893,uses_material,0.5,False,,Russia,,Confirmed,№ 02_24.pdf,High,2026-07-03
EQU_6893,PRO_6894,produces_output,0.5,False,За счет солнечной энергии система способна обеспечивать до 100% ежедневной потребности в ГВС,Russia,,Confirmed,№ 02_24.pdf,High,2026-07-03
EQU_6896,MAT_6895,uses_material,0.5,False,,Worldwide,,Confirmed,№ 02_24.pdf,High,2026-07-03
EQU_6897,EQU_6898,uses_material,0.5,False,При низком уровне солнечной радиации производительность ФЭУ может быть ниже заявленной,Russia,,Confirmed,№ 02_24.pdf,High,2026-07-03
EQU_6904,PRO_6905,uses_material,0.5,False,,Russia,,Confirmed,№ 02_24.pdf,High,2026-07-03
FAC_1904,PRO_6905,operates_at_condition,0.5,False,на первой секции шин 6 кВ и на скиповом подъеме (СП) вертикального вспомогательного ствола (ВВС),Russia,,Confirmed,№ 02_24.pdf,High,2026-07-03
EQU_6907,PRO_6906,uses_material,0.5,False,,Worldwide,,Confirmed,№ 02_24.pdf,High,2026-07-03
EQU_6908,EQU_6907,operates_at_condition,0.5,False,Номинальная мощность до 5 МВт,Worldwide,,Confirmed,№ 02_24.pdf,High,2026-07-03
EQU_6909,EQU_6910,uses_material,0.5,False,,Russia,,Confirmed,№ 02_24.pdf,High,2026-07-03
PRO_6914,EQU_6915,researched_by,0.5,False,,Worldwide,,Confirmed,№ 02_24.pdf,High,2026-07-03
EXP_6916,PRO_6917,researched_by,0.5,False,,Unverified,,Unverified,№ 02_24.pdf,High,2026-07-03
EQU_6918,PRO_6919,operates_at_condition,0.5,False,"Гармоники n-го порядка (n = 5, 7, 11, 13)",Worldwide,,Unverified,№ 02_24.pdf,High,2026-07-03
PRO_6920,EQU_6918,uses_material,0.5,False,"Для компенсации гармоник n = 17, 19, 23, 25, 35, 37",Worldwide,,Confirmed,№ 02_24.pdf,High,2026-07-03
EQU_6921,EQU_6923,operates_at_condition,0.5,False,6-пульсное соединение путём параллельного включения двух модулей питания,Worldwide,,Confirmed,№ 02_24.pdf,High,2026-07-03
EQU_6921,PRO_6905,validated_by,0.5,False,,Worldwide,,Confirmed,№ 02_24.pdf,High,2026-07-03
EQU_6924,MAT_6925,uses_material,0.5,False,,Worldwide,,Confirmed,№ 02_24.pdf,High,2026-07-03
EQU_6924,PRO_6926,operates_at_condition,0.5,False,При нагреве воды в трубках и снижении её плотности,Worldwide,,Confirmed,№ 02_24.pdf,High,2026-07-03
PUB_6927,PRO_6928,described_in,0.5,False,,Worldwide,,Confirmed,№ 02_24.pdf,High,2026-07-03
PRO_6928,EQU_6929,produces_output,0.5,False,При превышении норм ГОСТ 32144–2013,Russia,,Confirmed,№ 02_24.pdf,High,2026-07-03
PUB_6930,PRO_6931,described_in,0.5,False,,Russia,,Confirmed,№ 02_24.pdf,High,2026-07-03
PRO_6934,MAT_920,produces_output,0.5,False,,Worldwide,,Confirmed,№ 02_24.pdf,High,2026-07-03
PRO_6934,MAT_6932,produces_output,0.5,False,,Worldwide,,Confirmed,№ 02_24.pdf,High,2026-07-03
PRO_6934,MAT_6933,uses_material,0.5,False,в среде фторида кальция,Worldwide,,Confirmed,№ 02_24.pdf,High,2026-07-03
MAT_6935,PRO_6936,uses_material,0.5,False,"концентрация CaF2: 0,4 моля/л",Worldwide,,Confirmed,№ 02_24.pdf,High,2026-07-03
MAT_6935,PRO_6937,uses_material,0.5,False,"концентрация CaF2: 0,4 моля/л",Worldwide,,Confirmed,№ 02_24.pdf,High,2026-07-03
MAT_6941,PRO_6943,uses_material,0.5,False,,Worldwide,,Confirmed,№ 02_24.pdf,High,2026-07-03
MAT_6942,PRO_6943,uses_material,0.5,False,,Worldwide,,Confirmed,№ 02_24.pdf,High,2026-07-03
MAT_6933,PRO_6943,operates_at_condition,0.5,False,атмосферное давление и температура 25 °C,Worldwide,,Confirmed,№ 02_24.pdf,High,2026-07-03
PUB_6945,EXP_6946,described_in,0.5,False,,Russia,,Unverified,№ 02_24.pdf,High,2026-07-03
EQU_6950,MAT_6933,uses_material,0.5,False,"Концентрация 0,4 моля/л",Russia,,Confirmed,№ 02_24.pdf,High,2026-07-03
PRO_6949,MAT_6933,operates_at_condition,0.5,False,"Оптимальная молярная концентрация 0,4 моля/л, скорость подачи газов 100 мл/мин",Russia,,Confirmed,№ 02_24.pdf,High,2026-07-03
EXP_6951,PUB_6952,described_in,0.5,False,,Russia,,Confirmed,№ 02_24.pdf,High,2026-07-03
EXP_6957,PUB_6956,researched_by,0.5,False,,Russia,,Confirmed,№ 02_24.pdf,High,2026-07-03
EXP_6958,PUB_6400,described_in,0.5,False,,Russia,,Confirmed,№ 02_24.pdf,High,2026-07-03
EXP_6960,PUB_6959,researched_by,0.5,False,,Worldwide,,Confirmed,№ 02_24.pdf,High,2026-07-03
PUB_6967,EXP_6968,researched_by,0.5,False,,Russia,,Confirmed,№ 02_24.pdf,High,2026-07-03
EXP_6973,FAC_6974,researched_by,0.5,False,,Worldwide,,Confirmed,№ 02_24.pdf,High,2026-07-03
EXP_6973,FAC_6975,researched_by,0.5,False,,Worldwide,,Confirmed,№ 02_24.pdf,High,2026-07-03
PUB_896,FAC_3045,described_in,0.5,False,,Russia,,Confirmed,№ 03_24.pdf,High,2026-07-03
FAC_1793,PRO_6977,researched_by,0.5,False,,Russia,,Unverified,№ 02_24.pdf,High,2026-07-03
FAC_6976,PRO_6977,researched_by,0.5,False,,Russia,,Unverified,№ 02_24.pdf,High,2026-07-03
ORG_1897,PRO_6977,researched_by,0.5,False,,Russia,,Unverified,№ 02_24.pdf,High,2026-07-03
PUB_6400,FAC_6979,described_in,0.5,False,,Russia,,Confirmed,№ 03_24.pdf,High,2026-07-03
FAC_3045,MAT_5781,uses_material,0.5,False,,Russia,,Confirmed,№ 03_24.pdf,High,2026-07-03
ORG_6414,PUB_896,published_by,0.5,False,,Russia,,Confirmed,№ 03_24.pdf,High,2026-07-03
FAC_618,FAC_6981,operates_at_condition,0.5,False,,Russia,,Confirmed,№ 03_24.pdf,High,2026-07-03
FAC_6981,MAT_6983,uses_material,0.5,False,,Russia,,Confirmed,№ 03_24.pdf,High,2026-07-03
ORG_6985,FAC_6984,researched_by,0.5,False,,Russia,,Confirmed,№ 03_24.pdf,High,2026-07-03
ORG_6986,FAC_6984,operates_at_condition,0.5,False,,Russia,,Confirmed,№ 03_24.pdf,High,2026-07-03
ORG_104,FAC_6984,researched_by,0.5,False,,Russia,,Confirmed,№ 03_24.pdf,High,2026-07-03
FAC_6981,EQU_6987,uses_material,0.5,False,,Russia,,Confirmed,№ 03_24.pdf,High,2026-07-03
FAC_6981,EQU_6988,uses_material,0.5,False,,Russia,,Confirmed,№ 03_24.pdf,High,2026-07-03
FAC_6981,EQU_5285,uses_material,0.5,False,,Russia,,Confirmed,№ 03_24.pdf,High,2026-07-03
FAC_6981,PUB_896,described_in,0.5,False,,Russia,,Confirmed,№ 03_24.pdf,High,2026-07-03
FAC_3045,PRO_6989,uses_material,0.5,False,,Russia,,Confirmed,№ 03_24.pdf,High,2026-07-03
FAC_3045,EQU_6990,operates_at_condition,0.5,False,,Russia,,Confirmed,№ 03_24.pdf,High,2026-07-03
FAC_3045,EXP_1242,researched_by,0.5,False,,Russia,,Confirmed,№ 03_24.pdf,High,2026-07-03
FAC_3045,EQU_6991,uses_material,0.5,False,,Russia,,Confirmed,№ 03_24.pdf,High,2026-07-03
ORG_104,EXP_1242,validated_by,0.5,False,,Russia,,Confirmed,№ 03_24.pdf,High,2026-07-03
MAT_6993,PRO_6996,uses_material,0.5,False,,Worldwide,,Confirmed,№ 03_24.pdf,High,2026-07-03
MAT_6994,PRO_6996,uses_material,0.5,False,,Worldwide,,Confirmed,№ 03_24.pdf,High,2026-07-03
MAT_6995,PRO_6996,uses_material,0.5,False,,Worldwide,,Confirmed,№ 03_24.pdf,High,2026-07-03
MAT_5681,PRO_6999,researched_by,0.5,False,,Worldwide,,Confirmed,№ 03_24.pdf,High,2026-07-03
PUB_7000,MAT_5681,described_in,0.5,False,,Worldwide,,Confirmed,№ 03_24.pdf,High,2026-07-03
PUB_7001,MAT_5681,described_in,0.5,False,,Worldwide,,Confirmed,№ 03_24.pdf,High,2026-07-03
MAT_1146,FAC_6278,contains,0.5,False,"Содержание меди 0,95%",Worldwide,,Confirmed,№ 03_24.pdf,High,2026-07-03
MAT_7002,FAC_7003,contains,0.5,False,Содержание никеля и меди варьируется,Canada,,Confirmed,№ 03_24.pdf,High,2026-07-03
MAT_7002,FAC_7004,contains,0.5,False,Содержание никеля и меди варьируется,Canada,,Confirmed,№ 03_24.pdf,High,2026-07-03
MAT_65,MAT_7005,produces_output,0.5,False,,Worldwide,,Confirmed,№ 03_24.pdf,High,2026-07-03
PRO_7012,MAT_7010,produces_output,0.5,False,,Worldwide,,Confirmed,№ 03_24.pdf,High,2026-07-03
PRO_7012,MAT_7011,produces_output,0.5,False,,Worldwide,,Confirmed,№ 03_24.pdf,High,2026-07-03
PRO_1496,PRO_7014,produces_output,0.5,False,,Worldwide,,Confirmed,№ 03_24.pdf,High,2026-07-03
EQU_4580,PRO_7014,operates_at_condition,0.5,False,Ориентация осей датчика по осям здания или сооружения,Worldwide,,Confirmed,№ 03_24.pdf,High,2026-07-03
MAT_6993,PRO_5183,uses_material,0.5,False,,Worldwide,,Confirmed,№ 03_24.pdf,High,2026-07-03
PRO_5183,EQU_7015,operates_at_condition,0.5,False,,Uzbekistan,,Confirmed,№ 03_24.pdf,High,2026-07-03
FAC_7016,PRO_5183,researched_by,0.5,False,,Uzbekistan,,Confirmed,№ 03_24.pdf,High,2026-07-03
FAC_7017,PRO_5183,researched_by,0.5,False,,Russia,,Confirmed,№ 03_24.pdf,High,2026-07-03
PUB_7018,PRO_7019,described_in,0.5,False,,Worldwide,,Confirmed,№ 03_24.pdf,High,2026-07-03
PUB_7018,PRO_7020,described_in,0.5,False,,Worldwide,,Confirmed,№ 03_24.pdf,High,2026-07-03
PUB_7018,PRO_7021,described_in,0.5,False,,Russia,,Confirmed,№ 03_24.pdf,High,2026-07-03
PRO_7022,PUB_7023,described_in,0.5,False,,Worldwide,,Confirmed,№ 03_24.pdf,High,2026-07-03
PRO_7022,PUB_7024,described_in,0.5,False,,Australia,,Confirmed,№ 03_24.pdf,High,2026-07-03
PRO_1496,PUB_7025,described_in,0.5,False,,Russia,,Unverified,№ 03_24.pdf,High,2026-07-03
PRO_1496,PRO_7026,produces_output,0.5,False,Интервал времени: 8 мс и 20 мс,Worldwide,"Масса заряда для интервала в 20 мс в 1,35–2,58 раза больше, чем для интервала в 8 мс",Confirmed,№ 03_24.pdf,High,2026-07-03
PRO_1496,PRO_7027,operates_at_condition,0.5,False,Зависимости скоростей смещения грунта от приведенного расстояния,Worldwide,,Confirmed,№ 03_24.pdf,High,2026-07-03
PRO_7028,EQU_7029,uses_material,0.5,False,Замедление между группами зарядов в 20 мс,Worldwide,,Confirmed,№ 03_24.pdf,High,2026-07-03
EXP_7030,PRO_7028,researched_by,0.5,False,,Worldwide,,Confirmed,№ 03_24.pdf,High,2026-07-03
PUB_7032,PRO_1496,researched_by,0.5,False,,Worldwide,,Unverified,№ 03_24.pdf,High,2026-07-03
PRO_7033,PRO_7034,operates_at_condition,0.5,False,Зависит от граничной кривизны КГ К и мощности извлекаемого полезного ископаемого m,Worldwide,,Confirmed,№ 03_24.pdf,High,2026-07-03
PRO_7035,PRO_7036,produces_output,0.5,False,,Worldwide,0-2,Unverified,№ 03_24.pdf,High,2026-07-03
PUB_7037,EXP_7038,researched_by,0.5,False,,Russia,,Confirmed,№ 03_24.pdf,High,2026-07-03
PUB_7037,EXP_7039,researched_by,0.5,False,,Russia,,Confirmed,№ 03_24.pdf,High,2026-07-03
PUB_7037,EXP_7040,researched_by,0.5,False,,Russia,,Confirmed,№ 03_24.pdf,High,2026-07-03
PUB_7037,EXP_7041,researched_by,0.5,False,,Russia,,Confirmed,№ 03_24.pdf,High,2026-07-03
PRO_7042,MAT_7043,uses_material,0.5,False,Учет содержания глинистых пород в толще,Worldwide,,Confirmed,№ 03_24.pdf,High,2026-07-03
PRO_7042,FAC_6981,operates_at_condition,0.5,False,"Сеть геологоразведочного бурения 100×100 м, мощность водозащитной толщи 65–600 м",Russia,,Confirmed,№ 03_24.pdf,High,2026-07-03
FAC_6981,PRO_7034,researched_by,0.5,False,Горная выработка на уровне –350 м,Russia,,Confirmed,№ 03_24.pdf,High,2026-07-03
PRO_7034,PUB_7044,described_in,0.5,False,,Worldwide,,Confirmed,№ 03_24.pdf,High,2026-07-03
PRO_7034,PUB_7045,described_in,0.5,False,Учитывают особенности геологического строения и систем разработки Октябрьского и Талнахского месторождений,Russia,,Confirmed,№ 03_24.pdf,High,2026-07-03
PRO_7046,MAT_6495,uses_material,0.5,False,,Russia,,Confirmed,№ 03_24.pdf,High,2026-07-03
PRO_7051,MAT_7043,researched_by,0.5,False,,Worldwide,,Confirmed,№ 03_24.pdf,High,2026-07-03
PRO_38,EQU_7056,uses_material,0.5,False,,Worldwide,,Confirmed,№ 03_24.pdf,High,2026-07-03
PRO_38,EQU_7057,uses_material,0.5,False,,Worldwide,,Confirmed,№ 03_24.pdf,High,2026-07-03
FAC_3045,EXP_6828,operates_at_condition,0.5,False,,Russia,,Unverified,№ 03_24.pdf,High,2026-07-03
PRO_7058,EQU_7059,uses_material,0.5,False,,Worldwide,,Confirmed,№ 03_24.pdf,High,2026-07-03
EQU_7059,MAT_7060,uses_material,0.5,False,Для фиксации в шпуре,Worldwide,,Confirmed,№ 03_24.pdf,High,2026-07-03
EXP_7061,EQU_7062,uses_material,0.5,False,,Russia,,Confirmed,№ 03_24.pdf,High,2026-07-03
EXP_7061,FAC_3045,operates_at_condition,0.5,False,Выработка откаточного горизонта –700 м,Russia,,Confirmed,№ 03_24.pdf,High,2026-07-03
PUB_7063,EXP_7038,researched_by,0.5,False,,Russia,,Confirmed,№ 03_24.pdf,High,2026-07-03
PUB_7063,EXP_7064,researched_by,0.5,False,,Russia,,Confirmed,№ 03_24.pdf,High,2026-07-03
PUB_7063,EXP_7065,researched_by,0.5,False,,Russia,,Confirmed,№ 03_24.pdf,High,2026-07-03
PUB_7063,EXP_7066,researched_by,0.5,False,,Russia,,Confirmed,№ 03_24.pdf,High,2026-07-03
EQU_7059,EQU_7068,operates_at_condition,0.5,False,Нагрузка до 17 МПа,Worldwide,,Confirmed,№ 03_24.pdf,High,2026-07-03
EQU_7059,EQU_4712,produces_output,0.5,False,,Worldwide,,Confirmed,№ 03_24.pdf,High,2026-07-03
EQU_7067,EQU_7059,uses_material,0.5,False,При разрыве проволочной растяжки,Worldwide,,Confirmed,№ 03_24.pdf,High,2026-07-03
EXP_7072,FAC_3045,operates_at_condition,0.5,False,,Russia,,Confirmed,№ 03_24.pdf,High,2026-07-03
EXP_7072,EQU_7073,uses_material,0.5,False,,Russia,,Confirmed,№ 03_24.pdf,High,2026-07-03
FAC_3045,EQU_99,uses_material,0.5,False,,Russia,,Confirmed,№ 03_24.pdf,High,2026-07-03
PRO_7075,MAT_7076,uses_material,0.5,False,,Worldwide,,Unverified,№ 03_24.pdf,High,2026-07-03
PRO_7077,FAC_3045,researched_by,0.5,False,,Russia,,Unverified,№ 03_24.pdf,High,2026-07-03
PUB_7078,EXP_7079,uses_material,0.5,False,,Russia,,Confirmed,№ 03_24.pdf,High,2026-07-03
EXP_7079,EQU_7080,uses_material,0.5,False,,Russia,,Confirmed,№ 03_24.pdf,High,2026-07-03
EXP_7084,PRO_7085,uses_material,0.5,False,,Russia,,Confirmed,№ 03_24.pdf,High,2026-07-03
EXP_7084,PRO_7086,uses_material,0.5,False,,Russia,,Confirmed,№ 03_24.pdf,High,2026-07-03
PUB_7087,EXP_7088,researched_by,0.5,False,,Russia,,Confirmed,№ 03_24.pdf,High,2026-07-03
PUB_7087,EXP_7089,researched_by,0.5,False,,Russia,,Confirmed,№ 03_24.pdf,High,2026-07-03
PUB_7087,EXP_7065,researched_by,0.5,False,,Russia,,Confirmed,№ 03_24.pdf,High,2026-07-03
FAC_3045,PRO_7090,uses_material,0.5,False,,Russia,,Confirmed,№ 03_24.pdf,High,2026-07-03
PRO_7090,EQU_7091,produces_output,0.5,False,,Russia,,Confirmed,№ 03_24.pdf,High,2026-07-03
PRO_7092,EQU_7093,uses_material,0.5,False,,Worldwide,,Confirmed,№ 03_24.pdf,High,2026-07-03
PRO_7092,FAC_6981,operates_at_condition,0.5,False,Глубокие рудники с высокими неравнокомпонентными горизонтальными напряжениями,Russia,,Confirmed,№ 03_24.pdf,High,2026-07-03
PRO_7094,FAC_3045,uses_material,0.5,False,,Russia,,Confirmed,№ 03_24.pdf,High,2026-07-03
PRO_7095,FAC_3045,uses_material,0.5,False,,Russia,,Confirmed,№ 03_24.pdf,High,2026-07-03
EQU_7096,FAC_3045,uses_material,0.5,False,,Russia,,Confirmed,№ 03_24.pdf,High,2026-07-03
PRO_7097,MAT_7098,uses_material,0.5,False,,Worldwide,,Confirmed,№ 03_24.pdf,High,2026-07-03
PRO_7097,MAT_7099,uses_material,0.5,False,,Worldwide,,Confirmed,№ 03_24.pdf,High,2026-07-03
PRO_7097,EQU_7100,uses_material,0.5,False,"Шаг установки анкеров зависит от нарушенности массива и принимается от 1,2 до 1,6 м",Worldwide,1.2-1.6 м,Confirmed,№ 03_24.pdf,High,2026-07-03
PRO_7101,MAT_7102,uses_material,0.5,False,,Worldwide,,Confirmed,№ 03_24.pdf,High,2026-07-03
PRO_7101,MAT_7103,uses_material,0.5,False,,Worldwide,,Confirmed,№ 03_24.pdf,High,2026-07-03
PRO_7101,MAT_7104,contradicts,0.5,False,Некачественное заполнение пустот и низкая адгезия,Worldwide,,Confirmed,№ 03_24.pdf,High,2026-07-03
PRO_7101,FAC_7105,operates_at_condition,0.5,False,"Высокая проектная нагрузка (1,1 млн т/год)",Worldwide,,Confirmed,№ 03_24.pdf,High,2026-07-03
PRO_7106,MAT_7107,uses_material,0.5,False,,Russia,,Confirmed,№ 03_24.pdf,High,2026-07-03
PRO_7106,EQU_7096,contradicts,0.5,False,,Russia,,Confirmed,№ 03_24.pdf,High,2026-07-03
PRO_7106,EXP_6169,validated_by,0.5,False,,Russia,,Confirmed,№ 03_24.pdf,High,2026-07-03
FAC_3045,PRO_6658,researched_by,0.5,False,,Russia,,Confirmed,№ 03_24.pdf,High,2026-07-03
FAC_3045,EQU_7112,uses_material,0.5,False,,Russia,,Confirmed,№ 03_24.pdf,High,2026-07-03
FAC_7008,MAT_7113,produces_output,0.5,False,,Russia,,Confirmed,№ 03_24.pdf,High,2026-07-03
MAT_7113,EQU_7114,uses_material,0.5,False,при проведении горных выработок,Russia,,Confirmed,№ 03_24.pdf,High,2026-07-03
EXP_7115,EQU_7114,researched_by,0.5,False,замена железобетонной затяжки на рукав армированный,Russia,,Partially_Confirmed,№ 03_24.pdf,High,2026-07-03
PRO_7117,MAT_7116,uses_material,0.5,False,,Worldwide,,Unverified,№ 03_24.pdf,High,2026-07-03
PRO_7117,EQU_7118,operates_at_condition,0.5,False,Корректировка технологии заполнения с учетом применяемого оборудования,Worldwide,,Unverified,№ 03_24.pdf,High,2026-07-03
MAT_7119,PRO_6658,uses_material,0.5,False,,Russia,,Confirmed,№ 03_24.pdf,High,2026-07-03
MAT_7120,PRO_6658,uses_material,0.5,False,,Russia,,Confirmed,№ 03_24.pdf,High,2026-07-03
EQU_7121,MAT_7120,operates_at_condition,0.5,False,заполнение цементно-песчаной смесью,Russia,,Confirmed,№ 03_24.pdf,High,2026-07-03
EXP_7122,PRO_6658,validated_by,0.5,False,период с 15 по 17 августа 2023 г.,Russia,,Confirmed,№ 03_24.pdf,High,2026-07-03
MAT_7120,PRO_7123,uses_material,0.5,False,,Worldwide,,Confirmed,№ 03_24.pdf,High,2026-07-03
EQU_7124,MAT_7120,operates_at_condition,0.5,False,Шаг установки 150 мм,Worldwide,,Confirmed,№ 03_24.pdf,High,2026-07-03
MAT_7120,FAC_3045,validated_by,0.5,False,,Russia,,Confirmed,№ 03_24.pdf,High,2026-07-03
EQU_7126,FAC_7127,validated_by,0.5,False,,Russia,,Confirmed,№ 03_24.pdf,High,2026-07-03
EQU_7126,FAC_6981,validated_by,0.5,False,,Russia,,Confirmed,№ 03_24.pdf,High,2026-07-03
PRO_7130,MAT_7129,uses_material,0.5,False,,Russia,,Confirmed,№ 03_24.pdf,High,2026-07-03
PRO_7130,EQU_7131,produces_output,0.5,False,,Russia,,Confirmed,№ 03_24.pdf,High,2026-07-03
EQU_7133,MAT_7135,uses_material,0.5,False,,Russia,,Confirmed,№ 03_24.pdf,High,2026-07-03
EQU_7134,EQU_7133,operates_at_condition,0.5,False,Создает усилие натяжения каната,Russia,,Confirmed,№ 03_24.pdf,High,2026-07-03
PRO_7136,MAT_7135,produces_output,0.5,False,Усилие натяжения каната до требуемого паспортного усилия,Russia,,Confirmed,№ 03_24.pdf,High,2026-07-03
EXP_6169,PRO_7136,validated_by,0.5,False,,Russia,,Confirmed,№ 03_24.pdf,High,2026-07-03
PUB_7137,PRO_7138,described_in,0.5,False,,Russia,,Confirmed,№ 03_24.pdf,High,2026-07-03
EXP_7139,PUB_7137,researched_by,0.5,False,,Russia,,Confirmed,№ 03_24.pdf,High,2026-07-03
EXP_7140,PUB_7137,researched_by,0.5,False,,Russia,,Confirmed,№ 03_24.pdf,High,2026-07-03
EXP_7141,PUB_7137,researched_by,0.5,False,,Russia,,Confirmed,№ 03_24.pdf,High,2026-07-03
EXP_7146,EQU_7147,uses_material,0.5,False,,Russia,,Confirmed,№ 03_24.pdf,High,2026-07-03
EXP_7146,EQU_7148,uses_material,0.5,False,,Russia,,Confirmed,№ 03_24.pdf,High,2026-07-03
EXP_7146,EQU_7149,uses_material,0.5,False,,Russia,,Confirmed,№ 03_24.pdf,High,2026-07-03
PRO_7151,MAT_7150,uses_material,0.5,False,,Worldwide,,Unverified,№ 03_24.pdf,High,2026-07-03
PRO_7151,MAT_7152,uses_material,0.5,False,,Worldwide,,Confirmed,№ 03_24.pdf,High,2026-07-03
EXP_7155,EQU_7154,operates_at_condition,0.5,False,скорость подачи нагрузки 1 МПа/с,Worldwide,,Confirmed,№ 03_24.pdf,High,2026-07-03
PRO_7156,PUB_7157,described_in,0.5,False,,Russia,,Confirmed,№ 03_24.pdf,High,2026-07-03
PRO_7156,PUB_7158,described_in,0.5,False,,Worldwide,,Confirmed,№ 03_24.pdf,High,2026-07-03
PRO_7156,PUB_7159,described_in,0.5,False,,Worldwide,,Confirmed,№ 03_24.pdf,High,2026-07-03
EXP_7161,EQU_7160,uses_material,0.5,False,,Russia,,Confirmed,№ 03_24.pdf,High,2026-07-03
EXP_7162,PUB_6400,described_in,0.5,False,,Russia,,Confirmed,№ 03_24.pdf,High,2026-07-03
COM_7163,FAC_3045,operates_at_condition,0.5,False,,Russia,,Confirmed,№ 03_24.pdf,High,2026-07-03
MAT_7165,MAT_7166,uses_material,0.5,False,Вводится в состав ГВВ АСП в виде порошка крупностью не более 100 мкм,Worldwide,"Оптимальное содержание добавки от 0,5 до 1 %",Confirmed,№ 03_24.pdf,High,2026-07-03
MAT_7166,EXP_7169,validated_by,0.5,False,,Russia,,Confirmed,№ 03_24.pdf,High,2026-07-03
MAT_4133,PRO_7170,operates_at_condition,0.5,False,нагревание,Worldwide,,Confirmed,№ 03_24.pdf,High,2026-07-03
EQU_7171,EXP_7173,uses_material,0.5,False,,Worldwide,,Confirmed,№ 03_24.pdf,High,2026-07-03
PRO_7174,MAT_7166,produces_output,0.5,False,,Russia,,Confirmed,№ 03_24.pdf,High,2026-07-03
PRO_7174,EQU_7175,uses_material,0.5,False,,Russia,,Confirmed,№ 03_24.pdf,High,2026-07-03
FAC_3045,MAT_7176,uses_material,0.5,False,"сухие забои карьеров, рудников и шахт, не опасных по газу и пыли",Russia,,Confirmed,№ 03_24.pdf,High,2026-07-03
FAC_3045,MAT_7177,uses_material,0.5,False,подземные выработки рудников Заполярного филиала ПАО «ГМК «Норильский никель»,Russia,,Confirmed,№ 03_24.pdf,High,2026-07-03
FAC_3045,MAT_7178,uses_material,0.5,False,подземные выработки рудников Заполярного филиала ПАО «ГМК «Норильский никель»,Russia,,Confirmed,№ 03_24.pdf,High,2026-07-03
FAC_3045,MAT_7179,uses_material,0.5,False,"отсутствие выделения горючих газов или взрывчатой угольной (сланцевой) пыли, либо применяется инертизация призабойного пространства",Russia,,Confirmed,№ 03_24.pdf,High,2026-07-03
MAT_7179,PRO_7180,uses_material,0.5,False,,Russia,,Confirmed,№ 03_24.pdf,High,2026-07-03
EQU_7181,MAT_7179,produces_output,0.5,False,,Russia,,Confirmed,№ 03_24.pdf,High,2026-07-03
MAT_7179,PRO_7182,operates_at_condition,0.5,False,"0,34 кВ/м",Russia,,Confirmed,№ 03_24.pdf,High,2026-07-03
EXP_7183,FAC_6981,validated_by,0.5,False,,Russia,,Confirmed,№ 03_24.pdf,High,2026-07-03
EQU_7184,MAT_378,uses_material,0.5,False,,Worldwide,,Unverified,№ 03_24.pdf,High,2026-07-03
MAT_7185,PRO_7186,uses_material,0.5,False,,Russia,,Confirmed,№ 03_24.pdf,High,2026-07-03
PUB_6400,MAT_7185,described_in,0.5,False,,Russia,,Confirmed,№ 03_24.pdf,High,2026-07-03
MAT_7187,PRO_7188,validated_by,0.5,False,,Russia,,Confirmed,№ 03_24.pdf,High,2026-07-03
PRO_7188,EQU_7189,uses_material,0.5,False,,Russia,,Confirmed,№ 03_24.pdf,High,2026-07-03
MAT_7187,EXP_7190,validated_by,0.5,False,,Russia,,Confirmed,№ 03_24.pdf,High,2026-07-03
FAC_7191,EQU_7192,uses_material,0.5,False,,Russia,,Confirmed,№ 03_24.pdf,High,2026-07-03
FAC_7191,PRO_7193,operates_at_condition,0.5,False,,Russia,,Confirmed,№ 03_24.pdf,High,2026-07-03
EQU_7194,MAT_7196,uses_material,0.5,False,,Worldwide,,Confirmed,№ 03_24.pdf,High,2026-07-03
EQU_7195,MAT_7196,uses_material,0.5,False,,Worldwide,,Confirmed,№ 03_24.pdf,High,2026-07-03
EQU_7195,MAT_7197,uses_material,0.5,False,,Worldwide,,Confirmed,№ 03_24.pdf,High,2026-07-03
PRO_7198,EQU_7199,uses_material,0.5,False,,Worldwide,,Unverified,№ 03_24.pdf,High,2026-07-03
PRO_7198,EQU_7194,uses_material,0.5,False,,Worldwide,,Unverified,№ 03_24.pdf,High,2026-07-03
PRO_7200,EQU_7201,uses_material,0.5,False,,Worldwide,,Confirmed,№ 03_24.pdf,High,2026-07-03
PRO_7200,EQU_7202,uses_material,0.5,False,,Worldwide,,Confirmed,№ 03_24.pdf,High,2026-07-03
PRO_7200,EQU_7203,uses_material,0.5,False,,Worldwide,,Confirmed,№ 03_24.pdf,High,2026-07-03
EQU_7204,PRO_7193,uses_material,0.5,False,,Russia,,Confirmed,№ 03_24.pdf,High,2026-07-03
PRO_7205,EQU_7204,uses_material,0.5,False,,Russia,,Confirmed,№ 03_24.pdf,High,2026-07-03
PRO_7205,FAC_7206,operates_at_condition,0.5,False,Среднее расстояние переезда в другую выработку составляет 300 м,Russia,,Confirmed,№ 03_24.pdf,High,2026-07-03
PRO_7205,FAC_6593,operates_at_condition,0.5,False,Среднее расстояние переезда в другую выработку составляет 700 м,Russia,,Confirmed,№ 03_24.pdf,High,2026-07-03
PRO_7193,EQU_7207,uses_material,0.5,False,,Worldwide,,Unverified,№ 03_24.pdf,High,2026-07-03
PRO_7193,EQU_7208,uses_material,0.5,False,,Worldwide,,Unverified,№ 03_24.pdf,High,2026-07-03
PRO_7193,MAT_7209,uses_material,0.5,False,,Worldwide,,Unverified,№ 03_24.pdf,High,2026-07-03
PRO_7198,EQU_6158,uses_material,0.5,False,,Russia,,Confirmed,№ 03_24.pdf,High,2026-07-03
FAC_7210,PRO_7198,operates_at_condition,0.5,False,,Russia,,Confirmed,№ 03_24.pdf,High,2026-07-03
FAC_7212,PUB_7211,described_in,0.5,False,,Russia,,Confirmed,№ 03_24.pdf,High,2026-07-03
FAC_7214,EQU_7204,uses_material,0.5,False,,Russia,,Confirmed,№ 03_24.pdf,High,2026-07-03
FAC_7215,PRO_7216,researched_by,0.5,False,,Russia,,Confirmed,№ 03_24.pdf,High,2026-07-03
ORG_6414,PUB_896,described_in,0.5,False,,Russia,,Confirmed,№ 04_24.pdf,High,2026-07-03
FAC_7220,FAC_7221,operates_at_condition,0.5,False,В рамках программы корпоративной медицины,Russia,,Confirmed,№ 03_24.pdf,High,2026-07-03
FAC_7221,PUB_7222,described_in,0.5,False,,Worldwide,,Confirmed,№ 03_24.pdf,High,2026-07-03
FAC_7223,MAT_7225,uses_material,0.5,False,,Russia,,Confirmed,№ 03_24.pdf,High,2026-07-03
FAC_7223,MAT_7224,uses_material,0.5,False,В цехах электролиза меди,Russia,,Confirmed,№ 03_24.pdf,High,2026-07-03
FAC_7223,MAT_7227,validated_by,0.5,False,Испытания в подразделениях,Russia,,Confirmed,№ 03_24.pdf,High,2026-07-03
FAC_7223,EQU_7231,uses_material,0.5,False,,Russia,,Confirmed,№ 03_24.pdf,High,2026-07-03
FAC_7223,PRO_7233,uses_material,0.5,False,,Russia,,Confirmed,№ 03_24.pdf,High,2026-07-03
FAC_7223,EXP_7234,operates_at_condition,0.5,False,,Russia,,Confirmed,№ 03_24.pdf,High,2026-07-03
PUB_896,EXP_7235,described_in,0.5,False,,Russia,,Unverified,№ 04_24.pdf,High,2026-07-03
PUB_896,EXP_7236,described_in,0.5,False,,Russia,,Unverified,№ 04_24.pdf,High,2026-07-03
MAT_3224,PUB_896,described_in,0.5,False,,Russia,,Unverified,№ 04_24.pdf,High,2026-07-03
PRO_7237,PUB_896,described_in,0.5,False,,Russia,,Unverified,№ 04_24.pdf,High,2026-07-03
EQU_7238,PUB_896,described_in,0.5,False,,Russia,,Unverified,№ 04_24.pdf,High,2026-07-03
PUB_6400,EXP_7239,described_in,0.5,False,,Russia,,Unverified,№ 04_24.pdf,High,2026-07-03
PUB_6400,EXP_7240,described_in,0.5,False,,Russia,,Unverified,№ 04_24.pdf,High,2026-07-03
PUB_6400,EXP_7241,described_in,0.5,False,,Russia,,Unverified,№ 04_24.pdf,High,2026-07-03
EXP_7243,PUB_7242,researched_by,0.5,False,,Russia,,Unverified,№ 04_24.pdf,High,2026-07-03
EXP_7244,PUB_7242,researched_by,0.5,False,,Russia,,Unverified,№ 04_24.pdf,High,2026-07-03
EXP_7245,PUB_7242,researched_by,0.5,False,,Russia,,Unverified,№ 04_24.pdf,High,2026-07-03
EXP_7246,PUB_7242,researched_by,0.5,False,,Russia,,Unverified,№ 04_24.pdf,High,2026-07-03
EXP_7247,PUB_7248,researched_by,0.5,False,,Russia,,Confirmed,№ 04_24.pdf,High,2026-07-03
EXP_7247,PUB_7249,researched_by,0.5,False,,Russia,,Confirmed,№ 04_24.pdf,High,2026-07-03
FAC_7250,FAC_1793,validated_by,0.5,False,,Russia,,Confirmed,№ 04_24.pdf,High,2026-07-03
EXP_7252,PUB_7251,researched_by,0.5,False,,Worldwide,,Confirmed,№ 04_24.pdf,High,2026-07-03
EXP_7257,PUB_7258,researched_by,0.5,False,,Russia,,Confirmed,№ 04_24.pdf,High,2026-07-03
FAC_7261,MAT_7260,produces_output,0.5,False,,Russia,,Confirmed,№ 04_24.pdf,High,2026-07-03
MAT_7260,PRO_3687,uses_material,0.5,False,,Russia,,Confirmed,№ 04_24.pdf,High,2026-07-03
MAT_7262,PRO_7263,researched_by,0.5,False,,Russia,,Unverified,№ 04_24.pdf,High,2026-07-03
PUB_7264,MAT_7262,described_in,0.5,False,,Russia,,Confirmed,№ 04_24.pdf,High,2026-07-03
PRO_7273,PUB_7272,researched_by,0.5,False,,Russia,,Confirmed,№ 04_24.pdf,High,2026-07-03
PRO_7274,PUB_7272,described_in,0.5,False,Утверждение порядка ведения мониторинга,Russia,,Confirmed,№ 04_24.pdf,High,2026-07-03
PRO_7282,MAT_7279,uses_material,0.5,False,,Russia,,Confirmed,№ 04_24.pdf,High,2026-07-03
PRO_7282,MAT_7280,uses_material,0.5,False,,Russia,,Confirmed,№ 04_24.pdf,High,2026-07-03
PRO_7282,MAT_7281,uses_material,0.5,False,,Russia,,Confirmed,№ 04_24.pdf,High,2026-07-03
MAT_7284,MAT_7285,produces_output,0.5,False,,Russia,,Confirmed,№ 04_24.pdf,High,2026-07-03
EXP_7286,PUB_7287,described_in,0.5,False,,Russia,,Confirmed,№ 04_24.pdf,High,2026-07-03
FAC_7288,EXP_7289,researched_by,0.5,False,,Russia,,Confirmed,№ 04_24.pdf,High,2026-07-03
MAT_7285,PRO_7290,uses_material,0.5,False,,Russia,,Confirmed,№ 04_24.pdf,High,2026-07-03
PRO_7290,EQU_7291,operates_at_condition,0.5,False,согласно инструкции по работе спектрометра,Russia,,Confirmed,№ 04_24.pdf,High,2026-07-03
EXP_7293,PRO_7292,produces_output,0.5,False,,Russia,"минимальное: 22 мг/т, максимальное: 3620 мг/т",Confirmed,№ 04_24.pdf,High,2026-07-03
MAT_7298,MAT_6817,contains,0.5,False,,Russia,,Confirmed,№ 04_24.pdf,High,2026-07-03
MAT_7298,MAT_7299,contains,0.5,False,,Russia,,Confirmed,№ 04_24.pdf,High,2026-07-03
EXP_7300,PUB_896,described_in,0.5,False,,Russia,,Confirmed,№ 04_24.pdf,High,2026-07-03
MAT_7285,MAT_6817,contains,0.5,False,,Russia,,Confirmed,№ 04_24.pdf,High,2026-07-03
MAT_7285,MAT_7299,contains,0.5,False,,Russia,,Confirmed,№ 04_24.pdf,High,2026-07-03
EXP_7301,MAT_7285,analyzes,0.5,False,,Russia,,Confirmed,№ 04_24.pdf,High,2026-07-03
MAT_1399,PRO_7302,operates_at_condition,0.5,False,,Russia,,Unverified,№ 04_24.pdf,High,2026-07-03
MAT_1399,PRO_7303,operates_at_condition,0.5,False,,Russia,,Unverified,№ 04_24.pdf,High,2026-07-03
MAT_1399,PRO_7304,operates_at_condition,0.5,False,,Russia,,Unverified,№ 04_24.pdf,High,2026-07-03
EXP_7306,EQU_7305,uses_material,0.5,False,,Russia,,Confirmed,№ 04_24.pdf,High,2026-07-03
EXP_7310,PUB_7309,researched_by,0.5,False,,Russia,,Confirmed,№ 04_24.pdf,High,2026-07-03
PUB_7309,FAC_7311,described_in,0.5,False,,Russia,,Confirmed,№ 04_24.pdf,High,2026-07-03
PRO_7312,EXP_7313,described_in,0.5,False,,Worldwide,,Unverified,№ 04_24.pdf,High,2026-07-03
PRO_7314,EQU_7315,uses_material,0.5,False,,Worldwide,,Unverified,№ 04_24.pdf,High,2026-07-03
PRO_7314,EQU_7316,uses_material,0.5,False,,Worldwide,,Unverified,№ 04_24.pdf,High,2026-07-03
PRO_7314,EQU_7317,uses_material,0.5,False,,Worldwide,,Unverified,№ 04_24.pdf,High,2026-07-03
PRO_7314,EQU_7318,uses_material,0.5,False,,Worldwide,,Unverified,№ 04_24.pdf,High,2026-07-03
PRO_7319,MAT_961,operates_at_condition,0.5,False,В массиве породы,Worldwide,,Confirmed,№ 04_24.pdf,High,2026-07-03
PRO_7319,PRO_7320,produces_output,0.5,False,На расстоянии 5–7 радиусов заряда амплитуда давлений достигает сотен атмосфер,Worldwide,Сотни атмосфер,Confirmed,№ 04_24.pdf,High,2026-07-03
PRO_7319,PRO_7326,operates_at_condition,0.5,False,,Worldwide,,Confirmed,№ 04_24.pdf,High,2026-07-03
PRO_7319,PRO_7327,operates_at_condition,0.5,False,,Worldwide,,Confirmed,№ 04_24.pdf,High,2026-07-03
MAT_6495,MAT_3699,uses_material,0.5,False,Расход цемента: 120–300 кг/м3,Worldwide,,Confirmed,№ 04_24.pdf,High,2026-07-03
MAT_6495,MAT_7328,uses_material,0.5,False,Расход золы-уноса: 200–240 кг/м3,Worldwide,,Confirmed,№ 04_24.pdf,High,2026-07-03
MAT_6495,PRO_7329,operates_at_condition,0.5,False,Прочность на сжатие: не менее 6 МПа,Worldwide,,Confirmed,№ 04_24.pdf,High,2026-07-03
PRO_7331,PUB_7330,described_in,0.5,False,,Worldwide,,Confirmed,№ 04_24.pdf,High,2026-07-03
MAT_3224,MAT_7328,uses_material,0.5,False,,Worldwide,,Confirmed,№ 04_24.pdf,High,2026-07-03
MAT_3224,PRO_7329,operates_at_condition,0.5,False,Время твердения: 28 суток,Worldwide,,Confirmed,№ 04_24.pdf,High,2026-07-03
MAT_3224,EQU_7332,researched_by,0.5,False,,Worldwide,,Confirmed,№ 04_24.pdf,High,2026-07-03
MAT_4296,PRO_7334,uses_material,0.5,False,,Russia,,Confirmed,№ 04_24.pdf,High,2026-07-03
EQU_7335,PRO_7334,operates_at_condition,0.5,False,,Russia,,Confirmed,№ 04_24.pdf,High,2026-07-03
MAT_4296,PRO_7336,produces_output,0.5,False,,Russia,,Confirmed,№ 04_24.pdf,High,2026-07-03
EXP_7337,MAT_4296,researched_by,0.5,False,,Russia,,Confirmed,№ 04_24.pdf,High,2026-07-03
MAT_3224,PRO_7342,uses_material,0.5,False,,Worldwide,,Confirmed,№ 04_24.pdf,High,2026-07-03
MAT_3224,PRO_7343,uses_material,0.5,False,,Worldwide,,Confirmed,№ 04_24.pdf,High,2026-07-03
MAT_3224,EQU_7344,operates_at_condition,0.5,False,,Worldwide,,Confirmed,№ 04_24.pdf,High,2026-07-03
MAT_3224,PRO_2382,produces_output,0.5,False,При применении активированной электромагнитными полями воды и последующим воздействием ультразвуком на раствор прочность образцов на сжатие возросла на 8–10%,Worldwide,,Confirmed,№ 04_24.pdf,High,2026-07-03
PRO_7347,MAT_7346,uses_material,0.5,False,,Worldwide,,Confirmed,№ 04_24.pdf,High,2026-07-03
PUB_7348,MAT_7346,described_in,0.5,False,,Russia,,Confirmed,№ 04_24.pdf,High,2026-07-03
MAT_2288,PRO_7349,uses_material,0.5,False,,"Russia, Kazakhstan",,Confirmed,№ 04_24.pdf,High,2026-07-03
PRO_7349,EQU_704,operates_at_condition,0.5,False,"открытый способ добычи, высота уступа 15 м","Russia, Kazakhstan",,Confirmed,№ 04_24.pdf,High,2026-07-03
FAC_7350,MAT_2288,produces_output,0.5,False,,Russia,,Confirmed,№ 04_24.pdf,High,2026-07-03
FAC_7351,MAT_2288,produces_output,0.5,False,,Russia,,Confirmed,№ 04_24.pdf,High,2026-07-03
FAC_7352,MAT_2288,produces_output,0.5,False,,Kazakhstan,,Confirmed,№ 04_24.pdf,High,2026-07-03
MAT_2288,PRO_7353,operates_at_condition,0.5,False,,Worldwide,,Confirmed,№ 04_24.pdf,High,2026-07-03
MAT_2288,PRO_7354,operates_at_condition,0.5,False,,Worldwide,,Confirmed,№ 04_24.pdf,High,2026-07-03
MAT_2288,PRO_7355,operates_at_condition,0.5,False,,Worldwide,,Confirmed,№ 04_24.pdf,High,2026-07-03
MAT_7356,EQU_3156,uses_material,0.5,False,,Worldwide,,Confirmed,№ 04_24.pdf,High,2026-07-03
EQU_3156,FAC_7357,produces_output,0.5,False,доставка руды из карьеров,Worldwide,,Confirmed,№ 04_24.pdf,High,2026-07-03
EQU_2334,EQU_3156,operates_at_condition,0.5,False,заполнение кузова автосамосвалов за 5–8 циклов,Worldwide,,Confirmed,№ 04_24.pdf,High,2026-07-03
FAC_7350,EQU_7358,uses_material,0.5,False,,Russia,,Confirmed,№ 04_24.pdf,High,2026-07-03
FAC_7350,MAT_7360,uses_material,0.5,False,,Russia,,Confirmed,№ 04_24.pdf,High,2026-07-03
MAT_7361,PRO_7362,uses_material,0.5,False,,"Russia, Kazakhstan",,Confirmed,№ 04_24.pdf,High,2026-07-03
MAT_7361,EQU_7363,operates_at_condition,0.5,False,,"Russia, Kazakhstan",,Confirmed,№ 04_24.pdf,High,2026-07-03
EQU_7364,MAT_2288,produces_output,0.5,False,,Russia,,Confirmed,№ 04_24.pdf,High,2026-07-03
FAC_7352,MAT_2288,produces_output,0.5,False,,Russia,,Confirmed,№ 04_24.pdf,High,2026-07-03
FAC_7351,MAT_2288,produces_output,0.5,False,,Russia,,Confirmed,№ 04_24.pdf,High,2026-07-03
FAC_7350,MAT_2288,produces_output,0.5,False,,Russia,,Confirmed,№ 04_24.pdf,High,2026-07-03
FAC_7366,PRO_7367,uses_material,0.5,False,,"Russia, Kazakhstan",,Confirmed,№ 04_24.pdf,High,2026-07-03
PRO_7367,EQU_7368,operates_at_condition,0.5,False,,"Russia, Kazakhstan",,Confirmed,№ 04_24.pdf,High,2026-07-03
PRO_7367,EQU_7369,operates_at_condition,0.5,False,,"Russia, Kazakhstan",,Confirmed,№ 04_24.pdf,High,2026-07-03
MAT_7356,PRO_7370,produces_output,0.5,False,температура сушки не превышает 150–200 °C,"Russia, Kazakhstan",,Confirmed,№ 04_24.pdf,High,2026-07-03
PRO_7370,EQU_7371,operates_at_condition,0.5,False,температура теплоносителя 600–800 °C,"Russia, Kazakhstan",,Confirmed,№ 04_24.pdf,High,2026-07-03
MAT_7372,PRO_7373,uses_material,0.5,False,,Russia,,Confirmed,№ 04_24.pdf,High,2026-07-03
EXP_7376,EQU_7374,operates_at_condition,0.5,False,,Russia,,Confirmed,№ 04_24.pdf,High,2026-07-03
MAT_7377,MAT_7379,uses_material,0.5,False,избыток раствора HNO3,Worldwide,,Confirmed,№ 04_24.pdf,High,2026-07-03
MAT_7377,MAT_7380,produces_output,0.5,False,,Worldwide,,Confirmed,№ 04_24.pdf,High,2026-07-03
MAT_7377,MAT_7381,produces_output,0.5,False,,Worldwide,,Confirmed,№ 04_24.pdf,High,2026-07-03
MAT_7377,MAT_7382,produces_output,0.5,False,,Worldwide,,Confirmed,№ 04_24.pdf,High,2026-07-03
PRO_7384,MAT_7383,produces_output,0.5,False,"Мольное отношение Fe : P = 1,1",Worldwide,,Confirmed,№ 04_24.pdf,High,2026-07-03
EXP_7387,PRO_7384,validated_by,0.5,False,"Нейтрализация аммиаком до pH = 2,5",Worldwide,,Confirmed,№ 04_24.pdf,High,2026-07-03
MAT_7388,PRO_7389,uses_material,0.5,False,,Worldwide,,Confirmed,№ 04_24.pdf,High,2026-07-03
EQU_7390,MAT_7388,researched_by,0.5,False,,Russia,,Confirmed,№ 04_24.pdf,High,2026-07-03
MAT_2288,EQU_7392,uses_material,0.5,False,,Russia|Worldwide,,Confirmed,№ 04_24.pdf,High,2026-07-03
MAT_2288,EQU_7393,uses_material,0.5,False,,Russia|Worldwide,,Confirmed,№ 04_24.pdf,High,2026-07-03
MAT_2288,EQU_7394,uses_material,0.5,False,,Russia|Worldwide,,Confirmed,№ 04_24.pdf,High,2026-07-03
MAT_2288,EQU_7395,uses_material,0.5,False,,Russia|Worldwide,,Confirmed,№ 04_24.pdf,High,2026-07-03
MAT_2288,EQU_7396,uses_material,0.5,False,,Russia|Worldwide,,Confirmed,№ 04_24.pdf,High,2026-07-03
MAT_2288,EQU_7397,uses_material,0.5,False,,Russia|Worldwide,,Confirmed,№ 04_24.pdf,High,2026-07-03
EQU_7398,MAT_7399,uses_material,0.5,False,,Worldwide,,Confirmed,№ 04_24.pdf,High,2026-07-03
EQU_7398,PRO_7400,operates_at_condition,0.5,False,Вылет стрелы экскаватора до 40 м,Worldwide,,Confirmed,№ 04_24.pdf,High,2026-07-03
EQU_559,EQU_7401,uses_material,0.5,False,,Russia,,Confirmed,№ 04_24.pdf,High,2026-07-03
EQU_7401,PRO_7400,produces_output,0.5,False,,Russia,,Confirmed,№ 04_24.pdf,High,2026-07-03
EQU_7403,MAT_961,uses_material,0.5,False,,Worldwide,,Confirmed,№ 04_24.pdf,High,2026-07-03
EQU_7403,PRO_2562,produces_output,0.5,False,,Worldwide,,Confirmed,№ 04_24.pdf,High,2026-07-03
MAT_7383,MAT_7404,uses_material,0.5,False,,Worldwide,,Confirmed,№ 04_24.pdf,High,2026-07-03
MAT_7383,MAT_7405,produces_output,0.5,False,В присутствии NaOH,Worldwide,,Confirmed,№ 04_24.pdf,High,2026-07-03
MAT_7405,MAT_7379,uses_material,0.5,False,,Worldwide,,Confirmed,№ 04_24.pdf,High,2026-07-03
MAT_7406,MAT_7381,uses_material,0.5,False,,Worldwide,,Confirmed,№ 04_24.pdf,High,2026-07-03
MAT_7406,MAT_7407,produces_output,0.5,False,В присутствии Ca(NO3)2,Worldwide,,Confirmed,№ 04_24.pdf,High,2026-07-03
MAT_7406,MAT_7408,produces_output,0.5,False,В присутствии Ca(NO3)2 и HNO3,Worldwide,,Confirmed,№ 04_24.pdf,High,2026-07-03
EQU_7401,PRO_7409,uses_material,0.5,False,Скорость нанесения ударов выше 150 ударов в секунду,Worldwide,,Confirmed,№ 04_24.pdf,High,2026-07-03
EQU_7401,PRO_7409,operates_at_condition,0.5,False,Предел прочности на сжатие более 9 МПа,Worldwide,,Confirmed,№ 04_24.pdf,High,2026-07-03
PRO_2362,EQU_7410,uses_material,0.5,False,,Worldwide,,Unverified,№ 04_24.pdf,High,2026-07-03
PRO_2362,EQU_7411,uses_material,0.5,False,,Worldwide,,Unverified,№ 04_24.pdf,High,2026-07-03
EXP_7416,EQU_7413,uses_material,0.5,False,,Russia,,Confirmed,№ 04_24.pdf,High,2026-07-03
EXP_7416,EQU_7414,uses_material,0.5,False,,Russia,,Confirmed,№ 04_24.pdf,High,2026-07-03
EXP_7416,EQU_7415,uses_material,0.5,False,,Russia,,Confirmed,№ 04_24.pdf,High,2026-07-03
PRO_7417,EQU_7418,uses_material,0.5,False,,Russia,,Confirmed,№ 04_24.pdf,High,2026-07-03
EQU_7418,MAT_7419,operates_at_condition,0.5,False,compression strengths of 3.6 MPa and 9.5 MPa,Russia,,Confirmed,№ 04_24.pdf,High,2026-07-03
EXP_7420,MAT_7421,uses_material,0.5,False,,Worldwide,,Confirmed,№ 04_24.pdf,High,2026-07-03
EXP_7420,EQU_7422,operates_at_condition,0.5,False,Угол установки фрезы: 0-40 градусов,Worldwide,Угол установки фрезы: 0-40 градусов,Confirmed,№ 04_24.pdf,High,2026-07-03
EQU_7238,PRO_7423,operates_at_condition,0.5,False,Угол установки фрезы: 0-40°,Worldwide,Угол установки фрезы: 20°,Confirmed,№ 04_24.pdf,High,2026-07-03
EXP_7425,PUB_7424,researched_by,0.5,False,,Russia,,Confirmed,№ 04_24.pdf,High,2026-07-03
EQU_7426,PUB_7424,uses_material,0.5,False,,Russia,,Confirmed,№ 04_24.pdf,High,2026-07-03
EQU_7427,EQU_7428,uses_material,0.5,False,,Worldwide,,Confirmed,№ 04_24.pdf,High,2026-07-03
EQU_7427,EQU_7429,uses_material,0.5,False,,Worldwide,,Confirmed,№ 04_24.pdf,High,2026-07-03
EXP_7430,EQU_7427,uses_material,0.5,False,Для настройки параметров и регистрации сигналов,Worldwide,,Confirmed,№ 04_24.pdf,High,2026-07-03
PRO_7432,MAT_7383,produces_output,0.5,False,"pH 0,5÷3",Worldwide,,Confirmed,№ 04_24.pdf,High,2026-07-03
PRO_7432,MAT_7431,produces_output,0.5,False,,Worldwide,,Confirmed,№ 04_24.pdf,High,2026-07-03
PRO_7432,MAT_7408,produces_output,0.5,False,При высоком содержании ионов Fe3+ и Ca2+,Worldwide,,Confirmed,№ 04_24.pdf,High,2026-07-03
EQU_7433,PRO_7437,uses_material,0.5,False,,Worldwide,,Unverified,№ 04_24.pdf,High,2026-07-03
EQU_7434,PRO_7437,uses_material,0.5,False,,Worldwide,,Unverified,№ 04_24.pdf,High,2026-07-03
MAT_7435,PRO_7437,operates_at_condition,0.5,False,"σсж = 3,6 МПа",Worldwide,,Unverified,№ 04_24.pdf,High,2026-07-03
MAT_7436,PRO_7437,operates_at_condition,0.5,False,"σсж = 9,5 МПа",Worldwide,,Unverified,№ 04_24.pdf,High,2026-07-03
EQU_7438,PRO_7439,operates_at_condition,0.5,False,Эксплуатация на карьерах,Worldwide,,Confirmed,№ 04_24.pdf,High,2026-07-03
EQU_2855,EQU_7440,uses_material,0.5,False,Для сталкивания пород под откос отвала после разгрузки,Worldwide,,Unverified,№ 04_24.pdf,High,2026-07-03
EQU_2855,PRO_7441,uses_material,0.5,False,"Высота отвала 15 м, разгрузка под откос",Worldwide,,Confirmed,№ 04_24.pdf,High,2026-07-03
EQU_7442,EQU_7443,uses_material,0.5,False,"Высота навала породы 1,6 м, длина 5,4 м, объем 26,3 м3",Worldwide,,Unverified,№ 04_24.pdf,High,2026-07-03
EQU_7444,EQU_7443,uses_material,0.5,False,"Объем породы, оставленной на отвале для перемещения под откос, составит 4,1 м3",Worldwide,,Unverified,№ 04_24.pdf,High,2026-07-03
EQU_7445,EQU_7443,uses_material,0.5,False,"Навал породы высотой 1,284 м, длиной 5 м и объемом 6,2 м3",Worldwide,,Unverified,№ 04_24.pdf,High,2026-07-03
PUB_7449,PRO_7450,described_in,0.5,False,,Worldwide,,Confirmed,№ 04_24.pdf,High,2026-07-03
PRO_2045,EQU_7451,uses_material,0.5,False,,Worldwide,,Confirmed,№ 04_24.pdf,High,2026-07-03
PRO_2045,PUB_7452,described_in,0.5,False,,Worldwide,,Confirmed,№ 04_24.pdf,High,2026-07-03
PUB_7453,EQU_7454,researched_by,0.5,False,,Worldwide,,Confirmed,№ 04_24.pdf,High,2026-07-03
EQU_7454,FAC_7455,operates_at_condition,0.5,False,In open pit mining operations,Worldwide,,Confirmed,№ 04_24.pdf,High,2026-07-03
EXP_7456,PUB_6400,researched_by,0.5,False,,Worldwide,,Confirmed,№ 04_24.pdf,High,2026-07-03
FAC_7459,PRO_7458,produces_output,0.5,False,,Russia,,Confirmed,№ 04_24.pdf,High,2026-07-03
EXP_7460,PUB_7461,uses_material,0.5,False,,Russia,,Confirmed,№ 04_24.pdf,High,2026-07-03
EXP_7460,PRO_7462,researched_by,0.5,False,1985-2014 гг.,Russia,,Confirmed,№ 04_24.pdf,High,2026-07-03
FAC_7471,PRO_7458,produces_output,0.5,False,,Russia,,Confirmed,№ 04_24.pdf,High,2026-07-03
FAC_7471,PRO_7472,researched_by,0.5,False,Внедрение передовых технологий и усовершенствование производственных процессов,Russia,2009–2016 гг.,Confirmed,№ 04_24.pdf,High,2026-07-03
PUB_7473,FAC_7474,researched_by,0.5,False,,Worldwide,,Unverified,№ 04_24.pdf,High,2026-07-03
FAC_7478,MAT_7479,produces_output,0.5,False,,Russia,,Confirmed,№ 04_24.pdf,High,2026-07-03
PUB_7476,MAT_7479,researched_by,0.5,False,,Worldwide,,Confirmed,№ 04_24.pdf,High,2026-07-03
PRO_7484,MAT_4335,uses_material,0.5,False,Для уменьшения выбросов предусмотрен уход от использования дизельного топлива,Russia,,Confirmed,№ 04_24.pdf,High,2026-07-03
PRO_7484,MAT_541,uses_material,0.5,False,Россия обладает уникальными возможностями использования природного газа в качестве альтернативы дизельному топливу,Russia,,Confirmed,№ 04_24.pdf,High,2026-07-03
PRO_7484,PUB_7485,described_in,0.5,False,,Russia,,Confirmed,№ 04_24.pdf,High,2026-07-03
PUB_7486,MAT_7487,researched_by,0.5,False,,Worldwide,,Confirmed,№ 04_24.pdf,High,2026-07-03
MAT_7489,MAT_7491,produces_output,0.5,False,,Worldwide,,Confirmed,№ 04_24.pdf,High,2026-07-03
MAT_7494,MAT_7496,uses_material,0.5,False,,Worldwide,,Unverified,№ 04_24.pdf,High,2026-07-03
MAT_7495,MAT_7496,uses_material,0.5,False,,Worldwide,,Unverified,№ 04_24.pdf,High,2026-07-03
MAT_7497,MAT_7496,uses_material,0.5,False,,Worldwide,,Unverified,№ 04_24.pdf,High,2026-07-03
MAT_7498,MAT_7496,uses_material,0.5,False,,Worldwide,,Unverified,№ 04_24.pdf,High,2026-07-03
MAT_5472,FAC_7499,found_at,0.5,False,,Russia,,Confirmed,№ 04_24.pdf,High,2026-07-03
EXP_7500,MAT_5472,searched_for,0.5,False,С 1936 года,Russia,,Confirmed,№ 04_24.pdf,High,2026-07-03
MAT_7501,PUB_7502,described_in,0.5,False,,Worldwide,,Confirmed,№ 04_24.pdf,High,2026-07-03
PUB_7506,MAT_424,researched_by,0.5,False,,Worldwide,,Confirmed,№ 04_24.pdf,High,2026-07-03
PUB_7506,MAT_1209,uses_material,0.5,False,,Worldwide,,Confirmed,№ 04_24.pdf,High,2026-07-03
PUB_7506,MAT_7507,uses_material,0.5,False,,Worldwide,,Confirmed,№ 04_24.pdf,High,2026-07-03
PUB_7506,MAT_6227,uses_material,0.5,False,,Worldwide,,Confirmed,№ 04_24.pdf,High,2026-07-03
MAT_424,MAT_2445,uses_material,0.5,False,,Worldwide,,Confirmed,№ 04_24.pdf,High,2026-07-03
MAT_424,MAT_6227,uses_material,0.5,False,,Worldwide,,Confirmed,№ 04_24.pdf,High,2026-07-03
EXP_7508,MAT_424,validated_by,0.5,False,,Worldwide,,Confirmed,№ 04_24.pdf,High,2026-07-03
EXP_7509,MAT_424,validated_by,0.5,False,,Worldwide,,Confirmed,№ 04_24.pdf,High,2026-07-03
EXP_7510,MAT_424,validated_by,0.5,False,,Worldwide,,Confirmed,№ 04_24.pdf,High,2026-07-03
MAT_424,MAT_1209,researched_by,0.5,False,,Worldwide,,Confirmed,№ 04_24.pdf,High,2026-07-03
MAT_7511,MAT_1209,researched_by,0.5,False,,Worldwide,,Confirmed,№ 04_24.pdf,High,2026-07-03
MAT_424,MAT_7507,researched_by,0.5,False,,Worldwide,,Confirmed,№ 04_24.pdf,High,2026-07-03
MAT_7511,MAT_7507,researched_by,0.5,False,,Worldwide,,Confirmed,№ 04_24.pdf,High,2026-07-03
MAT_424,MAT_6227,researched_by,0.5,False,,Worldwide,,Confirmed,№ 04_24.pdf,High,2026-07-03
MAT_7511,MAT_6227,researched_by,0.5,False,,Worldwide,,Confirmed,№ 04_24.pdf,High,2026-07-03
EXP_7512,FAC_7513,researched_by,0.5,False,,Russia,,Confirmed,№ 04_24.pdf,High,2026-07-03
EXP_7517,PUB_7516,researched_by,0.5,False,,Russia,,Confirmed,№ 04_24.pdf,High,2026-07-03
MAT_7520,MAT_5472,researched_by,0.5,False,,Russia,,Confirmed,№ 04_24.pdf,High,2026-07-03
PRO_7521,MAT_5472,produces_output,0.5,False,,Russia,,Confirmed,№ 04_24.pdf,High,2026-07-03
FAC_7522,MAT_6438,produces_output,0.5,False,,Russia,,Confirmed,№ 04_24.pdf,High,2026-07-03
EXP_7523,MAT_6438,uses_material,0.5,False,,Worldwide,,Confirmed,№ 04_24.pdf,High,2026-07-03
FAC_7524,PUB_896,described_in,0.5,False,,Russia,,Unverified,№ 04_24.pdf,High,2026-07-03
FAC_1450,FAC_7526,researched_by,0.5,False,,Russia,,Confirmed,№ 05_24.pdf,High,2026-07-03
EQU_7527,PRO_7528,researched_by,0.5,False,,Worldwide,,Confirmed,№ 04_24.pdf,High,2026-07-03
EQU_7527,MAT_7529,uses_material,0.5,False,,Worldwide,,Confirmed,№ 04_24.pdf,High,2026-07-03
PUB_6400,FAC_607,described_in,0.5,False,,Russia,,Confirmed,№ 05_24.pdf,High,2026-07-03
ORG_6414,PUB_896,described_in,0.5,False,,Russia,,Confirmed,№ 05_24.pdf,High,2026-07-03
FAC_607,MAT_954,produces_output,0.5,False,,Russia,,Confirmed,№ 05_24.pdf,High,2026-07-03
FAC_607,MAT_7530,produces_output,0.5,False,,Russia,,Confirmed,№ 05_24.pdf,High,2026-07-03
PRO_7531,MAT_7532,uses_material,0.5,False,,Russia,,Confirmed,№ 05_24.pdf,High,2026-07-03
PRO_7531,EQU_7533,operates_at_condition,0.5,False,Предварительное сгущение отвальных хвостов,Russia,,Confirmed,№ 05_24.pdf,High,2026-07-03
FAC_7534,MAT_7535,uses_material,0.5,False,,Russia,,Confirmed,№ 05_24.pdf,High,2026-07-03
FAC_7544,EQU_7543,uses_material,0.5,False,,Russia,,Confirmed,№ 05_24.pdf,High,2026-07-03
FAC_7544,PRO_7545,produces_output,0.5,False,,Russia,,Confirmed,№ 05_24.pdf,High,2026-07-03
PRO_7546,MAT_7548,produces_output,0.5,False,Сгущение до 70% по твёрдому,Worldwide,,Confirmed,№ 05_24.pdf,High,2026-07-03
EQU_7547,EQU_7538,uses_material,0.5,False,,Worldwide,,Confirmed,№ 05_24.pdf,High,2026-07-03
FAC_7549,MAT_7550,uses_material,0.5,False,,Russia,,Confirmed,№ 05_24.pdf,High,2026-07-03
FAC_7549,PRO_7551,operates_at_condition,0.5,False,проектная мощность 800 тыс. т,Russia,,Confirmed,№ 05_24.pdf,High,2026-07-03
EQU_7538,MAT_7552,produces_output,0.5,False,,Russia,,Confirmed,№ 05_24.pdf,High,2026-07-03
MAT_7552,PRO_7553,uses_material,0.5,False,,Russia,,Confirmed,№ 05_24.pdf,High,2026-07-03
FAC_7558,EQU_7557,uses_material,0.5,False,,Worldwide,,Confirmed,№ 05_24.pdf,High,2026-07-03
FAC_7558,PRO_488,operates_at_condition,0.5,False,С использованием дробильных комплексов в районе очистной выемки и конвейерного транспортирования рудной массы к стволу,Worldwide,,Confirmed,№ 05_24.pdf,High,2026-07-03
PRO_7559,EQU_6341,uses_material,0.5,False,,Worldwide,,Confirmed,№ 05_24.pdf,High,2026-07-03
PRO_7559,MAT_6495,uses_material,0.5,False,,Worldwide,,Confirmed,№ 05_24.pdf,High,2026-07-03
EQU_7538,EQU_7561,uses_material,0.5,False,,Worldwide,,Confirmed,№ 05_24.pdf,High,2026-07-03
EQU_7538,EQU_7562,uses_material,0.5,False,,Worldwide,,Confirmed,№ 05_24.pdf,High,2026-07-03
EQU_7538,MAT_7560,uses_material,0.5,False,Расход флокулянта 15 г/т твёрдого,Worldwide,,Confirmed,№ 05_24.pdf,High,2026-07-03
EQU_7538,EQU_7563,uses_material,0.5,False,,Worldwide,,Confirmed,№ 05_24.pdf,High,2026-07-03
EQU_7538,EQU_7564,uses_material,0.5,False,,Worldwide,,Confirmed,№ 05_24.pdf,High,2026-07-03
EXP_7577,PRO_7576,researched_by,0.5,False,Использование bmim HSO4,Worldwide,,Confirmed,№ 05_24.pdf,High,2026-07-03
PUB_7578,FAC_7579,described_in,0.5,False,,Worldwide,,Confirmed,№ 05_24.pdf,High,2026-07-03
PUB_7578,FAC_7580,described_in,0.5,False,,Worldwide,,Confirmed,№ 05_24.pdf,High,2026-07-03
PRO_1573,MAT_1399,uses_material,0.5,False,,Worldwide,,Confirmed,№ 05_24.pdf,High,2026-07-03
PRO_1573,EQU_1695,operates_at_condition,0.5,False,диаметр скважин 102–110 мм,Worldwide,,Confirmed,№ 05_24.pdf,High,2026-07-03
PRO_1573,EQU_7581,uses_material,0.5,False,для разделки негабаритных кусков,Worldwide,,Confirmed,№ 05_24.pdf,High,2026-07-03
PRO_1573,EQU_7582,produces_output,0.5,False,,Worldwide,,Confirmed,№ 05_24.pdf,High,2026-07-03
PRO_1573,EQU_7583,uses_material,0.5,False,для погрузки и транспортировки руды,Worldwide,,Confirmed,№ 05_24.pdf,High,2026-07-03
PRO_1573,EQU_7584,uses_material,0.5,False,для доставки руды,Worldwide,,Confirmed,№ 05_24.pdf,High,2026-07-03
FAC_7600,PRO_3250,operates_at_condition,0.5,False,Этажно-камерная система отработки рудных тел,Russia,,Confirmed,№ 05_24.pdf,High,2026-07-03
PRO_3250,MAT_6495,produces_output,0.5,False,,Russia,,Confirmed,№ 05_24.pdf,High,2026-07-03
MAT_6495,EQU_7597,uses_material,0.5,False,,Russia,,Confirmed,№ 05_24.pdf,High,2026-07-03
MAT_6495,EQU_7598,uses_material,0.5,False,,Russia,,Confirmed,№ 05_24.pdf,High,2026-07-03
MAT_6495,EQU_7599,uses_material,0.5,False,,Russia,,Confirmed,№ 05_24.pdf,High,2026-07-03
FAC_7601,MAT_7602,composed_of,0.5,False,,Worldwide,,Confirmed,№ 05_24.pdf,High,2026-07-03
FAC_7601,PRO_7606,researched_by,0.5,False,,Worldwide,,Confirmed,№ 05_24.pdf,High,2026-07-03
FAC_7608,MAT_7607,produces_output,0.5,False,,Worldwide,,Unverified,№ 05_24.pdf,High,2026-07-03
FAC_7609,MAT_7607,produces_output,0.5,False,,Worldwide,,Unverified,№ 05_24.pdf,High,2026-07-03
FAC_7610,MAT_3184,produces_output,0.5,False,,Worldwide,,Unverified,№ 05_24.pdf,High,2026-07-03
FAC_7614,MAT_7615,contains,0.5,False,,Worldwide,,Confirmed,№ 05_24.pdf,High,2026-07-03
FAC_7614,MAT_7616,contains,0.5,False,,Worldwide,,Confirmed,№ 05_24.pdf,High,2026-07-03
FAC_7614,MAT_7617,contains,0.5,False,,Worldwide,,Confirmed,№ 05_24.pdf,High,2026-07-03
MAT_7618,MAT_7620,produces_output,0.5,False,,Worldwide,,Unverified,№ 05_24.pdf,High,2026-07-03
MAT_7619,MAT_7611,produces_output,0.5,False,,Worldwide,,Unverified,№ 05_24.pdf,High,2026-07-03
PUB_7621,MAT_7622,researched_by,0.5,False,,Zimbabwe,,Confirmed,№ 05_24.pdf,High,2026-07-03
EXP_7623,PUB_6400,researched_by,0.5,False,,Russia,,Confirmed,№ 05_24.pdf,High,2026-07-03
EXP_7624,PUB_6400,researched_by,0.5,False,,Russia,,Confirmed,№ 05_24.pdf,High,2026-07-03
EXP_7625,PUB_6400,researched_by,0.5,False,,Russia,,Confirmed,№ 05_24.pdf,High,2026-07-03
PRO_7626,PRO_7627,operates_at_condition,0.5,False,слоистость влияет на процесс взрывного разрушения,Worldwide,,Confirmed,№ 05_24.pdf,High,2026-07-03
PRO_7627,EXP_7628,researched_by,0.5,False,,Worldwide,,Confirmed,№ 05_24.pdf,High,2026-07-03
FAC_7601,MAT_7630,contains,0.5,False,,Zimbabwe,,Confirmed,№ 05_24.pdf,High,2026-07-03
FAC_7601,MAT_7631,contains,0.5,False,,Zimbabwe,,Confirmed,№ 05_24.pdf,High,2026-07-03
FAC_7601,MAT_7632,contains,0.5,False,,Zimbabwe,,Confirmed,№ 05_24.pdf,High,2026-07-03
MAT_961,PRO_7633,operates_at_condition,0.5,False,наличие разнопрочных слоев,Worldwide,,Confirmed,№ 05_24.pdf,High,2026-07-03
EXP_7634,MAT_961,researched_by,0.5,False,,Worldwide,,Confirmed,№ 05_24.pdf,High,2026-07-03
PRO_3784,EQU_7636,uses_material,0.5,False,,Worldwide,,Confirmed,№ 05_24.pdf,High,2026-07-03
EQU_7636,PRO_7637,operates_at_condition,0.5,False,При использовании подхода Лагранжа,Worldwide,,Confirmed,№ 05_24.pdf,High,2026-07-03
EQU_7636,PRO_7638,operates_at_condition,0.5,False,При использовании эйлерова описания,Worldwide,,Confirmed,№ 05_24.pdf,High,2026-07-03
EXP_1960,EQU_7639,uses_material,0.5,False,,Worldwide,,Confirmed,№ 05_24.pdf,High,2026-07-03
EXP_1960,MAT_1881,operates_at_condition,0.5,False,Динамическое нагружение,Worldwide,,Confirmed,№ 05_24.pdf,High,2026-07-03
MAT_1881,PRO_7640,described_in,0.5,False,,Worldwide,,Confirmed,№ 05_24.pdf,High,2026-07-03
PRO_7641,MAT_1881,operates_at_condition,0.5,False,"Наличие слоев в горной породе, физико-механические свойства пород",Worldwide,Не указано,Confirmed,№ 05_24.pdf,High,2026-07-03
EXP_7642,PRO_7641,validated_by,0.5,False,Моделирование физико-механических процессов при взрыве в горной породе,Worldwide,Не указано,Confirmed,№ 05_24.pdf,High,2026-07-03
PRO_7647,EQU_7639,uses_material,0.5,False,,Worldwide,,Confirmed,№ 05_24.pdf,High,2026-07-03
PRO_7647,PUB_7648,described_in,0.5,False,,Worldwide,,Confirmed,№ 05_24.pdf,High,2026-07-03
MAT_7651,PRO_12,uses_material,0.5,False,,Worldwide,,Confirmed,№ 05_24.pdf,High,2026-07-03
EQU_7652,PRO_12,operates_at_condition,0.5,False,"Неотражение волн, имитирующее продолжение массива горных пород",Worldwide,,Confirmed,№ 05_24.pdf,High,2026-07-03
PRO_7653,EXP_7654,produced_output,0.5,False,,Worldwide,,Confirmed,№ 05_24.pdf,High,2026-07-03
PRO_5879,MAT_7656,uses_material,0.5,False,,Worldwide,,Confirmed,№ 05_24.pdf,High,2026-07-03
PUB_7657,MAT_7656,researched_by,0.5,False,,Russia,,Unverified,№ 05_24.pdf,High,2026-07-03
EQU_7659,PRO_7658,produces_output,0.5,False,,Russia,,Confirmed,№ 05_24.pdf,High,2026-07-03
FAC_7661,MAT_7656,uses_material,0.5,False,,Russia,,Unverified,№ 05_24.pdf,High,2026-07-03
EXP_7666,PUB_7665,researched_by,0.5,False,,Russia,,Confirmed,№ 05_24.pdf,High,2026-07-03
EXP_7667,PUB_7665,researched_by,0.5,False,,Russia,,Confirmed,№ 05_24.pdf,High,2026-07-03
EXP_7668,PUB_7665,researched_by,0.5,False,,Russia,,Confirmed,№ 05_24.pdf,High,2026-07-03
EQU_7673,MAT_1399,uses_material,0.5,False,,Worldwide,,Confirmed,№ 05_24.pdf,High,2026-07-03
EXP_7675,PRO_7674,researched_by,0.5,False,,Worldwide,,Confirmed,№ 05_24.pdf,High,2026-07-03
MAT_7676,PRO_1858,uses_material,0.5,False,,Worldwide,,Confirmed,№ 05_24.pdf,High,2026-07-03
PRO_1858,EQU_7673,operates_at_condition,0.5,False,,Worldwide,,Confirmed,№ 05_24.pdf,High,2026-07-03
PRO_1858,EQU_7673,uses_material,0.5,False,Корректировка режима работы мельницы при направлении на измельчение продуктов после предварительного грохочения,Worldwide,,Unverified,№ 05_24.pdf,High,2026-07-03
PRO_1858,EQU_7673,operates_at_condition,0.5,False,"Достижение крупности слива 44 % класса –0,2 мм",Worldwide,,Unverified,№ 05_24.pdf,High,2026-07-03
MAT_2441,PRO_7677,uses_material,0.5,False,,Worldwide,,Confirmed,№ 05_24.pdf,High,2026-07-03
FAC_1851,PRO_7677,uses_material,0.5,False,,Worldwide,,Confirmed,№ 05_24.pdf,High,2026-07-03
PRO_7677,EQU_7673,produces_output,0.5,False,,Worldwide,,Confirmed,№ 05_24.pdf,High,2026-07-03
EQU_7673,PRO_1858,operates_at_condition,0.5,False,"регламентированная крупность слива не более 56 % класса +0,2 мм",Worldwide,,Confirmed,№ 05_24.pdf,High,2026-07-03
PRO_7677,EQU_7673,uses_material,0.5,False,"Крупность грохочения 0,56 мм",Worldwide,,Confirmed,№ 05_24.pdf,High,2026-07-03
EQU_7673,PRO_6171,produces_output,0.5,False,,Worldwide,,Confirmed,№ 05_24.pdf,High,2026-07-03
PRO_7678,MAT_3184,uses_material,0.5,False,,Worldwide,,Confirmed,№ 05_24.pdf,High,2026-07-03
PRO_7679,MAT_3184,uses_material,0.5,False,,Worldwide,,Confirmed,№ 05_24.pdf,High,2026-07-03
EQU_7682,MAT_3184,operates_at_condition,0.5,False,Снижение крупности дробленого материала с 20–25 до 6–8 мм,Russia,,Partially_Confirmed,№ 05_24.pdf,High,2026-07-03
PRO_7684,MAT_7685,uses_material,0.5,False,Pre-screening output coarseness of 0.56 mm,Worldwide,,Confirmed,№ 05_24.pdf,High,2026-07-03
PRO_7684,EQU_7686,operates_at_condition,0.5,False,,Worldwide,,Confirmed,№ 05_24.pdf,High,2026-07-03
PRO_7687,MAT_7688,uses_material,0.5,False,Для гидроизоляции заколонного пространства,Worldwide,,Confirmed,№ 05_24.pdf,High,2026-07-03
PRO_7687,MAT_7328,uses_material,0.5,False,"Для сооружения, ремонта и ликвидации скважин",Worldwide,,Partially_Confirmed,№ 05_24.pdf,High,2026-07-03
PRO_7690,MAT_7688,produces_output,0.5,False,,Worldwide,,Confirmed,№ 05_24.pdf,High,2026-07-03
PRO_7691,EQU_2660,uses_material,0.5,False,"крупность грохочения 0,56 мм",Worldwide,,Confirmed,№ 05_24.pdf,High,2026-07-03
MAT_7328,PRO_7693,uses_material,0.5,False,В смеси с цементом,Worldwide,,Confirmed,№ 05_24.pdf,High,2026-07-03
EQU_7694,PRO_7693,produces_output,0.5,False,Снижение плотности раствора при увеличении прочности на изгиб,Worldwide,,Confirmed,№ 05_24.pdf,High,2026-07-03
PRO_7699,MAT_7696,uses_material,0.5,False,,Worldwide,,Confirmed,№ 05_24.pdf,High,2026-07-03
PRO_7699,MAT_7688,uses_material,0.5,False,,Worldwide,,Confirmed,№ 05_24.pdf,High,2026-07-03
PRO_7699,MAT_7697,uses_material,0.5,False,,Worldwide,,Confirmed,№ 05_24.pdf,High,2026-07-03
PRO_7699,MAT_7698,uses_material,0.5,False,Для обеспечения максимальной проникающей способности в поры и каналы утечек растворов по заколонному пространству технологических скважин,Worldwide,,Partially_Confirmed,№ 05_24.pdf,High,2026-07-03
MAT_7700,PRO_7702,uses_material,0.5,False,Давление подачи воды 1 МПа,Worldwide,,Confirmed,№ 05_24.pdf,High,2026-07-03
MAT_7701,PRO_7702,uses_material,0.5,False,,Worldwide,,Partially_Confirmed,№ 05_24.pdf,High,2026-07-03
MAT_7700,PRO_7703,validated_by,0.5,False,Противодавление технической водой,Worldwide,,Confirmed,№ 05_24.pdf,High,2026-07-03
MAT_7704,PRO_5671,uses_material,0.5,False,,Worldwide,,Confirmed,№ 05_24.pdf,High,2026-07-03
EXP_7705,PUB_7294,researched_by,0.5,False,,Russia,,Confirmed,№ 05_24.pdf,High,2026-07-03
EQU_7706,PRO_7707,operates_at_condition,0.5,False,В условиях отрицательных температур и повышенных осевых нагрузок до 300 кН,Russia,,Unverified,№ 05_24.pdf,High,2026-07-03
MAT_7708,PRO_7709,uses_material,0.5,False,При различных соотношениях Ж:Т,Worldwide,,Confirmed,№ 05_24.pdf,High,2026-07-03
PRO_7709,PRO_7710,operates_at_condition,0.5,False,При наличии щелочной реакции,Worldwide,,Confirmed,№ 05_24.pdf,High,2026-07-03
EXP_7711,PRO_7709,validated_by,0.5,False,В лабораторных условиях,Worldwide,,Confirmed,№ 05_24.pdf,High,2026-07-03
PRO_7712,EQU_7713,uses_material,0.5,False,На наклонных участках железнодорожного пути,Worldwide,Уклоны до 60 ‰,Unverified,№ 05_24.pdf,High,2026-07-03
PRO_7714,EQU_7713,researched_by,0.5,False,,Worldwide,,Unverified,№ 05_24.pdf,High,2026-07-03
FAC_7716,MAT_7715,produces_output,0.5,False,,Worldwide,,Confirmed,№ 05_24.pdf,High,2026-07-03
FAC_7717,MAT_7715,produces_output,0.5,False,,Worldwide,,Confirmed,№ 05_24.pdf,High,2026-07-03
PUB_7718,PRO_7707,described_in,0.5,False,,Worldwide,,Confirmed,№ 05_24.pdf,High,2026-07-03
PRO_7707,EQU_7713,operates_at_condition,0.5,False,На наклонных участках железнодорожных путей,Worldwide,,Confirmed,№ 05_24.pdf,High,2026-07-03
EQU_7719,MAT_4844,uses_material,0.5,False,,Worldwide,,Confirmed,№ 05_24.pdf,High,2026-07-03
EQU_7719,PRO_7720,operates_at_condition,0.5,False,"Высокие нагрузки, недостаточная смазка, перегрев",Worldwide,,Confirmed,№ 05_24.pdf,High,2026-07-03
PRO_7721,EQU_810,operates_at_condition,0.5,False,В условиях повышенных знакопеременных нагрузок и малых амплитуд колебаний,Worldwide,,Unverified,№ 05_24.pdf,High,2026-07-03
EQU_810,PRO_7722,produces_output,0.5,False,,Worldwide,,Unverified,№ 05_24.pdf,High,2026-07-03
EQU_810,FAC_7723,operates_at_condition,0.5,False,В зависимости от высоты местности погодные условия даже в близлежащих районах могут сильно отличаться,Armenia,,Unverified,№ 05_24.pdf,High,2026-07-03
EQU_810,FAC_7716,operates_at_condition,0.5,False,В зависимости от высоты местности погодные условия даже в близлежащих районах могут сильно отличаться,Armenia,,Unverified,№ 05_24.pdf,High,2026-07-03
EQU_810,FAC_7724,operates_at_condition,0.5,False,В зависимости от высоты местности погодные условия даже в близлежащих районах могут сильно отличаться,Armenia,,Unverified,№ 05_24.pdf,High,2026-07-03
EQU_810,PRO_7725,operates_at_condition,0.5,False,"Повышенные нагрузки, абразивные частицы, запылённость воздуха",Worldwide,,Confirmed,№ 05_24.pdf,High,2026-07-03
EQU_810,PRO_7726,operates_at_condition,0.5,False,"Агрессивная среда, избыток влаги, пыли и вредных газов",Worldwide,,Confirmed,№ 05_24.pdf,High,2026-07-03
EQU_4326,PRO_7732,produces_output,0.5,False,,Worldwide,,Unverified,№ 05_24.pdf,High,2026-07-03
PRO_7732,MAT_7733,produces_output,0.5,False,,Worldwide,,Unverified,№ 05_24.pdf,High,2026-07-03
EXP_7734,PRO_7732,researched_by,0.5,False,,Worldwide,,Unverified,№ 05_24.pdf,High,2026-07-03
EXP_7737,PUB_7736,researched_by,0.5,False,,Armenia,,Confirmed,№ 05_24.pdf,High,2026-07-03
FAC_7738,EXP_7737,affiliated_with,0.5,False,,Armenia,,Confirmed,№ 05_24.pdf,High,2026-07-03
FAC_7739,PUB_7740,described_in,0.5,False,,Russia,,Confirmed,№ 05_24.pdf,High,2026-07-03
MAT_7741,PRO_7742,produces_output,0.5,False,,Worldwide,,Confirmed,№ 05_24.pdf,High,2026-07-03
PRO_7742,PRO_7743,produces_output,0.5,False,,Worldwide,,Confirmed,№ 05_24.pdf,High,2026-07-03
EXP_7748,EQU_7745,uses_material,0.5,False,,Russia,,Confirmed,№ 05_24.pdf,High,2026-07-03
EXP_7748,EQU_7746,uses_material,0.5,False,,Russia,,Confirmed,№ 05_24.pdf,High,2026-07-03
EXP_7748,EQU_7747,uses_material,0.5,False,,Russia,,Confirmed,№ 05_24.pdf,High,2026-07-03
PRO_7754,EQU_7755,uses_material,0.5,False,Режим повышенного давления воздуха,Russia,,Confirmed,№ 05_24.pdf,High,2026-07-03
PRO_7754,PUB_7756,described_in,0.5,False,,Russia,,Confirmed,№ 05_24.pdf,High,2026-07-03
EXP_7758,EXP_7757,researched_by,0.5,False,,Russia,,Confirmed,№ 05_24.pdf,High,2026-07-03
EXP_7761,EXP_7758,researched_by,0.5,False,,Russia,,Confirmed,№ 05_24.pdf,High,2026-07-03
FAC_1794,PUB_7762,described_in,0.5,False,,Russia,,Confirmed,№ 05_24.pdf,High,2026-07-03
EXP_7763,EQU_7764,uses_material,0.5,False,,Worldwide,,Unverified,№ 05_24.pdf,High,2026-07-03
EXP_7763,EQU_7765,uses_material,0.5,False,,Worldwide,,Unverified,№ 05_24.pdf,High,2026-07-03
EXP_7766,PUB_7767,researched_by,0.5,False,,Russia,,Confirmed,№ 05_24.pdf,High,2026-07-03
PUB_6400,PRO_7770,described_in,0.5,False,,Russia,,Confirmed,№ 05_24.pdf,High,2026-07-03
PUB_896,EXP_7771,described_in,0.5,False,,Russia,,Unverified,№ 05_24.pdf,High,2026-07-03
PUB_896,EXP_7772,described_in,0.5,False,,Russia,,Unverified,№ 05_24.pdf,High,2026-07-03
PUB_896,EXP_7773,described_in,0.5,False,,Russia,,Unverified,№ 05_24.pdf,High,2026-07-03
MAT_961,PRO_7774,researched_by,0.5,False,,Russia,,Confirmed,№ 05_24.pdf,High,2026-07-03
EXP_7773,PRO_7774,researched_by,0.5,False,,Russia,,Confirmed,№ 05_24.pdf,High,2026-07-03
PRO_343,MAT_7777,uses_material,0.5,False,,Worldwide,,Confirmed,№ 05_24.pdf,High,2026-07-03
PRO_7775,MAT_7777,uses_material,0.5,False,,Worldwide,,Confirmed,№ 05_24.pdf,High,2026-07-03
PRO_7776,MAT_7777,uses_material,0.5,False,,Worldwide,,Confirmed,№ 05_24.pdf,High,2026-07-03
MAT_7777,EQU_7779,uses_material,0.5,False,,Russia,,Confirmed,№ 05_24.pdf,High,2026-07-03
EXP_7773,PRO_7781,researched_by,0.5,False,,Russia,,Confirmed,№ 05_24.pdf,High,2026-07-03
EXP_7782,PUB_896,described_in,0.5,False,,Russia,,Confirmed,№ 05_24.pdf,High,2026-07-03
PUB_896,FAC_7787,described_in,0.5,False,,Russia,,Confirmed,№ 05_24.pdf,High,2026-07-03
FAC_7787,FAC_7786,includes,0.5,False,,Russia,,Confirmed,№ 05_24.pdf,High,2026-07-03
PUB_7788,EXP_7789,researched_by,0.5,False,,Russia,,Confirmed,№ 05_24.pdf,High,2026-07-03
PUB_7788,EXP_7790,researched_by,0.5,False,,Russia,,Confirmed,№ 05_24.pdf,High,2026-07-03
PUB_7788,EXP_7791,researched_by,0.5,False,,Russia,,Confirmed,№ 05_24.pdf,High,2026-07-03
PUB_7788,EXP_7792,researched_by,0.5,False,,Russia,,Confirmed,№ 05_24.pdf,High,2026-07-03
PUB_7788,EXP_7793,researched_by,0.5,False,,Russia,,Confirmed,№ 05_24.pdf,High,2026-07-03
PUB_7788,EXP_7794,researched_by,0.5,False,,Russia,,Confirmed,№ 05_24.pdf,High,2026-07-03
PUB_7788,EXP_7795,researched_by,0.5,False,,Russia,,Confirmed,№ 05_24.pdf,High,2026-07-03
PRO_7796,MAT_2078,uses_material,0.5,False,,Worldwide,,Unverified,№ 05_24.pdf,High,2026-07-03
EXP_7797,FAC_7212,researched_by,0.5,False,,Russia,,Confirmed,№ 05_24.pdf,High,2026-07-03
PUB_896,PRO_7798,described_in,0.5,False,,Russia,,Confirmed,№ 05_24.pdf,High,2026-07-03
PRO_7798,MAT_7799,produces_output,0.5,False,,Russia,,Confirmed,№ 05_24.pdf,High,2026-07-03
ORG_6414,PUB_896,described_in,0.5,False,,Russia,,Confirmed,№ 06_24.pdf,High,2026-07-03
EQU_7800,EQU_7801,used_in,0.5,False,,Russia,,Confirmed,№ 05_24.pdf,High,2026-07-03
EQU_7800,FAC_4599,operates_at,0.5,False,,Russia,,Confirmed,№ 05_24.pdf,High,2026-07-03
EQU_7800,FAC_7802,operates_at,0.5,False,,Russia,,Confirmed,№ 05_24.pdf,High,2026-07-03
EQU_7800,FAC_7803,operates_at,0.5,False,,Russia,,Confirmed,№ 05_24.pdf,High,2026-07-03
EQU_7800,FAC_7804,operates_at,0.5,False,,Russia,,Confirmed,№ 05_24.pdf,High,2026-07-03
EQU_7800,FAC_7805,operates_at,0.5,False,,Russia,,Confirmed,№ 05_24.pdf,High,2026-07-03
EQU_7800,FAC_7806,operates_at,0.5,False,,Russia,,Confirmed,№ 05_24.pdf,High,2026-07-03
EQU_7800,FAC_7807,operates_at,0.5,False,,Russia,,Confirmed,№ 05_24.pdf,High,2026-07-03
MAT_7511,PRO_7808,uses_material,0.5,False,,Worldwide,,Unverified,№ 05_24.pdf,High,2026-07-03
MAT_7511,PRO_7809,uses_material,0.5,False,,Worldwide,,Unverified,№ 05_24.pdf,High,2026-07-03
MAT_7511,PRO_7810,uses_material,0.5,False,,Worldwide,,Unverified,№ 05_24.pdf,High,2026-07-03
MAT_7511,PRO_7811,uses_material,0.5,False,,Worldwide,,Unverified,№ 05_24.pdf,High,2026-07-03
EXP_7814,PUB_6400,researched_by,0.5,False,,Russia,,Confirmed,№ 06_24.pdf,High,2026-07-03
EXP_7815,PUB_6400,researched_by,0.5,False,,Russia,,Confirmed,№ 06_24.pdf,High,2026-07-03
EXP_7816,PUB_6400,researched_by,0.5,False,,Russia,,Confirmed,№ 06_24.pdf,High,2026-07-03
FAC_7821,EQU_7823,operates_at_condition,0.5,False,,Russia,,Confirmed,№ 06_24.pdf,High,2026-07-03
FAC_7821,EXP_7822,researched_by,0.5,False,,Russia,,Confirmed,№ 06_24.pdf,High,2026-07-03
EQU_7825,PRO_7824,uses_material,0.5,False,,Russia,,Confirmed,№ 06_24.pdf,High,2026-07-03
FAC_7827,MAT_7828,uses_material,0.5,False,,Russia,,Confirmed,№ 06_24.pdf,High,2026-07-03
FAC_7821,FAC_7829,reorganized_into,0.5,False,,Russia,,Confirmed,№ 06_24.pdf,High,2026-07-03
FAC_7821,PRO_7830,researched_by,0.5,False,,Russia,,Confirmed,№ 06_24.pdf,High,2026-07-03
PRO_7830,EQU_7831,uses_equipment,0.5,False,,Russia,,Confirmed,№ 06_24.pdf,High,2026-07-03
FAC_7835,MAT_7613,uses_material,0.5,False,,Russia,,Confirmed,№ 06_24.pdf,High,2026-07-03
FAC_7834,MAT_7613,uses_material,0.5,False,,Russia,,Unverified,№ 06_24.pdf,High,2026-07-03
FAC_7834,MAT_7828,uses_material,0.5,False,,Russia,,Unverified,№ 06_24.pdf,High,2026-07-03
FAC_7839,MAT_7838,produces_output,0.5,False,,Russia,,Unverified,№ 06_24.pdf,High,2026-07-03
FAC_7840,MAT_4972,uses_material,0.5,False,,Russia,,Unverified,№ 06_24.pdf,High,2026-07-03
FAC_7841,PUB_6400,described_in,0.5,False,,Russia,,Confirmed,№ 06_24.pdf,High,2026-07-03
PRO_7846,MAT_2912,uses_material,0.5,False,,Russia,,Confirmed,№ 06_24.pdf,High,2026-07-03
PRO_7846,MAT_7847,uses_material,0.5,False,,Russia,,Confirmed,№ 06_24.pdf,High,2026-07-03
PRO_7846,MAT_4707,uses_material,0.5,False,,Russia,,Confirmed,№ 06_24.pdf,High,2026-07-03
FAC_7850,MAT_5645,uses_material,0.5,False,,Russia,,Confirmed,№ 06_24.pdf,High,2026-07-03
FAC_7851,MAT_5645,uses_material,0.5,False,,Russia,,Confirmed,№ 06_24.pdf,High,2026-07-03
MAT_7852,FAC_7853,uses_material,0.5,False,,Russia,,Unverified,№ 06_24.pdf,High,2026-07-03
FAC_7856,MAT_1145,uses_material,0.5,False,,Russia,,Unverified,№ 06_24.pdf,High,2026-07-03
FAC_7856,MAT_1146,uses_material,0.5,False,,Russia,,Unverified,№ 06_24.pdf,High,2026-07-03
FAC_7856,MAT_7857,uses_material,0.5,False,,Russia,,Unverified,№ 06_24.pdf,High,2026-07-03
FAC_7821,MAT_332,researched_by,0.5,False,,Russia,,Confirmed,№ 06_24.pdf,High,2026-07-03
PRO_7863,EQU_7864,uses_material,0.5,False,,Worldwide,,Confirmed,№ 06_24.pdf,High,2026-07-03
PRO_7863,MAT_7865,produces_output,0.5,False,,Russia,,Confirmed,№ 06_24.pdf,High,2026-07-03
FAC_7867,MAT_7262,produces_output,0.5,False,,Russia,,Confirmed,№ 06_24.pdf,High,2026-07-03
PRO_7868,MAT_7262,uses_material,0.5,False,,Russia,,Confirmed,№ 06_24.pdf,High,2026-07-03
MAT_7869,PRO_7870,produces_output,0.5,False,в зоне гипергенеза,Worldwide,,Confirmed,№ 06_24.pdf,High,2026-07-03
EQU_7871,EXP_7872,uses_material,0.5,False,,Worldwide,,Confirmed,№ 06_24.pdf,High,2026-07-03
MAT_7873,FAC_7874,uses_material,0.5,False,,Russia,,Unverified,№ 06_24.pdf,High,2026-07-03
EXP_7886,PUB_7885,researched_by,0.5,False,,Russia,,Confirmed,№ 06_24.pdf,High,2026-07-03
EXP_7889,FAC_7821,researched_by,0.5,False,,Russia,,Confirmed,№ 06_24.pdf,High,2026-07-03
PRO_1276,EQU_7891,uses_material,0.5,False,,Russia,,Confirmed,№ 06_24.pdf,High,2026-07-03
PUB_7893,EXP_7271,researched_by,0.5,False,,Russia,,Unverified,№ 06_24.pdf,High,2026-07-03
PUB_7893,EXP_7894,researched_by,0.5,False,,Russia,,Unverified,№ 06_24.pdf,High,2026-07-03
PUB_7893,EXP_7895,researched_by,0.5,False,,Russia,,Unverified,№ 06_24.pdf,High,2026-07-03
MAT_7896,PRO_7897,uses_material,0.5,False,,Worldwide,,Confirmed,№ 06_24.pdf,High,2026-07-03
PRO_7897,EQU_7898,operates_at_condition,0.5,False,Подземный способ разработки геотермальных месторождений,Worldwide,,Confirmed,№ 06_24.pdf,High,2026-07-03
PRO_7900,EXP_7901,validated_by,0.5,False,,Russia,,Confirmed,№ 06_24.pdf,High,2026-07-03
PRO_7904,MAT_7902,produces_output,0.5,False,,Worldwide,,Unverified,№ 06_24.pdf,High,2026-07-03
PRO_7904,MAT_2444,produces_output,0.5,False,,Worldwide,,Unverified,№ 06_24.pdf,High,2026-07-03
PRO_7904,MAT_2441,produces_output,0.5,False,,Worldwide,,Unverified,№ 06_24.pdf,High,2026-07-03
PRO_7904,MAT_7903,produces_output,0.5,False,,Worldwide,,Unverified,№ 06_24.pdf,High,2026-07-03
PRO_7904,MAT_2442,produces_output,0.5,False,,Worldwide,,Unverified,№ 06_24.pdf,High,2026-07-03
PRO_7906,EQU_3568,uses_material,0.5,False,Неглубокие горизонты с невысокой температурой,Worldwide,Локальные системы теплоснабжения,Confirmed,№ 06_24.pdf,High,2026-07-03
PRO_7908,FAC_7909,operates_at_condition,0.5,False,Улучшение проницаемости геотермальных резервуаров,Russia,Интенсификация притока теплоносителя,Partially_Confirmed,№ 06_24.pdf,High,2026-07-03
FAC_7910,PRO_2891,researched_by,0.5,False,,Russia,,Confirmed,№ 06_24.pdf,High,2026-07-03
FAC_7911,PRO_2891,researched_by,0.5,False,,Russia,,Confirmed,№ 06_24.pdf,High,2026-07-03
FAC_7912,PRO_2891,researched_by,0.5,False,,Russia,,Confirmed,№ 06_24.pdf,High,2026-07-03
EQU_2318,PRO_7914,used_for,0.5,False,,Worldwide,,Confirmed,№ 06_24.pdf,High,2026-07-03
FAC_7913,PRO_7914,analyzed_by,0.5,False,,Russia,,Confirmed,№ 06_24.pdf,High,2026-07-03
FAC_7915,PRO_7916,uses_material,0.5,False,,Russia,,Confirmed,№ 06_24.pdf,High,2026-07-03
PRO_7916,EQU_7917,operates_at_condition,0.5,False,,Russia,,Confirmed,№ 06_24.pdf,High,2026-07-03
PRO_2891,EQU_7918,uses_material,0.5,False,,Worldwide,,Confirmed,№ 06_24.pdf,High,2026-07-03
PRO_2891,FAC_7919,operates_at_condition,0.5,False,Месторождения находятся в пределах Комсомольской металлогенической сдвиговой зоны северо-восточного простирания шириной 20 км.,Russia,,Confirmed,№ 06_24.pdf,High,2026-07-03
PRO_7920,FAC_7921,researched_by,0.5,False,,Russia,,Confirmed,№ 06_24.pdf,High,2026-07-03
PRO_7920,FAC_7922,researched_by,0.5,False,,Russia,,Confirmed,№ 06_24.pdf,High,2026-07-03
PRO_7920,FAC_7923,researched_by,0.5,False,,Russia,,Confirmed,№ 06_24.pdf,High,2026-07-03
FAC_7925,MAT_7924,uses_material,0.5,False,,Russia,,Confirmed,№ 06_24.pdf,High,2026-07-03
PRO_4973,MAT_7924,produces_output,0.5,False,,Russia,,Confirmed,№ 06_24.pdf,High,2026-07-03
EXP_7926,MAT_7924,researched_by,0.5,False,,Russia,,Confirmed,№ 06_24.pdf,High,2026-07-03
FAC_7927,PRO_7930,researched_by,0.5,False,,Russia,,Confirmed,№ 06_24.pdf,High,2026-07-03
FAC_7928,PRO_7930,researched_by,0.5,False,,Russia,,Confirmed,№ 06_24.pdf,High,2026-07-03
FAC_7929,PRO_7930,researched_by,0.5,False,,Russia,,Confirmed,№ 06_24.pdf,High,2026-07-03
PRO_7930,EQU_7931,uses_material,0.5,False,,Russia,,Confirmed,№ 06_24.pdf,High,2026-07-03
FAC_7932,PRO_3913,uses_material,0.5,False,,Russia,,Confirmed,№ 06_24.pdf,High,2026-07-03
PRO_3913,PRO_7933,produces_output,0.5,False,"в кровле и почве подэтажных штреков, а также в формируемых междукмерных целиках",Russia,,Confirmed,№ 06_24.pdf,High,2026-07-03
PRO_7934,MAT_7935,operates_at_condition,0.5,False,Мощность целика 10 м,Russia,,Confirmed,№ 06_24.pdf,High,2026-07-03
PRO_7934,FAC_7927,produces_output,0.5,False,,Russia,,Confirmed,№ 06_24.pdf,High,2026-07-03
PRO_7934,FAC_7936,researched_by,0.5,False,,Russia,,Confirmed,№ 06_24.pdf,High,2026-07-03
PUB_7945,PRO_7946,described_in,0.5,False,,Russia,,Confirmed,№ 06_24.pdf,High,2026-07-03
PRO_7946,FAC_7947,operates_at_condition,0.5,False,Sequential sublevel stoping operations,Russia,,Confirmed,№ 06_24.pdf,High,2026-07-03
EXP_7948,MAT_961,researched_by,0.5,False,,Worldwide,,Unverified,№ 06_24.pdf,High,2026-07-03
EQU_7949,PRO_7950,operates_at_condition,0.5,False,,Russia,,Confirmed,№ 06_24.pdf,High,2026-07-03
PRO_7951,MAT_7952,uses_material,0.5,False,,Worldwide,,Confirmed,№ 06_24.pdf,High,2026-07-03
EXP_7954,MAT_7952,validated_by,0.5,False,применение забойки из бурового шлама,Russia,,Unverified,№ 06_24.pdf,High,2026-07-03
FAC_7963,MAT_961,uses_material,0.5,False,,Russia,,Confirmed,№ 06_24.pdf,High,2026-07-03
PRO_7960,FAC_7963,researched_by,0.5,False,,Russia,,Confirmed,№ 06_24.pdf,High,2026-07-03
EQU_7961,MAT_961,operates_at_condition,0.5,False,атмосферные условия,Russia,,Confirmed,№ 06_24.pdf,High,2026-07-03
EXP_7962,MAT_961,produces_output,0.5,False,,Russia,,Confirmed,№ 06_24.pdf,High,2026-07-03
EXP_7964,MAT_7952,uses_material,0.5,False,в условиях карьера рудника Маломир,Russia,,Confirmed,№ 06_24.pdf,High,2026-07-03
EXP_7964,PRO_1496,researched_by,0.5,False,в условиях карьера рудника Маломир,Russia,,Confirmed,№ 06_24.pdf,High,2026-07-03
EXP_7965,MAT_7966,uses_material,0.5,False,,Worldwide,,Confirmed,№ 06_24.pdf,High,2026-07-03
EXP_7965,MAT_7967,uses_material,0.5,False,,Worldwide,,Confirmed,№ 06_24.pdf,High,2026-07-03
PRO_7968,MAT_1399,uses_material,0.5,False,,Worldwide,,Confirmed,№ 06_24.pdf,High,2026-07-03
EQU_7969,MAT_1399,produces_output,0.5,False,,Worldwide,,Confirmed,№ 06_24.pdf,High,2026-07-03
PRO_7968,PRO_2382,operates_at_condition,0.5,False,"Снижение прочности на сжатие образцов известняков и магнетитовой руды на 38,6 и 40,8 % соответственно",Worldwide,,Confirmed,№ 06_24.pdf,High,2026-07-03
MAT_1399,PRO_7970,uses_material,0.5,False,,Worldwide,,Unverified,№ 06_24.pdf,High,2026-07-03
MAT_1399,PRO_7971,uses_material,0.5,False,,Worldwide,,Unverified,№ 06_24.pdf,High,2026-07-03
EQU_7972,MAT_1399,operates_at_condition,0.5,False,,Worldwide,,Unverified,№ 06_24.pdf,High,2026-07-03
EQU_7974,EQU_7975,uses_material,0.5,False,,Russia,,Confirmed,№ 06_24.pdf,High,2026-07-03
PRO_7976,MAT_7977,contradicts,0.5,False,при текущих параметрах БВР на блоке № 3 участка Центральный (гор. 455–450 м) Маломырского рудника,Russia,,Confirmed,№ 06_24.pdf,High,2026-07-03
PRO_7978,EQU_7979,uses_material,0.5,False,,Worldwide,,Confirmed,№ 06_24.pdf,High,2026-07-03
PRO_7978,MAT_7980,produces_output,0.5,False,,Worldwide,,Confirmed,№ 06_24.pdf,High,2026-07-03
FAC_7981,PRO_7982,researched_by,0.5,False,,Russia,,Unverified,№ 06_24.pdf,High,2026-07-03
PRO_7983,MAT_1399,uses_material,0.5,False,,Worldwide,,Confirmed,№ 06_24.pdf,High,2026-07-03
EQU_7984,EXP_7985,operates_at_condition,0.5,False,,Russia,,Confirmed,№ 06_24.pdf,High,2026-07-03
EXP_7985,MAT_1399,produces_output,0.5,False,После механического дробления,Russia,,Confirmed,№ 06_24.pdf,High,2026-07-03
PRO_7986,EQU_7988,uses_material,0.5,False,,Worldwide,,Unverified,№ 06_24.pdf,High,2026-07-03
PRO_7986,EQU_7989,uses_material,0.5,False,,Worldwide,,Unverified,№ 06_24.pdf,High,2026-07-03
PRO_7990,MAT_1399,uses_material,0.5,False,,Russia,,Confirmed,№ 06_24.pdf,High,2026-07-03
EQU_7989,MAT_1399,operates_at_condition,0.5,False,"при разработке массивов, сложенных полускальными или легкоразрабатываемыми скальными породами",Russia,,Confirmed,№ 06_24.pdf,High,2026-07-03
MAT_4707,PRO_2652,uses_material,0.5,False,,Russia,,Confirmed,№ 06_24.pdf,High,2026-07-03
EQU_7991,EXP_7993,operates_at_condition,0.5,False,,Russia,,Confirmed,№ 06_24.pdf,High,2026-07-03
EXP_7995,MAT_961,researched_by,0.5,False,,Russia,,Confirmed,№ 06_24.pdf,High,2026-07-03
EXP_7995,FAC_7821,conducted_at,0.5,False,,Russia,,Confirmed,№ 06_24.pdf,High,2026-07-03
PRO_7997,MAT_7996,uses_material,0.5,False,"Соотношение озона и пероксида водорода, режим смешения",Worldwide,,Confirmed,№ 06_24.pdf,High,2026-07-03
EQU_7998,PRO_7997,operates_at_condition,0.5,False,Облучение в ультрафиолетовом диапазоне 182–252 нм,Worldwide,,Confirmed,№ 06_24.pdf,High,2026-07-03
PRO_7999,MAT_8000,uses_material,0.5,False,,Russia,,Confirmed,№ 06_24.pdf,High,2026-07-03
PRO_7999,MAT_8001,uses_material,0.5,False,,Russia,,Confirmed,№ 06_24.pdf,High,2026-07-03
PRO_7999,EQU_8002,operates_at_condition,0.5,False,,Russia,,Confirmed,№ 06_24.pdf,High,2026-07-03
PRO_8003,MAT_8004,uses_material,0.5,False,,Worldwide,,Confirmed,№ 06_24.pdf,High,2026-07-03
PRO_8003,MAT_1882,uses_material,0.5,False,При переходе на текучие эмульсионные ВВ возникают специфические проблемы.,Worldwide,,Confirmed,№ 06_24.pdf,High,2026-07-03
PRO_8005,EQU_8006,uses_material,0.5,False,Замедление 5000 мс,Worldwide,,Confirmed,№ 06_24.pdf,High,2026-07-03
MAT_8007,PRO_8008,uses_material,0.5,False,"Стадийная электрофотохимическая обработка исходного 1,5%-ного раствора серной кислоты в течение 7 суток в пульсационно-статическом гидродинамическом режиме",Worldwide,,Confirmed,№ 06_24.pdf,High,2026-07-03
PRO_8008,EQU_8009,operates_at_condition,0.5,False,Инфильтрационный гидродинамический режим,Worldwide,,Confirmed,№ 06_24.pdf,High,2026-07-03
PRO_8008,PRO_8010,produces_output,0.5,False,,Worldwide,"25,7% от общего количества меди в пробе",Confirmed,№ 06_24.pdf,High,2026-07-03
PRO_8012,EQU_8013,uses_material,0.5,False,,Worldwide,,Confirmed,№ 06_24.pdf,High,2026-07-03
PRO_8012,PRO_8014,operates_at_condition,0.5,False,Радиус зоны разрушения может достигать 40 радиусов заряда,Worldwide,,Confirmed,№ 06_24.pdf,High,2026-07-03
PRO_8015,EQU_8016,uses_material,0.5,False,,Worldwide,,Confirmed,№ 06_24.pdf,High,2026-07-03
EXP_8017,PRO_8015,validated_by,0.5,False,Схемы взрывания 300×400 мс и 275×300 мс,Worldwide,,Confirmed,№ 06_24.pdf,High,2026-07-03
PRO_8025,MAT_6227,uses_material,0.5,False,температура выше 20 °C,Worldwide,,Confirmed,№ 06_24.pdf,High,2026-07-03
PRO_8026,MAT_6227,uses_material,0.5,False,,Worldwide,,Confirmed,№ 06_24.pdf,High,2026-07-03
EQU_8027,PRO_8025,operates_at_condition,0.5,False,,Russia,,Confirmed,№ 06_24.pdf,High,2026-07-03
PRO_8025,PRO_8010,produces_output,0.5,False,,Worldwide,35–80%,Confirmed,№ 06_24.pdf,High,2026-07-03
PRO_8026,PRO_8010,produces_output,0.5,False,,Worldwide,80–90%,Confirmed,№ 06_24.pdf,High,2026-07-03
PRO_4015,MAT_4869,produces_output,0.5,False,,Russia,,Confirmed,№ 06_24.pdf,High,2026-07-03
EXP_8034,EQU_8033,uses_material,0.5,False,,Russia,,Confirmed,№ 06_24.pdf,High,2026-07-03
PRO_5736,EQU_8036,uses_material,0.5,False,,Russia,,Confirmed,№ 06_24.pdf,High,2026-07-03
PRO_5736,MAT_424,produces_output,0.5,False,,Russia,,Confirmed,№ 06_24.pdf,High,2026-07-03
EXP_8037,MAT_424,researched_by,0.5,False,,Russia,,Confirmed,№ 06_24.pdf,High,2026-07-03
EQU_8040,EQU_8038,uses_material,0.5,False,,Russia,,Confirmed,№ 06_24.pdf,High,2026-07-03
EQU_8040,EQU_8039,uses_material,0.5,False,после модернизации,Russia,,Confirmed,№ 06_24.pdf,High,2026-07-03
PRO_8042,EQU_8043,uses_material,0.5,False,,Worldwide,,Confirmed,№ 06_24.pdf,High,2026-07-03
PRO_8042,MAT_8044,produces_output,0.5,False,,Worldwide,,Confirmed,№ 06_24.pdf,High,2026-07-03
MAT_8044,EQU_8045,uses_material,0.5,False,,Worldwide,,Confirmed,№ 06_24.pdf,High,2026-07-03
PRO_8012,EQU_8047,uses_material,0.5,False,При открытых горных работах,Russia,,Confirmed,№ 06_24.pdf,High,2026-07-03
PRO_8012,PRO_8048,produces_output,0.5,False,При различных интервалах замедления,Russia,"8,8–7,6%",Confirmed,№ 06_24.pdf,High,2026-07-03
EXP_8049,PRO_8012,validated_by,0.5,False,,Russia,,Confirmed,№ 06_24.pdf,High,2026-07-03
EXP_8051,FAC_8054,researched_by,0.5,False,,Russia,,Confirmed,№ 06_24.pdf,High,2026-07-03
EXP_8052,FAC_8054,researched_by,0.5,False,,Russia,,Confirmed,№ 06_24.pdf,High,2026-07-03
EXP_8053,FAC_8054,researched_by,0.5,False,,Russia,,Confirmed,№ 06_24.pdf,High,2026-07-03
MAT_8055,PRO_8057,uses_material,0.5,False,,Russia,,Confirmed,№ 06_24.pdf,High,2026-07-03
MAT_8056,PRO_8057,uses_material,0.5,False,,Russia,,Confirmed,№ 06_24.pdf,High,2026-07-03
MAT_8060,PRO_8061,uses_material,0.5,False,,Worldwide,,Confirmed,№ 06_24.pdf,High,2026-07-03
PRO_8061,PRO_8062,operates_at_condition,0.5,False,Снижение массовой доли SiO2,Worldwide,,Confirmed,№ 06_24.pdf,High,2026-07-03
EXP_8063,PRO_8061,validated_by,0.5,False,,Worldwide,,Confirmed,№ 06_24.pdf,High,2026-07-03
PRO_8065,MAT_8064,uses_material,0.5,False,"Рабочая частота ультразвука – 22 кГц, время обработки – 7 мин",Worldwide,,Confirmed,№ 06_24.pdf,High,2026-07-03
PRO_8066,MAT_8064,uses_material,0.5,False,,Worldwide,,Confirmed,№ 06_24.pdf,High,2026-07-03
EQU_8067,PRO_8065,operates_at_condition,0.5,False,Рабочая частота ультразвука – 22 кГц,Russia,,Confirmed,№ 06_24.pdf,High,2026-07-03
EXP_8069,MAT_8064,researched_by,0.5,False,,Worldwide,,Confirmed,№ 06_24.pdf,High,2026-07-03
MAT_8075,EQU_8071,uses_material,0.5,False,,Worldwide,,Confirmed,№ 06_24.pdf,High,2026-07-03
MAT_8075,EQU_8072,uses_material,0.5,False,,Worldwide,,Confirmed,№ 06_24.pdf,High,2026-07-03
MAT_8075,EQU_8073,uses_material,0.5,False,,Worldwide,,Confirmed,№ 06_24.pdf,High,2026-07-03
MAT_8075,EQU_8074,uses_material,0.5,False,,Worldwide,,Confirmed,№ 06_24.pdf,High,2026-07-03
PRO_1573,MAT_1881,uses_material,0.5,False,,Worldwide,,Confirmed,№ 06_24.pdf,High,2026-07-03
PRO_1135,MAT_1399,uses_material,0.5,False,,Worldwide,,Confirmed,№ 06_24.pdf,High,2026-07-03
EXP_8076,PRO_1135,researched_by,0.5,False,,Russia,,Confirmed,№ 06_24.pdf,High,2026-07-03
MAT_8077,PRO_7997,uses_material,0.5,False,,Worldwide,,Confirmed,№ 06_24.pdf,High,2026-07-03
EQU_8078,PRO_7997,operates_at_condition,0.5,False,"температура: 1900–4500 °C, давление: 5000–26000 МПа",Worldwide,,Confirmed,№ 06_24.pdf,High,2026-07-03
PRO_7997,PRO_2808,produces_output,0.5,False,,Worldwide,,Confirmed,№ 06_24.pdf,High,2026-07-03
MAT_8080,PRO_1135,uses_material,0.5,False,продолжительность выщелачивания до 44 мин,Worldwide,,Confirmed,№ 06_24.pdf,High,2026-07-03
PRO_1135,EXP_8081,operates_at_condition,0.5,False,активация выщелачивающего раствора,Worldwide,,Confirmed,№ 06_24.pdf,High,2026-07-03
MAT_8082,PRO_7997,uses_material,0.5,False,Концентрация реагента 10 % (мас.),Worldwide,,Unverified,№ 06_24.pdf,High,2026-07-03
PRO_7997,PRO_8084,produces_output,0.5,False,Продолжительность выщелачивания 2 ч,Worldwide,,Unverified,№ 06_24.pdf,High,2026-07-03
PRO_81,MAT_8064,uses_material,0.5,False,,Worldwide,,Confirmed,№ 06_24.pdf,High,2026-07-03
EQU_8086,PRO_81,operates_at_condition,0.5,False,Перед измельчением проб,Worldwide,,Confirmed,№ 06_24.pdf,High,2026-07-03
EXP_8088,EQU_8086,validated_by,0.5,False,,Russia,,Confirmed,№ 06_24.pdf,High,2026-07-03
PRO_8089,MAT_8090,uses_material,0.5,False,,Russia,,Confirmed,№ 06_24.pdf,High,2026-07-03
PRO_1135,MAT_8091,uses_material,0.5,False,,Worldwide,,Confirmed,№ 06_24.pdf,High,2026-07-03
PRO_1135,MAT_8092,produces_output,0.5,False,Активирующее электрохимическое воздействие,Worldwide,,Confirmed,№ 06_24.pdf,High,2026-07-03
EXP_8093,PRO_1135,researched_by,0.5,False,,Worldwide,,Confirmed,№ 06_24.pdf,High,2026-07-03
EXP_8094,PRO_1135,researched_by,0.5,False,Активированное воздействие,Worldwide,,Confirmed,№ 06_24.pdf,High,2026-07-03
EXP_8095,PRO_1135,researched_by,0.5,False,Активированное воздействие,Worldwide,,Confirmed,№ 06_24.pdf,High,2026-07-03
MAT_1210,PRO_8096,operates_at_condition,0.5,False,при воздействии атмосферы или водных условий,Worldwide,,Confirmed,№ 06_24.pdf,High,2026-07-03
PRO_8096,PRO_8097,produces_output,0.5,False,,Worldwide,,Confirmed,№ 06_24.pdf,High,2026-07-03
EXP_8098,MAT_1210,researched_by,0.5,False,,Russia,,Confirmed,№ 06_24.pdf,High,2026-07-03
MAT_1210,PRO_81,researched_by,0.5,False,,Worldwide,,Confirmed,№ 06_24.pdf,High,2026-07-03
MAT_1210,PRO_8097,operates_at_condition,0.5,False,,Worldwide,,Confirmed,№ 06_24.pdf,High,2026-07-03
PRO_1152,PRO_8102,researched_by,0.5,False,,Russia,,Unverified,№ 06_24.pdf,High,2026-07-03
EXP_8103,PRO_8102,validated_by,0.5,False,учет потенциала компонентов природно-технической среды к естественному восстановлению,Russia,,Partially_Confirmed,№ 06_24.pdf,High,2026-07-03
EQU_7864,PRO_8104,used_for,0.5,False,,Russia,,Confirmed,№ 06_24.pdf,High,2026-07-03
EXP_8106,PRO_8104,researched_by,0.5,False,Район Благодатненского золотороссыпного узла,Russia,,Confirmed,№ 06_24.pdf,High,2026-07-03
PRO_6249,MAT_8107,produces_output,0.5,False,,Worldwide,,Confirmed,№ 06_24.pdf,High,2026-07-03
PRO_6249,MAT_8108,produces_output,0.5,False,,Worldwide,,Confirmed,№ 06_24.pdf,High,2026-07-03
EQU_6770,MAT_8107,operates_at_condition,0.5,False,Время обработки: 5 с,Worldwide,,Confirmed,№ 06_24.pdf,High,2026-07-03
EQU_6770,MAT_8108,operates_at_condition,0.5,False,Время обработки: 5 с,Worldwide,,Confirmed,№ 06_24.pdf,High,2026-07-03
EXP_8109,MAT_8107,uses_material,0.5,False,,Worldwide,,Confirmed,№ 06_24.pdf,High,2026-07-03
EXP_8109,MAT_8108,uses_material,0.5,False,,Worldwide,,Confirmed,№ 06_24.pdf,High,2026-07-03
PRO_81,MAT_8114,uses_material,0.5,False,,Worldwide,,Confirmed,№ 06_24.pdf,High,2026-07-03
MAT_8114,MAT_8115,produces_output,0.5,False,В среде католита с добавлением 10 % анолита,Worldwide,,Confirmed,№ 06_24.pdf,High,2026-07-03
MAT_8107,PRO_81,uses_material,0.5,False,,Worldwide,,Confirmed,№ 06_24.pdf,High,2026-07-03
MAT_8108,PRO_81,uses_material,0.5,False,,Worldwide,,Confirmed,№ 06_24.pdf,High,2026-07-03
EXP_8119,PRO_81,researched_by,0.5,False,,Worldwide,,Confirmed,№ 06_24.pdf,High,2026-07-03
PUB_8120,PRO_8121,described_in,0.5,False,,Russia,,Confirmed,№ 06_24.pdf,High,2026-07-03
EQU_8123,MAT_424,produces_output,0.5,False,отношение Т:Ж в шлюзах мелкого наполнения,Russia,,Confirmed,№ 06_24.pdf,High,2026-07-03
EQU_8124,EQU_2660,uses_material,0.5,False,крутонаклонный (18°) грохот с сеющей поверхностью из колосниковых металлических решеток со щелью шириной 20 мм,Russia,,Confirmed,№ 06_24.pdf,High,2026-07-03
EQU_8125,EQU_8123,produces_output,0.5,False,слабонаклонный (7°) бункер-распределитель с установленными полиуретановыми ситами с щелевыми ячейками размером 4 мм,Russia,,Confirmed,№ 06_24.pdf,High,2026-07-03
EXP_8126,FAC_1793,researched_by,0.5,False,,Russia,,Confirmed,№ 06_24.pdf,High,2026-07-03
PRO_8102,MAT_8129,uses_material,0.5,False,,Russia,,Confirmed,№ 06_24.pdf,High,2026-07-03
PRO_8102,FAC_8130,operates_at_condition,0.5,False,Период исследования: 2011-2022 гг.,Russia,,Confirmed,№ 06_24.pdf,High,2026-07-03
PRO_8102,FAC_8131,operates_at_condition,0.5,False,Период исследования: 2011-2022 гг.,Russia,,Confirmed,№ 06_24.pdf,High,2026-07-03
COM_527,FAC_538,produces_output,0.5,False,,Russia,,Confirmed,№ 06_24.pdf,High,2026-07-03
COM_527,EQU_3148,produces_output,0.5,False,,Russia,,Unverified,№ 06_24.pdf,High,2026-07-03
EXP_984,FAC_8132,researched_by,0.5,False,,Russia,,Confirmed,№ 06_24.pdf,High,2026-07-03
EXP_984,FAC_8133,researched_by,0.5,False,,Russia,,Confirmed,№ 06_24.pdf,High,2026-07-03
EXP_984,FAC_8134,researched_by,0.5,False,,Russia,,Confirmed,№ 06_24.pdf,High,2026-07-03
EXP_984,FAC_8135,operates_at_condition,0.5,False,Директор с 1938 по 1960 г.,Russia,,Confirmed,№ 06_24.pdf,High,2026-07-03
EQU_3143,FAC_1450,validated_by,0.5,False,,Russia,,Confirmed,№ 06_24.pdf,High,2026-07-03
FAC_8136,PRO_2232,operates_at_condition,0.5,False,Открытый и подземный способы,Russia,,Confirmed,№ 06_24.pdf,High,2026-07-03
FAC_8136,PRO_8137,produces_output,0.5,False,,Russia,,Confirmed,№ 06_24.pdf,High,2026-07-03
EQU_8138,PRO_2232,uses_material,0.5,False,Открытый способ,Russia,,Confirmed,№ 06_24.pdf,High,2026-07-03
EQU_8139,PRO_2232,uses_material,0.5,False,Подземный способ,Russia,,Confirmed,№ 06_24.pdf,High,2026-07-03
EQU_8140,PRO_2232,uses_material,0.5,False,Открытый способ,Russia,,Confirmed,№ 06_24.pdf,High,2026-07-03
EQU_8141,PRO_8137,uses_material,0.5,False,,Russia,,Confirmed,№ 06_24.pdf,High,2026-07-03
EQU_3148,EQU_537,uses_material,0.5,False,,Worldwide,,Confirmed,№ 06_24.pdf,High,2026-07-03
EQU_3131,FAC_538,operates_at_condition,0.5,False,единое шасси,Worldwide,,Confirmed,№ 06_24.pdf,High,2026-07-03
MAT_8147,PRO_8148,uses_material,0.5,False,,Worldwide,,Unverified,№ 07_24.pdf,High,2026-07-03
PRO_8148,MAT_8147,produces_output,0.5,False,,Worldwide,,Unverified,№ 07_24.pdf,High,2026-07-03
EQU_8149,PRO_8148,operates_at_condition,0.5,False,,Worldwide,,Unverified,№ 07_24.pdf,High,2026-07-03
ORG_6401,PUB_6400,publisher,0.5,False,,Russia,,Confirmed,№ 07_24.pdf,High,2026-07-03
ORG_6414,PUB_896,published_by,0.5,False,,Russia,,Confirmed,№ 07_24.pdf,High,2026-07-03
FAC_8154,FAC_8155,produces_output,0.5,False,,Worldwide,,Confirmed,№ 07_24.pdf,High,2026-07-03
FAC_8154,FAC_8156,operates_at_condition,0.5,False,"наличие развитой промышленной инфраструктуры, транспортных связей и опытных специалистов",Worldwide,,Confirmed,№ 07_24.pdf,High,2026-07-03
PRO_2469,MAT_8152,produces_output,0.5,False,,Worldwide,,Confirmed,№ 07_24.pdf,High,2026-07-03
FAC_8163,MAT_6983,uses_material,0.5,False,,Worldwide,,Confirmed,№ 07_24.pdf,High,2026-07-03
PRO_2652,MAT_6983,operates_at_condition,0.5,False,Предварительный обжиг в кучах и без обжига,Worldwide,,Confirmed,№ 07_24.pdf,High,2026-07-03
FAC_8165,PUB_896,described_in,0.5,False,,Worldwide,,Confirmed,№ 07_24.pdf,High,2026-07-03
FAC_8165,PRO_8166,uses_material,0.5,False,сухое обогащение электромагнитным методом,Russia,1954–1970 гг.,Confirmed,№ 07_24.pdf,High,2026-07-03
FAC_8165,EQU_8167,operates_at_condition,0.5,False,высота 1600–1800 м,Russia,до 1990-х годов,Confirmed,№ 07_24.pdf,High,2026-07-03
FAC_8168,MAT_8169,produces_output,0.5,False,,Worldwide,,Confirmed,№ 07_24.pdf,High,2026-07-03
FAC_8171,MAT_8169,uses_material,0.5,False,,Worldwide,,Confirmed,№ 07_24.pdf,High,2026-07-03
FAC_8178,MAT_8177,contains,0.5,False,,Worldwide,,Confirmed,№ 07_24.pdf,High,2026-07-03
FAC_8178,MAT_8174,associated_with,0.5,False,,Worldwide,,Confirmed,№ 07_24.pdf,High,2026-07-03
FAC_8178,MAT_8175,contains,0.5,False,,Worldwide,,Confirmed,№ 07_24.pdf,High,2026-07-03
FAC_8178,MAT_8176,contains,0.5,False,,Worldwide,,Confirmed,№ 07_24.pdf,High,2026-07-03
FAC_8182,MAT_8179,produces_output,0.5,False,,Worldwide,,Unverified,№ 07_24.pdf,High,2026-07-03
FAC_8182,MAT_8180,produces_output,0.5,False,,Worldwide,,Unverified,№ 07_24.pdf,High,2026-07-03
FAC_8182,MAT_8181,produces_output,0.5,False,,Worldwide,,Unverified,№ 07_24.pdf,High,2026-07-03
EQU_8183,MAT_424,uses_material,0.5,False,,Worldwide,,Confirmed,№ 07_24.pdf,High,2026-07-03
MAT_424,PRO_8184,operates_at_condition,0.5,False,"Пробность варьирует от 47,3 до 99,5%",Worldwide,"47,3-99,5%",Confirmed,№ 07_24.pdf,High,2026-07-03
FAC_8189,MAT_8186,contains,0.5,False,,Azerbaijan,,Confirmed,№ 07_24.pdf,High,2026-07-03
FAC_8189,MAT_8187,contains,0.5,False,,Azerbaijan,,Confirmed,№ 07_24.pdf,High,2026-07-03
PRO_8188,FAC_8189,operates_at_condition,0.5,False,faulting zones,Azerbaijan,,Confirmed,№ 07_24.pdf,High,2026-07-03
MAT_8190,PRO_8192,produces_output,0.5,False,,Worldwide,,Confirmed,№ 07_24.pdf,High,2026-07-03
MAT_8191,PRO_8184,operates_at_condition,0.5,False,,Worldwide,,Confirmed,№ 07_24.pdf,High,2026-07-03
EQU_8193,PRO_8184,uses_material,0.5,False,,Worldwide,,Confirmed,№ 07_24.pdf,High,2026-07-03
MAT_8196,PRO_8197,produces_output,0.5,False,,Worldwide,,Confirmed,№ 07_24.pdf,High,2026-07-03
PRO_8197,PRO_8198,operates_at_condition,0.5,False,,Worldwide,,Confirmed,№ 07_24.pdf,High,2026-07-03
MAT_8191,PRO_8201,researched_by,0.5,False,,Worldwide,,Confirmed,№ 07_24.pdf,High,2026-07-03
EXP_8202,MAT_8191,uses_material,0.5,False,,Worldwide,,Confirmed,№ 07_24.pdf,High,2026-07-03
EXP_8210,PUB_8209,described_in,0.5,False,,Worldwide,,Unverified,№ 07_24.pdf,High,2026-07-03
FAC_8178,MAT_8211,researched_by,0.5,False,,Worldwide,,Unverified,№ 07_24.pdf,High,2026-07-03
EXP_8213,MAT_8212,researched_by,0.5,False,,Worldwide,,Confirmed,№ 07_24.pdf,High,2026-07-03
EXP_8215,PUB_8214,researched_by,0.5,False,,Worldwide,,Confirmed,№ 07_24.pdf,High,2026-07-03
EXP_8216,PUB_8214,researched_by,0.5,False,,Worldwide,,Confirmed,№ 07_24.pdf,High,2026-07-03
EXP_8217,PRO_4430,researched_by,0.5,False,,Worldwide,253–646 мД,Confirmed,№ 07_24.pdf,High,2026-07-03
EXP_8217,PRO_8218,researched_by,0.5,False,,Worldwide,21–38%,Confirmed,№ 07_24.pdf,High,2026-07-03
EXP_8217,PRO_6529,researched_by,0.5,False,,Worldwide,17–27%,Confirmed,№ 07_24.pdf,High,2026-07-03
EXP_8217,PRO_8219,researched_by,0.5,False,,Worldwide,29–47%,Confirmed,№ 07_24.pdf,High,2026-07-03
EXP_8220,MAT_8191,researched_by,0.5,False,,Worldwide,,Confirmed,№ 07_24.pdf,High,2026-07-03
EXP_8220,FAC_8157,operates_at_condition,0.5,False,,Азербайджан,,Confirmed,№ 07_24.pdf,High,2026-07-03
MAT_8222,PRO_8221,operates_at_condition,0.5,False,"Гранулометрический состав, пластичность, трещиноватость, толщина, структурные, текстурные и генетические особенности",Worldwide,,Unverified,№ 07_24.pdf,High,2026-07-03
PRO_8223,PRO_8221,produces_output,0.5,False,,Worldwide,,Unverified,№ 07_24.pdf,High,2026-07-03
FAC_8225,MAT_8222,researched_by,0.5,False,,Worldwide,,Unverified,№ 07_24.pdf,High,2026-07-03
PRO_8226,MAT_8222,operates_at_condition,0.5,False,нормальные и высокие барометрические показатели,Worldwide,,Unverified,№ 07_24.pdf,High,2026-07-03
FAC_8225,PUB_8227,described_in,0.5,False,,Worldwide,,Confirmed,№ 07_24.pdf,High,2026-07-03
PRO_8228,PRO_8229,researched_by,0.5,False,,Worldwide,,Confirmed,№ 07_24.pdf,High,2026-07-03
PRO_8230,PRO_8231,researched_by,0.5,False,,Worldwide,,Unverified,№ 07_24.pdf,High,2026-07-03
FAC_8225,MAT_8232,contains,0.5,False,,Worldwide,,Unverified,№ 07_24.pdf,High,2026-07-03
FAC_8225,MAT_8233,contains,0.5,False,,Worldwide,,Unverified,№ 07_24.pdf,High,2026-07-03
FAC_8225,MAT_8234,contains,0.5,False,,Worldwide,,Unverified,№ 07_24.pdf,High,2026-07-03
EQU_8235,MAT_8236,uses_material,0.5,False,,Worldwide,,Unverified,№ 07_24.pdf,High,2026-07-03
PRO_8237,EQU_8238,uses_material,0.5,False,,Worldwide,,Confirmed,№ 07_24.pdf,High,2026-07-03
PRO_8237,EQU_5352,uses_material,0.5,False,Для проведения магнитных съёмок на больших территориях,Worldwide,,Confirmed,№ 07_24.pdf,High,2026-07-03
PUB_8239,FAC_8240,described_in,0.5,False,,Azerbaijan,,Confirmed,№ 07_24.pdf,High,2026-07-03
EXP_8242,PUB_8241,researched_by,0.5,False,,Worldwide,,Confirmed,№ 07_24.pdf,High,2026-07-03
PRO_8243,PRO_8244,produces_output,0.5,False,,Worldwide,,Unverified,№ 07_24.pdf,High,2026-07-03
PRO_8245,PRO_8244,produces_output,0.5,False,,Worldwide,,Confirmed,№ 07_24.pdf,High,2026-07-03
EQU_8246,PRO_8247,described_in,0.5,False,,Worldwide,,Confirmed,№ 07_24.pdf,High,2026-07-03
EQU_8246,PRO_8248,described_in,0.5,False,,Worldwide,,Confirmed,№ 07_24.pdf,High,2026-07-03
PRO_8249,EQU_8250,uses_material,0.5,False,,Worldwide,,Confirmed,№ 07_24.pdf,High,2026-07-03
PRO_8249,MAT_8251,operates_at_condition,0.5,False,"Плотность 3,37 г/см3, намагниченность 10 мА/м",Азербайджан,,Confirmed,№ 07_24.pdf,High,2026-07-03
PRO_8252,PRO_8253,produces_output,0.5,False,,Worldwide,,Unverified,№ 07_24.pdf,High,2026-07-03
FAC_8254,FAC_8255,operates_at_condition,0.5,False,,Worldwide,,Unverified,№ 07_24.pdf,High,2026-07-03
FAC_8255,FAC_8256,operates_at_condition,0.5,False,Отделены неглубокой седловиной,Worldwide,,Unverified,№ 07_24.pdf,High,2026-07-03
PRO_8261,MET_8262,uses_method,0.5,False,Наклонное намагничивание,Worldwide,,Confirmed,№ 07_24.pdf,High,2026-07-03
PRO_8261,MET_8263,uses_method,0.5,False,,Worldwide,,Confirmed,№ 07_24.pdf,High,2026-07-03
PRO_8261,MET_8264,uses_method,0.5,False,,Worldwide,,Confirmed,№ 07_24.pdf,High,2026-07-03
PRO_8261,PRO_8248,uses_method,0.5,False,,Worldwide,,Confirmed,№ 07_24.pdf,High,2026-07-03
EXP_8267,PUB_8265,researched_by,0.5,False,,Worldwide,,Confirmed,№ 07_24.pdf,High,2026-07-03
EXP_8267,PUB_8266,researched_by,0.5,False,,Worldwide,,Confirmed,№ 07_24.pdf,High,2026-07-03
PRO_8268,MAT_8269,operates_at_condition,0.5,False,Хрупкое разрушение,Worldwide,,Confirmed,№ 07_24.pdf,High,2026-07-03
PRO_8268,MAT_8270,operates_at_condition,0.5,False,Хрупкое разрушение,Worldwide,,Confirmed,№ 07_24.pdf,High,2026-07-03
MAT_8271,MAT_8272,produces_output,0.5,False,,Азербайджан,,Confirmed,№ 07_24.pdf,High,2026-07-03
PUB_8274,FAC_8275,researched_by,0.5,False,,Worldwide,,Confirmed,№ 07_24.pdf,High,2026-07-03
EXP_8289,PUB_8288,researched_by,0.5,False,,Worldwide,,Confirmed,№ 07_24.pdf,High,2026-07-03
EXP_8290,PUB_8288,researched_by,0.5,False,,Worldwide,,Confirmed,№ 07_24.pdf,High,2026-07-03
PRO_8292,FAC_8291,operates_at_condition,0.5,False,,Азербайджан,,Unverified,№ 07_24.pdf,High,2026-07-03
FAC_8291,MAT_8293,uses_material,0.5,False,,Азербайджан,,Unverified,№ 07_24.pdf,High,2026-07-03
EXP_8294,EQU_1695,operates_at_condition,0.5,False,"2015-2018 гг., мелководная и глубоководная части месторождения",Worldwide,,Confirmed,№ 07_24.pdf,High,2026-07-03
EQU_8295,MAT_8293,uses_material,0.5,False,,Worldwide,,Confirmed,№ 07_24.pdf,High,2026-07-03
PRO_8296,MAT_8293,operates_at_condition,0.5,False,По данным каротажа самопроизвольной поляризации,Worldwide,,Confirmed,№ 07_24.pdf,High,2026-07-03
PRO_8297,MAT_8293,operates_at_condition,0.5,False,Для вычисления коэффициента водонасыщенности,Worldwide,,Confirmed,№ 07_24.pdf,High,2026-07-03
FAC_8298,FAC_8299,operates_at_condition,0.5,False,Мощность объектов увеличивается от глубоководной части месторождения к мелководной,Worldwide,,Unverified,№ 07_24.pdf,High,2026-07-03
PUB_8302,EXP_8303,researched_by,0.5,False,,Worldwide,,Confirmed,№ 07_24.pdf,High,2026-07-03
PUB_8302,EXP_8304,researched_by,0.5,False,,Worldwide,,Confirmed,№ 07_24.pdf,High,2026-07-03
PUB_8302,EXP_8305,researched_by,0.5,False,,Worldwide,,Confirmed,№ 07_24.pdf,High,2026-07-03
PUB_8302,EXP_8306,researched_by,0.5,False,,Worldwide,,Confirmed,№ 07_24.pdf,High,2026-07-03
PUB_8302,EXP_8307,researched_by,0.5,False,,Worldwide,,Confirmed,№ 07_24.pdf,High,2026-07-03
PUB_8302,EXP_8308,researched_by,0.5,False,,Worldwide,,Confirmed,№ 07_24.pdf,High,2026-07-03
PUB_8302,EXP_8309,researched_by,0.5,False,,Worldwide,,Confirmed,№ 07_24.pdf,High,2026-07-03
EXP_8310,FAC_8311,researched_by,0.5,False,,Russia,,Confirmed,№ 07_24.pdf,High,2026-07-03
FAC_8312,PRO_8314,operates_at_condition,0.5,False,,Russia,,Confirmed,№ 07_24.pdf,High,2026-07-03
FAC_8313,PRO_8314,operates_at_condition,0.5,False,,Russia,,Confirmed,№ 07_24.pdf,High,2026-07-03
MAT_8232,PRO_8316,uses_material,0.5,False,,Worldwide,,Confirmed,№ 07_24.pdf,High,2026-07-03
MAT_8315,PRO_8316,uses_material,0.5,False,,Worldwide,,Confirmed,№ 07_24.pdf,High,2026-07-03
MAT_7957,PRO_8316,uses_material,0.5,False,,Worldwide,,Confirmed,№ 07_24.pdf,High,2026-07-03
MAT_8233,PRO_8316,uses_material,0.5,False,,Worldwide,,Confirmed,№ 07_24.pdf,High,2026-07-03
MAT_6464,PRO_8316,uses_material,0.5,False,,Worldwide,,Confirmed,№ 07_24.pdf,High,2026-07-03
FAC_8298,FAC_8317,researched_by,0.5,False,,Worldwide,,Unverified,№ 07_24.pdf,High,2026-07-03
FAC_8299,FAC_8317,researched_by,0.5,False,,Worldwide,,Unverified,№ 07_24.pdf,High,2026-07-03
FAC_8318,PRO_8319,researched_by,0.5,False,,Russia,,Confirmed,№ 07_24.pdf,High,2026-07-03
MAT_8321,PRO_6529,operates_at_condition,0.5,False,"Наличие пор в плотных, малопористых породах",Worldwide,,Confirmed,№ 07_24.pdf,High,2026-07-03
MAT_8321,PRO_6269,operates_at_condition,0.5,False,Наличие трещин в породе,Worldwide,,Confirmed,№ 07_24.pdf,High,2026-07-03
MAT_8322,FAC_8324,researched_by,0.5,False,,Russia,,Confirmed,№ 07_24.pdf,High,2026-07-03
MAT_8322,PRO_8323,operates_at_condition,0.5,False,на всех стадиях катагенеза,Russia,,Confirmed,№ 07_24.pdf,High,2026-07-03
PUB_8325,FAC_8326,described_in,0.5,False,,Worldwide,,Confirmed,№ 07_24.pdf,High,2026-07-03
EXP_8267,PUB_8327,researched_by,0.5,False,,Russia,,Confirmed,№ 07_24.pdf,High,2026-07-03
FAC_8328,PRO_8329,uses_material,0.5,False,,Russia,,Unverified,№ 07_24.pdf,High,2026-07-03
FAC_8335,MAT_8337,contains,0.5,False,,Russia,,Confirmed,№ 07_24.pdf,High,2026-07-03
FAC_8336,MAT_8337,contains,0.5,False,,Russia,,Confirmed,№ 07_24.pdf,High,2026-07-03
MAT_8337,PRO_8338,analyzed_by,0.5,False,,Russia,,Confirmed,№ 07_24.pdf,High,2026-07-03
PRO_8339,EQU_8340,uses_material,0.5,False,Давление 60–70 атм,Worldwide,60–70 атм,Confirmed,№ 07_24.pdf,High,2026-07-03
PRO_8339,PRO_8341,operates_at_condition,0.5,False,Давление 60–70 атм,Worldwide,60–70 атм,Confirmed,№ 07_24.pdf,High,2026-07-03
PRO_8329,EQU_8343,uses_material,0.5,False,,Worldwide,,Confirmed,№ 07_24.pdf,High,2026-07-03
PRO_8329,EQU_8342,uses_material,0.5,False,,Worldwide,,Confirmed,№ 07_24.pdf,High,2026-07-03
PRO_6530,PRO_8329,researched_by,0.5,False,,Worldwide,,Confirmed,№ 07_24.pdf,High,2026-07-03
MAT_8344,PRO_3330,uses_material,0.5,False,,Worldwide,,Confirmed,№ 07_24.pdf,High,2026-07-03
PRO_3330,PRO_8345,produces_output,0.5,False,С 1950-х по середину 1990-х годов,Russia,,Confirmed,№ 07_24.pdf,High,2026-07-03
FAC_8346,PRO_994,uses_material,0.5,False,,Worldwide,,Unverified,№ 07_24.pdf,High,2026-07-03
PRO_994,PRO_8347,operates_at_condition,0.5,False,Соблюдение норм предельных концентраций вредных веществ,Russia,,Unverified,№ 07_24.pdf,High,2026-07-03
EXP_8349,FAC_8328,researched_by,0.5,False,,Worldwide,,Confirmed,№ 07_24.pdf,High,2026-07-03
PRO_8348,FAC_8328,operates_at_condition,0.5,False,"Пластовое давление, пластовая температура, газопроницаемость пласта, коэффициент пористости пласта",Worldwide,,Confirmed,№ 07_24.pdf,High,2026-07-03
MAT_8350,MAT_1210,contains,0.5,False,,Worldwide,,Confirmed,№ 07_24.pdf,High,2026-07-03
MAT_8350,MAT_2443,contains,0.5,False,,Worldwide,,Confirmed,№ 07_24.pdf,High,2026-07-03
PUB_8351,MAT_8353,described_in,0.5,False,,Worldwide,,Confirmed,№ 07_24.pdf,High,2026-07-03
PUB_8352,MAT_8353,described_in,0.5,False,,Worldwide,,Confirmed,№ 07_24.pdf,High,2026-07-03
EXP_8355,PRO_8356,researched_by,0.5,False,,Russia,,Confirmed,№ 07_24.pdf,High,2026-07-03
EXP_8357,PRO_8356,inventor,0.5,False,,Russia,,Confirmed,№ 07_24.pdf,High,2026-07-03
FAC_8364,PUB_8365,researched_by,0.5,False,,Russia,,Confirmed,№ 07_24.pdf,High,2026-07-03
EXP_8358,FAC_8366,researched_by,0.5,False,,Russia,,Confirmed,№ 07_24.pdf,High,2026-07-03
ORG_6414,PUB_896,described_in,0.5,False,,Russia,,Confirmed,№ 08_24.pdf,High,2026-07-03
FAC_8367,FAC_8368,reorganized_into,0.5,False,,Russia,,Confirmed,№ 07_24.pdf,High,2026-07-03
FAC_8364,EQU_8369,uses_equipment,0.5,False,,Russia,,Confirmed,№ 07_24.pdf,High,2026-07-03
FAC_7350,FAC_8370,operates_at_condition,0.5,False,,Russia,,Confirmed,№ 08_24.pdf,High,2026-07-03
PUB_896,MAT_2288,described_in,0.5,False,,Worldwide,,Confirmed,№ 08_24.pdf,High,2026-07-03
FAC_7350,MAT_2288,produces_output,0.5,False,,Russia,,Confirmed,№ 08_24.pdf,High,2026-07-03
PUB_6400,EXP_8373,described_in,0.5,False,,Russia,,Confirmed,№ 08_24.pdf,High,2026-07-03
PUB_6400,EXP_8374,described_in,0.5,False,,Russia,,Confirmed,№ 08_24.pdf,High,2026-07-03
FAC_8375,MAT_2288,uses_material,0.5,False,,Russia,,Confirmed,№ 08_24.pdf,High,2026-07-03
MAT_2288,FAC_8380,operates_at_condition,0.5,False,,Russia,,Confirmed,№ 08_24.pdf,High,2026-07-03
MAT_8381,MAT_8382,produces_output,0.5,False,,Russia,,Confirmed,№ 08_24.pdf,High,2026-07-03
MAT_8390,EQU_8396,uses_material,0.5,False,,Russia,,Confirmed,№ 08_24.pdf,High,2026-07-03
MAT_8382,EQU_8397,uses_material,0.5,False,Химическое разложение,Russia,,Confirmed,№ 08_24.pdf,High,2026-07-03
EQU_8396,MAT_8391,produces_output,0.5,False,,Russia,,Confirmed,№ 08_24.pdf,High,2026-07-03
EQU_8397,MAT_8392,produces_output,0.5,False,,Russia,,Confirmed,№ 08_24.pdf,High,2026-07-03
FAC_8400,MAT_7361,uses_material,0.5,False,,Russia,,Confirmed,№ 08_24.pdf,High,2026-07-03
FAC_8400,MAT_8399,researched_by,0.5,False,В связи с глобальной политикой против асбеста,Russia,,Partially_Confirmed,№ 08_24.pdf,High,2026-07-03
FAC_7350,MAT_2288,produces_output,0.5,False,,Russia,,Confirmed,№ 08_24.pdf,High,2026-07-03
FAC_7351,MAT_2288,produces_output,0.5,False,,Russia,,Confirmed,№ 08_24.pdf,High,2026-07-03
FAC_7352,MAT_2288,produces_output,0.5,False,,Kazakhstan,,Confirmed,№ 08_24.pdf,High,2026-07-03
MAT_8404,MAT_7689,uses_material,0.5,False,,Worldwide,,Confirmed,№ 08_24.pdf,High,2026-07-03
MAT_8404,MAT_8405,uses_material,0.5,False,,Worldwide,,Confirmed,№ 08_24.pdf,High,2026-07-03
MAT_8404,PRO_8406,produces_output,0.5,False,,Worldwide,,Confirmed,№ 08_24.pdf,High,2026-07-03
MAT_7361,PUB_8409,described_in,0.5,False,,Worldwide,,Confirmed,№ 08_24.pdf,High,2026-07-03
FAC_8413,MAT_8410,produces_output,0.5,False,,Russia,,Confirmed,№ 08_24.pdf,High,2026-07-03
FAC_8414,MAT_8410,produces_output,0.5,False,,Brazil,,Confirmed,№ 08_24.pdf,High,2026-07-03
EQU_8412,MAT_8410,uses_material,0.5,False,,Worldwide,,Confirmed,№ 08_24.pdf,High,2026-07-03
EQU_8416,MAT_8415,uses_material,0.5,False,,Russia,,Confirmed,№ 08_24.pdf,High,2026-07-03
PRO_8406,PRO_8417,operates_at_condition,0.5,False,,Russia,,Confirmed,№ 08_24.pdf,High,2026-07-03
PRO_8406,EQU_8416,produces_output,0.5,False,,Russia,,Confirmed,№ 08_24.pdf,High,2026-07-03
EXP_8418,MAT_8415,researched_by,0.5,False,,Russia,,Confirmed,№ 08_24.pdf,High,2026-07-03
PRO_8420,EQU_8421,uses_material,0.5,False,,Worldwide,,Confirmed,№ 08_24.pdf,High,2026-07-03
EXP_8422,PRO_8420,produces_output,0.5,False,Повышение эффективности поисковых работ,Worldwide,,Confirmed,№ 08_24.pdf,High,2026-07-03
MAT_2288,PRO_8423,uses_material,0.5,False,,Worldwide,,Unverified,№ 08_24.pdf,High,2026-07-03
PRO_8423,PUB_8424,described_in,0.5,False,,Worldwide,,Confirmed,№ 08_24.pdf,High,2026-07-03
PRO_8425,EQU_8426,uses_material,0.5,False,,Worldwide,,Confirmed,№ 08_24.pdf,High,2026-07-03
PRO_8425,EXP_8427,described_in,0.5,False,,Worldwide,,Confirmed,№ 08_24.pdf,High,2026-07-03
EXP_8427,PUB_8428,validated_by,0.5,False,,Worldwide,,Confirmed,№ 08_24.pdf,High,2026-07-03
PRO_8430,EQU_8431,uses_material,0.5,False,,Worldwide,,Confirmed,№ 08_24.pdf,High,2026-07-03
EQU_8431,PUB_8429,described_in,0.5,False,,Worldwide,,Confirmed,№ 08_24.pdf,High,2026-07-03
FAC_7350,MAT_2288,produces_output,0.5,False,,Russia,,Confirmed,№ 08_24.pdf,High,2026-07-03
FAC_8380,MAT_2288,uses_material,0.5,False,,Russia,,Confirmed,№ 08_24.pdf,High,2026-07-03
EXP_8427,MAT_8432,produces_output,0.5,False,,Worldwide,,Confirmed,№ 08_24.pdf,High,2026-07-03
EXP_8427,MAT_8433,produces_output,0.5,False,,Worldwide,,Confirmed,№ 08_24.pdf,High,2026-07-03
EQU_8421,PRO_8434,optimizes,0.5,False,,Worldwide,,Confirmed,№ 08_24.pdf,High,2026-07-03
EQU_8421,PRO_8435,provides_data_for,0.5,False,,Worldwide,,Confirmed,№ 08_24.pdf,High,2026-07-03
FAC_8437,MAT_1151,produces_output,0.5,False,,Russia,,Confirmed,№ 08_24.pdf,High,2026-07-03
MAT_1151,MAT_8436,contains,0.5,False,,Russia,,Confirmed,№ 08_24.pdf,High,2026-07-03
MAT_8438,PRO_8439,uses_material,0.5,False,,Canada,,Confirmed,№ 08_24.pdf,High,2026-07-03
FAC_8437,MAT_8436,researched_by,0.5,False,,Russia,,Confirmed,№ 08_24.pdf,High,2026-07-03
MAT_1151,PRO_81,operates_at_condition,0.5,False,,Russia,,Confirmed,№ 08_24.pdf,High,2026-07-03
PRO_8446,MAT_8445,produces_output,0.5,False,,Worldwide,,Confirmed,№ 08_24.pdf,High,2026-07-03
EQU_8447,PRO_8446,uses_material,0.5,False,,Worldwide,,Confirmed,№ 08_24.pdf,High,2026-07-03
EXP_8449,MAT_8445,validated_by,0.5,False,Тевлинско-Русскинское и Нивагальское нефтяные месторождения Западной Сибири,Russia,,Confirmed,№ 08_24.pdf,High,2026-07-03
FAC_8450,PRO_8451,uses_material,0.5,False,"Температура 35–40 °C, интенсивное перемешивание пульпы, добавление гидроксида натрия",Russia,,Confirmed,№ 08_24.pdf,High,2026-07-03
PRO_8451,MAT_8452,produces_output,0.5,False,,Russia,,Confirmed,№ 08_24.pdf,High,2026-07-03
EQU_8453,MAT_8452,operates_at_condition,0.5,False,Использование различных органических растворителей,Russia,,Confirmed,№ 08_24.pdf,High,2026-07-03
MAT_1151,PRO_8454,uses_material,0.5,False,,Russia,,Confirmed,№ 08_24.pdf,High,2026-07-03
PRO_8454,FAC_8457,operates_at_condition,0.5,False,подземная эксплуатация,Russia,,Confirmed,№ 08_24.pdf,High,2026-07-03
MAT_1151,EQU_5535,uses_material,0.5,False,,Russia,,Confirmed,№ 08_24.pdf,High,2026-07-03
PRO_8461,MAT_8460,uses_material,0.5,False,,Russia,,Confirmed,№ 08_24.pdf,High,2026-07-03
PRO_8462,MAT_8460,uses_material,0.5,False,,Russia,,Confirmed,№ 08_24.pdf,High,2026-07-03
MAT_8463,EQU_8465,uses_material,0.5,False,,Worldwide,,Confirmed,№ 08_24.pdf,High,2026-07-03
EQU_8465,PRO_8464,operates_at_condition,0.5,False,Длительная эксплуатация в шахтных стволах,Russia,,Confirmed,№ 08_24.pdf,High,2026-07-03
PRO_8469,EQU_8470,operates_at_condition,0.5,False,Учет коррозии тюбингов,Worldwide,,Confirmed,№ 08_24.pdf,High,2026-07-03
PRO_8475,MAT_8474,produces_output,0.5,False,,Russia,,Confirmed,№ 08_24.pdf,High,2026-07-03
EXP_8480,PUB_8479,researched_by,0.5,False,,Russia,,Confirmed,№ 08_24.pdf,High,2026-07-03
EXP_8481,PUB_8479,researched_by,0.5,False,,Russia,,Confirmed,№ 08_24.pdf,High,2026-07-03
ORG_6692,PUB_8479,validated_by,0.5,False,Высокий рейтинг по реализации ESG-критериев,Russia,,Confirmed,№ 08_24.pdf,High,2026-07-03
MAT_8484,PRO_8485,operates_at_condition,0.5,False,"Highly mineralized brines of sodium and potassium chlorides, high content of salt dust, increased temperature and moisture",Worldwide,,Confirmed,№ 08_24.pdf,High,2026-07-03
MAT_8484,EQU_8486,uses_material,0.5,False,,Russia,,Confirmed,№ 08_24.pdf,High,2026-07-03
PRO_8485,PRO_8487,produces_output,0.5,False,Decrease in the nominal wall thickness and length of a cast iron liner,Worldwide,,Confirmed,№ 08_24.pdf,High,2026-07-03
EXP_8488,PRO_8487,described_in,0.5,False,,Russia,,Confirmed,№ 08_24.pdf,High,2026-07-03
EQU_7096,MAT_8463,uses_material,0.5,False,,Worldwide,,Confirmed,№ 08_24.pdf,High,2026-07-03
EQU_7096,MAT_2088,uses_material,0.5,False,Для заполнения затюбингового пространства,Worldwide,,Confirmed,№ 08_24.pdf,High,2026-07-03
MAT_8463,PRO_374,operates_at_condition,0.5,False,В условиях шахтных стволов соляных рудников,Worldwide,,Confirmed,№ 08_24.pdf,High,2026-07-03
PUB_8491,ORG_6692,researched_by,0.5,False,,Russia,,Unverified,№ 08_24.pdf,High,2026-07-03
EXP_7667,PUB_8493,researched_by,0.5,False,,Russia,,Confirmed,№ 08_24.pdf,High,2026-07-03
EXP_8494,PUB_8493,researched_by,0.5,False,,Russia,,Confirmed,№ 08_24.pdf,High,2026-07-03
ORG_6692,PUB_8495,researched_by,0.5,False,,Russia,,Confirmed,№ 08_24.pdf,High,2026-07-03
EXP_8496,PUB_8495,researched_by,0.5,False,,Russia,,Confirmed,№ 08_24.pdf,High,2026-07-03
EXP_8497,PUB_8495,researched_by,0.5,False,,Russia,,Confirmed,№ 08_24.pdf,High,2026-07-03
EXP_8498,PUB_8495,researched_by,0.5,False,,Russia,,Confirmed,№ 08_24.pdf,High,2026-07-03
EXP_8499,PUB_8495,researched_by,0.5,False,,Russia,,Confirmed,№ 08_24.pdf,High,2026-07-03
EXP_8500,PUB_8495,researched_by,0.5,False,,Belarus,,Confirmed,№ 08_24.pdf,High,2026-07-03
MAT_8445,PRO_8501,uses_material,0.5,False,При добавлении флокулянта и усиленной силе тяжести,Russia,3500 g,Confirmed,№ 08_24.pdf,High,2026-07-03
EQU_8502,PRO_8501,operates_at_condition,0.5,False,Сила тяжести порядка 3500 g,Russia,,Confirmed,№ 08_24.pdf,High,2026-07-03
MAT_8445,PRO_8503,produces_output,0.5,False,После выдержки в течение 48 ч,Russia,45–56 ед.,Confirmed,№ 08_24.pdf,High,2026-07-03
PRO_1260,PRO_8501,validated_by,0.5,False,,Russia,,Confirmed,№ 08_24.pdf,High,2026-07-03
EQU_8505,PRO_8504,uses_material,0.5,False,,Russia,,Confirmed,№ 08_24.pdf,High,2026-07-03
FAC_4599,PRO_8504,operates_at_condition,0.5,False,промышленное внедрение,Russia,,Confirmed,№ 08_24.pdf,High,2026-07-03
EXP_8507,PUB_8506,described_in,0.5,False,,Worldwide,,Confirmed,№ 08_24.pdf,High,2026-07-03
EXP_8509,PUB_8508,described_in,0.5,False,,Worldwide,,Confirmed,№ 08_24.pdf,High,2026-07-03
EXP_8510,PUB_8508,described_in,0.5,False,,Worldwide,,Confirmed,№ 08_24.pdf,High,2026-07-03
PRO_8512,EQU_8513,uses_material,0.5,False,,Worldwide,,Confirmed,№ 08_24.pdf,High,2026-07-03
EQU_8513,MAT_8514,uses_material,0.5,False,,Worldwide,,Confirmed,№ 08_24.pdf,High,2026-07-03
EXP_8516,EXP_8515,researched_by,0.5,False,,Russia,,Confirmed,№ 08_24.pdf,High,2026-07-03
MAT_8463,PRO_8517,operates_at_condition,0.5,False,"Воздействие солевых растворов, содержащих хлориды",Worldwide,,Confirmed,№ 08_24.pdf,High,2026-07-03
EQU_8518,PRO_8517,produces_output,0.5,False,В условиях шахтного ствола,Worldwide,,Confirmed,№ 08_24.pdf,High,2026-07-03
EXP_8519,EQU_8518,researched_by,0.5,False,,Worldwide,,Confirmed,№ 08_24.pdf,High,2026-07-03
EXP_8496,PUB_8520,researched_by,0.5,False,,Russia,,Confirmed,№ 08_24.pdf,High,2026-07-03
FAC_8521,PUB_8520,validated_by,0.5,False,,Russia,,Confirmed,№ 08_24.pdf,High,2026-07-03
FAC_8522,PUB_8520,validated_by,0.5,False,,Russia,,Confirmed,№ 08_24.pdf,High,2026-07-03
PRO_8523,EQU_8524,uses_material,0.5,False,,Worldwide,,Unverified,№ 08_24.pdf,High,2026-07-03
EXP_8525,EQU_8524,validated_by,0.5,False,обследование опорожненного реактора,Worldwide,,Confirmed,№ 08_24.pdf,High,2026-07-03
EQU_8505,PRO_8528,operates_at_condition,0.5,False,,Russia,,Confirmed,№ 08_24.pdf,High,2026-07-03
EQU_8505,FAC_8529,validated_by,0.5,False,Трехмесячная эксплуатация,Russia,,Confirmed,№ 08_24.pdf,High,2026-07-03
EQU_8505,PRO_8530,uses_material,0.5,False,,Russia,,Confirmed,№ 08_24.pdf,High,2026-07-03
PRO_8530,MAT_8514,produces_output,0.5,False,,Russia,,Confirmed,№ 08_24.pdf,High,2026-07-03
EQU_8532,PRO_8531,uses_material,0.5,False,,Worldwide,,Unverified,№ 08_24.pdf,High,2026-07-03
EQU_8537,PRO_8536,uses_material,0.5,False,,Worldwide,,Unverified,№ 08_24.pdf,High,2026-07-03
EQU_8537,PRO_8536,operates_at_condition,0.5,False,Влияние ширины резца bp на силы резания и подачи при центральном прорезании твердых включений,Worldwide,,Confirmed,№ 08_24.pdf,High,2026-07-03
PRO_8538,EQU_8539,operates_at_condition,0.5,False,При прорезании твердых включений,Worldwide,,Confirmed,№ 08_24.pdf,High,2026-07-03
EQU_8539,PRO_8540,produces_output,0.5,False,,Worldwide,,Confirmed,№ 08_24.pdf,High,2026-07-03
EQU_8537,PRO_8531,uses_material,0.5,False,Форма режущей кромки влияет на коэффициент kKY,Worldwide,,Confirmed,№ 08_24.pdf,High,2026-07-03
PUB_8544,FAC_8545,researched_by,0.5,False,,Worldwide,,Confirmed,№ 08_24.pdf,High,2026-07-03
PUB_8544,EQU_778,analyzed_in,0.5,False,,Worldwide,,Confirmed,№ 08_24.pdf,High,2026-07-03
PRO_8546,PRO_8547,operates_at_condition,0.5,False,Съемка в отраженном свете,Worldwide,,Confirmed,№ 08_24.pdf,High,2026-07-03
PRO_8546,PRO_8548,uses_material,0.5,False,,Worldwide,,Confirmed,№ 08_24.pdf,High,2026-07-03
FAC_8550,PRO_8549,operates_at_condition,0.5,False,Зона регламентированного экологического воздействия,Russia,,Confirmed,№ 08_24.pdf,High,2026-07-03
PRO_8549,PRO_8551,produces_output,0.5,False,,Russia,,Confirmed,№ 08_24.pdf,High,2026-07-03
PRO_8549,PRO_8552,produces_output,0.5,False,,Russia,,Confirmed,№ 08_24.pdf,High,2026-07-03
EXP_8554,PUB_8553,researched_by,0.5,False,,Russia,,Confirmed,№ 08_24.pdf,High,2026-07-03
EXP_8555,PUB_8553,researched_by,0.5,False,,Russia,,Confirmed,№ 08_24.pdf,High,2026-07-03
PRO_8556,PRO_8557,operates_at_condition,0.5,False,Rт меньше Lс,Worldwide,,Confirmed,№ 08_24.pdf,High,2026-07-03
PRO_8556,PRO_8558,operates_at_condition,0.5,False,Rт больше Lс,Worldwide,,Confirmed,№ 08_24.pdf,High,2026-07-03
PRO_8559,PRO_5175,uses_material,0.5,False,,Worldwide,,Confirmed,№ 08_24.pdf,High,2026-07-03
PRO_5175,PRO_8560,produces_output,0.5,False,,Worldwide,,Confirmed,№ 08_24.pdf,High,2026-07-03
PRO_8565,MAT_8564,uses_material,0.5,False,,Worldwide,,Unverified,№ 08_24.pdf,High,2026-07-03
PRO_8565,EQU_8566,operates_at_condition,0.5,False,В ближней зоне действия взрыва,Russia,,Unverified,№ 08_24.pdf,High,2026-07-03
EXP_8567,PRO_8565,validated_by,0.5,False,,Russia,,Unverified,№ 08_24.pdf,High,2026-07-03
MAT_8569,PRO_8570,uses_material,0.5,False,,Worldwide,,Confirmed,№ 08_24.pdf,High,2026-07-03
PRO_8570,EQU_8571,operates_at_condition,0.5,False,"Температура горения 900–1000 °C для больничных отходов, не менее 1500 °C для опасных химических соединений и возбудителей особо опасных болезней",Worldwide,,Confirmed,№ 08_24.pdf,High,2026-07-03
EXP_8576,PUB_896,researched_by,0.5,False,,Worldwide,,Confirmed,№ 08_24.pdf,High,2026-07-03
PRO_8577,MAT_8004,uses_material,0.5,False,Для обеспечения нормальной детонации и высокой гарантии уничтожения опасных отходов,Worldwide,,Confirmed,№ 08_24.pdf,High,2026-07-03
PRO_8577,EQU_8578,operates_at_condition,0.5,False,Контейнеры должны быть герметично закрыты и химически совместимы с ВВ и окружающей средой,Worldwide,,Confirmed,№ 08_24.pdf,High,2026-07-03
PRO_8579,PRO_8580,operates_at_condition,0.5,False,температура: 1100 °C,Worldwide,,Confirmed,№ 08_24.pdf,High,2026-07-03
EXP_8582,FAC_8583,researched_by,0.5,False,,Russia,,Confirmed,№ 08_24.pdf,High,2026-07-03
PRO_8577,MAT_6519,uses_material,0.5,False,,Russia,,Confirmed,№ 08_24.pdf,High,2026-07-03
PRO_8577,MAT_8586,produces_output,0.5,False,,Russia,,Confirmed,№ 08_24.pdf,High,2026-07-03
PUB_8587,PRO_8577,described_in,0.5,False,,Russia,,Confirmed,№ 08_24.pdf,High,2026-07-03
EXP_8588,ORG_8589,researched_by,0.5,False,,Russia,,Confirmed,№ 08_24.pdf,High,2026-07-03
EXP_8590,PUB_8591,researched_by,0.5,False,,Worldwide,,Confirmed,№ 08_24.pdf,High,2026-07-03
EXP_8588,FAC_8134,researched_by,0.5,False,,Russia,,Confirmed,№ 08_24.pdf,High,2026-07-03
EXP_8588,FAC_8592,researched_by,0.5,False,,Russia,,Confirmed,№ 08_24.pdf,High,2026-07-03
EXP_8588,FAC_1793,researched_by,0.5,False,,Russia,,Confirmed,№ 08_24.pdf,High,2026-07-03
FAC_8593,EXP_8594,researched_by,0.5,False,,Russia,,Confirmed,№ 08_24.pdf,High,2026-07-03
FAC_8593,EXP_8595,researched_by,0.5,False,,Russia,,Confirmed,№ 08_24.pdf,High,2026-07-03
FAC_8593,EXP_8596,researched_by,0.5,False,,Russia,,Confirmed,№ 08_24.pdf,High,2026-07-03
EQU_8601,PRO_8602,uses_material,0.5,False,,Russia,,Confirmed,№ 08_24.pdf,High,2026-07-03
EQU_8601,MAT_5742,produces_output,0.5,False,,Russia,,Confirmed,№ 08_24.pdf,High,2026-07-03
COM_8598,FAC_8603,researched_by,0.5,False,,Russia,,Confirmed,№ 08_24.pdf,High,2026-07-03
EXP_8606,PUB_8605,researched_by,0.5,False,,Worldwide,,Confirmed,№ 08_24.pdf,High,2026-07-03
EXP_8607,PUB_8605,researched_by,0.5,False,,Worldwide,,Confirmed,№ 08_24.pdf,High,2026-07-03
EQU_8608,EQU_8609,uses_material,0.5,False,,Russia,,Confirmed,№ 08_24.pdf,High,2026-07-03
EQU_8608,EQU_8610,uses_material,0.5,False,,Russia,,Confirmed,№ 08_24.pdf,High,2026-07-03
EQU_8608,EQU_8611,uses_material,0.5,False,,Russia,,Confirmed,№ 08_24.pdf,High,2026-07-03
FAC_1794,PUB_896,described_in,0.5,False,,Russia,,Confirmed,№ 09_24.pdf,High,2026-07-03
EQU_8609,EQU_8612,uses_material,0.5,False,,Russia,,Confirmed,№ 08_24.pdf,High,2026-07-03
FAC_1264,PUB_8614,researched_by,0.5,False,,Russia,,Confirmed,№ 08_24.pdf,High,2026-07-03
EXP_8615,PUB_8614,validated_by,0.5,False,,Russia,,Confirmed,№ 08_24.pdf,High,2026-07-03
ORG_6414,PUB_896,described_in,0.5,False,,Russia,,Confirmed,№ 09_24.pdf,High,2026-07-03
ORG_6401,PUB_6400,publisher,0.5,False,,Russia,,Confirmed,№ 09_24.pdf,High,2026-07-03
EXP_8624,FAC_8623,researched_by,0.5,False,,Russia,,Unverified,№ 09_24.pdf,High,2026-07-03
FAC_8625,PRO_8626,uses_material,0.5,False,Тектоническая активность в среднедевонское время,Russia,,Unverified,№ 09_24.pdf,High,2026-07-03
PUB_8627,FAC_8623,researched_by,0.5,False,,Russia,,Confirmed,№ 09_24.pdf,High,2026-07-03
PUB_8633,FAC_8623,researched_by,0.5,False,,Russia,,Confirmed,№ 09_24.pdf,High,2026-07-03
PRO_8634,MAT_275,researched_by,0.5,False,,Worldwide,,Unverified,№ 09_24.pdf,High,2026-07-03
EQU_8635,PRO_8634,uses_material,0.5,False,Глубина около 2800 м,Russia,,Confirmed,№ 09_24.pdf,High,2026-07-03
EXP_8636,MAT_8637,uses_material,0.5,False,,Worldwide,,Unverified,№ 09_24.pdf,High,2026-07-03
EXP_8636,MAT_8638,uses_material,0.5,False,,Worldwide,,Unverified,№ 09_24.pdf,High,2026-07-03
EXP_8636,MAT_8639,uses_material,0.5,False,,Worldwide,,Unverified,№ 09_24.pdf,High,2026-07-03
FAC_8640,EXP_8642,researched_by,0.5,False,,Russia,,Confirmed,№ 09_24.pdf,High,2026-07-03
FAC_8641,EXP_8642,researched_by,0.5,False,,Russia,,Confirmed,№ 09_24.pdf,High,2026-07-03
PRO_8648,PRO_8649,uses_material,0.5,False,,Worldwide,,Confirmed,№ 09_24.pdf,High,2026-07-03
PRO_8649,PRO_8650,produces_output,0.5,False,,Worldwide,,Confirmed,№ 09_24.pdf,High,2026-07-03
FAC_8623,PRO_8651,researched_by,0.5,False,,Worldwide,,Unverified,№ 09_24.pdf,High,2026-07-03
FAC_8623,EQU_8652,uses_material,0.5,False,,Worldwide,,Confirmed,№ 09_24.pdf,High,2026-07-03
EQU_8652,EXP_8653,produces_output,0.5,False,,Worldwide,,Confirmed,№ 09_24.pdf,High,2026-07-03
PRO_8655,MAT_8656,produces_output,0.5,False,,Russia,,Confirmed,№ 09_24.pdf,High,2026-07-03
FAC_8640,MAT_8656,contains,0.5,False,,Russia,,Confirmed,№ 09_24.pdf,High,2026-07-03
MAT_8657,PRO_8316,produces_output,0.5,False,,Worldwide,,Confirmed,№ 09_24.pdf,High,2026-07-03
EQU_8658,EXP_8660,used_in,0.5,False,,Russia,,Confirmed,№ 09_24.pdf,High,2026-07-03
MAT_8657,PRO_8659,has_property,0.5,False,"Диапазон значений Снк: 0,1–0,99%",Russia,"0,1–0,99%",Confirmed,№ 09_24.pdf,High,2026-07-03
PUB_8662,FAC_8663,described_in,0.5,False,,Russia,,Confirmed,№ 09_24.pdf,High,2026-07-03
PRO_8664,PRO_8665,produces_output,0.5,False,,Worldwide,,Unverified,№ 09_24.pdf,High,2026-07-03
PRO_8665,MAT_1149,produces_output,0.5,False,,Worldwide,,Unverified,№ 09_24.pdf,High,2026-07-03
PUB_6400,MAT_1149,described_in,0.5,False,,Russia,,Confirmed,№ 09_24.pdf,High,2026-07-03
MAT_1149,PRO_8666,produced_by,0.5,False,,Russia,,Confirmed,№ 09_24.pdf,High,2026-07-03
PRO_8667,PRO_5743,researched_by,0.5,False,,Russia,,Confirmed,№ 09_24.pdf,High,2026-07-03
PRO_5743,FAC_8668,operates_at_condition,0.5,False,Оценка глубины и степени преобразованности горных пород,Russia,,Confirmed,№ 09_24.pdf,High,2026-07-03
MAT_8673,PRO_8674,operates_at_condition,0.5,False,Увеличение глинозёма ведёт к увеличению коэффициента пористости,Worldwide,,Confirmed,№ 09_24.pdf,High,2026-07-03
PRO_8666,MAT_2368,produces_output,0.5,False,,Worldwide,,Confirmed,№ 09_24.pdf,High,2026-07-03
EQU_6653,EQU_8675,uses_material,0.5,False,,Russia,,Unverified,№ 09_24.pdf,High,2026-07-03
EXP_8677,PUB_8676,researched_by,0.5,False,,Russia,,Confirmed,№ 09_24.pdf,High,2026-07-03
PUB_8676,EQU_6653,described_in,0.5,False,,Russia,,Confirmed,№ 09_24.pdf,High,2026-07-03
PUB_8680,MAT_8681,researched_by,0.5,False,,Russia,,Unverified,№ 09_24.pdf,High,2026-07-03
PRO_8686,MAT_8687,researched_by,0.5,False,,Russia,,Confirmed,№ 09_24.pdf,High,2026-07-03
MAT_8688,PRO_8689,researched_by,0.5,False,,Worldwide,,Confirmed,№ 09_24.pdf,High,2026-07-03
PRO_8689,EQU_8690,uses_material,0.5,False,"Пространственное разрешение 17–20 мкм/пиксель, шаг поворота 0,15°",Worldwide,,Confirmed,№ 09_24.pdf,High,2026-07-03
MAT_8687,PRO_8691,researched_by,0.5,False,,Worldwide,,Confirmed,№ 09_24.pdf,High,2026-07-03
FAC_8692,MAT_8687,described_in,0.5,False,,Russia,,Confirmed,№ 09_24.pdf,High,2026-07-03
FAC_8693,MAT_8687,researched_by,0.5,False,,Russia,,Confirmed,№ 09_24.pdf,High,2026-07-03
MAT_8694,PRO_8695,researched_by,0.5,False,,Russia,,Confirmed,№ 09_24.pdf,High,2026-07-03
MAT_8694,EQU_8696,uses_material,0.5,False,,Russia,,Confirmed,№ 09_24.pdf,High,2026-07-03
PRO_8695,PRO_8697,produces_output,0.5,False,,Russia,,Confirmed,№ 09_24.pdf,High,2026-07-03
MAT_8699,PRO_8700,operates_at_condition,0.5,False,"Сorg ranges from 1 to 13.5%, some interlayers with Сorg to 25–27%",Worldwide,,Confirmed,№ 09_24.pdf,High,2026-07-03
MAT_8699,PRO_8701,uses_material,0.5,False,,Worldwide,,Confirmed,№ 09_24.pdf,High,2026-07-03
PUB_8702,FAC_8703,researched_by,0.5,False,,Russia,,Confirmed,№ 09_24.pdf,High,2026-07-03
EXP_8705,PRO_8704,researched_by,0.5,False,,Russia,,Confirmed,№ 09_24.pdf,High,2026-07-03
EQU_8707,MAT_5557,uses_material,0.5,False,,Worldwide,,Confirmed,№ 09_24.pdf,High,2026-07-03
EQU_8707,MAT_8706,uses_material,0.5,False,,Worldwide,,Confirmed,№ 09_24.pdf,High,2026-07-03
EQU_8707,MAT_1399,uses_material,0.5,False,,Worldwide,,Confirmed,№ 09_24.pdf,High,2026-07-03
EQU_8707,MAT_4848,uses_material,0.5,False,,Worldwide,,Confirmed,№ 09_24.pdf,High,2026-07-03
EXP_8708,EQU_8709,uses_material,0.5,False,,Russia,,Confirmed,№ 09_24.pdf,High,2026-07-03
EXP_8708,MAT_961,operates_at_condition,0.5,False,частота тока,Russia,,Confirmed,№ 09_24.pdf,High,2026-07-03
PRO_8710,PRO_8711,operates_at_condition,0.5,False,Измерение УЭС горных пород при различных условиях,Worldwide,,Confirmed,№ 09_24.pdf,High,2026-07-03
MOD_8712,PRO_8710,describes,0.5,False,Зависимость УЭС породы от УЭС поровой влаги и пористости,Worldwide,,Confirmed,№ 09_24.pdf,High,2026-07-03
MAT_1881,PRO_8713,operates_at_condition,0.5,False,"При увеличении частоты тока уменьшается область, в которой распространяется ток.",Worldwide,,Confirmed,№ 09_24.pdf,High,2026-07-03
EXP_8714,PRO_8713,validated_by,0.5,False,,Worldwide,,Confirmed,№ 09_24.pdf,High,2026-07-03
EXP_8715,MAT_8716,uses_material,0.5,False,,Russia,,Confirmed,№ 09_24.pdf,High,2026-07-03
EXP_8715,PRO_8717,operates_at_condition,0.5,False,Регистрация событий акустической эмиссии в процессе эксперимента,Russia,,Confirmed,№ 09_24.pdf,High,2026-07-03
EXP_8718,MAT_8719,researched_by,0.5,False,Частоты 20 и 2500 Гц,Worldwide,140–150%,Confirmed,№ 09_24.pdf,High,2026-07-03
EXP_8718,MAT_8720,researched_by,0.5,False,Частоты 20 и 2500 Гц,Worldwide,110–150%,Confirmed,№ 09_24.pdf,High,2026-07-03
EXP_8718,MAT_8721,researched_by,0.5,False,Частоты 20 и 2500 Гц,Worldwide,около 100%,Confirmed,№ 09_24.pdf,High,2026-07-03
EQU_8723,EXP_8725,uses_material,0.5,False,,Worldwide,,Unverified,№ 09_24.pdf,High,2026-07-03
EQU_8724,EXP_8725,uses_material,0.5,False,,Worldwide,,Unverified,№ 09_24.pdf,High,2026-07-03
EXP_8726,MAT_5781,uses_material,0.5,False,,Russia,,Confirmed,№ 09_24.pdf,High,2026-07-03
EXP_8726,FAC_6468,researched_by,0.5,False,,Russia,,Confirmed,№ 09_24.pdf,High,2026-07-03
MAT_8727,PRO_7151,uses_material,0.5,False,"Всестороннее давление: 40 МПа, скорость нагружения: 0,01 мм/мин",Worldwide,,Confirmed,№ 09_24.pdf,High,2026-07-03
EQU_8728,PRO_7151,operates_at_condition,0.5,False,"Всестороннее давление: 40 МПа, скорость нагружения: 0,01 мм/мин",Worldwide,,Confirmed,№ 09_24.pdf,High,2026-07-03
MAT_8727,PRO_3461,produces_output,0.5,False,,Worldwide,462-522 МПа,Confirmed,№ 09_24.pdf,High,2026-07-03
EXP_8739,MAT_8734,researched_by,0.5,False,,Russia,,Confirmed,№ 09_24.pdf,High,2026-07-03
EXP_8739,MAT_8735,researched_by,0.5,False,,Russia,,Confirmed,№ 09_24.pdf,High,2026-07-03
EXP_8739,MAT_8736,researched_by,0.5,False,,Russia,,Confirmed,№ 09_24.pdf,High,2026-07-03
EXP_8739,MAT_8737,researched_by,0.5,False,,Russia,,Confirmed,№ 09_24.pdf,High,2026-07-03
EXP_8739,MAT_8738,researched_by,0.5,False,,Russia,,Confirmed,№ 09_24.pdf,High,2026-07-03
EXP_8741,FAC_8740,operates_at_condition,0.5,False,Подледниковое озеро,Worldwide,,Confirmed,№ 09_24.pdf,High,2026-07-03
EXP_8741,EQU_8742,uses_material,0.5,False,Радиолокационные исследования,Worldwide,,Confirmed,№ 09_24.pdf,High,2026-07-03
EXP_8741,EQU_8743,uses_material,0.5,False,Радиолокационные исследования,Worldwide,,Confirmed,№ 09_24.pdf,High,2026-07-03
PRO_8748,MAT_8744,uses_material,0.5,False,,Russia,,Confirmed,№ 09_24.pdf,High,2026-07-03
PRO_8748,MAT_8745,uses_material,0.5,False,,Russia,,Confirmed,№ 09_24.pdf,High,2026-07-03
PRO_8748,MAT_8746,uses_material,0.5,False,,Russia,,Confirmed,№ 09_24.pdf,High,2026-07-03
PRO_8748,MAT_8747,uses_material,0.5,False,,Russia,,Confirmed,№ 09_24.pdf,High,2026-07-03
EXP_8750,PRO_8748,researched_by,0.5,False,,Russia,,Confirmed,№ 09_24.pdf,High,2026-07-03
PUB_8751,PRO_8752,described_in,0.5,False,,Antarctica,,Confirmed,№ 09_24.pdf,High,2026-07-03
EQU_8753,EXP_8755,uses_material,0.5,False,,Worldwide,,Confirmed,№ 09_24.pdf,High,2026-07-03
EQU_8754,EXP_8755,uses_material,0.5,False,,Worldwide,,Confirmed,№ 09_24.pdf,High,2026-07-03
EQU_8757,EXP_8755,uses_material,0.5,False,В условиях Центральной Антарктиды,Worldwide,,Confirmed,№ 09_24.pdf,High,2026-07-03
PRO_8758,MAT_8760,uses_material,0.5,False,,Worldwide,,Confirmed,№ 09_24.pdf,High,2026-07-03
PRO_8758,EQU_8759,operates_at_condition,0.5,False,Для работы в суровых климатических условиях (–40 °C и ниже) с высоким сопротивлением заземления,Worldwide,,Confirmed,№ 09_24.pdf,High,2026-07-03
PRO_8765,EQU_8766,uses_material,0.5,False,,Russia,,Confirmed,№ 09_24.pdf,High,2026-07-03
FAC_8764,PRO_8765,researched_by,0.5,False,в ходе тематических научно-исследовательских работ,Russia,,Confirmed,№ 09_24.pdf,High,2026-07-03
EQU_8770,MAT_8771,uses_material,0.5,False,Гидростатическое давление,Worldwide,,Confirmed,№ 09_24.pdf,High,2026-07-03
PRO_8769,MAT_8771,researched_by,0.5,False,,Russia,,Confirmed,№ 09_24.pdf,High,2026-07-03
MAT_8772,FAC_8773,described_in,0.5,False,,Russia,,Confirmed,№ 09_24.pdf,High,2026-07-03
PUB_8774,FAC_8776,researched_by,0.5,False,,Russia,,Confirmed,№ 09_24.pdf,High,2026-07-03
PUB_8774,EXP_8775,collaborated_with,0.5,False,,Worldwide,,Confirmed,№ 09_24.pdf,High,2026-07-03
MAT_8780,PRO_8781,researched_by,0.5,False,,Worldwide,,Confirmed,№ 09_24.pdf,High,2026-07-03
MAT_8780,PRO_8783,uses_material,0.5,False,,Worldwide,,Confirmed,№ 09_24.pdf,High,2026-07-03
PRO_8784,PRO_8785,uses_material,0.5,False,,Worldwide,,Confirmed,№ 09_24.pdf,High,2026-07-03
PRO_8787,MAT_8788,produces_output,0.5,False,,Worldwide,,Confirmed,№ 09_24.pdf,High,2026-07-03
MAT_8793,PRO_8794,uses_material,0.5,False,,Worldwide,,Confirmed,№ 09_24.pdf,High,2026-07-03
MAT_8793,PRO_148,produces_output,0.5,False,,Worldwide,"2,46 - 4,09 г/см3",Confirmed,№ 09_24.pdf,High,2026-07-03
MAT_8793,PRO_8796,produces_output,0.5,False,,Worldwide,"0,0003 - 0,0209 ед. СИ",Confirmed,№ 09_24.pdf,High,2026-07-03
EXP_8797,MAT_8744,researched_by,0.5,False,,Worldwide,,Confirmed,№ 09_24.pdf,High,2026-07-03
EXP_8797,MAT_8745,researched_by,0.5,False,,Worldwide,,Confirmed,№ 09_24.pdf,High,2026-07-03
EXP_8797,MAT_8746,researched_by,0.5,False,,Worldwide,,Confirmed,№ 09_24.pdf,High,2026-07-03
EXP_8797,MAT_8747,researched_by,0.5,False,,Worldwide,,Confirmed,№ 09_24.pdf,High,2026-07-03
PRO_8798,MAT_8780,researched_by,0.5,False,,Worldwide,,Confirmed,№ 09_24.pdf,High,2026-07-03
PRO_8798,MAT_8799,produces_output,0.5,False,,Worldwide,,Confirmed,№ 09_24.pdf,High,2026-07-03
MAT_8800,PRO_8802,uses_material,0.5,False,,Worldwide,,Confirmed,№ 09_24.pdf,High,2026-07-03
MAT_8801,PRO_8802,uses_material,0.5,False,,Worldwide,,Confirmed,№ 09_24.pdf,High,2026-07-03
PRO_8803,MAT_8800,uses_material,0.5,False,,Worldwide,,Confirmed,№ 09_24.pdf,High,2026-07-03
PRO_8803,MAT_8801,uses_material,0.5,False,,Worldwide,,Confirmed,№ 09_24.pdf,High,2026-07-03
PRO_8803,EQU_8804,operates_at_condition,0.5,False,,Worldwide,,Confirmed,№ 09_24.pdf,High,2026-07-03
EXP_8806,PUB_8805,researched_by,0.5,False,,Afghanistan,,Confirmed,№ 09_24.pdf,High,2026-07-03
PUB_8807,EXP_8808,researched_by,0.5,False,,Worldwide,,Confirmed,№ 09_24.pdf,High,2026-07-03
FAC_8809,PRO_8810,researched_by,0.5,False,,Russia,,Confirmed,№ 09_24.pdf,High,2026-07-03
EXP_8811,PRO_8810,conducted,0.5,False,Масштаб 1:200 000,Russia,1959,Confirmed,№ 09_24.pdf,High,2026-07-03
PRO_8814,MAT_8815,researched_by,0.5,False,,Worldwide,,Confirmed,№ 09_24.pdf,High,2026-07-03
PRO_8814,MAT_8816,researched_by,0.5,False,,Worldwide,,Confirmed,№ 09_24.pdf,High,2026-07-03
MAT_8815,PRO_8817,operates_at_condition,0.5,False,"0,6–0,7",Worldwide,,Confirmed,№ 09_24.pdf,High,2026-07-03
MAT_8816,PRO_8817,operates_at_condition,0.5,False,"0,3–0,4",Worldwide,,Confirmed,№ 09_24.pdf,High,2026-07-03
MAT_8815,PRO_8818,operates_at_condition,0.5,False,> 2,Worldwide,,Confirmed,№ 09_24.pdf,High,2026-07-03
MAT_8816,PRO_8818,operates_at_condition,0.5,False,< 2,Worldwide,,Confirmed,№ 09_24.pdf,High,2026-07-03
MAT_8821,MAT_8822,researched_by,0.5,False,,Worldwide,,Confirmed,№ 09_24.pdf,High,2026-07-03
MAT_8822,MAT_8196,produces_output,0.5,False,"Мощность кварц-сульфидных, кварц-сульфидно-полевошпатовых прожилков колеблется от 2–3 до 30 см",Worldwide,2–70 см,Confirmed,№ 09_24.pdf,High,2026-07-03
FAC_8823,EQU_8824,uses_material,0.5,False,,Russia,,Confirmed,№ 09_24.pdf,High,2026-07-03
FAC_8823,EQU_8825,uses_material,0.5,False,,Russia,,Confirmed,№ 09_24.pdf,High,2026-07-03
FAC_8823,EQU_8826,uses_material,0.5,False,,Russia,,Confirmed,№ 09_24.pdf,High,2026-07-03
FAC_8823,EQU_8827,uses_material,0.5,False,,Russia,,Confirmed,№ 09_24.pdf,High,2026-07-03
FAC_8823,EQU_8828,uses_material,0.5,False,,Russia,,Confirmed,№ 09_24.pdf,High,2026-07-03
PUB_8829,MAT_8830,described_in,0.5,False,,Russia,,Confirmed,№ 09_24.pdf,High,2026-07-03
MAT_8830,FAC_8831,operates_at_condition,0.5,False,,Russia,,Confirmed,№ 09_24.pdf,High,2026-07-03
EXP_8832,PUB_896,researched_by,0.5,False,,Russia,,Confirmed,№ 09_24.pdf,High,2026-07-03
MAT_8837,MAT_8836,produces_output,0.5,False,,Worldwide,,Confirmed,№ 09_24.pdf,High,2026-07-03
MAT_8800,MAT_8838,operates_at_condition,0.5,False,Диффузионный обмен Mg-Fe2+,Worldwide,,Confirmed,№ 09_24.pdf,High,2026-07-03
PRO_8814,MAT_8836,researched_by,0.5,False,Температурный диапазон до 650 °C,Worldwide,650 °C,Confirmed,№ 09_24.pdf,High,2026-07-03
MAT_8841,PRO_8839,используется в,0.5,False,Средневековое каменное строительство,Russia,,Confirmed,№ 09_24.pdf,High,2026-07-03
EXP_8844,FAC_8843,researched_by,0.5,False,урез воды,Russia,,Confirmed,№ 09_24.pdf,High,2026-07-03
PRO_8845,FAC_8846,researched_by,0.5,False,,Worldwide,,Unverified,№ 09_24.pdf,High,2026-07-03
EXP_8848,PUB_8847,researched_by,0.5,False,,Russia,,Confirmed,№ 09_24.pdf,High,2026-07-03
EXP_8849,PUB_8847,researched_by,0.5,False,,Russia,,Confirmed,№ 09_24.pdf,High,2026-07-03
EXP_8850,PUB_8847,researched_by,0.5,False,,Russia,,Confirmed,№ 09_24.pdf,High,2026-07-03
EXP_8851,PUB_8847,researched_by,0.5,False,,Russia,,Confirmed,№ 09_24.pdf,High,2026-07-03
FAC_8852,PRO_1152,operates_at_condition,0.5,False,Конец XIX – первая треть XX века,Russia,,Confirmed,№ 09_24.pdf,High,2026-07-03
FAC_8852,PRO_8853,operates_at_condition,0.5,False,Советское время,Russia,,Confirmed,№ 09_24.pdf,High,2026-07-03
FAC_8852,PRO_8854,operates_at_condition,0.5,False,Строительство малых ГЭС,Russia,,Confirmed,№ 09_24.pdf,High,2026-07-03
FAC_8852,PRO_8855,operates_at_condition,0.5,False,,Russia,,Confirmed,№ 09_24.pdf,High,2026-07-03
FAC_8852,PRO_8856,operates_at_condition,0.5,False,До последней трети XX века,Russia,,Confirmed,№ 09_24.pdf,High,2026-07-03
FAC_8852,PRO_8857,operates_at_condition,0.5,False,,Russia,,Confirmed,№ 09_24.pdf,High,2026-07-03
MAT_8867,PRO_8868,researched_by,0.5,False,,Worldwide,,Unverified,№ 09_24.pdf,High,2026-07-03
EXP_8869,PRO_8868,validated_by,0.5,False,t-критерий Стьюдента,Worldwide,,Confirmed,№ 09_24.pdf,High,2026-07-03
EXP_8870,PRO_8871,researched_by,0.5,False,,Куба,,Confirmed,№ 09_24.pdf,High,2026-07-03
ORG_6663,PUB_8874,hosted_event,0.5,False,С 29 по 31 мая 2024 г.,Russia,,Confirmed,№ 09_24.pdf,High,2026-07-03
MAT_8880,PRO_8879,operates_at_condition,0.5,False,Зависит от типа почвы и ее свойств,Worldwide,,Unverified,№ 09_24.pdf,High,2026-07-03
EXP_8870,PRO_8878,produces_output,0.5,False,,Cuba,,Confirmed,№ 09_24.pdf,High,2026-07-03
ORG_6414,PUB_896,described_in,0.5,False,,Russia,,Confirmed,№ 10_24.pdf,High,2026-07-03
ORG_6401,PUB_896,publisher,0.5,False,,Russia,,Confirmed,№ 10_24.pdf,High,2026-07-03
PRO_5270,EQU_8883,uses_material,0.5,False,,Worldwide,,Confirmed,№ 10_24.pdf,High,2026-07-03
EQU_8883,PUB_8884,described_in,0.5,False,,Russia,,Confirmed,№ 10_24.pdf,High,2026-07-03
EXP_8885,EQU_8886,uses_material,0.5,False,,Worldwide,,Unverified,№ 10_24.pdf,High,2026-07-03
PRO_8887,EQU_5381,uses_material,0.5,False,Для регистрации сейсмических колебаний,Worldwide,,Unverified,№ 10_24.pdf,High,2026-07-03
FAC_8888,PRO_8889,researched_by,0.5,False,,Russia,,Confirmed,№ 09_24.pdf,High,2026-07-03
FAC_8888,PRO_8890,operates_at_condition,0.5,False,,Russia,,Confirmed,№ 09_24.pdf,High,2026-07-03
EQU_8891,PRO_5270,used_for,0.5,False,,Worldwide,,Confirmed,№ 10_24.pdf,High,2026-07-03
EXP_8892,PUB_8893,described_in,0.5,False,,Russia,,Unverified,№ 10_24.pdf,High,2026-07-03
PRO_8896,PRO_8897,operates_at_condition,0.5,False,С известной плотностью ρ и постоянными λ и μ,Worldwide,,Unverified,№ 10_24.pdf,High,2026-07-03
PRO_8898,MAT_8899,uses_material,0.5,False,Учитываются данные о трещиноватости,Worldwide,,Confirmed,№ 10_24.pdf,High,2026-07-03
PRO_8898,MAT_7957,uses_material,0.5,False,Учитываются данные о трещиноватости,Worldwide,,Confirmed,№ 10_24.pdf,High,2026-07-03
PRO_8898,MAT_8232,uses_material,0.5,False,Учитываются данные о трещиноватости,Worldwide,,Confirmed,№ 10_24.pdf,High,2026-07-03
PRO_8900,EQU_8901,uses_material,0.5,False,,Worldwide,,Confirmed,№ 10_24.pdf,High,2026-07-03
PRO_8900,PRO_5558,operates_at_condition,0.5,False,Зависимость от типа породы,Worldwide,,Confirmed,№ 10_24.pdf,High,2026-07-03
EXP_8902,PRO_5558,researched_by,0.5,False,,Russia,,Confirmed,№ 10_24.pdf,High,2026-07-03
FAC_8904,PRO_8905,operates_at_condition,0.5,False,Влияние гравитационных сил Луны,Worldwide,,Confirmed,№ 10_24.pdf,High,2026-07-03
FAC_8906,MAT_8630,researched_by,0.5,False,,Russia,,Confirmed,№ 10_24.pdf,High,2026-07-03
FAC_8906,MAT_7955,researched_by,0.5,False,,Russia,,Confirmed,№ 10_24.pdf,High,2026-07-03
FAC_8906,MAT_7957,researched_by,0.5,False,,Russia,,Confirmed,№ 10_24.pdf,High,2026-07-03
FAC_8906,MAT_8841,researched_by,0.5,False,,Russia,,Confirmed,№ 10_24.pdf,High,2026-07-03
PRO_8907,EXP_8908,researched_by,0.5,False,,Worldwide,,Unverified,№ 10_24.pdf,High,2026-07-03
PUB_8920,PRO_8918,described_in,0.5,False,,Worldwide,,Confirmed,№ 10_24.pdf,High,2026-07-03
PUB_8920,PRO_8919,uses_material,0.5,False,,Worldwide,,Confirmed,№ 10_24.pdf,High,2026-07-03
PRO_8921,EQU_8922,uses_material,0.5,False,,Worldwide,,Confirmed,№ 10_24.pdf,High,2026-07-03
PRO_8921,MAT_8923,operates_at_condition,0.5,False,Наличие регионального Вятского водоносного напорного горизонта,Worldwide,,Confirmed,№ 10_24.pdf,High,2026-07-03
EXP_8924,PRO_8925,researched_by,0.5,False,,Worldwide,,Confirmed,№ 10_24.pdf,High,2026-07-03
PRO_8926,PRO_8921,uses_material,0.5,False,,Worldwide,,Confirmed,№ 10_24.pdf,High,2026-07-03
EXP_8928,PUB_8927,researched_by,0.5,False,,Russia,,Confirmed,№ 10_24.pdf,High,2026-07-03
EQU_8930,PRO_8929,uses_material,0.5,False,,Worldwide,,Confirmed,№ 10_24.pdf,High,2026-07-03
PRO_8929,MAT_961,operates_at_condition,0.5,False,Учет неоднородности интервального времени по исследуемому интервалу и карбонатной части разреза,Worldwide,,Confirmed,№ 10_24.pdf,High,2026-07-03
PRO_8936,EQU_8937,uses_material,0.5,False,,Worldwide,,Confirmed,№ 10_24.pdf,High,2026-07-03
PRO_8936,FAC_8938,operates_at_condition,0.5,False,,Russia,,Confirmed,№ 10_24.pdf,High,2026-07-03
PUB_8939,EXP_8940,described_in,0.5,False,,Worldwide,,Confirmed,№ 10_24.pdf,High,2026-07-03
FAC_8946,PRO_8947,researched_by,0.5,False,,Worldwide,,Unverified,№ 10_24.pdf,High,2026-07-03
PRO_8947,EQU_8421,validated_by,0.5,False,за последние 10 лет,Russia,166313 км,Confirmed,№ 10_24.pdf,High,2026-07-03
PUB_8948,FAC_8949,researched_by,0.5,False,,Russia,,Confirmed,№ 10_24.pdf,High,2026-07-03
PUB_8948,FAC_8950,researched_by,0.5,False,,Russia,,Confirmed,№ 10_24.pdf,High,2026-07-03
PUB_8948,FAC_8951,researched_by,0.5,False,,Russia,,Confirmed,№ 10_24.pdf,High,2026-07-03
PRO_8952,PRO_8953,operates_at_condition,0.5,False,Учёт параметров трещиноватости при определении расстояния между скважинами и линейной плотности зарядов,Russia|Worldwide,,Confirmed,№ 10_24.pdf,High,2026-07-03
PUB_6428,PRO_8952,described_in,0.5,False,,Worldwide,,Confirmed,№ 10_24.pdf,High,2026-07-03
PRO_8952,MAT_8954,uses_material,0.5,False,,Worldwide,,Confirmed,№ 10_24.pdf,High,2026-07-03
EXP_8955,PRO_8952,validated_by,0.5,False,,Worldwide,,Confirmed,№ 10_24.pdf,High,2026-07-03
PRO_8952,MAT_8956,operates_at_condition,0.5,False,Степень трещиноватости массива,Russia,,Confirmed,№ 10_24.pdf,High,2026-07-03
PRO_8952,EQU_8957,uses_material,0.5,False,,Russia,,Confirmed,№ 10_24.pdf,High,2026-07-03
PRO_8952,MAT_8954,operates_at_condition,0.5,False,"Размер отдельности 0,5–1,5 м",Worldwide,,Confirmed,№ 10_24.pdf,High,2026-07-03
PRO_8952,PRO_6269,produces_output,0.5,False,,Worldwide,,Confirmed,№ 10_24.pdf,High,2026-07-03
PRO_8960,MAT_8961,operates_at_condition,0.5,False,В зависимости от степени трещиноватости породы (de = 0.1–1.5 м),Worldwide,,Confirmed,№ 10_24.pdf,High,2026-07-03
PRO_8965,EQU_2138,operates_at_condition,0.5,False,"Глубина обследования: от 0,1 до 19,3 м",Worldwide,,Unverified,№ 10_24.pdf,High,2026-07-03
EQU_8966,FAC_8967,operates_at_condition,0.5,False,"Глубина до 19,3 м, температура от –20 до +60 °C",Russia,,Confirmed,№ 10_24.pdf,High,2026-07-03
EXP_8969,FAC_8968,operates_at_condition,0.5,False,Глубина гор. –270 м,Russia,,Confirmed,№ 10_24.pdf,High,2026-07-03
PRO_8971,MAT_961,researched_by,0.5,False,,Russia,,Confirmed,№ 10_24.pdf,High,2026-07-03
FAC_8967,EXP_8972,operates_at_condition,0.5,False,Глубина разработки месторождений полезных ископаемых,Russia,,Confirmed,№ 10_24.pdf,High,2026-07-03
PUB_8973,EXP_8974,described_in,0.5,False,,Russia,,Confirmed,№ 10_24.pdf,High,2026-07-03
FAC_8975,PUB_895,researched_by,0.5,False,,Russia,,Confirmed,№ 10_24.pdf,High,2026-07-03
EXP_8977,PUB_8976,researched_by,0.5,False,,Russia,,Confirmed,№ 10_24.pdf,High,2026-07-03
EXP_8978,PUB_8976,researched_by,0.5,False,,Russia,,Confirmed,№ 10_24.pdf,High,2026-07-03
EXP_8979,PUB_8976,researched_by,0.5,False,,Russia,,Confirmed,№ 10_24.pdf,High,2026-07-03
PRO_2232,PUB_895,produces_output,0.5,False,,Russia,,Confirmed,№ 10_24.pdf,High,2026-07-03
PRO_8980,PUB_895,uses_material,0.5,False,"Санкции, эмбарго",Worldwide,,Confirmed,№ 10_24.pdf,High,2026-07-03
EXP_8982,PUB_8981,researched_by,0.5,False,,Russia,,Confirmed,№ 10_24.pdf,High,2026-07-03
EXP_8983,FAC_1794,researched_by,0.5,False,,Russia,,Confirmed,№ 10_24.pdf,High,2026-07-03
PUB_8984,PUB_895,researched_by,0.5,False,,Russia,,Confirmed,№ 10_24.pdf,High,2026-07-03
PUB_8984,PRO_8980,describes,0.5,False,,Russia,,Confirmed,№ 10_24.pdf,High,2026-07-03
EXP_8977,PUB_8985,researched_by,0.5,False,,Russia,,Confirmed,№ 10_24.pdf,High,2026-07-03
EXP_8978,PUB_8985,researched_by,0.5,False,,Russia,,Confirmed,№ 10_24.pdf,High,2026-07-03
EXP_8979,PUB_8985,researched_by,0.5,False,,Russia,,Confirmed,№ 10_24.pdf,High,2026-07-03
PRO_8986,PUB_7994,described_in,0.5,False,,Russia,,Confirmed,№ 10_24.pdf,High,2026-07-03
PRO_1135,MAT_2485,uses_material,0.5,False,,Worldwide,,Unverified,№ 10_24.pdf,High,2026-07-03
PRO_1135,EQU_1136,operates_at_condition,0.5,False,,Worldwide,,Unverified,№ 10_24.pdf,High,2026-07-03
PRO_1135,MAT_8989,uses_material,0.5,False,,Worldwide,,Unverified,№ 10_24.pdf,High,2026-07-03
PRO_1135,MAT_8990,operates_at_condition,0.5,False,присутствие карбонатов снижает эффективность,Worldwide,,Unverified,№ 10_24.pdf,High,2026-07-03
PRO_8986,MAT_8196,uses_material,0.5,False,,Russia,,Confirmed,№ 10_24.pdf,High,2026-07-03
PRO_8986,PUB_8991,described_in,0.5,False,,Russia,,Confirmed,№ 10_24.pdf,High,2026-07-03
EXP_8992,PUB_8993,researched_by,0.5,False,,Russia,,Confirmed,№ 10_24.pdf,High,2026-07-03
EXP_8992,EXP_8994,researched_by,0.5,False,1996–2006 гг.,Russia,,Confirmed,№ 10_24.pdf,High,2026-07-03
EXP_8995,EQU_8996,uses_material,0.5,False,,Worldwide,,Confirmed,№ 10_24.pdf,High,2026-07-03
PRO_8997,MAT_1399,operates_at_condition,0.5,False,"высота столба руды, сетка расположения выпускных отверстий, вертикальная мощность слоя руды",Worldwide,,Confirmed,№ 10_24.pdf,High,2026-07-03
PUB_8998,PRO_4649,researched_by,0.5,False,,Worldwide,,Unverified,№ 10_24.pdf,High,2026-07-03
PUB_8999,PRO_4649,described_in,0.5,False,,Worldwide,,Confirmed,№ 10_24.pdf,High,2026-07-03
PRO_9000,EQU_9001,uses_material,0.5,False,,Worldwide,,Confirmed,№ 10_24.pdf,High,2026-07-03
EXP_9002,PRO_9000,researched_by,0.5,False,В поле силы тяжести,Worldwide,,Confirmed,№ 10_24.pdf,High,2026-07-03
EQU_9003,PRO_9005,uses_material,0.5,False,Режим непрерывной генерации колебаний на максимальной мощности,Worldwide,,Confirmed,№ 10_24.pdf,High,2026-07-03
EQU_9004,PRO_9005,operates_at_condition,0.5,False,,Worldwide,,Confirmed,№ 10_24.pdf,High,2026-07-03
PRO_8952,MAT_8954,uses_material,0.5,False,,Worldwide,,Confirmed,№ 10_24.pdf,High,2026-07-03
PRO_8952,PRO_9006,operates_at_condition,0.5,False,Зависит от размера отдельности,Worldwide,,Confirmed,№ 10_24.pdf,High,2026-07-03
PRO_8952,PRO_9007,operates_at_condition,0.5,False,Зависит от размера отдельности,Worldwide,,Confirmed,№ 10_24.pdf,High,2026-07-03
FAC_5288,PRO_9009,researched_by,0.5,False,,Russia,,Confirmed,№ 10_24.pdf,High,2026-07-03
FAC_9010,EQU_1101,researched_by,0.5,False,,Russia,,Confirmed,№ 10_24.pdf,High,2026-07-03
EQU_9011,PRO_9012,uses_material,0.5,False,Для улучшения тяговой и опорной проходимости по торфяным залежам,Russia,,Confirmed,№ 10_24.pdf,High,2026-07-03
EXP_9013,PRO_9014,uses_material,0.5,False,,Worldwide,,Confirmed,№ 10_24.pdf,High,2026-07-03
EXP_9016,PRO_9017,researched_by,0.5,False,,Russia,,Confirmed,№ 10_24.pdf,High,2026-07-03
FAC_5288,PRO_9017,uses_material,0.5,False,,Russia,,Confirmed,№ 10_24.pdf,High,2026-07-03
PRO_9018,FAC_9019,researched_by,0.5,False,,Russia,,Confirmed,№ 10_24.pdf,High,2026-07-03
PRO_9020,EQU_9021,uses_material,0.5,False,,Russia,,Confirmed,№ 10_24.pdf,High,2026-07-03
FAC_9019,PRO_9020,researched_by,0.5,False,В области влияния СГОКа,Russia,,Confirmed,№ 10_24.pdf,High,2026-07-03
PRO_9022,FAC_9019,operates_at_condition,0.5,False,Актуализация данных для цифровой 3D-модели местности в зоне влияния Стойленского ГОКа,Russia,,Confirmed,№ 10_24.pdf,High,2026-07-03
PUB_9023,EQU_9024,researched_by,0.5,False,,Russia,,Confirmed,№ 10_24.pdf,High,2026-07-03
EQU_1655,MAT_9026,uses_material,0.5,False,,Russia,,Confirmed,№ 10_24.pdf,High,2026-07-03
PRO_9025,FAC_369,operates_at_condition,0.5,False,Влияние хвостохранилища на гидрохимический состав подземных вод,Russia,,Confirmed,№ 10_24.pdf,High,2026-07-03
EQU_9021,PRO_9027,uses_material,0.5,False,,Russia,,Confirmed,№ 10_24.pdf,High,2026-07-03
PRO_9027,PRO_9028,operates_at_condition,0.5,False,Высокая степень техногенной нагрузки,Russia,,Confirmed,№ 10_24.pdf,High,2026-07-03
PRO_9029,EQU_9030,uses_material,0.5,False,,Worldwide,,Confirmed,№ 10_24.pdf,High,2026-07-03
EQU_9030,MAT_9031,produces_output,0.5,False,,Worldwide,,Confirmed,№ 10_24.pdf,High,2026-07-03
EQU_9030,MAT_9032,produces_output,0.5,False,,Worldwide,,Confirmed,№ 10_24.pdf,High,2026-07-03
FAC_7478,EQU_9033,uses_material,0.5,False,,Russia,,Confirmed,№ 10_24.pdf,High,2026-07-03
FAC_7478,PRO_7233,uses_material,0.5,False,,Russia,,Confirmed,№ 10_24.pdf,High,2026-07-03
EXP_9034,PUB_896,researched_by,0.5,False,,Russia,,Confirmed,№ 10_24.pdf,High,2026-07-03
EXP_9035,PUB_896,researched_by,0.5,False,,Russia,,Confirmed,№ 10_24.pdf,High,2026-07-03
EXP_9034,EXP_9036,described_in,0.5,False,,Russia,,Confirmed,№ 10_24.pdf,High,2026-07-03
EQU_9042,EQU_9043,uses_material,0.5,False,,Worldwide,,Confirmed,№ 10_24.pdf,High,2026-07-03
EQU_9042,EQU_9044,operates_at_condition,0.5,False,Срабатывание системы при сближении с объектом на расстоянии 20 м и 10 м,Worldwide,,Confirmed,№ 10_24.pdf,High,2026-07-03
PRO_7233,EQU_9045,operates_at_condition,0.5,False,Совместная работа для оценки данных о местоположении персонала и техники,Worldwide,,Confirmed,№ 10_24.pdf,High,2026-07-03
FAC_9047,EQU_9048,uses_material,0.5,False,,Russia,,Confirmed,№ 10_24.pdf,High,2026-07-03
PUB_9046,PRO_1234,described_in,0.5,False,,Russia,,Confirmed,№ 10_24.pdf,High,2026-07-03
FAC_9049,EXP_9050,researched_by,0.5,False,,Russia,,Confirmed,№ 10_24.pdf,High,2026-07-03
PUB_9054,PRO_9055,described_in,0.5,False,,Worldwide,,Confirmed,№ 10_24.pdf,High,2026-07-03
EXP_9067,FAC_9066,researched_by,0.5,False,,Russia,,Confirmed,№ 10_24.pdf,High,2026-07-03
FAC_9069,EXP_9068,researched_by,0.5,False,,Russia,,Confirmed,№ 10_24.pdf,High,2026-07-03
PUB_9054,PRO_9070,described_in,0.5,False,,Worldwide,,Confirmed,№ 10_24.pdf,High,2026-07-03
PRO_9070,EQU_9071,uses_material,0.5,False,,Worldwide,,Confirmed,№ 10_24.pdf,High,2026-07-03
FAC_9072,EXP_9073,researched_by,0.5,False,,Russia,,Confirmed,№ 10_24.pdf,High,2026-07-03
ORG_6414,PUB_896,described_in,0.5,False,,Russia,,Confirmed,№ 11_24.pdf,High,2026-07-03
EXP_9076,PUB_6400,described_in,0.5,False,,Worldwide,,Unverified,№ 11_24.pdf,High,2026-07-03
EXP_9077,PUB_6400,described_in,0.5,False,,Worldwide,,Unverified,№ 11_24.pdf,High,2026-07-03
EXP_9078,EXP_9079,researched_by,0.5,False,,Worldwide,,Unverified,№ 11_24.pdf,High,2026-07-03
PUB_896,EXP_9079,described_in,0.5,False,,Worldwide,,Confirmed,№ 11_24.pdf,High,2026-07-03
MAT_9080,PRO_9081,uses_material,0.5,False,,Worldwide,,Confirmed,№ 11_24.pdf,High,2026-07-03
PRO_9081,PRO_8221,produces_output,0.5,False,Присутствие бора в породе влияет на измеренное значение коэффициента пористости.,Worldwide,,Confirmed,№ 11_24.pdf,High,2026-07-03
EQU_9082,EXP_5413,operates_at_condition,0.5,False,Моделирование распространения нейтронов в борсодержащем известняке.,Worldwide,,Confirmed,№ 11_24.pdf,High,2026-07-03
PRO_9085,PRO_9086,uses_material,0.5,False,,Russia,,Confirmed,№ 11_24.pdf,High,2026-07-03
PRO_9085,PRO_9083,uses_material,0.5,False,,Russia,,Confirmed,№ 11_24.pdf,High,2026-07-03
PRO_9085,PRO_9084,uses_material,0.5,False,,Russia,,Confirmed,№ 11_24.pdf,High,2026-07-03
PRO_9087,EQU_9088,uses_material,0.5,False,,Russia,,Confirmed,№ 11_24.pdf,High,2026-07-03
PRO_9087,PRO_9086,uses_material,0.5,False,,Russia,,Confirmed,№ 11_24.pdf,High,2026-07-03
MAT_9089,PRO_9087,operates_at_condition,0.5,False,Присутствие в породе или буровом растворе элементов с высоким сечением захвата нейтронов,Russia,,Confirmed,№ 11_24.pdf,High,2026-07-03
EQU_6118,PRO_8221,operates_at_condition,0.5,False,Различные типы буровых растворов и содержание хлора,Worldwide,,Unverified,№ 11_24.pdf,High,2026-07-03
MAT_9026,PRO_8221,operates_at_condition,0.5,False,Минерализация подземных вод,Worldwide,10–220 г/л,Confirmed,№ 11_24.pdf,High,2026-07-03
PRO_9090,PRO_8221,produces_output,0.5,False,,Worldwide,,Partially_Confirmed,№ 11_24.pdf,High,2026-07-03
MAT_4848,PRO_9092,uses_material,0.5,False,,Worldwide,,Unverified,№ 11_24.pdf,High,2026-07-03
EQU_9093,PRO_9092,operates_at_condition,0.5,False,Влияние сульфатизации известняка,Worldwide,,Unverified,№ 11_24.pdf,High,2026-07-03
EQU_9097,PRO_3145,uses_material,0.5,False,"Температура: 20 °C, коэффициент трения: 0,08 для стали и 0,4 для алюминия",Worldwide,,Confirmed,№ 11_24.pdf,High,2026-07-03
PRO_3145,MAT_9094,operates_at_condition,0.5,False,Температура: 20 °C,Worldwide,,Confirmed,№ 11_24.pdf,High,2026-07-03
PRO_3145,MAT_9095,operates_at_condition,0.5,False,Температура: 20 °C,Worldwide,,Confirmed,№ 11_24.pdf,High,2026-07-03
PRO_3145,MAT_9096,operates_at_condition,0.5,False,Температура: 20 °C,Worldwide,,Confirmed,№ 11_24.pdf,High,2026-07-03
PRO_2673,PRO_9101,uses_material,0.5,False,,Worldwide,,Confirmed,№ 11_24.pdf,High,2026-07-03
EXP_9102,EQU_9100,operates_at_condition,0.5,False,,Russia,,Confirmed,№ 11_24.pdf,High,2026-07-03
PRO_9106,MAT_9103,uses_material,0.5,False,Контроль температуры,Worldwide,,Unverified,№ 11_24.pdf,High,2026-07-03
PRO_9106,MAT_9104,uses_material,0.5,False,Контроль температуры,Worldwide,,Unverified,№ 11_24.pdf,High,2026-07-03
PRO_9106,MAT_9105,uses_material,0.5,False,Контроль температуры,Worldwide,,Unverified,№ 11_24.pdf,High,2026-07-03
PRO_9106,EQU_9107,operates_at_condition,0.5,False,Усиление 50 т,Worldwide,,Unverified,№ 11_24.pdf,High,2026-07-03
PRO_9109,EQU_9110,uses_material,0.5,False,,Worldwide,,Confirmed,№ 11_24.pdf,High,2026-07-03
PUB_9108,PRO_9109,researched_by,0.5,False,,Russia,,Confirmed,№ 11_24.pdf,High,2026-07-03
MAT_9094,PRO_9111,uses_material,0.5,False,,Worldwide,,Confirmed,№ 11_24.pdf,High,2026-07-03
MAT_9099,PRO_9111,uses_material,0.5,False,,Worldwide,,Confirmed,№ 11_24.pdf,High,2026-07-03
MAT_9096,PRO_9111,uses_material,0.5,False,,Worldwide,,Confirmed,№ 11_24.pdf,High,2026-07-03
EXP_9112,MAT_9094,researched_by,0.5,False,в полимерном буровом растворе,Worldwide,,Confirmed,№ 11_24.pdf,High,2026-07-03
EXP_9112,MAT_9099,researched_by,0.5,False,в полимерном буровом растворе,Worldwide,,Confirmed,№ 11_24.pdf,High,2026-07-03
EXP_9112,MAT_9096,researched_by,0.5,False,в полимерном буровом растворе,Worldwide,,Confirmed,№ 11_24.pdf,High,2026-07-03
PRO_9116,MAT_9114,uses_material,0.5,False,,Worldwide,,Confirmed,№ 11_24.pdf,High,2026-07-03
PRO_9116,MAT_9115,uses_material,0.5,False,,Worldwide,,Confirmed,№ 11_24.pdf,High,2026-07-03
EQU_9117,PRO_9118,produces_output,0.5,False,При увеличении расхода бурового раствора,Worldwide,,Confirmed,№ 11_24.pdf,High,2026-07-03
EQU_9117,PRO_9119,uses_material,0.5,False,применение в составе КНБК,Worldwide,,Confirmed,№ 11_24.pdf,High,2026-07-03
EQU_9117,FAC_9121,validated_by,0.5,False,,Russia,,Confirmed,№ 11_24.pdf,High,2026-07-03
EQU_9117,EXP_9120,researched_by,0.5,False,среднее соотношение распределения потоков бурового раствора через переводник и буровое долото составило 20 %:80 %,Russia,,Confirmed,№ 11_24.pdf,High,2026-07-03
EQU_9124,PRO_2673,uses_material,0.5,False,Минимальное пороговое значение расхода бурового раствора,Russia,,Confirmed,№ 11_24.pdf,High,2026-07-03
EXP_9125,EQU_9124,validated_by,0.5,False,,Russia,,Confirmed,№ 11_24.pdf,High,2026-07-03
EQU_8937,MAT_9126,produces_output,0.5,False,,Worldwide,,Confirmed,№ 11_24.pdf,High,2026-07-03
EQU_6118,PRO_9128,uses_material,0.5,False,,Worldwide,,Confirmed,№ 11_24.pdf,High,2026-07-03
EQU_9129,PRO_9128,operates_at_condition,0.5,False,Используется для управления потоком бурового раствора,Worldwide,,Confirmed,№ 11_24.pdf,High,2026-07-03
EQU_9130,PRO_9128,operates_at_condition,0.5,False,Используется для ускорения очистки скважины,Worldwide,,Confirmed,№ 11_24.pdf,High,2026-07-03
FAC_9131,FAC_9132,researched_by,0.5,False,,Russia,,Confirmed,№ 11_24.pdf,High,2026-07-03
MAT_4848,PRO_8221,operates_at_condition,0.5,False,"Диапазон коэффициента пористости: 0,05-0,22 доли ед.",Russia,,Confirmed,№ 11_24.pdf,High,2026-07-03
MAT_4848,PRO_9133,produces_output,0.5,False,Зависимость содержания бора от коэффициента пористости,Russia,0-500 ppm,Confirmed,№ 11_24.pdf,High,2026-07-03
EXP_9134,EXP_9135,researched_by,0.5,False,,Worldwide,,Confirmed,№ 11_24.pdf,High,2026-07-03
EXP_9134,EXP_9136,researched_by,0.5,False,,Worldwide,,Confirmed,№ 11_24.pdf,High,2026-07-03
MAT_9099,PRO_4107,operates_at_condition,0.5,False,Предел прочности на растяжение до 450 МПа,Worldwide,,Confirmed,№ 11_24.pdf,High,2026-07-03
MAT_9137,PRO_4107,operates_at_condition,0.5,False,Растягивающие напряжения до 50 МПа,Worldwide,,Confirmed,№ 11_24.pdf,High,2026-07-03
MAT_9103,PRO_4107,operates_at_condition,0.5,False,Относительное удлинение 30% при растяжении,Worldwide,,Confirmed,№ 11_24.pdf,High,2026-07-03
PUB_9138,FAC_9139,researched_by,0.5,False,,Worldwide,,Unverified,№ 11_24.pdf,High,2026-07-03
PUB_9138,FAC_9140,researched_by,0.5,False,,Worldwide,,Unverified,№ 11_24.pdf,High,2026-07-03
EXP_9142,PUB_9141,researched_by,0.5,False,,Russia,,Confirmed,№ 11_24.pdf,High,2026-07-03
EXP_9143,PUB_9141,researched_by,0.5,False,,Russia,,Confirmed,№ 11_24.pdf,High,2026-07-03
MAT_458,EQU_5921,uses_material,0.5,False,,Worldwide,,Confirmed,№ 11_24.pdf,High,2026-07-03
PRO_3784,MAT_458,researched_by,0.5,False,,Worldwide,,Confirmed,№ 11_24.pdf,High,2026-07-03
EXP_9145,FAC_9146,researched_by,0.5,False,,Russia,,Confirmed,№ 11_24.pdf,High,2026-07-03
MAT_961,PRO_9144,operates_at_condition,0.5,False,,Worldwide,,Confirmed,№ 11_24.pdf,High,2026-07-03
EQU_9147,EXP_9145,uses_material,0.5,False,,Worldwide,,Unverified,№ 11_24.pdf,High,2026-07-03
PRO_9148,MAT_458,uses_material,0.5,False,,Worldwide,,Unverified,№ 11_24.pdf,High,2026-07-03
PRO_9148,EQU_9149,operates_at_condition,0.5,False,,Worldwide,,Unverified,№ 11_24.pdf,High,2026-07-03
PRO_9150,EQU_9151,uses_material,0.5,False,,Worldwide,,Unverified,№ 11_24.pdf,High,2026-07-03
EXP_9152,FAC_9146,researched_by,0.5,False,,Russia,,Confirmed,№ 11_24.pdf,High,2026-07-03
EXP_9152,PUB_896,described_in,0.5,False,,Russia,,Confirmed,№ 11_24.pdf,High,2026-07-03
EQU_6505,FAC_9153,operates_at_condition,0.5,False,Сейсморазведка в массиве горных пород,Russia,,Confirmed,№ 11_24.pdf,High,2026-07-03
PRO_6504,EQU_9154,uses_material,0.5,False,,Worldwide,,Unverified,№ 11_24.pdf,High,2026-07-03
EQU_9155,PRO_6504,uses_material,0.5,False,,Russia,,Confirmed,№ 11_24.pdf,High,2026-07-03
PRO_6504,MAT_2253,operates_at_condition,0.5,False,На дистанции от 5 до 200 м,Russia,,Confirmed,№ 11_24.pdf,High,2026-07-03
MAT_441,PUB_9156,described_in,0.5,False,,Russia,,Confirmed,№ 11_24.pdf,High,2026-07-03
MAT_9157,PRO_9158,uses_material,0.5,False,Сложные горно-геологические условия ВКМС,Russia,,Confirmed,№ 11_24.pdf,High,2026-07-03
PRO_9158,PUB_6400,described_in,0.5,False,,Russia,,Confirmed,№ 11_24.pdf,High,2026-07-03
PRO_9162,MAT_9159,uses_material,0.5,False,для глубины до 700 м,Russia,,Confirmed,№ 11_24.pdf,High,2026-07-03
PRO_9162,MAT_9160,uses_material,0.5,False,для глубины до 800 м,Russia,,Confirmed,№ 11_24.pdf,High,2026-07-03
PRO_9162,MAT_9161,uses_material,0.5,False,для глубины до 1000 м,Russia,,Confirmed,№ 11_24.pdf,High,2026-07-03
PRO_1156,MAT_441,produces_output,0.5,False,,Russia,,Confirmed,№ 11_24.pdf,High,2026-07-03
PRO_9163,MAT_441,uses_material,0.5,False,,Russia,,Confirmed,№ 11_24.pdf,High,2026-07-03
EQU_9171,PRO_9172,uses_material,0.5,False,,Russia,,Confirmed,№ 11_24.pdf,High,2026-07-03
MAT_9173,PRO_9176,optimal_parameter,0.5,False,стандартная толщина крепи 500 мм,Worldwide,500 мм,Confirmed,№ 11_24.pdf,High,2026-07-03
MAT_9174,PRO_9176,optimal_parameter,0.5,False,стандартная толщина крепи 700 мм для ослабленных пород на глубине 350 м,Worldwide,700 мм,Confirmed,№ 11_24.pdf,High,2026-07-03
MAT_9159,PRO_9176,optimal_parameter,0.5,False,стандартная толщина крепи 550 мм для ослабленных пород на глубине 350 м,Worldwide,550 мм,Confirmed,№ 11_24.pdf,High,2026-07-03
MAT_9160,PRO_9176,optimal_parameter,0.5,False,стандартная толщина крепи 650 мм для ослабленных пород на глубине 500 м,Worldwide,650 мм,Confirmed,№ 11_24.pdf,High,2026-07-03
EQU_9177,EQU_9178,uses_material,0.5,False,,Worldwide,,Confirmed,№ 11_24.pdf,High,2026-07-03
EQU_9177,EQU_9179,uses_material,0.5,False,,Worldwide,,Confirmed,№ 11_24.pdf,High,2026-07-03
EQU_9177,EQU_9180,uses_material,0.5,False,,Worldwide,,Confirmed,№ 11_24.pdf,High,2026-07-03
EQU_9177,EQU_9181,uses_material,0.5,False,,Worldwide,,Confirmed,№ 11_24.pdf,High,2026-07-03
EQU_9177,EQU_9182,uses_material,0.5,False,,Worldwide,,Confirmed,№ 11_24.pdf,High,2026-07-03
MAT_9183,PRO_1156,uses_material,0.5,False,,Russia,,Confirmed,№ 11_24.pdf,High,2026-07-03
MAT_9183,PRO_9163,uses_material,0.5,False,,Russia,,Confirmed,№ 11_24.pdf,High,2026-07-03
PRO_1156,MAT_441,produces_output,0.5,False,,Russia,,Confirmed,№ 11_24.pdf,High,2026-07-03
EQU_9188,PRO_1156,uses_material,0.5,False,,Russia,,Confirmed,№ 11_24.pdf,High,2026-07-03
ORG_9190,FAC_9189,researched_by,0.5,False,,Russia,,Confirmed,№ 11_24.pdf,High,2026-07-03
PUB_9191,MAT_9192,researched_by,0.5,False,,Russia,,Confirmed,№ 11_24.pdf,High,2026-07-03
PUB_9193,FAC_2775,researched_by,0.5,False,,Russia,,Unverified,№ 11_24.pdf,High,2026-07-03
FAC_5032,PRO_2232,operates_at_condition,0.5,False,Открытый и подземный способы добычи,Russia,,Confirmed,№ 11_24.pdf,High,2026-07-03
FAC_2775,FAC_9195,researched_by,0.5,False,,Russia,,Unverified,№ 11_24.pdf,High,2026-07-03
PRO_9194,FAC_2775,optimal_parameter,0.5,False,,Russia,,Unverified,№ 11_24.pdf,High,2026-07-03
FAC_2775,PRO_9196,researched_by,0.5,False,,Worldwide,,Confirmed,№ 11_24.pdf,High,2026-07-03
FAC_9189,ORG_9197,researched_by,0.5,False,,Russia,,Unverified,№ 11_24.pdf,High,2026-07-03
FAC_9189,ORG_9198,researched_by,0.5,False,,Russia,,Unverified,№ 11_24.pdf,High,2026-07-03
FAC_9189,ORG_9199,researched_by,0.5,False,,Russia,,Unverified,№ 11_24.pdf,High,2026-07-03
FAC_9189,ORG_9200,researched_by,0.5,False,,Russia,,Unverified,№ 11_24.pdf,High,2026-07-03
FAC_9189,ORG_9201,researched_by,0.5,False,,Russia,,Unverified,№ 11_24.pdf,High,2026-07-03
PRO_2774,FAC_2767,operates_at_condition,0.5,False,,Russia,,Confirmed,№ 11_24.pdf,High,2026-07-03
PRO_9202,FAC_9203,operates_at_condition,0.5,False,,Russia,,Confirmed,№ 11_24.pdf,High,2026-07-03
PRO_9204,EQU_9205,uses_material,0.5,False,Для хранения и обработки данных,Worldwide,,Confirmed,№ 11_24.pdf,High,2026-07-03
EQU_9206,EQU_9207,uses_material,0.5,False,,Worldwide,,Confirmed,№ 11_24.pdf,High,2026-07-03
EQU_9207,PRO_5806,operates_at_condition,0.5,False,Локальное расположение серверов,Worldwide,,Confirmed,№ 11_24.pdf,High,2026-07-03
PRO_9209,PUB_9208,described_in,0.5,False,,Russia,,Confirmed,№ 11_24.pdf,High,2026-07-03
FAC_9210,PRO_9211,produces_output,0.5,False,,Worldwide,,Unverified,№ 11_24.pdf,High,2026-07-03
FAC_9210,PRO_9212,produces_output,0.5,False,,Worldwide,,Unverified,№ 11_24.pdf,High,2026-07-03
PRO_9213,FAC_7558,operates_at_condition,0.5,False,Необходимость обеспечения покрытия подземных горных выработок и возможности управления горными работами,Worldwide,,Confirmed,№ 11_24.pdf,High,2026-07-03
EQU_9214,FAC_7558,uses_material,0.5,False,,Worldwide,,Confirmed,№ 11_24.pdf,High,2026-07-03
EQU_9215,FAC_7558,uses_material,0.5,False,,Worldwide,,Confirmed,№ 11_24.pdf,High,2026-07-03
EQU_9216,FAC_7558,uses_material,0.5,False,,Worldwide,,Confirmed,№ 11_24.pdf,High,2026-07-03
FAC_9210,PRO_9217,researched_by,0.5,False,,Worldwide,,Unverified,№ 11_24.pdf,High,2026-07-03
MAT_9218,EXP_5413,researched_by,0.5,False,,Worldwide,,Confirmed,№ 11_24.pdf,High,2026-07-03
MAT_9218,EQU_8470,uses_material,0.5,False,,Worldwide,,Confirmed,№ 11_24.pdf,High,2026-07-03
MAT_9218,PRO_9219,operates_at_condition,0.5,False,зависит от глубины и типа породы,Worldwide,,Confirmed,№ 11_24.pdf,High,2026-07-03
EXP_9220,MAT_9218,validated_by,0.5,False,проведена оценка прочности,Russia,,Confirmed,№ 11_24.pdf,High,2026-07-03
PRO_9222,EQU_9223,uses_material,0.5,False,,Worldwide,,Confirmed,№ 11_24.pdf,High,2026-07-03
PRO_9222,PRO_9224,operates_at_condition,0.5,False,"Глубина разработки, горные породы",Worldwide,,Confirmed,№ 11_24.pdf,High,2026-07-03
PUB_9225,EXP_9226,researched_by,0.5,False,,Russia,,Confirmed,№ 11_24.pdf,High,2026-07-03
PUB_9225,EXP_9227,researched_by,0.5,False,,Russia,,Confirmed,№ 11_24.pdf,High,2026-07-03
PUB_9225,EXP_9228,researched_by,0.5,False,,Russia,,Confirmed,№ 11_24.pdf,High,2026-07-03
FAC_6982,PRO_979,operates_at_condition,0.5,False,Глубина разработки 1300–2000 м,Russia,,Confirmed,№ 11_24.pdf,High,2026-07-03
FAC_9229,PRO_979,operates_at_condition,0.5,False,Глубина разработки 1800–2000 м,Russia,,Confirmed,№ 11_24.pdf,High,2026-07-03
FAC_9230,PRO_979,operates_at_condition,0.5,False,Глубина разработки 1300–2000 м,Russia,,Confirmed,№ 11_24.pdf,High,2026-07-03
PRO_979,PRO_9231,produces_output,0.5,False,,Worldwide,,Confirmed,№ 11_24.pdf,High,2026-07-03
PRO_7074,MAT_3224,uses_material,0.5,False,,Worldwide,,Confirmed,№ 11_24.pdf,High,2026-07-03
FAC_6335,EQU_9234,operates_at_condition,0.5,False,,Russia,,Confirmed,№ 11_24.pdf,High,2026-07-03
PRO_5309,PRO_979,uses_material,0.5,False,Сверхглубокие горизонты (более 2 км),Worldwide,,Confirmed,№ 11_24.pdf,High,2026-07-03
PRO_979,EQU_2341,operates_at_condition,0.5,False,,Worldwide,,Confirmed,№ 11_24.pdf,High,2026-07-03
PRO_9235,MAT_9238,uses_material,0.5,False,,Worldwide,,Confirmed,№ 11_24.pdf,High,2026-07-03
PRO_9240,EQU_9241,uses_material,0.5,False,Применяется при валовой выемке на всю мощность уступа и при наличии прудковой зоны.,Worldwide,,Unverified,№ 11_24.pdf,High,2026-07-03
PRO_9242,MAT_9243,operates_at_condition,0.5,False,Локализация обводнённой зоны на глубине не более 4 м,Worldwide,,Confirmed,№ 11_24.pdf,High,2026-07-03
PRO_9242,EQU_9244,produces_output,0.5,False,Ширина предохранительной бермы должна составлять не менее 8 м,Worldwide,,Confirmed,№ 11_24.pdf,High,2026-07-03
PRO_9245,MAT_9246,uses_material,0.5,False,,Worldwide,,Unverified,№ 11_24.pdf,High,2026-07-03
PRO_9245,EQU_778,operates_at_condition,0.5,False,При разработке техногенных образований,Worldwide,,Unverified,№ 11_24.pdf,High,2026-07-03
MAT_9247,PRO_9248,uses_material,0.5,False,,Worldwide,,Unverified,№ 11_24.pdf,High,2026-07-03
PRO_9248,EQU_9249,operates_at_condition,0.5,False,"отсутствие буровзрывных работ, вывод персонала из потенциально опасных зон",Worldwide,,Unverified,№ 11_24.pdf,High,2026-07-03
PRO_9251,MAT_9250,researched_by,0.5,False,,Worldwide,,Confirmed,№ 11_24.pdf,High,2026-07-03
EQU_9252,MAT_9250,uses_material,0.5,False,,Worldwide,,Confirmed,№ 11_24.pdf,High,2026-07-03
PRO_9253,MAT_9250,operates_at_condition,0.5,False,"Влажность: 9-29,9%, плотность: 1,59-1,97 г/см3",Worldwide,,Confirmed,№ 11_24.pdf,High,2026-07-03
MAT_9254,PRO_9255,researched_by,0.5,False,"Влажность от 9 до 29,9%",Worldwide,,Confirmed,№ 11_24.pdf,High,2026-07-03
PRO_9255,EQU_9256,uses_material,0.5,False,,Worldwide,,Confirmed,№ 11_24.pdf,High,2026-07-03
EQU_9256,PRO_2564,validated_by,0.5,False,"Коэффициент запаса устойчивости 1,3",Worldwide,,Confirmed,№ 11_24.pdf,High,2026-07-03
PRO_9258,EXP_9259,researched_by,0.5,False,,Worldwide,,Unverified,№ 11_24.pdf,High,2026-07-03
EQU_9260,PRO_9261,uses_material,0.5,False,,Worldwide,,Unverified,№ 11_24.pdf,High,2026-07-03
PRO_9262,EQU_9263,uses_material,0.5,False,,Worldwide,,Unverified,№ 11_24.pdf,High,2026-07-03
PRO_9262,PUB_6428,described_in,0.5,False,,Worldwide,,Confirmed,№ 11_24.pdf,High,2026-07-03
EQU_9260,PRO_9264,uses_material,0.5,False,,Russia,,Confirmed,№ 11_24.pdf,High,2026-07-03
PUB_9265,PRO_9266,described_in,0.5,False,,Worldwide,,Confirmed,№ 11_24.pdf,High,2026-07-03
EQU_9267,PRO_9266,used_in,0.5,False,,Russia,,Confirmed,№ 11_24.pdf,High,2026-07-03
PRO_9268,MAT_9243,researched_by,0.5,False,,Worldwide,,Unverified,№ 11_24.pdf,High,2026-07-03
MAT_9243,PRO_9269,operates_at_condition,0.5,False,"Мощность плывуна, место выхода обводненной зоны",Worldwide,,Unverified,№ 11_24.pdf,High,2026-07-03
PRO_9270,EQU_95,uses_material,0.5,False,,Worldwide,,Confirmed,№ 11_24.pdf,High,2026-07-03
PRO_9271,EQU_95,operates_at_condition,0.5,False,Необходимость точного расчета,Worldwide,,Confirmed,№ 11_24.pdf,High,2026-07-03
PRO_9272,EQU_95,operates_at_condition,0.5,False,Высокая стоимость оборудования,Worldwide,,Confirmed,№ 11_24.pdf,High,2026-07-03
PRO_9273,EQU_95,operates_at_condition,0.5,False,"Невозможность применения в большинстве условий бурения под зданиями, сооружениями или естественными препятствиями",Worldwide,,Confirmed,№ 11_24.pdf,High,2026-07-03
PRO_9276,MAT_9275,uses_material,0.5,False,,Worldwide,,Confirmed,№ 11_24.pdf,High,2026-07-03
PRO_9276,EQU_6341,operates_at_condition,0.5,False,использование самоходного оборудования для переработки техногенного сырья,Worldwide,,Confirmed,№ 11_24.pdf,High,2026-07-03
PRO_9277,PRO_2293,uses_material,0.5,False,Для предварительного определения наличия изменений,Worldwide,,Confirmed,№ 11_24.pdf,High,2026-07-03
PRO_9277,EQU_9278,uses_material,0.5,False,Альтернатива спутниковой съёмке,Worldwide,,Confirmed,№ 11_24.pdf,High,2026-07-03
PRO_9279,FAC_9281,researched_by,0.5,False,,Russia,,Confirmed,№ 11_24.pdf,High,2026-07-03
EQU_9280,FAC_9281,uses_material,0.5,False,Для крупномасштабной съемки,Russia,,Confirmed,№ 11_24.pdf,High,2026-07-03
PUB_9282,FAC_9283,researched_by,0.5,False,,Russia,,Confirmed,№ 11_24.pdf,High,2026-07-03
FAC_7223,PRO_9284,operates_at_condition,0.5,False,"Усиленная система управления промышленной безопасностью, режим '24/7'",Russia,,Confirmed,№ 11_24.pdf,High,2026-07-03
FAC_9285,PRO_9286,researched_by,0.5,False,,Russia,,Unverified,№ 11_24.pdf,High,2026-07-03
PRO_9286,EQU_9287,uses_material,0.5,False,,Worldwide,,Confirmed,№ 11_24.pdf,High,2026-07-03
PRO_9286,EQU_9288,uses_material,0.5,False,,Worldwide,,Confirmed,№ 11_24.pdf,High,2026-07-03
PRO_9286,EQU_9289,uses_material,0.5,False,,Worldwide,,Confirmed,№ 11_24.pdf,High,2026-07-03
PRO_9290,EQU_9291,uses_material,0.5,False,,Worldwide,,Confirmed,№ 11_24.pdf,High,2026-07-03
PRO_9290,PUB_6602,described_in,0.5,False,,Worldwide,,Confirmed,№ 11_24.pdf,High,2026-07-03
FAC_7212,PRO_9284,researched_by,0.5,False,,Russia,,Confirmed,№ 11_24.pdf,High,2026-07-03
EQU_9292,FAC_9281,operates_at_condition,0.5,False,Статический режим,Russia,,Confirmed,№ 11_24.pdf,High,2026-07-03
EQU_9293,FAC_9281,operates_at_condition,0.5,False,,Russia,,Confirmed,№ 11_24.pdf,High,2026-07-03
PRO_5805,FAC_9281,produces_output,0.5,False,,Russia,,Confirmed,№ 11_24.pdf,High,2026-07-03
PRO_9294,FAC_9281,produces_output,0.5,False,,Russia,,Confirmed,№ 11_24.pdf,High,2026-07-03
FAC_7223,PRO_9284,operates_at_condition,0.5,False,,Russia,,Confirmed,№ 11_24.pdf,High,2026-07-03
EQU_9295,PRO_9296,uses_material,0.5,False,,Russia,,Confirmed,№ 11_24.pdf,High,2026-07-03
FAC_7223,PRO_9296,operates_at_condition,0.5,False,,Russia,,Confirmed,№ 11_24.pdf,High,2026-07-03
PRO_9297,EQU_9295,uses_material,0.5,False,,Worldwide,,Confirmed,№ 11_24.pdf,High,2026-07-03
FAC_9298,PRO_9297,researched_by,0.5,False,,Worldwide,,Confirmed,№ 11_24.pdf,High,2026-07-03
FAC_9299,FAC_7223,researched_by,0.5,False,,Russia,,Confirmed,№ 11_24.pdf,High,2026-07-03
FAC_9300,EQU_9301,uses_material,0.5,False,,Russia,,Confirmed,№ 11_24.pdf,High,2026-07-03
FAC_9300,EQU_9302,uses_material,0.5,False,,Russia,,Confirmed,№ 11_24.pdf,High,2026-07-03
FAC_7805,FAC_9306,operates_at_condition,0.5,False,Техногенное воздействие,Russia,,Confirmed,№ 11_24.pdf,High,2026-07-03
FAC_9019,FAC_9306,operates_at_condition,0.5,False,Техногенное воздействие,Russia,,Confirmed,№ 11_24.pdf,High,2026-07-03
FAC_3685,FAC_9306,operates_at_condition,0.5,False,Техногенное воздействие,Russia,,Confirmed,№ 11_24.pdf,High,2026-07-03
EQU_9307,MAT_9308,uses_material,0.5,False,,Russia,,Confirmed,№ 11_24.pdf,High,2026-07-03
PRO_9309,MAT_9308,operates_at_condition,0.5,False,"глубина отбора проб 0,2–1 м",Russia,,Confirmed,№ 11_24.pdf,High,2026-07-03
EXP_9310,FAC_9311,researched_by,0.5,False,,Russia,,Confirmed,№ 11_24.pdf,High,2026-07-03
EXP_9310,FAC_9312,researched_by,0.5,False,,Russia,,Unverified,№ 11_24.pdf,High,2026-07-03
EXP_9310,PUB_9313,described_in,0.5,False,1826–1835 гг.,Russia,,Confirmed,№ 11_24.pdf,High,2026-07-03
PUB_9319,FAC_9320,researched_by,0.5,False,,Russia,,Confirmed,№ 11_24.pdf,High,2026-07-03
PUB_9319,FAC_9321,researched_by,0.5,False,,Russia,,Confirmed,№ 11_24.pdf,High,2026-07-03
PUB_9319,FAC_9322,researched_by,0.5,False,,Russia,,Confirmed,№ 11_24.pdf,High,2026-07-03
EXP_9323,PRO_9324,researched_by,0.5,False,,Russia,,Confirmed,№ 11_24.pdf,High,2026-07-03
PRO_9324,PUB_896,described_in,0.5,False,,Russia,,Confirmed,№ 11_24.pdf,High,2026-07-03
EXP_9325,PUB_6400,researched_by,0.5,False,,Russia,,Confirmed,№ 11_24.pdf,High,2026-07-03
EXP_9325,EXP_9326,validated_by,0.5,False,,Russia,,Confirmed,№ 11_24.pdf,High,2026-07-03
EXP_9329,MAT_9327,researched_by,0.5,False,,Russia,,Confirmed,№ 11_24.pdf,High,2026-07-03
EXP_9329,MAT_9328,researched_by,0.5,False,,Russia,,Confirmed,№ 11_24.pdf,High,2026-07-03
MAT_9327,PRO_9330,operates_at_condition,0.5,False,"Диапазон pH: 6,61–8,6",Russia,"6,61–8,6",Confirmed,№ 11_24.pdf,High,2026-07-03
MAT_9328,PRO_9330,operates_at_condition,0.5,False,"Диапазон pH: 6,61–8,6",Russia,"6,61–8,6",Confirmed,№ 11_24.pdf,High,2026-07-03
MAT_9334,PRO_9324,uses_material,0.5,False,,Russia,,Confirmed,№ 11_24.pdf,High,2026-07-03
PRO_9324,EQU_9335,operates_at_condition,0.5,False,В доменных печах,Russia,,Confirmed,№ 11_24.pdf,High,2026-07-03
PRO_9324,PRO_9336,produces_output,0.5,False,При умеренном смешении,Russia,,Confirmed,№ 11_24.pdf,High,2026-07-03
EXP_9337,PUB_896,described_in,0.5,False,,Russia,,Confirmed,№ 11_24.pdf,High,2026-07-03
EXP_9323,EQU_9339,researched_by,0.5,False,,Russia,,Confirmed,№ 11_24.pdf,High,2026-07-03
EXP_9341,PUB_896,described_in,0.5,False,,Russia,,Confirmed,№ 11_24.pdf,High,2026-07-03
MAT_9340,PRO_9338,uses_material,0.5,False,,Russia,,Confirmed,№ 11_24.pdf,High,2026-07-03
EXP_9323,PUB_896,researched_by,0.5,False,,Russia,,Confirmed,№ 11_24.pdf,High,2026-07-03
EXP_9323,PRO_9342,researched_by,0.5,False,,Russia,,Confirmed,№ 11_24.pdf,High,2026-07-03
PRO_9342,MAT_9340,uses_material,0.5,False,,Russia,,Confirmed,№ 11_24.pdf,High,2026-07-03
PRO_9342,EQU_9335,operates_at_condition,0.5,False,,Russia,,Confirmed,№ 11_24.pdf,High,2026-07-03
PRO_9343,EQU_9344,uses_material,0.5,False,,Russia,,Confirmed,№ 11_24.pdf,High,2026-07-03
EXP_9345,FAC_9346,researched_by,0.5,False,,Russia,,Confirmed,№ 11_24.pdf,High,2026-07-03
EXP_9323,PRO_9338,researched_by,0.5,False,,Russia,,Confirmed,№ 11_24.pdf,High,2026-07-03
PRO_9338,MAT_8463,produces_output,0.5,False,,Russia,,Confirmed,№ 11_24.pdf,High,2026-07-03
PRO_9338,MAT_9350,produces_output,0.5,False,,Russia,,Confirmed,№ 11_24.pdf,High,2026-07-03
EXP_9323,EQU_9351,uses_material,0.5,False,,Russia,,Confirmed,№ 11_24.pdf,High,2026-07-03
ORG_6414,PUB_896,described_in,0.5,False,,Russia,,Confirmed,№ 12_24.pdf,High,2026-07-03
EQU_9353,MAT_9352,uses_material,0.5,False,,Worldwide,,Confirmed,№ 11_24.pdf,High,2026-07-03
PRO_9354,EQU_9353,operates_at_condition,0.5,False,В условиях карьеров,Worldwide,,Confirmed,№ 11_24.pdf,High,2026-07-03
EQU_539,MAT_9352,uses_material,0.5,False,,Worldwide,,Confirmed,№ 11_24.pdf,High,2026-07-03
ORG_6401,PUB_6400,publisher,0.5,False,,Russia,,Confirmed,№ 12_24.pdf,High,2026-07-03
PRO_9356,EQU_9357,uses_material,0.5,False,,Worldwide,,Unverified,№ 12_24.pdf,High,2026-07-03
EQU_9147,PRO_3784,uses_material,0.5,False,,Worldwide,,Confirmed,№ 12_24.pdf,High,2026-07-03
PRO_9363,FAC_9362,researched_by,0.5,False,,Russia,,Confirmed,№ 12_24.pdf,High,2026-07-03
EQU_9364,PRO_9363,uses_material,0.5,False,,Russia,,Confirmed,№ 12_24.pdf,High,2026-07-03
FAC_6203,FAC_9365,operates_at_condition,0.5,False,,Russia,,Confirmed,№ 12_24.pdf,High,2026-07-03
PRO_9366,EXP_9367,validated_by,0.5,False,,Russia,,Confirmed,№ 12_24.pdf,High,2026-07-03
PRO_9366,PUB_896,described_in,0.5,False,,Russia,,Confirmed,№ 12_24.pdf,High,2026-07-03
PUB_9368,PRO_9369,described_in,0.5,False,,Worldwide,,Confirmed,№ 12_24.pdf,High,2026-07-03
PRO_9369,EQU_6158,uses_material,0.5,False,,Worldwide,,Confirmed,№ 12_24.pdf,High,2026-07-03
FAC_9371,PRO_3330,uses_material,0.5,False,,Russia,,Confirmed,№ 12_24.pdf,High,2026-07-03
PRO_3330,EQU_9372,uses_material,0.5,False,,Russia,,Confirmed,№ 12_24.pdf,High,2026-07-03
FAC_3685,MAT_3184,uses_material,0.5,False,,Russia,,Confirmed,№ 12_24.pdf,High,2026-07-03
FAC_3685,PRO_9373,operates_at_condition,0.5,False,,Russia,,Confirmed,№ 12_24.pdf,High,2026-07-03
FAC_3685,EQU_9374,uses_material,0.5,False,Установлен на кровле железорудной залежи,Russia,,Confirmed,№ 12_24.pdf,High,2026-07-03
FAC_9380,EQU_9378,uses_material,0.5,False,,Russia,,Confirmed,№ 12_24.pdf,High,2026-07-03
FAC_9380,EQU_9379,uses_material,0.5,False,,Russia,,Confirmed,№ 12_24.pdf,High,2026-07-03
FAC_9380,EQU_6496,uses_material,0.5,False,,Russia,,Confirmed,№ 12_24.pdf,High,2026-07-03
FAC_9380,EQU_9381,uses_material,0.5,False,,Russia,,Confirmed,№ 12_24.pdf,High,2026-07-03
FAC_9380,EQU_9382,uses_material,0.5,False,,Russia,,Confirmed,№ 12_24.pdf,High,2026-07-03
FAC_9380,EQU_6987,uses_material,0.5,False,,Russia,,Confirmed,№ 12_24.pdf,High,2026-07-03
FAC_9380,EQU_9383,uses_material,0.5,False,начиная с 2021 г.,Russia,,Confirmed,№ 12_24.pdf,High,2026-07-03
PRO_9384,MAT_5742,produces_output,0.5,False,"Содержание железа 71,1%, двуокиси кремния 1,23%",Russia,,Confirmed,№ 12_24.pdf,High,2026-07-03
FAC_6203,PRO_9384,uses_material,0.5,False,,Russia,,Confirmed,№ 12_24.pdf,High,2026-07-03
FAC_3685,EQU_9387,operates_at_condition,0.5,False,,Russia,,Confirmed,№ 12_24.pdf,High,2026-07-03
FAC_3685,EQU_9386,operates_at_condition,0.5,False,,Russia,,Confirmed,№ 12_24.pdf,High,2026-07-03
FAC_3685,PRO_330,uses_material,0.5,False,,Russia,,Confirmed,№ 12_24.pdf,High,2026-07-03
FAC_9389,FAC_9388,researched_by,0.5,False,,Russia,,Confirmed,№ 12_24.pdf,High,2026-07-03
FAC_9388,FAC_9355,researched_by,0.5,False,,Russia,,Confirmed,№ 12_24.pdf,High,2026-07-03
FAC_3685,PRO_2791,operates_at_condition,0.5,False,,Russia,,Confirmed,№ 12_24.pdf,High,2026-07-03
FAC_3685,PRO_9390,produces_output,0.5,False,,Russia,,Confirmed,№ 12_24.pdf,High,2026-07-03
FAC_3685,PRO_9391,produces_output,0.5,False,,Russia,,Confirmed,№ 12_24.pdf,High,2026-07-03
PRO_2791,MAT_3184,uses_material,0.5,False,,Russia,,Confirmed,№ 12_24.pdf,High,2026-07-03
PRO_9390,MAT_5742,produces_output,0.5,False,,Russia,,Confirmed,№ 12_24.pdf,High,2026-07-03
PRO_9391,MAT_9392,produces_output,0.5,False,,Russia,,Confirmed,№ 12_24.pdf,High,2026-07-03
FAC_9393,EXP_9394,researched_by,0.5,False,,Russia,,Confirmed,№ 12_24.pdf,High,2026-07-03
FAC_9393,EXP_9395,researched_by,0.5,False,,Russia,,Confirmed,№ 12_24.pdf,High,2026-07-03
FAC_9393,EXP_9396,researched_by,0.5,False,,Russia,,Confirmed,№ 12_24.pdf,High,2026-07-03
FAC_9400,MAT_9397,researched_by,0.5,False,,Russia,,Confirmed,№ 12_24.pdf,High,2026-07-03
FAC_9400,MAT_9398,researched_by,0.5,False,,Russia,,Confirmed,№ 12_24.pdf,High,2026-07-03
FAC_9400,PRO_9399,uses_material,0.5,False,,Russia,,Confirmed,№ 12_24.pdf,High,2026-07-03
PRO_9404,MAT_9403,produces_output,0.5,False,Длительное гидравлическое давление в 8 атм,Russia,,Confirmed,№ 12_24.pdf,High,2026-07-03
EXP_9407,EQU_9405,uses_material,0.5,False,,Russia,,Confirmed,№ 12_24.pdf,High,2026-07-03
EQU_9421,MAT_9419,produces_output,0.5,False,,Russia,,Confirmed,№ 12_24.pdf,High,2026-07-03
FAC_9424,EQU_9421,uses_material,0.5,False,отбросные газы (водород и кислород),Russia,,Confirmed,№ 12_24.pdf,High,2026-07-03
MAT_9427,PRO_5193,uses_material,0.5,False,,Worldwide,,Unverified,№ 12_24.pdf,High,2026-07-03
MAT_9427,PRO_9428,uses_material,0.5,False,Дробление до класса крупности –3 мм,Uzbekistan,,Unverified,№ 12_24.pdf,High,2026-07-03
EXP_9431,PUB_9430,researched_by,0.5,False,,Russia,,Confirmed,№ 12_24.pdf,High,2026-07-03
EXP_9432,PUB_9430,researched_by,0.5,False,,Russia,,Confirmed,№ 12_24.pdf,High,2026-07-03
EXP_9433,PUB_9430,researched_by,0.5,False,,Russia,,Confirmed,№ 12_24.pdf,High,2026-07-03
FAC_9441,MAT_9434,researched_by,0.5,False,,Russia,,Confirmed,№ 12_24.pdf,High,2026-07-03
FAC_9441,PRO_9435,operates_at_condition,0.5,False,начало производства в 1931 г.,Russia,,Confirmed,№ 12_24.pdf,High,2026-07-03
EQU_9436,MAT_9434,produces_output,0.5,False,,Russia,,Confirmed,№ 12_24.pdf,High,2026-07-03
FAC_9442,MAT_2369,researched_by,0.5,False,,Russia,,Confirmed,№ 12_24.pdf,High,2026-07-03
FAC_9442,MAT_3486,researched_by,0.5,False,,Russia,,Confirmed,№ 12_24.pdf,High,2026-07-03
FAC_9442,MAT_9443,researched_by,0.5,False,Снижение себестоимости металла,Russia,,Confirmed,№ 12_24.pdf,High,2026-07-03
FAC_9442,MAT_9444,researched_by,0.5,False,Изучение технологии и свойств,Russia,,Confirmed,№ 12_24.pdf,High,2026-07-03
FAC_9442,MAT_9445,researched_by,0.5,False,Определение строительных характеристик,Russia,,Confirmed,№ 12_24.pdf,High,2026-07-03
FAC_9442,MAT_9446,researched_by,0.5,False,Оценка возможностей применения в строительстве,Russia,,Confirmed,№ 12_24.pdf,High,2026-07-03
MAT_9447,PRO_4241,operates_at_condition,0.5,False,в каждом определенном пласте содержание урана однотипно,Worldwide,,Confirmed,№ 12_24.pdf,High,2026-07-03
MAT_9447,PRO_9448,operates_at_condition,0.5,False,наиболее высокое содержание золота свойственно для тонкослоистых пластов,Worldwide,,Confirmed,№ 12_24.pdf,High,2026-07-03
FAC_9450,MAT_9427,researched_by,0.5,False,,Worldwide,,Confirmed,№ 12_24.pdf,High,2026-07-03
MAT_9427,MAT_9449,uses_material,0.5,False,при переработке горючесланцевых и кристаллических черносланцевых руд,Uzbekistan,,Partially_Confirmed,№ 12_24.pdf,High,2026-07-03
MAT_9451,PRO_5193,uses_material,0.5,False,,Worldwide,,Confirmed,№ 12_24.pdf,High,2026-07-03
MAT_9451,PRO_9428,uses_material,0.5,False,"рН = 1,5–1,8",Worldwide,,Confirmed,№ 12_24.pdf,High,2026-07-03
PRO_9428,PRO_5193,produces_output,0.5,False,повышенный выход смолы на 40–60%,Worldwide,,Confirmed,№ 12_24.pdf,High,2026-07-03
MAT_2123,MAT_9454,produces_output,0.5,False,,Worldwide,,Unverified,№ 12_24.pdf,High,2026-07-03
PRO_9456,MAT_9455,researched_by,0.5,False,,Russia,,Confirmed,№ 12_24.pdf,High,2026-07-03
FAC_9457,PRO_9456,operates_at_condition,0.5,False,,Russia,,Confirmed,№ 12_24.pdf,High,2026-07-03
PRO_9458,MAT_9455,produces_output,0.5,False,,Worldwide,,Unverified,№ 12_24.pdf,High,2026-07-03
MAT_9460,MAT_9461,described_in,0.5,False,,Worldwide,,Confirmed,№ 12_24.pdf,High,2026-07-03
PRO_9462,FAC_9463,operated_at,0.5,False,,Russia,,Confirmed,№ 12_24.pdf,High,2026-07-03
EXP_9464,PRO_9462,validated_by,0.5,False,"Среднее Qprime по каркасной модели пройденной выработки составило 8,372",Russia,,Confirmed,№ 12_24.pdf,High,2026-07-03
PRO_9465,MAT_2123,produces_output,0.5,False,,Worldwide,,Unverified,№ 12_24.pdf,High,2026-07-03
PRO_9465,MAT_9466,uses_material,0.5,False,,Worldwide,,Unverified,№ 12_24.pdf,High,2026-07-03
PRO_9469,PRO_9470,researched_by,0.5,False,,Worldwide,,Unverified,№ 12_24.pdf,High,2026-07-03
PRO_9470,FAC_9471,operates_at_condition,0.5,False,,Russia,,Unverified,№ 12_24.pdf,High,2026-07-03
PRO_9473,MAT_9472,produces_output,0.5,False,,Russia,,Confirmed,№ 12_24.pdf,High,2026-07-03
PUB_6400,PRO_9473,described_in,0.5,False,,Russia,,Confirmed,№ 12_24.pdf,High,2026-07-03
PRO_5144,FAC_9471,researched_by,0.5,False,,Russia,,Confirmed,№ 12_24.pdf,High,2026-07-03
PRO_9469,MAT_9474,researched_by,0.5,False,,Worldwide,,Confirmed,№ 12_24.pdf,High,2026-07-03
PRO_9469,EXP_9475,researched_by,0.5,False,,Russia,,Confirmed,№ 12_24.pdf,High,2026-07-03
PRO_9476,PRO_9477,validated_by,0.5,False,,Worldwide,,Confirmed,№ 12_24.pdf,High,2026-07-03
PRO_9477,PRO_9478,produces_output,0.5,False,,Worldwide,,Confirmed,№ 12_24.pdf,High,2026-07-03
EQU_8421,EQU_9479,uses_material,0.5,False,,Worldwide,,Confirmed,№ 12_24.pdf,High,2026-07-03
PRO_9480,EQU_9481,uses_material,0.5,False,,Worldwide,,Unverified,№ 12_24.pdf,High,2026-07-03
MAT_9484,FAC_9485,researched_by,0.5,False,,Russia,,Confirmed,№ 12_24.pdf,High,2026-07-03
PRO_9486,PRO_9487,operates_at_condition,0.5,False,"Использование скоростей, полученных первым путем",Worldwide,,Confirmed,№ 12_24.pdf,High,2026-07-03
PRO_9486,EXP_9488,validated_by,0.5,False,,Worldwide,,Confirmed,№ 12_24.pdf,High,2026-07-03
PRO_9489,EQU_126,researched_by,0.5,False,,Worldwide,,Confirmed,№ 12_24.pdf,High,2026-07-03
EQU_9490,PRO_9489,uses_material,0.5,False,,Worldwide,,Confirmed,№ 12_24.pdf,High,2026-07-03
PRO_9491,MAT_2044,researched_by,0.5,False,,Russia,,Confirmed,№ 12_24.pdf,High,2026-07-03
PRO_9491,FAC_9492,produces_output,0.5,False,,Russia,,Confirmed,№ 12_24.pdf,High,2026-07-03
EXP_9488,MAT_9493,produces_output,0.5,False,,,,Unverified,№ 12_24.pdf,High,2026-07-03
PRO_9496,MAT_6490,uses_material,0.5,False,,Worldwide,,Confirmed,№ 12_24.pdf,High,2026-07-03
EQU_8421,MAT_6490,researched_by,0.5,False,,Worldwide,,Confirmed,№ 12_24.pdf,High,2026-07-03
EQU_8421,EQU_9497,operates_at_condition,0.5,False,,Worldwide,,Confirmed,№ 12_24.pdf,High,2026-07-03
PRO_9499,EQU_9500,uses_material,0.5,False,,Russia,,Confirmed,№ 12_24.pdf,High,2026-07-03
PRO_9499,PUB_6400,described_in,0.5,False,,Russia,,Confirmed,№ 12_24.pdf,High,2026-07-03
PRO_9501,MAT_9502,uses_material,0.5,False,,Worldwide,,Confirmed,№ 12_24.pdf,High,2026-07-03
PRO_9501,EQU_9503,uses_material,0.5,False,,Worldwide,,Confirmed,№ 12_24.pdf,High,2026-07-03
PRO_8015,MAT_9502,uses_material,0.5,False,,Worldwide,,Confirmed,№ 12_24.pdf,High,2026-07-03
PRO_8015,MAT_9504,uses_material,0.5,False,,Worldwide,,Confirmed,№ 12_24.pdf,High,2026-07-03
PRO_9505,MAT_6519,uses_material,0.5,False,,Worldwide,,Confirmed,№ 12_24.pdf,High,2026-07-03
PRO_9505,EQU_5374,operates_at_condition,0.5,False,в зажиме скважинными зарядами большого диаметра,Worldwide,,Confirmed,№ 12_24.pdf,High,2026-07-03
PRO_1496,MAT_8004,uses_material,0.5,False,Для проведения взрывных работ используются различные типы ВВ,Worldwide,,Confirmed,№ 12_24.pdf,High,2026-07-03
PRO_1496,MAT_9506,uses_material,0.5,False,Гранулированный пенополистирол используется в качестве компонента взрывчатой смеси,Worldwide,,Confirmed,№ 12_24.pdf,High,2026-07-03
FAC_9507,PRO_1573,operates_at_condition,0.5,False,,Worldwide,,Unverified,№ 12_24.pdf,High,2026-07-03
PRO_343,MAT_9508,uses_material,0.5,False,,Worldwide,,Confirmed,№ 12_24.pdf,High,2026-07-03
EQU_9509,PRO_343,operates_at_condition,0.5,False,Бурение скважин,Worldwide,,Confirmed,№ 12_24.pdf,High,2026-07-03
EXP_9511,MAT_9508,researched_by,0.5,False,,Armenia,,Confirmed,№ 12_24.pdf,High,2026-07-03
PRO_9513,MAT_9514,uses_material,0.5,False,,Worldwide,,Confirmed,№ 12_24.pdf,High,2026-07-03
PRO_9513,EQU_9515,uses_material,0.5,False,,Worldwide,,Confirmed,№ 12_24.pdf,High,2026-07-03
PRO_9516,EQU_9517,uses_material,0.5,False,,Worldwide,,Unverified,№ 12_24.pdf,High,2026-07-03
PRO_9518,EQU_9519,uses_material,0.5,False,,Worldwide,,Unverified,№ 12_24.pdf,High,2026-07-03
PRO_9520,PRO_9521,researched_by,0.5,False,,Worldwide,,Unverified,№ 12_24.pdf,High,2026-07-03
PRO_9521,PRO_9522,validated_by,0.5,False,,Worldwide,,Unverified,№ 12_24.pdf,High,2026-07-03
PRO_9523,EQU_9524,uses_material,0.5,False,,Worldwide,,Confirmed,№ 12_24.pdf,High,2026-07-03
EQU_9533,MAT_9534,uses_material,0.5,False,,Worldwide,,Confirmed,№ 12_24.pdf,High,2026-07-03
EXP_9536,MAT_9534,validated_by,0.5,False,,Worldwide,,Confirmed,№ 12_24.pdf,High,2026-07-03
EQU_9540,MAT_9537,researched_by,0.5,False,абразивность изнашивающих частиц и измельчаемой породы идентична,Worldwide,,Confirmed,№ 12_24.pdf,High,2026-07-03
EQU_9540,MAT_8463,researched_by,0.5,False,абразивность изнашивающих частиц и измельчаемой породы идентична,Worldwide,,Confirmed,№ 12_24.pdf,High,2026-07-03
EQU_9540,MAT_9538,researched_by,0.5,False,абразивность изнашивающих частиц и измельчаемой породы идентична,Worldwide,,Confirmed,№ 12_24.pdf,High,2026-07-03
EQU_9541,PRO_9542,operates_at_condition,0.5,False,Доля в энергобалансе горнодобывающих предприятий достигает 30%,Worldwide,,Confirmed,№ 12_24.pdf,High,2026-07-03
EQU_9541,PRO_9543,produces_output,0.5,False,,Worldwide,,Confirmed,№ 12_24.pdf,High,2026-07-03
EQU_9545,PRO_9544,uses_material,0.5,False,Температура окружающей среды 40–45 °C,Worldwide,,Confirmed,№ 12_24.pdf,High,2026-07-03
EQU_9546,EQU_9545,operates_at_condition,0.5,False,Используется для охлаждения воды в летний период,Worldwide,,Confirmed,№ 12_24.pdf,High,2026-07-03
EXP_9547,PRO_9544,validated_by,0.5,False,,Worldwide,,Confirmed,№ 12_24.pdf,High,2026-07-03
MAT_9538,MAT_9548,uses_material,0.5,False,,Worldwide,,Confirmed,№ 12_24.pdf,High,2026-07-03
MAT_9538,MAT_9549,uses_material,0.5,False,,Worldwide,,Confirmed,№ 12_24.pdf,High,2026-07-03
MAT_9538,MAT_9550,uses_material,0.5,False,,Worldwide,,Confirmed,№ 12_24.pdf,High,2026-07-03
EXP_9552,MAT_9548,researched_by,0.5,False,Ударное нагружение в диапазоне энергий удара от 2 до 6 Дж/см2,Worldwide,,Confirmed,№ 12_24.pdf,High,2026-07-03
EXP_9552,MAT_9549,researched_by,0.5,False,Ударное нагружение в диапазоне энергий удара от 2 до 6 Дж/см2 с последующим трением после каждого удара,Worldwide,,Confirmed,№ 12_24.pdf,High,2026-07-03
EXP_9552,MAT_9550,researched_by,0.5,False,Ударное нагружение в диапазоне энергий удара от 2 до 6 Дж/см2 с последующим трением после каждого удара,Worldwide,,Confirmed,№ 12_24.pdf,High,2026-07-03
MAT_9548,PRO_9555,produces_output,0.5,False,при энергии удара 6 Дж/см2,Worldwide,,Confirmed,№ 12_24.pdf,High,2026-07-03
MAT_9549,PRO_9555,produces_output,0.5,False,при энергии удара 6 Дж/см2,Worldwide,,Confirmed,№ 12_24.pdf,High,2026-07-03
MAT_9551,PRO_9555,produces_output,0.5,False,при энергии удара 6 Дж/см2,Worldwide,,Confirmed,№ 12_24.pdf,High,2026-07-03
MAT_9551,PRO_9553,uses_material,0.5,False,,Worldwide,,Confirmed,№ 12_24.pdf,High,2026-07-03
MAT_9563,EQU_9566,uses_material,0.5,False,,Worldwide,,Confirmed,№ 12_24.pdf,High,2026-07-03
MAT_9560,EQU_9566,uses_material,0.5,False,,Worldwide,,Confirmed,№ 12_24.pdf,High,2026-07-03
MAT_9561,EQU_9566,uses_material,0.5,False,,Worldwide,,Confirmed,№ 12_24.pdf,High,2026-07-03
MAT_9562,EQU_9566,uses_material,0.5,False,,Worldwide,,Confirmed,№ 12_24.pdf,High,2026-07-03
MAT_9564,EQU_9566,uses_material,0.5,False,,Worldwide,,Confirmed,№ 12_24.pdf,High,2026-07-03
MAT_9567,PRO_9568,uses_material,0.5,False,,Worldwide,,Confirmed,№ 12_24.pdf,High,2026-07-03
PRO_9568,EQU_9569,produces_output,0.5,False,,Worldwide,,Confirmed,№ 12_24.pdf,High,2026-07-03
EQU_8537,MAT_9570,uses_material,0.5,False,,Worldwide,,Confirmed,№ 12_24.pdf,High,2026-07-03
EQU_8537,PRO_9571,operates_at_condition,0.5,False,Эксплуатационный процесс,Worldwide,,Confirmed,№ 12_24.pdf,High,2026-07-03
EQU_9573,EQU_9572,produces_output,0.5,False,Нагретая вода направляется в градирню,Worldwide,,Confirmed,№ 12_24.pdf,High,2026-07-03
EQU_9574,EQU_9572,uses_material,0.5,False,Охлаждающая вода поступает в теплообменник,Worldwide,,Confirmed,№ 12_24.pdf,High,2026-07-03
EQU_9577,EQU_9574,uses_material,0.5,False,Температура сжатого воздуха: 145–160 °C,Worldwide,,Confirmed,№ 12_24.pdf,High,2026-07-03
EQU_9577,EQU_9578,produces_output,0.5,False,"Увеличение давления на 0,1 МПа повышает температуру на 6–7 °C",Worldwide,,Confirmed,№ 12_24.pdf,High,2026-07-03
EQU_9580,MAT_9584,uses_material,0.5,False,,Worldwide,,Confirmed,№ 12_24.pdf,High,2026-07-03
MAT_9584,PRO_9579,operates_at_condition,0.5,False,"Temperature affects capacity, pressure, and energy consumption",Worldwide,,Confirmed,№ 12_24.pdf,High,2026-07-03
EXP_9582,EQU_9580,validated_by,0.5,False,,Worldwide,,Confirmed,№ 12_24.pdf,High,2026-07-03
EQU_1175,PRO_9585,operates_at_condition,0.5,False,"Угол заострения 110–120°, закругленная форма головы",Worldwide,,Confirmed,№ 12_24.pdf,High,2026-07-03
PRO_9585,PRO_9586,produces_output,0.5,False,Минимальная реконструкция в несущие модули составного режущего инструмента,Worldwide,,Confirmed,№ 12_24.pdf,High,2026-07-03
EXP_9587,MAT_9588,researched_by,0.5,False,"Температура поверхности раздела, силы резания",Worldwide,,Confirmed,№ 12_24.pdf,High,2026-07-03
MAT_9588,PRO_9589,operates_at_condition,0.5,False,Температура выше 700 °C,Worldwide,700 °C,Confirmed,№ 12_24.pdf,High,2026-07-03
PUB_9591,MAT_9592,researched_by,0.5,False,,Russia,,Confirmed,№ 12_24.pdf,High,2026-07-03
MAT_9592,PRO_9593,uses_material,0.5,False,,Russia,,Confirmed,№ 12_24.pdf,High,2026-07-03
FAC_9594,MAT_9032,produces_output,0.5,False,,Worldwide,,Confirmed,№ 12_24.pdf,High,2026-07-03
PRO_9595,PRO_9596,operates_at_condition,0.5,False,Нарушение экологического равновесия в зонах размещения промышленных объектов,Worldwide,,Confirmed,№ 12_24.pdf,High,2026-07-03
MAT_9597,PRO_9598,uses_material,0.5,False,,Worldwide,,Confirmed,№ 12_24.pdf,High,2026-07-03
FAC_9603,MAT_9604,uses_material,0.5,False,,Russia,,Confirmed,№ 12_24.pdf,High,2026-07-03
FAC_9603,PRO_9596,produces_output,0.5,False,"Переполненное хвостохранилище, фильтрация жидких отходов",Russia,,Confirmed,№ 12_24.pdf,High,2026-07-03
MAT_9605,MAT_9606,uses_material,0.5,False,,Worldwide,,Unverified,№ 12_24.pdf,High,2026-07-03
MAT_9605,MAT_9607,uses_material,0.5,False,,Worldwide,,Unverified,№ 12_24.pdf,High,2026-07-03
MAT_9605,MAT_9608,uses_material,0.5,False,,Worldwide,,Unverified,№ 12_24.pdf,High,2026-07-03
PRO_9609,MAT_9605,operates_at_condition,0.5,False,продолжительность выдержки: 14 сут,Worldwide,,Unverified,№ 12_24.pdf,High,2026-07-03
EXP_9610,MAT_9605,validated_by,0.5,False,,Worldwide,,Unverified,№ 12_24.pdf,High,2026-07-03
PRO_2045,MAT_9611,produces_output,0.5,False,,Worldwide,,Confirmed,№ 12_24.pdf,High,2026-07-03
FAC_9612,MAT_9611,produces_output,0.5,False,,Worldwide,,Confirmed,№ 12_24.pdf,High,2026-07-03
FAC_9613,MAT_9611,produces_output,0.5,False,,Worldwide,,Confirmed,№ 12_24.pdf,High,2026-07-03
MAT_9614,PRO_9617,uses_material,0.5,False,,Worldwide,,Confirmed,№ 12_24.pdf,High,2026-07-03
MAT_9615,PRO_9617,uses_material,0.5,False,,Worldwide,,Confirmed,№ 12_24.pdf,High,2026-07-03
MAT_9616,PRO_9617,uses_material,0.5,False,,Worldwide,,Confirmed,№ 12_24.pdf,High,2026-07-03
PRO_9617,EQU_9618,operates_at_condition,0.5,False,для измерения концентрации нитрат-иона,Worldwide,,Confirmed,№ 12_24.pdf,High,2026-07-03
PRO_9617,EQU_9619,operates_at_condition,0.5,False,для измерения концентрации нитрат-иона,Worldwide,,Confirmed,№ 12_24.pdf,High,2026-07-03
EXP_9620,FAC_9621,researched_by,0.5,False,,Russia,,Confirmed,№ 12_24.pdf,High,2026-07-03
EXP_9625,PUB_9626,researched_by,0.5,False,,Russia,,Confirmed,№ 12_24.pdf,High,2026-07-03
EXP_9625,PUB_9627,researched_by,0.5,False,,Russia,,Confirmed,№ 12_24.pdf,High,2026-07-03
PRO_979,FAC_9628,operates_at_condition,0.5,False,Длительный срок эксплуатации,Worldwide,,Unverified,№ 12_24.pdf,High,2026-07-03
PRO_979,EQU_9629,uses_material,0.5,False,,Worldwide,,Unverified,№ 12_24.pdf,High,2026-07-03
PRO_9632,PRO_9633,produces_output,0.5,False,,Worldwide,,Confirmed,№ 12_24.pdf,High,2026-07-03
MAT_9630,PRO_9633,uses_material,0.5,False,,Worldwide,,Confirmed,№ 12_24.pdf,High,2026-07-03
MAT_9631,PRO_9633,uses_material,0.5,False,,Worldwide,,Confirmed,№ 12_24.pdf,High,2026-07-03
FAC_6405,FAC_9635,operates_at_condition,0.5,False,"интенсивное использование природных ресурсов, нарастание объемов отходов",Worldwide,,Confirmed,№ 12_24.pdf,High,2026-07-03
PRO_9636,FAC_9635,operates_at_condition,0.5,False,"бурение, техническое обслуживание буровых установок, транспортирование нефти",Worldwide,,Confirmed,№ 12_24.pdf,High,2026-07-03
ORG_9638,EQU_9637,researched_by,0.5,False,,Worldwide,,Unverified,№ 12_24.pdf,High,2026-07-03
ORG_6414,PUB_896,described_in,0.5,False,,Russia,,Confirmed,ГЖ_01_25.pdf,High,2026-07-03
FAC_9639,PUB_896,researched_by,0.5,False,,Russia,,Confirmed,ГЖ_01_25.pdf,High,2026-07-03
EXP_9640,FAC_9639,researched_by,0.5,False,,Russia,,Confirmed,ГЖ_01_25.pdf,High,2026-07-03
ORG_6401,PUB_6400,publisher,0.5,False,,Russia,,Confirmed,ГЖ_01_25.pdf,High,2026-07-03
PRO_9644,FAC_9645,validated_by,0.5,False,в зонах повышенного горного давления (ПГД),Russia,,Confirmed,ГЖ_01_25.pdf,High,2026-07-03
FAC_369,MAT_9646,produces_output,0.5,False,,Russia,,Confirmed,№ 12_24.pdf,High,2026-07-03
EXP_9648,MAT_9646,researched_by,0.5,False,,Russia,,Confirmed,№ 12_24.pdf,High,2026-07-03
PRO_9654,MAT_9655,uses_material,0.5,False,,Russia,,Confirmed,ГЖ_01_25.pdf,High,2026-07-03
PRO_9654,FAC_9645,operates_at_condition,0.5,False,"Западный край шахты, Пятый пласт",Russia,,Confirmed,ГЖ_01_25.pdf,High,2026-07-03
FAC_9656,PRO_9657,uses_material,0.5,False,,Russia,,Unverified,ГЖ_01_25.pdf,High,2026-07-03
FAC_9656,PRO_9658,uses_material,0.5,False,,Russia,,Unverified,ГЖ_01_25.pdf,High,2026-07-03
FAC_9656,PRO_9659,uses_material,0.5,False,,Russia,,Unverified,ГЖ_01_25.pdf,High,2026-07-03
EXP_9660,PUB_9661,described_in,0.5,False,,Russia,,Confirmed,ГЖ_01_25.pdf,High,2026-07-03
PRO_9662,PRO_9663,uses_material,0.5,False,,Worldwide,,Unverified,ГЖ_01_25.pdf,High,2026-07-03
PRO_9662,PRO_9664,uses_material,0.5,False,,Worldwide,,Unverified,ГЖ_01_25.pdf,High,2026-07-03
PRO_9662,PRO_9665,uses_material,0.5,False,,Worldwide,,Unverified,ГЖ_01_25.pdf,High,2026-07-03
EXP_9670,PRO_490,researched_by,0.5,False,,Worldwide,,Unverified,ГЖ_01_25.pdf,High,2026-07-03
PRO_9671,PRO_9672,operates_at_condition,0.5,False,Зависит от категории устойчивости подземной горной выработки,Worldwide,,Unverified,ГЖ_01_25.pdf,High,2026-07-03
PRO_9671,PRO_9673,operates_at_condition,0.5,False,Зависит от категории устойчивости подземной горной выработки,Worldwide,,Unverified,ГЖ_01_25.pdf,High,2026-07-03
PRO_9671,PRO_9674,operates_at_condition,0.5,False,Зависит от категории устойчивости подземной горной выработки,Worldwide,,Unverified,ГЖ_01_25.pdf,High,2026-07-03
PRO_9675,PRO_9677,produces_output,0.5,False,,Worldwide,,Confirmed,ГЖ_01_25.pdf,High,2026-07-03
PRO_9675,EQU_9676,uses_material,0.5,False,,Worldwide,,Confirmed,ГЖ_01_25.pdf,High,2026-07-03
PRO_9679,PRO_9680,operates_at_condition,0.5,False,Зависит от угла залегания пород и направления проходки выработки,Worldwide,,Unverified,ГЖ_01_25.pdf,High,2026-07-03
PRO_9680,PRO_9681,produces_output,0.5,False,Определяет классы индекса устойчивости выработки,Worldwide,,Unverified,ГЖ_01_25.pdf,High,2026-07-03
PRO_9682,FAC_1264,researched_by,0.5,False,Интервал в три года,Russia,,Confirmed,ГЖ_01_25.pdf,High,2026-07-03
PRO_9683,EXP_9684,researched_by,0.5,False,,Worldwide,,Confirmed,ГЖ_01_25.pdf,High,2026-07-03
PRO_9687,PRO_9688,operates_at_condition,0.5,False,,Worldwide,,Unverified,ГЖ_01_25.pdf,High,2026-07-03
PRO_9687,PRO_9689,operates_at_condition,0.5,False,,Worldwide,,Unverified,ГЖ_01_25.pdf,High,2026-07-03
PRO_9687,PRO_9690,operates_at_condition,0.5,False,,Worldwide,,Unverified,ГЖ_01_25.pdf,High,2026-07-03
PRO_9691,FAC_1264,researched_by,0.5,False,Проведение аудита для выявления проблем и недостатков в работе рудника,Worldwide,,Confirmed,ГЖ_01_25.pdf,High,2026-07-03
MAT_9692,PRO_9693,uses_material,0.5,False,,Worldwide,,Confirmed,ГЖ_01_25.pdf,High,2026-07-03
EQU_9694,PRO_9693,operates_at_condition,0.5,False,,Worldwide,,Confirmed,ГЖ_01_25.pdf,High,2026-07-03
PRO_9693,PRO_3869,produces_output,0.5,False,,Worldwide,,Confirmed,ГЖ_01_25.pdf,High,2026-07-03
PRO_9695,PRO_9696,uses_material,0.5,False,,Russia,,Confirmed,ГЖ_01_25.pdf,High,2026-07-03
PRO_9704,PRO_9705,uses_material,0.5,False,Проведение всех необходимых по законодательству Российской Федерации контрольных мероприятий,Russia,,Confirmed,ГЖ_01_25.pdf,High,2026-07-03
PRO_9705,PRO_9706,operates_at_condition,0.5,False,Паспорта БВР разработаны на основе надлежащих методик проектирования БВР,Russia,,Confirmed,ГЖ_01_25.pdf,High,2026-07-03
PRO_9706,PRO_9707,produces_output,0.5,False,Учитывают взаимодействие сопряжённых выработок с целью минимизации негативного влияния на устойчивость пород,Russia,,Confirmed,ГЖ_01_25.pdf,High,2026-07-03
PUB_9708,EXP_9709,researched_by,0.5,False,,Russia,,Confirmed,ГЖ_01_25.pdf,High,2026-07-03
PUB_9708,EXP_9710,researched_by,0.5,False,,Russia,,Confirmed,ГЖ_01_25.pdf,High,2026-07-03
PUB_9708,EXP_9711,researched_by,0.5,False,,Russia,,Confirmed,ГЖ_01_25.pdf,High,2026-07-03
PRO_9712,PRO_9713,produces_output,0.5,False,,Russia,,Confirmed,ГЖ_01_25.pdf,High,2026-07-03
EXP_9714,PRO_9713,uses_material,0.5,False,"Статистический период, количество случаев травматизма, число работающих",Russia,,Confirmed,ГЖ_01_25.pdf,High,2026-07-03
EXP_9716,PRO_9715,validated_by,0.5,False,Применение технологии после 2022 года,Worldwide,,Confirmed,ГЖ_01_25.pdf,High,2026-07-03
EXP_9709,PUB_9717,researched_by,0.5,False,,Russia,,Confirmed,ГЖ_01_25.pdf,High,2026-07-03
MAT_9718,PRO_9720,uses_material,0.5,False,,Worldwide,,Unverified,ГЖ_01_25.pdf,High,2026-07-03
MAT_9719,PRO_9720,uses_material,0.5,False,,Worldwide,,Unverified,ГЖ_01_25.pdf,High,2026-07-03
FAC_1904,MAT_3286,uses_material,0.5,False,Глубина 790–800 м и более,Russia,,Confirmed,ГЖ_01_25.pdf,High,2026-07-03
PRO_9727,PRO_9728,operates_at_condition,0.5,False,,Worldwide,,Unverified,ГЖ_01_25.pdf,High,2026-07-03
PRO_9727,PRO_9729,produces_output,0.5,False,,Worldwide,,Unverified,ГЖ_01_25.pdf,High,2026-07-03
PRO_9727,PRO_9730,produces_output,0.5,False,,Worldwide,,Unverified,ГЖ_01_25.pdf,High,2026-07-03
PRO_9727,PRO_9731,operates_at_condition,0.5,False,,Worldwide,,Unverified,ГЖ_01_25.pdf,High,2026-07-03
PRO_9727,PRO_9732,operates_at_condition,0.5,False,,Worldwide,,Unverified,ГЖ_01_25.pdf,High,2026-07-03
FAC_9733,PRO_2131,operates_at_condition,0.5,False,Глубина ведения горных работ свыше 1000 м,Russia,,Confirmed,ГЖ_01_25.pdf,High,2026-07-03
FAC_9734,PRO_2131,operates_at_condition,0.5,False,Выбросы породы по битуминозным газонасыщенным доломитам в границах выбросоопасного слоя,Russia,,Confirmed,ГЖ_01_25.pdf,High,2026-07-03
PRO_9735,PUB_896,described_in,0.5,False,,Russia,,Confirmed,ГЖ_01_25.pdf,High,2026-07-03
EXP_9736,PRO_9735,validated_by,0.5,False,Статистическое подтверждение эффективности мероприятий,Russia,,Confirmed,ГЖ_01_25.pdf,High,2026-07-03
FAC_9733,MAT_9737,operates_at_condition,0.5,False,"Глубина -630 м, горные работы",Russia,,Confirmed,ГЖ_01_25.pdf,High,2026-07-03
FAC_9734,MAT_9737,operates_at_condition,0.5,False,"Глубина -790 м, горные работы",Russia,,Confirmed,ГЖ_01_25.pdf,High,2026-07-03
FAC_9738,PRO_9739,produces_output,0.5,False,,Russia,,Confirmed,ГЖ_01_25.pdf,High,2026-07-03
PRO_9739,MAT_1149,uses_material,0.5,False,,Russia,,Confirmed,ГЖ_01_25.pdf,High,2026-07-03
FAC_1904,PRO_9741,operates_at_condition,0.5,False,Глубина более 1000 метров,Russia,,Confirmed,ГЖ_01_25.pdf,High,2026-07-03
FAC_9740,PRO_9741,operates_at_condition,0.5,False,Глубина более 980 метров,Russia,,Confirmed,ГЖ_01_25.pdf,High,2026-07-03
PRO_9741,PRO_1573,uses_material,0.5,False,,Russia,,Confirmed,ГЖ_01_25.pdf,High,2026-07-03
FAC_9742,PRO_2891,uses_material,0.5,False,,Russia,,Confirmed,ГЖ_01_25.pdf,High,2026-07-03
FAC_9742,EXP_9743,researched_by,0.5,False,,Russia,2024–2025 гг.,Confirmed,ГЖ_01_25.pdf,High,2026-07-03
PRO_9744,EQU_9745,uses_material,0.5,False,,Russia,,Confirmed,ГЖ_01_25.pdf,High,2026-07-03
PRO_9744,FAC_9746,operates_at_condition,0.5,False,"Глубокие горизонты, удароопасные месторождения",Russia,1400–1500 м,Confirmed,ГЖ_01_25.pdf,High,2026-07-03
MAT_9747,PRO_9750,uses_material,0.5,False,,Worldwide,,Confirmed,ГЖ_01_25.pdf,High,2026-07-03
MAT_9748,PRO_9750,uses_material,0.5,False,,Worldwide,,Confirmed,ГЖ_01_25.pdf,High,2026-07-03
MAT_9749,PRO_9750,uses_material,0.5,False,,Worldwide,,Confirmed,ГЖ_01_25.pdf,High,2026-07-03
PUB_6400,PRO_9755,described_in,0.5,False,,Russia,,Confirmed,ГЖ_01_25.pdf,High,2026-07-03
PRO_9755,EQU_9745,uses_material,0.5,False,,Russia,,Confirmed,ГЖ_01_25.pdf,High,2026-07-03
PUB_9756,PRO_9757,researched_by,0.5,False,,Worldwide,,Confirmed,ГЖ_01_25.pdf,High,2026-07-03
PUB_9756,FAC_9758,operates_at_condition,0.5,False,Глубины 9–45 км,Russia,9–45 км,Confirmed,ГЖ_01_25.pdf,High,2026-07-03
PUB_9759,PUB_9756,described_in,0.5,False,,Worldwide,,Confirmed,ГЖ_01_25.pdf,High,2026-07-03
EXP_9763,FAC_9764,researched_by,0.5,False,,Russia,,Confirmed,ГЖ_01_25.pdf,High,2026-07-03
EXP_9763,FAC_9765,researched_by,0.5,False,,Russia,,Confirmed,ГЖ_01_25.pdf,High,2026-07-03
EQU_9766,PRO_9767,uses_material,0.5,False,,Worldwide,,Confirmed,ГЖ_01_25.pdf,High,2026-07-03
PRO_9767,PRO_150,operates_at_condition,0.5,False,учитывается при задании параметров материалов,Worldwide,,Confirmed,ГЖ_01_25.pdf,High,2026-07-03
PRO_9770,EQU_9771,uses_material,0.5,False,,Russia,,Confirmed,ГЖ_01_25.pdf,High,2026-07-03
EQU_9771,EXP_9772,validated_by,0.5,False,глубины 1400–2000 м,Russia,,Confirmed,ГЖ_01_25.pdf,High,2026-07-03
FAC_9773,PRO_9775,researched_by,0.5,False,depths of 1000 m and greater,Russia,,Confirmed,ГЖ_01_25.pdf,High,2026-07-03
FAC_9774,PRO_9775,researched_by,0.5,False,depths of 1000 m and greater,Russia,,Confirmed,ГЖ_01_25.pdf,High,2026-07-03
EQU_9776,FAC_9777,operates_at_condition,0.5,False,Шаг дискретизации 1 мс,Unverified,,Confirmed,ГЖ_01_25.pdf,High,2026-07-03
PRO_9767,FAC_9777,described_in,0.5,False,,Unverified,,Confirmed,ГЖ_01_25.pdf,High,2026-07-03
EQU_9779,FAC_9778,researched_by,0.5,False,При оценке влияния воздействий сейсмо взрывных волн,Unverified,,Confirmed,ГЖ_01_25.pdf,High,2026-07-03
PRO_1573,PRO_7027,operates_at_condition,0.5,False,,Worldwide,,Confirmed,ГЖ_01_25.pdf,High,2026-07-03
EXP_9783,PRO_7027,validated_by,0.5,False,,Worldwide,,Confirmed,ГЖ_01_25.pdf,High,2026-07-03
PUB_9784,EXP_9783,described_in,0.5,False,,Russia,,Confirmed,ГЖ_01_25.pdf,High,2026-07-03
PRO_9785,MAT_9787,uses_material,0.5,False,,Worldwide,,Confirmed,ГЖ_01_25.pdf,High,2026-07-03
PRO_9786,MAT_9787,uses_material,0.5,False,С учётом БВР,Worldwide,,Confirmed,ГЖ_01_25.pdf,High,2026-07-03
PRO_9788,EXP_9789,researched_by,0.5,False,,Worldwide,,Unverified,ГЖ_01_25.pdf,High,2026-07-03
EXP_9789,PUB_6602,described_in,0.5,False,,Worldwide,,Confirmed,ГЖ_01_25.pdf,High,2026-07-03
PRO_9790,PRO_9791,uses_material,0.5,False,,Worldwide,,Unverified,ГЖ_01_25.pdf,High,2026-07-03
PRO_9791,MAT_961,operates_at_condition,0.5,False,Учитываются горно-геологические условия участка,Worldwide,,Unverified,ГЖ_01_25.pdf,High,2026-07-03
PRO_9792,EQU_8,uses_material,0.5,False,,Worldwide,,Confirmed,ГЖ_01_25.pdf,High,2026-07-03
PRO_9793,PRO_3784,uses_material,0.5,False,,Worldwide,,Confirmed,ГЖ_01_25.pdf,High,2026-07-03
PRO_9793,EQU_9794,uses_material,0.5,False,,Worldwide,,Confirmed,ГЖ_01_25.pdf,High,2026-07-03
PRO_9795,PRO_9796,operates_at_condition,0.5,False,Расстояние по нормали между подготовительной и затопленной выработками не превышает 10hв,Russia,45 м,Confirmed,ГЖ_01_25.pdf,High,2026-07-03
PRO_9795,PRO_9797,produces_output,0.5,False,,Russia,45 м,Confirmed,ГЖ_01_25.pdf,High,2026-07-03
EXP_9798,PRO_9797,researched_by,0.5,False,,Russia,,Confirmed,ГЖ_01_25.pdf,High,2026-07-03
PRO_7034,PRO_9799,uses_material,0.5,False,При отсутствии водоупоров,Worldwide,Не менее 50 mэ,Confirmed,ГЖ_01_25.pdf,High,2026-07-03
PRO_9800,EXP_9801,validated_by,0.5,False,,Worldwide,,Confirmed,ГЖ_01_25.pdf,High,2026-07-03
PRO_9800,PRO_9802,produces_output,0.5,False,После отработки за пределами 2044 г.,Worldwide,10–4 и ниже,Confirmed,ГЖ_01_25.pdf,High,2026-07-03
EQU_9803,PRO_9804,uses_material,0.5,False,,Worldwide,,Confirmed,ГЖ_01_25.pdf,High,2026-07-03
PRO_9805,PRO_9806,uses_material,0.5,False,,Worldwide,,Confirmed,ГЖ_01_25.pdf,High,2026-07-03
EXP_9807,PRO_9805,validated_by,0.5,False,,Worldwide,,Confirmed,ГЖ_01_25.pdf,High,2026-07-03
FAC_1656,PUB_9808,described_in,0.5,False,,Russia,,Confirmed,ГЖ_01_25.pdf,High,2026-07-03
FAC_1656,PUB_9809,researched_by,0.5,False,,Russia,,Confirmed,ГЖ_01_25.pdf,High,2026-07-03
PRO_9810,PRO_9811,operates_at_condition,0.5,False,,Worldwide,,Unverified,ГЖ_01_25.pdf,High,2026-07-03
PRO_9812,PRO_9813,operates_at_condition,0.5,False,,Worldwide,,Unverified,ГЖ_01_25.pdf,High,2026-07-03
PRO_9814,PRO_9815,operates_at_condition,0.5,False,,Worldwide,,Unverified,ГЖ_01_25.pdf,High,2026-07-03
PRO_1654,EQU_9817,uses_material,0.5,False,,Worldwide,,Confirmed,ГЖ_01_25.pdf,High,2026-07-03
PRO_1654,EQU_9818,uses_material,0.5,False,,Worldwide,,Confirmed,ГЖ_01_25.pdf,High,2026-07-03
PUB_9819,PRO_9820,described_in,0.5,False,,Worldwide,,Confirmed,ГЖ_01_25.pdf,High,2026-07-03
PRO_9820,EQU_9821,uses_material,0.5,False,,Worldwide,,Confirmed,ГЖ_01_25.pdf,High,2026-07-03
EQU_9822,EQU_9823,compared_to,0.5,False,Мониторинг смещений горной массы,Worldwide,,Confirmed,ГЖ_01_25.pdf,High,2026-07-03
EQU_9822,EQU_9823,researched_by,0.5,False,,Worldwide,,Confirmed,ГЖ_01_25.pdf,High,2026-07-03
PRO_9824,PRO_9826,produces_output,0.5,False,,Worldwide,,Confirmed,ГЖ_01_25.pdf,High,2026-07-03
EXP_9825,PRO_9826,validated_by,0.5,False,На основе анализа результатов натурных инструментальных наблюдений,Russia,,Confirmed,ГЖ_01_25.pdf,High,2026-07-03
EQU_9822,EQU_9823,researched_by,0.5,False,,Russia,,Confirmed,ГЖ_01_25.pdf,High,2026-07-03
PUB_6400,EQU_9822,described_in,0.5,False,,Russia,,Confirmed,ГЖ_01_25.pdf,High,2026-07-03
PUB_6400,EQU_9823,described_in,0.5,False,,Russia,,Confirmed,ГЖ_01_25.pdf,High,2026-07-03
PRO_9827,PRO_9828,influences,0.5,False,,Worldwide,,Confirmed,ГЖ_01_25.pdf,High,2026-07-03
MAT_961,PRO_9828,participates_in,0.5,False,,Worldwide,,Confirmed,ГЖ_01_25.pdf,High,2026-07-03
EXP_9829,PUB_896,described_in,0.5,False,,Russia,,Confirmed,ГЖ_01_25.pdf,High,2026-07-03
EQU_95,PRO_9830,uses_material,0.5,False,,Worldwide,,Confirmed,ГЖ_01_25.pdf,High,2026-07-03
EQU_9831,PRO_9830,operates_at_condition,0.5,False,Во время бурения,Worldwide,,Confirmed,ГЖ_01_25.pdf,High,2026-07-03
EQU_9833,MAT_961,uses_material,0.5,False,,Worldwide,,Unverified,ГЖ_01_25.pdf,High,2026-07-03
PRO_9832,PRO_9834,produces_output,0.5,False,,Worldwide,,Unverified,ГЖ_01_25.pdf,High,2026-07-03
PRO_9836,PRO_9837,researched_by,0.5,False,,Worldwide,,Confirmed,ГЖ_01_25.pdf,High,2026-07-03
PRO_9837,EQU_9838,uses_material,0.5,False,,Worldwide,,Confirmed,ГЖ_01_25.pdf,High,2026-07-03
PRO_9837,EQU_9839,uses_material,0.5,False,,Worldwide,,Confirmed,ГЖ_01_25.pdf,High,2026-07-03
PRO_9837,EQU_9840,uses_material,0.5,False,,Worldwide,,Confirmed,ГЖ_01_25.pdf,High,2026-07-03
PRO_9837,EQU_9841,uses_material,0.5,False,,Worldwide,,Confirmed,ГЖ_01_25.pdf,High,2026-07-03
PRO_9843,MAT_9842,uses_material,0.5,False,,Worldwide,,Unverified,ГЖ_01_25.pdf,High,2026-07-03
EQU_9844,PRO_9845,uses_material,0.5,False,При наличии нагрузки на анкер,Worldwide,,Confirmed,ГЖ_01_25.pdf,High,2026-07-03
PRO_9845,MAT_9846,operates_at_condition,0.5,False,При смещении конца анкера,Worldwide,,Confirmed,ГЖ_01_25.pdf,High,2026-07-03
PRO_9848,MAT_961,produces_output,0.5,False,,Worldwide,,Confirmed,ГЖ_01_25.pdf,High,2026-07-03
FAC_6522,PRO_9849,uses_material,0.5,False,,Russia,,Confirmed,ГЖ_01_25.pdf,High,2026-07-03
FAC_6522,PRO_9850,uses_material,0.5,False,,Russia,,Confirmed,ГЖ_01_25.pdf,High,2026-07-03
FAC_6522,PUB_797,uses_material,0.5,False,,Russia,,Confirmed,ГЖ_01_25.pdf,High,2026-07-03
MAT_9852,PUB_6400,described_in,0.5,False,,Russia,,Confirmed,ГЖ_01_25.pdf,High,2026-07-03
MAT_9852,PUB_9851,researched_by,0.5,False,,Russia,,Confirmed,ГЖ_01_25.pdf,High,2026-07-03
PRO_9853,EQU_2219,uses_material,0.5,False,,Russia,,Confirmed,ГЖ_01_25.pdf,High,2026-07-03
EXP_9855,PUB_6471,described_in,0.5,False,,Russia,,Unverified,ГЖ_01_25.pdf,High,2026-07-03
MAT_6583,MAT_6587,uses_material,0.5,False,,Worldwide,,Confirmed,ГЖ_01_25.pdf,High,2026-07-03
PRO_9856,MAT_6583,researched_by,0.5,False,,Worldwide,,Confirmed,ГЖ_01_25.pdf,High,2026-07-03
PRO_9857,MAT_961,operates_at_condition,0.5,False,Для анализа напряжений в массиве пород,Worldwide,,Confirmed,ГЖ_01_25.pdf,High,2026-07-03
EQU_9858,MAT_961,uses_material,0.5,False,Для сканирования выработанного пространства,Worldwide,,Confirmed,ГЖ_01_25.pdf,High,2026-07-03
FAC_6522,PRO_9859,researched_by,0.5,False,,Russia,,Confirmed,ГЖ_01_25.pdf,High,2026-07-03
PRO_9859,PRO_9860,uses_material,0.5,False,,Russia,,Confirmed,ГЖ_01_25.pdf,High,2026-07-03
EQU_9862,PRO_9863,uses_material,0.5,False,,Worldwide,,Confirmed,ГЖ_01_25.pdf,High,2026-07-03
PRO_9863,EXP_9864,produces_output,0.5,False,"Высота съемки 50-75 м, продольное перекрытие 70%, поперечное перекрытие 80%",Russia,,Confirmed,ГЖ_01_25.pdf,High,2026-07-03
EXP_9866,PUB_9865,researched_by,0.5,False,,Russia,,Confirmed,ГЖ_01_25.pdf,High,2026-07-03
FAC_7478,FAC_3045,operates_at_condition,0.5,False,Сложные природно-климатические и горно-геологические условия,Russia,,Confirmed,ГЖ_01_25.pdf,High,2026-07-03
FAC_9867,FAC_3045,researched_by,0.5,False,,Russia,,Confirmed,ГЖ_01_25.pdf,High,2026-07-03
FAC_3045,EXP_9869,researched_by,0.5,False,,Russia,,Confirmed,ГЖ_01_25.pdf,High,2026-07-03
FAC_3045,PRO_9868,uses_material,0.5,False,Необходимость дальнейшей длительной эксплуатации ствола СС-1,Russia,,Confirmed,ГЖ_01_25.pdf,High,2026-07-03
EXP_9870,FAC_6981,researched_by,0.5,False,,Russia,,Confirmed,ГЖ_01_25.pdf,High,2026-07-03
FAC_6981,PRO_2407,uses_material,0.5,False,,Russia,,Confirmed,ГЖ_01_25.pdf,High,2026-07-03
FAC_6981,PRO_9871,researched_by,0.5,False,,Russia,,Confirmed,ГЖ_01_25.pdf,High,2026-07-03
PRO_9871,EQU_9872,uses_material,0.5,False,,Russia,,Confirmed,ГЖ_01_25.pdf,High,2026-07-03
FAC_6981,PRO_9873,researched_by,0.5,False,,Russia,,Unverified,ГЖ_01_25.pdf,High,2026-07-03
PRO_9873,EQU_9874,uses_material,0.5,False,,Russia,,Unverified,ГЖ_01_25.pdf,High,2026-07-03
FAC_3045,PRO_9875,researched_by,0.5,False,,Russia,,Confirmed,ГЖ_01_25.pdf,High,2026-07-03
PRO_9875,MAT_9164,operates_at_condition,0.5,False,Не соответствует современным требованиям СП 91.13330.2012 «Подземные горные выработки»,Russia,,Confirmed,ГЖ_01_25.pdf,High,2026-07-03
PRO_9873,PRO_9877,operates_at_condition,0.5,False,Стандартные методики оценки рисков,Unverified,,Unverified,ГЖ_01_25.pdf,High,2026-07-03
EXP_9878,PRO_9877,produces_output,0.5,False,Балльная оценка с учётом весовых долей факторов,Unverified,,Unverified,ГЖ_01_25.pdf,High,2026-07-03
MAT_9879,EQU_9881,uses_material,0.5,False,,Russia,,Confirmed,ГЖ_01_25.pdf,High,2026-07-03
PRO_9880,EQU_9881,operates_at_condition,0.5,False,,Russia,,Confirmed,ГЖ_01_25.pdf,High,2026-07-03
PRO_9880,MAT_9879,produces_output,0.5,False,,Russia,,Confirmed,ГЖ_01_25.pdf,High,2026-07-03
EXP_6169,MAT_9879,validated_by,0.5,False,В условиях ООО «ЕвроХим-ВолгаКалий»,Russia,,Confirmed,ГЖ_01_25.pdf,High,2026-07-03
MAT_9882,EQU_9884,uses_material,0.5,False,,Worldwide,,Confirmed,ГЖ_01_25.pdf,High,2026-07-03
PRO_9883,MAT_9882,produces_output,0.5,False,,Worldwide,,Confirmed,ГЖ_01_25.pdf,High,2026-07-03
FAC_9885,PRO_2652,uses_material,0.5,False,,Worldwide,,Unverified,ГЖ_01_25.pdf,High,2026-07-03
EXP_9886,FAC_9885,researched_by,0.5,False,,Worldwide,,Unverified,ГЖ_01_25.pdf,High,2026-07-03
FAC_6981,PRO_9868,researched_by,0.5,False,,Russia,,Confirmed,ГЖ_01_25.pdf,High,2026-07-03
FAC_6981,PRO_9873,researched_by,0.5,False,,Russia,,Confirmed,ГЖ_01_25.pdf,High,2026-07-03
MAT_9887,PRO_1598,uses_material,0.5,False,,Worldwide,,Unverified,ГЖ_01_25.pdf,High,2026-07-03
MAT_9887,PRO_3784,uses_material,0.5,False,,Worldwide,,Unverified,ГЖ_01_25.pdf,High,2026-07-03
PRO_1598,EQU_9888,operates_at_condition,0.5,False,,Worldwide,,Unverified,ГЖ_01_25.pdf,High,2026-07-03
PRO_1768,FAC_9890,researched_by,0.5,False,,Worldwide,,Confirmed,ГЖ_01_25.pdf,High,2026-07-03
PRO_9889,FAC_9890,researched_by,0.5,False,,Worldwide,,Confirmed,ГЖ_01_25.pdf,High,2026-07-03
PRO_2652,MAT_1399,uses_material,0.5,False,,Worldwide,,Confirmed,ГЖ_01_25.pdf,High,2026-07-03
PRO_2652,FAC_9891,operates_at_condition,0.5,False,"Среднегодовое количество осадков менее 200 мм, экстремальные температурные диапазоны",Казахстан,,Confirmed,ГЖ_01_25.pdf,High,2026-07-03
PUB_9892,PRO_9893,described_in,0.5,False,,Worldwide,,Confirmed,ГЖ_01_25.pdf,High,2026-07-03
PRO_9893,FAC_9894,operates_at_condition,0.5,False,относительно ровная площадка и хорошее качество складируемого материала,Kazakhstan,,Confirmed,ГЖ_01_25.pdf,High,2026-07-03
MAT_2044,PRO_490,operates_at_condition,0.5,False,категория по прочности при одноосном сжатии,Russia,120–170 МПа,Confirmed,ГЖ_01_25.pdf,High,2026-07-03
MAT_9900,PRO_490,operates_at_condition,0.5,False,категория по прочности при одноосном сжатии,Russia,170–260 МПа,Confirmed,ГЖ_01_25.pdf,High,2026-07-03
EXP_9902,MAT_9903,researched_by,0.5,False,"Лабораторные условия, одноосное сжатие",Russia,,Confirmed,ГЖ_01_25.pdf,High,2026-07-03
EXP_9902,FAC_5269,operates_at_condition,0.5,False,Глубины ниже 300 м,Russia,,Confirmed,ГЖ_01_25.pdf,High,2026-07-03
EQU_9909,MAT_1553,uses_material,0.5,False,,Worldwide,,Confirmed,ГЖ_01_25.pdf,High,2026-07-03
EXP_9914,MAT_5271,researched_by,0.5,False,,Russia,,Confirmed,ГЖ_01_25.pdf,High,2026-07-03
EXP_9914,MAT_458,researched_by,0.5,False,,Russia,,Confirmed,ГЖ_01_25.pdf,High,2026-07-03
EXP_9914,MAT_9913,researched_by,0.5,False,,Russia,,Confirmed,ГЖ_01_25.pdf,High,2026-07-03
EXP_9915,MAT_2044,researched_by,0.5,False,,Russia,,Confirmed,ГЖ_01_25.pdf,High,2026-07-03
PRO_9916,MAT_2044,uses_material,0.5,False,,Russia,,Confirmed,ГЖ_01_25.pdf,High,2026-07-03
MAT_9917,PRO_9918,uses_material,0.5,False,,Russia,,Confirmed,ГЖ_01_25.pdf,High,2026-07-03
MAT_9917,EQU_9919,validated_by,0.5,False,,Russia,,Confirmed,ГЖ_01_25.pdf,High,2026-07-03
MAT_9917,PRO_2564,operates_at_condition,0.5,False,,Russia,,Confirmed,ГЖ_01_25.pdf,High,2026-07-03
PRO_9920,MAT_3224,uses_material,0.5,False,,Worldwide,,Confirmed,ГЖ_01_25.pdf,High,2026-07-03
PRO_9920,EQU_9921,operates_at_condition,0.5,False,Боковое сжатие гидростатическим давлением,Worldwide,,Confirmed,ГЖ_01_25.pdf,High,2026-07-03
MAT_3224,PRO_3461,produces_output,0.5,False,,Worldwide,,Confirmed,ГЖ_01_25.pdf,High,2026-07-03
PRO_9922,MAT_3224,uses_material,0.5,False,,Worldwide,,Confirmed,ГЖ_01_25.pdf,High,2026-07-03
PRO_9922,EQU_9923,operates_at_condition,0.5,False,В лаборатории,Worldwide,,Confirmed,ГЖ_01_25.pdf,High,2026-07-03
MAT_9917,PRO_9924,researched_by,0.5,False,,Worldwide,,Confirmed,ГЖ_01_25.pdf,High,2026-07-03
MAT_9917,PRO_9925,operates_at_condition,0.5,False,Диапазон уплотнения от 0 до 10 МПа,Worldwide,0-10 МПа,Confirmed,ГЖ_01_25.pdf,High,2026-07-03
MAT_5271,PRO_9926,uses_material,0.5,False,одноосное сжатие,Russia,,Confirmed,ГЖ_01_25.pdf,High,2026-07-03
PRO_9926,EXP_9902,produces_output,0.5,False,,Russia,,Confirmed,ГЖ_01_25.pdf,High,2026-07-03
EXP_9927,MAT_3224,uses_material,0.5,False,,Worldwide,,Unverified,ГЖ_01_25.pdf,High,2026-07-03
MAT_9917,PRO_9922,operates_at_condition,0.5,False,Нагрузка от 0 до 10 МПа,Worldwide,,Confirmed,ГЖ_01_25.pdf,High,2026-07-03
PRO_9935,EQU_9936,uses_material,0.5,False,,Russia,,Confirmed,ГЖ_01_25.pdf,High,2026-07-03
MAT_9938,PRO_9940,operates_at_condition,0.5,False,,Worldwide,,Unverified,ГЖ_01_25.pdf,High,2026-07-03
MAT_9939,PRO_9940,operates_at_condition,0.5,False,,Worldwide,,Unverified,ГЖ_01_25.pdf,High,2026-07-03
PRO_9940,PRO_9941,produces_output,0.5,False,,Worldwide,,Unverified,ГЖ_01_25.pdf,High,2026-07-03
MAT_9943,PRO_9944,uses_material,0.5,False,,Worldwide,,Confirmed,ГЖ_01_25.pdf,High,2026-07-03
MAT_9943,PRO_9945,uses_material,0.5,False,,Worldwide,,Confirmed,ГЖ_01_25.pdf,High,2026-07-03
MAT_9943,EXP_9946,operates_at_condition,0.5,False,Various durations of hardening,Russia,,Confirmed,ГЖ_01_25.pdf,High,2026-07-03
PRO_9947,EQU_9948,uses_material,0.5,False,,Worldwide,,Confirmed,ГЖ_01_25.pdf,High,2026-07-03
PRO_9949,PRO_9951,operates_at_condition,0.5,False,Увеличение коэффициента фильтрации под влиянием процессов деформации вмещающих пород,Worldwide,,Confirmed,ГЖ_01_25.pdf,High,2026-07-03
PRO_9952,PRO_9949,produces_output,0.5,False,"Увеличение коэффициента фильтрации для пласта Д15 на 28,6 %",Worldwide,,Confirmed,ГЖ_01_25.pdf,High,2026-07-03
PRO_9953,EQU_9954,uses_material,0.5,False,,Worldwide,,Confirmed,ГЖ_01_25.pdf,High,2026-07-03
PRO_9955,EQU_9948,uses_material,0.5,False,,Worldwide,,Confirmed,ГЖ_01_25.pdf,High,2026-07-03
PRO_9955,EQU_9956,uses_material,0.5,False,,Worldwide,,Confirmed,ГЖ_01_25.pdf,High,2026-07-03
EQU_9957,FAC_7105,uses_material,0.5,False,,Russia,,Confirmed,ГЖ_01_25.pdf,High,2026-07-03
PRO_9958,PUB_896,described_in,0.5,False,,Russia,,Confirmed,ГЖ_01_25.pdf,High,2026-07-03
EXP_9959,PRO_9958,researched_by,0.5,False,,Russia,,Confirmed,ГЖ_01_25.pdf,High,2026-07-03
EXP_5413,EQU_9967,uses_material,0.5,False,,Worldwide,,Confirmed,ГЖ_01_25.pdf,High,2026-07-03
EXP_5413,PRO_9968,operates_at_condition,0.5,False,С учетом геологических условий и особенностей напряженного состояния горного массива,Worldwide,,Confirmed,ГЖ_01_25.pdf,High,2026-07-03
MAT_2044,FAC_9969,operates_at_condition,0.5,False,σсж: 70–260 МПа,Russia,,Unverified,ГЖ_01_25.pdf,High,2026-07-03
MAT_9913,FAC_9969,operates_at_condition,0.5,False,σсж: 120–170 МПа,Russia,,Unverified,ГЖ_01_25.pdf,High,2026-07-03
MAT_458,FAC_9969,operates_at_condition,0.5,False,σсж: 150–170 МПа,Russia,,Unverified,ГЖ_01_25.pdf,High,2026-07-03
PRO_9970,MAT_331,uses_material,0.5,False,,Worldwide,,Confirmed,ГЖ_01_25.pdf,High,2026-07-03
PRO_9970,EQU_9971,operates_at_condition,0.5,False,Интенсивный эксплуатационный режим,Worldwide,,Confirmed,ГЖ_01_25.pdf,High,2026-07-03
EXP_5413,PRO_9970,validated_by,0.5,False,,Worldwide,,Confirmed,ГЖ_01_25.pdf,High,2026-07-03
PRO_9972,EQU_9973,uses_material,0.5,False,,Worldwide,,Confirmed,ГЖ_01_25.pdf,High,2026-07-03
PRO_9972,MAT_6669,uses_material,0.5,False,"толщина 200 мм, класс бетона В25",Worldwide,,Confirmed,ГЖ_01_25.pdf,High,2026-07-03
PRO_9974,EQU_9975,uses_material,0.5,False,,Worldwide,,Unverified,ГЖ_01_25.pdf,High,2026-07-03
FAC_4053,EQU_9976,provides,0.5,False,,Worldwide,,Confirmed,ГЖ_01_25.pdf,High,2026-07-03
PRO_9977,EQU_9978,uses_material,0.5,False,,Worldwide,,Confirmed,ГЖ_01_25.pdf,High,2026-07-03
FAC_7105,MAT_6669,operates_at_condition,0.5,False,Срок службы крепи из торкрет-бетона в рассматриваемых условиях не превышает нескольких месяцев.,Russia,,Confirmed,ГЖ_01_25.pdf,High,2026-07-03
PRO_9979,EQU_9980,uses_material,0.5,False,,Worldwide,,Confirmed,ГЖ_01_25.pdf,High,2026-07-03
PRO_9979,PUB_9981,described_in,0.5,False,,Worldwide,,Confirmed,ГЖ_01_25.pdf,High,2026-07-03
EQU_9983,PRO_9982,uses_material,0.5,False,,Worldwide,,Confirmed,ГЖ_01_25.pdf,High,2026-07-03
PRO_9984,PRO_9982,operates_at_condition,0.5,False,,Worldwide,,Confirmed,ГЖ_01_25.pdf,High,2026-07-03
PRO_9986,EQU_9987,uses_material,0.5,False,,Worldwide,,Confirmed,ГЖ_01_25.pdf,High,2026-07-03
PRO_9986,PRO_9988,produces_output,0.5,False,,Worldwide,,Confirmed,ГЖ_01_25.pdf,High,2026-07-03
PUB_9989,PRO_9990,described_in,0.5,False,,Worldwide,,Confirmed,ГЖ_01_25.pdf,High,2026-07-03
PRO_9991,PRO_9992,uses_material,0.5,False,,Worldwide,,Unverified,ГЖ_01_25.pdf,High,2026-07-03
PRO_9992,PRO_9993,produces_output,0.5,False,,Worldwide,,Unverified,ГЖ_01_25.pdf,High,2026-07-03
FAC_9997,EQU_400,uses_material,0.5,False,,Russia,,Confirmed,ГЖ_01_25.pdf,High,2026-07-03
EQU_400,PRO_9998,operates_at_condition,0.5,False,Обеспечение сохранности ВЗТ,Russia,,Confirmed,ГЖ_01_25.pdf,High,2026-07-03
FAC_10000,PRO_10001,uses_material,0.5,False,,Worldwide,,Confirmed,ГЖ_01_25.pdf,High,2026-07-03
PUB_10002,FAC_10003,researched_by,0.5,False,,Russia,,Confirmed,ГЖ_01_25.pdf,High,2026-07-03
EQU_10005,MAT_10006,uses_material,0.5,False,Для обработки изображений керна,Worldwide,,Confirmed,ГЖ_01_25.pdf,High,2026-07-03
EQU_9967,PRO_10009,uses_material,0.5,False,,Worldwide,,Confirmed,ГЖ_01_25.pdf,High,2026-07-03
PRO_10010,EQU_10011,uses_material,0.5,False,,Worldwide,,Confirmed,ГЖ_01_25.pdf,High,2026-07-03
PRO_10010,PRO_4433,operates_at_condition,0.5,False,,Worldwide,,Confirmed,ГЖ_01_25.pdf,High,2026-07-03
EQU_2914,PRO_10010,validated_by,0.5,False,,Worldwide,,Confirmed,ГЖ_01_25.pdf,High,2026-07-03
EXP_10013,FAC_10012,researched_by,0.5,False,,Russia,,Confirmed,ГЖ_01_25.pdf,High,2026-07-03
EXP_10014,ORG_3615,researched_by,0.5,False,,Russia,,Confirmed,ГЖ_01_25.pdf,High,2026-07-03
PRO_10015,EQU_10016,uses_material,0.5,False,В зоне сопряжения,Worldwide,,Confirmed,ГЖ_01_25.pdf,High,2026-07-03
PRO_10015,EQU_10017,uses_material,0.5,False,В зоне сопряжения,Worldwide,,Confirmed,ГЖ_01_25.pdf,High,2026-07-03
PRO_10015,MAT_10018,uses_material,0.5,False,Для затяжки кровли,Worldwide,,Confirmed,ГЖ_01_25.pdf,High,2026-07-03
PRO_10019,EQU_9967,uses_material,0.5,False,,Russia,,Confirmed,ГЖ_01_25.pdf,High,2026-07-03
PRO_10019,PRO_4433,operates_at_condition,0.5,False,Проектные параметры горных выработок,Russia,,Confirmed,ГЖ_01_25.pdf,High,2026-07-03
FAC_1794,EVE_10020,hosted_event,0.5,False,,Worldwide,,Confirmed,ГЖ_01_25.pdf,High,2026-07-03
FAC_1794,EVE_10021,hosted_event,0.5,False,,Worldwide,,Confirmed,ГЖ_01_25.pdf,High,2026-07-03
ORG_6414,PUB_896,described_in,0.5,False,,Russia,,Confirmed,ГЖ_02_25.pdf,High,2026-07-03
EXP_10022,EQU_10023,uses_material,0.5,False,,Russia,,Confirmed,ГЖ_01_25.pdf,High,2026-07-03
EXP_10022,EQU_10024,uses_material,0.5,False,,Russia,,Confirmed,ГЖ_01_25.pdf,High,2026-07-03
EXP_10022,EQU_10025,uses_material,0.5,False,,Russia,,Confirmed,ГЖ_01_25.pdf,High,2026-07-03
EXP_10022,FAC_10026,researched_by,0.5,False,,Russia,,Confirmed,ГЖ_01_25.pdf,High,2026-07-03
FAC_10028,FAC_10027,researched_by,0.5,False,,Russia,,Confirmed,ГЖ_02_25.pdf,High,2026-07-03
PUB_896,FAC_7212,described_in,0.5,False,,Russia,,Confirmed,ГЖ_02_25.pdf,High,2026-07-03
PUB_896,FAC_9867,described_in,0.5,False,,Russia,,Confirmed,ГЖ_02_25.pdf,High,2026-07-03
FAC_1794,FAC_10012,researched_by,0.5,False,,Russia,,Confirmed,ГЖ_02_25.pdf,High,2026-07-03
FAC_9867,FAC_7212,researched_by,0.5,False,,Russia,,Unverified,ГЖ_02_25.pdf,High,2026-07-03
FAC_9867,PRO_10029,researched_by,0.5,False,,Russia,,Confirmed,ГЖ_02_25.pdf,High,2026-07-03
FAC_9867,PRO_10030,researched_by,0.5,False,,Russia,,Confirmed,ГЖ_02_25.pdf,High,2026-07-03
FAC_9867,MAT_9917,produces_output,0.5,False,,Russia,,Confirmed,ГЖ_02_25.pdf,High,2026-07-03
FAC_9867,FAC_10031,researched_by,0.5,False,,Russia,,Confirmed,ГЖ_02_25.pdf,High,2026-07-03
FAC_10031,EQU_10032,uses_material,0.5,False,,Russia,,Confirmed,ГЖ_02_25.pdf,High,2026-07-03
EQU_10032,FAC_10033,produces_output,0.5,False,регистрация сейсмических явлений с энергией от 6 Дж и более,Russia,,Confirmed,ГЖ_02_25.pdf,High,2026-07-03
EQU_10034,FAC_10035,operates_at_condition,0.5,False,в течение 30 мин,Russia,,Confirmed,ГЖ_02_25.pdf,High,2026-07-03
FAC_10035,PRO_10036,produces_output,0.5,False,,Russia,,Confirmed,ГЖ_02_25.pdf,High,2026-07-03
PRO_10038,FAC_6593,operates_at_condition,0.5,False,Для профилактики горных ударов и создания защищенных зон,Russia,,Confirmed,ГЖ_02_25.pdf,High,2026-07-03
EQU_10039,FAC_6593,validated_by,0.5,False,Для определения скоростей упругих колебаний и оценки упругих модулей горного массива,Russia,,Confirmed,ГЖ_02_25.pdf,High,2026-07-03
FAC_10041,PRO_10044,operates_at_condition,0.5,False,,Russia,,Confirmed,ГЖ_02_25.pdf,High,2026-07-03
PRO_10045,MAT_10046,uses_material,0.5,False,,Russia,,Unverified,ГЖ_02_25.pdf,High,2026-07-03
EQU_10047,MAT_10046,operates_at_condition,0.5,False,Адаптирована под реальные условия использования промышленных мельниц на ПЗК рудников,Russia,,Unverified,ГЖ_02_25.pdf,High,2026-07-03
EQU_10048,MAT_10046,operates_at_condition,0.5,False,Адаптирована под реальные условия использования промышленных мельниц на ПЗК рудников,Russia,,Unverified,ГЖ_02_25.pdf,High,2026-07-03
FAC_10052,PUB_10051,described_in,0.5,False,,Russia,,Confirmed,ГЖ_02_25.pdf,High,2026-07-03
FAC_10060,MAT_10059,produces_output,0.5,False,,Worldwide,,Confirmed,ГЖ_02_25.pdf,High,2026-07-03
MAT_10061,MAT_2445,uses_material,0.5,False,,Worldwide,,Confirmed,ГЖ_02_25.pdf,High,2026-07-03
MAT_1210,MAT_2445,uses_material,0.5,False,Содержит кобальт и мышьяк,Worldwide,,Confirmed,ГЖ_02_25.pdf,High,2026-07-03
MAT_6227,MAT_10061,uses_material,0.5,False,Вторая генерация развита в зальбандах бирюзовых жил,Worldwide,,Confirmed,ГЖ_02_25.pdf,High,2026-07-03
FAC_10062,PRO_10063,operates_at_condition,0.5,False,,Russia,,Confirmed,ГЖ_02_25.pdf,High,2026-07-03
FAC_10062,EQU_10064,uses_material,0.5,False,,Russia,,Confirmed,ГЖ_02_25.pdf,High,2026-07-03
FAC_10062,MAT_10046,researched_by,0.5,False,,Russia,,Confirmed,ГЖ_02_25.pdf,High,2026-07-03
FAC_10066,MAT_10061,produces_output,0.5,False,,Russia,,Confirmed,ГЖ_02_25.pdf,High,2026-07-03
FAC_10066,MAT_10065,produces_output,0.5,False,,Russia,,Confirmed,ГЖ_02_25.pdf,High,2026-07-03
EQU_10069,PRO_10067,uses_material,0.5,False,"U = 35 кВ, I = 20 мА, скорость съемки 1 град/мин",Russia,,Confirmed,ГЖ_02_25.pdf,High,2026-07-03
EQU_10070,PRO_10068,uses_material,0.5,False,"ускоряющее напряжение 20 кВ, ток пучка 20 нА, время набора спектра 120 с",Russia,,Confirmed,ГЖ_02_25.pdf,High,2026-07-03
PUB_10071,MAT_10072,described_in,0.5,False,,Worldwide,,Confirmed,ГЖ_02_25.pdf,High,2026-07-03
PUB_10071,MAT_10073,described_in,0.5,False,,Worldwide,,Confirmed,ГЖ_02_25.pdf,High,2026-07-03
MAT_10074,MAT_10065,contains,0.5,False,,Worldwide,,Confirmed,ГЖ_02_25.pdf,High,2026-07-03
MAT_10074,MAT_10075,contains,0.5,False,,Worldwide,,Confirmed,ГЖ_02_25.pdf,High,2026-07-03
MAT_10074,MAT_10076,contains,0.5,False,,Worldwide,,Confirmed,ГЖ_02_25.pdf,High,2026-07-03
MAT_10074,MAT_10077,contains,0.5,False,,Worldwide,,Confirmed,ГЖ_02_25.pdf,High,2026-07-03
MAT_10074,MAT_10078,contains,0.5,False,,Worldwide,,Confirmed,ГЖ_02_25.pdf,High,2026-07-03
MAT_2441,MAT_10079,produces_output,0.5,False,,Worldwide,,Unverified,ГЖ_02_25.pdf,High,2026-07-03
MAT_10080,MAT_10079,produces_output,0.5,False,,Worldwide,,Unverified,ГЖ_02_25.pdf,High,2026-07-03
MAT_10081,PRO_7151,uses_material,0.5,False,,Worldwide,,Confirmed,ГЖ_02_25.pdf,High,2026-07-03
MAT_6490,PRO_7151,uses_material,0.5,False,,Worldwide,,Confirmed,ГЖ_02_25.pdf,High,2026-07-03
MAT_10081,PRO_10082,uses_material,0.5,False,боковое давление увеличивает предел прочности,Worldwide,,Confirmed,ГЖ_02_25.pdf,High,2026-07-03
MAT_6490,PRO_10082,uses_material,0.5,False,боковое давление увеличивает предел прочности,Worldwide,,Confirmed,ГЖ_02_25.pdf,High,2026-07-03
PRO_10083,EQU_10084,uses_material,0.5,False,"боковое давление 1, 2, 3, 4 и 6 МПа",Russia,,Confirmed,ГЖ_02_25.pdf,High,2026-07-03
MAT_10081,PRO_862,operates_at_condition,0.5,False,трехосное напряженное состояние,Russia,,Confirmed,ГЖ_02_25.pdf,High,2026-07-03
EXP_10085,MAT_10081,produces_output,0.5,False,,Russia,,Confirmed,ГЖ_02_25.pdf,High,2026-07-03
PUB_10086,EXP_10085,described_in,0.5,False,,Russia,,Confirmed,ГЖ_02_25.pdf,High,2026-07-03
PUB_6400,EXP_10089,researched_by,0.5,False,,Russia,,Confirmed,ГЖ_02_25.pdf,High,2026-07-03
PUB_6400,EXP_10090,researched_by,0.5,False,,Russia,,Confirmed,ГЖ_02_25.pdf,High,2026-07-03
PUB_6400,EXP_10091,researched_by,0.5,False,,Russia,,Confirmed,ГЖ_02_25.pdf,High,2026-07-03
PRO_10092,MAT_10081,researched_by,0.5,False,,Worldwide,,Confirmed,ГЖ_02_25.pdf,High,2026-07-03
PRO_10092,PUB_896,described_in,0.5,False,,Worldwide,,Confirmed,ГЖ_02_25.pdf,High,2026-07-03
MAT_10093,PRO_10095,operates_at_condition,0.5,False,,Worldwide,,Unverified,ГЖ_02_25.pdf,High,2026-07-03
MAT_10094,PRO_10096,operates_at_condition,0.5,False,,Worldwide,,Unverified,ГЖ_02_25.pdf,High,2026-07-03
EQU_10097,PRO_10098,uses_material,0.5,False,,Worldwide,,Unverified,ГЖ_02_25.pdf,High,2026-07-03
EQU_304,PRO_10098,uses_material,0.5,False,,Worldwide,,Unverified,ГЖ_02_25.pdf,High,2026-07-03
PRO_10099,EQU_10100,uses_material,0.5,False,,Worldwide,,Confirmed,ГЖ_02_25.pdf,High,2026-07-03
PRO_10099,EQU_7358,uses_material,0.5,False,,Worldwide,,Confirmed,ГЖ_02_25.pdf,High,2026-07-03
EQU_10097,PRO_3069,uses_material,0.5,False,При разработке россыпных месторождений золота,Worldwide,,Confirmed,ГЖ_02_25.pdf,High,2026-07-03
EQU_10097,MAT_424,produces_output,0.5,False,При проведении вскрышных работ,Worldwide,,Confirmed,ГЖ_02_25.pdf,High,2026-07-03
EQU_10097,PRO_10101,uses_material,0.5,False,,Worldwide,,Unverified,ГЖ_02_25.pdf,High,2026-07-03
PRO_10105,EQU_7358,uses_material,0.5,False,,Worldwide,,Unverified,ГЖ_02_25.pdf,High,2026-07-03
PRO_10105,EQU_10100,uses_material,0.5,False,,Worldwide,,Unverified,ГЖ_02_25.pdf,High,2026-07-03
PUB_10102,EQU_10107,researched_by,0.5,False,,Worldwide,,Confirmed,ГЖ_02_25.pdf,High,2026-07-03
PUB_10106,EQU_10107,researched_by,0.5,False,,Russia,,Confirmed,ГЖ_02_25.pdf,High,2026-07-03
PRO_10108,EQU_7368,uses_material,0.5,False,,Worldwide,,Unverified,ГЖ_02_25.pdf,High,2026-07-03
FAC_10109,EQU_10110,uses_material,0.5,False,"В условиях Крайнего Севера, при глубине карьеров и скоплении вредных газов",Russia,,Unverified,ГЖ_02_25.pdf,High,2026-07-03
PRO_10111,EQU_10112,uses_material,0.5,False,,Worldwide,,Confirmed,ГЖ_02_25.pdf,High,2026-07-03
EQU_10112,MAT_10113,operates_at_condition,0.5,False,"Время дробления фиксировали секундомером, ширина выходного проема 15 мм",Worldwide,,Confirmed,ГЖ_02_25.pdf,High,2026-07-03
PRO_10114,EQU_10115,uses_material,0.5,False,Применение на открытых горных работах,Russia|Worldwide,,Confirmed,ГЖ_02_25.pdf,High,2026-07-03
EQU_10116,PRO_10108,operates_at_condition,0.5,False,"Число оборотов эксцентрика, размеры камеры",Worldwide,,Confirmed,ГЖ_02_25.pdf,High,2026-07-03
PRO_10108,PRO_10117,produces_output,0.5,False,"Длина рабочей камеры, число актов силового взаимодействия",Worldwide,,Confirmed,ГЖ_02_25.pdf,High,2026-07-03
EQU_10119,PRO_10118,uses_material,0.5,False,"конечная крупность кусков 100–300, 40–100 мм",Worldwide,,Confirmed,ГЖ_02_25.pdf,High,2026-07-03
EQU_10120,PRO_10118,uses_material,0.5,False,"конечная крупность кусков 100–300, 40–100 мм",Worldwide,,Confirmed,ГЖ_02_25.pdf,High,2026-07-03
PRO_10121,EQU_10122,operates_at_condition,0.5,False,,Worldwide,,Unverified,ГЖ_02_25.pdf,High,2026-07-03
PRO_10123,EQU_10124,uses_material,0.5,False,Open-pit mining conditions,Worldwide,,Confirmed,ГЖ_02_25.pdf,High,2026-07-03
PRO_10114,EQU_10125,uses_material,0.5,False,,Worldwide,,Confirmed,ГЖ_02_25.pdf,High,2026-07-03
PUB_10126,PRO_10114,described_in,0.5,False,,Russia,,Confirmed,ГЖ_02_25.pdf,High,2026-07-03
PRO_10127,EQU_10128,uses_material,0.5,False,,Worldwide,,Unverified,ГЖ_02_25.pdf,High,2026-07-03
PRO_10127,PRO_7774,operates_at_condition,0.5,False,,Worldwide,,Unverified,ГЖ_02_25.pdf,High,2026-07-03
EQU_10130,PRO_10131,uses_material,0.5,False,Мониторинг состояния подошвы уступа,Russia,,Confirmed,ГЖ_02_25.pdf,High,2026-07-03
EXP_10132,EQU_10130,validated_by,0.5,False,,Russia,,Confirmed,ГЖ_02_25.pdf,High,2026-07-03
PRO_10133,EQU_10134,uses_material,0.5,False,,Worldwide,,Unverified,ГЖ_02_25.pdf,High,2026-07-03
PRO_10133,PRO_10135,operates_at_condition,0.5,False,"Энергоёмкость зависит от скорости бурения, осевого давления, частоты вращения бурового долота и других параметров",Worldwide,,Unverified,ГЖ_02_25.pdf,High,2026-07-03
MAT_961,PRO_6518,uses_material,0.5,False,,Worldwide,,Confirmed,ГЖ_02_25.pdf,High,2026-07-03
PRO_6518,EQU_778,operates_at_condition,0.5,False,,Worldwide,,Confirmed,ГЖ_02_25.pdf,High,2026-07-03
MAT_961,PRO_10135,produces_output,0.5,False,,Worldwide,,Confirmed,ГЖ_02_25.pdf,High,2026-07-03
PRO_10135,PRO_6518,researched_by,0.5,False,Только внутри конкретного типа пород при условии системного анализа с использованием дополнительных показателей,Worldwide,,Partially_Confirmed,ГЖ_02_25.pdf,High,2026-07-03
PRO_6518,EXP_10136,validated_by,0.5,False,"Периодическое проведение через 1,5–2 года",Worldwide,,Confirmed,ГЖ_02_25.pdf,High,2026-07-03
EQU_10137,PRO_10127,uses_material,0.5,False,,Worldwide,,Confirmed,ГЖ_02_25.pdf,High,2026-07-03
EQU_10137,FAC_10138,operates_at_condition,0.5,False,,Russia,,Confirmed,ГЖ_02_25.pdf,High,2026-07-03
EXP_10140,PUB_10139,researched_by,0.5,False,,Russia,,Confirmed,ГЖ_02_25.pdf,High,2026-07-03
EQU_10141,EQU_10142,uses_material,0.5,False,При наличии отрицательной обратной связи,Не указано,Не указано,Unverified,ГЖ_02_25.pdf,High,2026-07-03
EXP_10143,EQU_10141,researched_by,0.5,False,В среде Matlab Simulink,Не указано,Не указано,Unverified,ГЖ_02_25.pdf,High,2026-07-03
EQU_10144,EQU_10145,uses_material,0.5,False,,Worldwide,,Confirmed,ГЖ_02_25.pdf,High,2026-07-03
PRO_10148,EXP_10149,researched_by,0.5,False,,Не указано,,Unverified,ГЖ_02_25.pdf,High,2026-07-03
EQU_10150,EQU_10151,uses_material,0.5,False,,Worldwide,,Confirmed,ГЖ_02_25.pdf,High,2026-07-03
EQU_10151,EQU_10152,produces_output,0.5,False,при низком напряжении до 1 кВ и мощностях до 1 МВт,Worldwide,,Confirmed,ГЖ_02_25.pdf,High,2026-07-03
EQU_10151,EQU_10153,optimal_parameter,0.5,False,при работе на одинаковой частоте коммутации,Worldwide,,Confirmed,ГЖ_02_25.pdf,High,2026-07-03
EXP_10154,MAT_10155,researched_by,0.5,False,,Worldwide,,Unverified,ГЖ_02_25.pdf,High,2026-07-03
EXP_10154,MAT_10156,researched_by,0.5,False,,Worldwide,,Unverified,ГЖ_02_25.pdf,High,2026-07-03
PRO_1152,EQU_10157,uses_material,0.5,False,"Суровые климатические условия, глубокие карьеры",Worldwide,,Unverified,ГЖ_02_25.pdf,High,2026-07-03
EQU_10157,PRO_10158,produces_output,0.5,False,,Worldwide,,Confirmed,ГЖ_02_25.pdf,High,2026-07-03
EQU_10157,PRO_10159,produces_output,0.5,False,Использование альтернативных источников топлива,Worldwide,,Partially_Confirmed,ГЖ_02_25.pdf,High,2026-07-03
EQU_10160,PRO_10161,operates_at_condition,0.5,False,При питании от ЛЭП 6 кВ,Worldwide,,Confirmed,ГЖ_02_25.pdf,High,2026-07-03
PRO_10162,EQU_10163,operates_at_condition,0.5,False,"Время пуска и торможения 1 с, время движения на установившейся скорости 1 с",Worldwide,,Confirmed,ГЖ_02_25.pdf,High,2026-07-03
EXP_10164,EQU_10163,researched_by,0.5,False,,Worldwide,,Confirmed,ГЖ_02_25.pdf,High,2026-07-03
EQU_10167,PRO_10166,produces_output,0.5,False,В системах электроснабжения с низким напряжением,Worldwide,,Confirmed,ГЖ_02_25.pdf,High,2026-07-03
PRO_10168,MAT_2964,operates_at_condition,0.5,False,"Естественный радиационный фон в обнажениях и глыбах пород варьирует от 0,07 до 7,8 мкЗв/ч",Worldwide,,Confirmed,ГЖ_02_25.pdf,High,2026-07-03
MAT_2964,PRO_10169,produces_output,0.5,False,,Worldwide,,Confirmed,ГЖ_02_25.pdf,High,2026-07-03
PUB_10172,PRO_10173,described_in,0.5,False,,Worldwide,,Confirmed,ГЖ_02_25.pdf,High,2026-07-03
EQU_10174,PRO_10173,uses_material,0.5,False,,Worldwide,,Confirmed,ГЖ_02_25.pdf,High,2026-07-03
FAC_10188,MAT_10187,uses_material,0.5,False,,Russia,,Confirmed,ГЖ_02_25.pdf,High,2026-07-03
FAC_10188,PRO_2652,operates_at_condition,0.5,False,,Russia,,Confirmed,ГЖ_02_25.pdf,High,2026-07-03
EXP_10189,FAC_10188,researched_by,0.5,False,,Russia,,Confirmed,ГЖ_02_25.pdf,High,2026-07-03
PUB_10190,FAC_10191,described_in,0.5,False,,Russia,,Confirmed,ГЖ_02_25.pdf,High,2026-07-03
EXP_10192,EQU_10193,uses_material,0.5,False,,Russia,,Confirmed,ГЖ_02_25.pdf,High,2026-07-03
EXP_10192,EQU_10194,uses_material,0.5,False,,Russia,,Confirmed,ГЖ_02_25.pdf,High,2026-07-03
EXP_10192,MAT_10195,operates_at_condition,0.5,False,Вблизи радиоактивных отвалов,Russia,,Confirmed,ГЖ_02_25.pdf,High,2026-07-03
EXP_10192,MAT_10196,operates_at_condition,0.5,False,На расстоянии 150–260 м от источников загрязнения,Russia,,Confirmed,ГЖ_02_25.pdf,High,2026-07-03
EXP_10192,MAT_10197,operates_at_condition,0.5,False,С зарастающих растительностью отработанных отвалов кучного выщелачивания,Russia,,Confirmed,ГЖ_02_25.pdf,High,2026-07-03
FAC_10198,PUB_10199,researched_by,0.5,False,,Russia,,Confirmed,ГЖ_02_25.pdf,High,2026-07-03
PRO_10200,MAT_1399,uses_material,0.5,False,,Worldwide,,Confirmed,ГЖ_02_25.pdf,High,2026-07-03
EXP_10202,PRO_10201,produces_output,0.5,False,Сезон работы (8 мес),Russia,"2,4-11,1 мЗв",Confirmed,ГЖ_02_25.pdf,High,2026-07-03
MAT_10205,PRO_9893,uses_material,0.5,False,,Russia,,Confirmed,ГЖ_02_25.pdf,High,2026-07-03
FAC_10206,MAT_10205,produces_output,0.5,False,,Russia,,Confirmed,ГЖ_02_25.pdf,High,2026-07-03
FAC_10012,EQU_10207,uses_material,0.5,False,,Russia,,Confirmed,ГЖ_02_25.pdf,High,2026-07-03
FAC_10012,PRO_10208,operates_at_condition,0.5,False,Моделирование реальных условий скважин,Russia,,Confirmed,ГЖ_02_25.pdf,High,2026-07-03
PRO_10209,MAT_10195,produces_output,0.5,False,,Worldwide,,Confirmed,ГЖ_02_25.pdf,High,2026-07-03
PRO_10210,MAT_10196,produces_output,0.5,False,,Worldwide,,Confirmed,ГЖ_02_25.pdf,High,2026-07-03
FAC_10012,PRO_10212,operates_at_condition,0.5,False,,Russia,,Confirmed,ГЖ_02_25.pdf,High,2026-07-03
EXP_10218,PUB_10217,researched_by,0.5,False,,Russia,,Confirmed,ГЖ_02_25.pdf,High,2026-07-03
FAC_10219,FAC_10220,researched_by,0.5,False,,Russia,,Confirmed,ГЖ_02_25.pdf,High,2026-07-03
FAC_10219,ORG_10221,collaborates_with,0.5,False,В рамках проекта ПИШ «СИГМА»,Russia,,Confirmed,ГЖ_02_25.pdf,High,2026-07-03
ORG_10224,FAC_10223,researched_by,0.5,False,,Russia,,Confirmed,ГЖ_02_25.pdf,High,2026-07-03
PUB_10235,FAC_10236,described_in,0.5,False,,Russia,,Confirmed,ГЖ_02_25.pdf,High,2026-07-03
PUB_10235,FAC_10237,described_in,0.5,False,,Russia,,Confirmed,ГЖ_02_25.pdf,High,2026-07-03
PUB_10235,FAC_10238,described_in,0.5,False,,Russia,,Confirmed,ГЖ_02_25.pdf,High,2026-07-03
EXP_10244,PUB_10243,researched_by,0.5,False,,Russia,,Confirmed,ГЖ_02_25.pdf,High,2026-07-03
FAC_10245,MAT_4848,produces_output,0.5,False,,Russia,,Confirmed,ГЖ_02_25.pdf,High,2026-07-03
FAC_10245,MAT_10246,produces_output,0.5,False,,Russia,,Confirmed,ГЖ_02_25.pdf,High,2026-07-03
EVE_10247,PUB_896,described_in,0.5,False,,Russia,,Confirmed,ГЖ_03_25.pdf,High,2026-07-03
ORG_6414,PUB_896,described_in,0.5,False,,Russia,,Confirmed,ГЖ_03_25.pdf,High,2026-07-03
ORG_6401,PUB_6400,publisher,0.5,False,,Russia,,Confirmed,ГЖ_03_25.pdf,High,2026-07-03
EQU_10248,EQU_10249,uses_material,0.5,False,,Worldwide,,Confirmed,ГЖ_02_25.pdf,High,2026-07-03
FAC_10250,EQU_10248,produces_output,0.5,False,,Worldwide,,Confirmed,ГЖ_02_25.pdf,High,2026-07-03
PUB_896,EXP_7819,researched_by,0.5,False,,Russia,,Confirmed,ГЖ_03_25.pdf,High,2026-07-03
PUB_896,EXP_10251,researched_by,0.5,False,,Russia,,Confirmed,ГЖ_03_25.pdf,High,2026-07-03
PUB_896,EXP_10252,researched_by,0.5,False,,Russia,,Confirmed,ГЖ_03_25.pdf,High,2026-07-03
PUB_896,EXP_10253,researched_by,0.5,False,,Russia,,Confirmed,ГЖ_03_25.pdf,High,2026-07-03
EQU_10254,PRO_1654,uses_material,0.5,False,,Russia,,Confirmed,ГЖ_03_25.pdf,High,2026-07-03
EXP_10255,PRO_3914,produces_output,0.5,False,,Russia,,Confirmed,ГЖ_03_25.pdf,High,2026-07-03
PRO_10256,EQU_1235,uses_material,0.5,False,,Worldwide,,Confirmed,ГЖ_03_25.pdf,High,2026-07-03
PRO_10256,EQU_10257,uses_material,0.5,False,,Worldwide,,Confirmed,ГЖ_03_25.pdf,High,2026-07-03
EQU_10258,EQU_10257,operates_at_condition,0.5,False,Использование алгоритма кластерного анализа DBSCAN,Worldwide,,Confirmed,ГЖ_03_25.pdf,High,2026-07-03
EQU_10258,PRO_10259,uses_material,0.5,False,,Worldwide,,Confirmed,ГЖ_03_25.pdf,High,2026-07-03
EQU_10262,PRO_10261,uses_material,0.5,False,,Worldwide,,Confirmed,ГЖ_03_25.pdf,High,2026-07-03
EXP_10263,EQU_10262,validated_by,0.5,False,,Worldwide,,Confirmed,ГЖ_03_25.pdf,High,2026-07-03
PRO_10264,EQU_10265,uses_material,0.5,False,,Worldwide,,Confirmed,ГЖ_03_25.pdf,High,2026-07-03
EQU_10265,EXP_10266,produces_output,0.5,False,,Russia,,Confirmed,ГЖ_03_25.pdf,High,2026-07-03
EXP_10270,PUB_10269,researched_by,0.5,False,,Russia,,Confirmed,ГЖ_03_25.pdf,High,2026-07-03
EXP_10271,PUB_10269,researched_by,0.5,False,,Russia,,Confirmed,ГЖ_03_25.pdf,High,2026-07-03
FAC_10284,EQU_10285,uses_material,0.5,False,,Worldwide,,Unverified,ГЖ_03_25.pdf,High,2026-07-03
PRO_2789,FAC_10286,operates_at_condition,0.5,False,,Russia,,Unverified,ГЖ_03_25.pdf,High,2026-07-03
PRO_2789,FAC_10287,operates_at_condition,0.5,False,,Russia,,Unverified,ГЖ_03_25.pdf,High,2026-07-03
PRO_10288,FAC_10287,researched_by,0.5,False,,Russia,,Unverified,ГЖ_03_25.pdf,High,2026-07-03
PRO_10289,MAT_10290,uses_material,0.5,False,,Worldwide,,Confirmed,ГЖ_03_25.pdf,High,2026-07-03
EXP_10291,MAT_10290,researched_by,0.5,False,Оценка величин деформаций крепи вертикального ствола при понижении горных работ,Russia,,Partially_Confirmed,ГЖ_03_25.pdf,High,2026-07-03
EXP_10293,PUB_10292,researched_by,0.5,False,,Russia,,Confirmed,ГЖ_03_25.pdf,High,2026-07-03
EXP_10294,PUB_10292,researched_by,0.5,False,,Russia,,Confirmed,ГЖ_03_25.pdf,High,2026-07-03
EXP_10295,PUB_10292,researched_by,0.5,False,,Russia,,Confirmed,ГЖ_03_25.pdf,High,2026-07-03
PRO_8252,FAC_10297,uses_material,0.5,False,,Russia,,Confirmed,ГЖ_03_25.pdf,High,2026-07-03
PRO_8252,EXP_10296,produces_output,0.5,False,,Russia,,Confirmed,ГЖ_03_25.pdf,High,2026-07-03
EXP_10298,PUB_10299,described_in,0.5,False,,Russia,,Confirmed,ГЖ_03_25.pdf,High,2026-07-03
EXP_10298,PUB_10300,described_in,0.5,False,,Worldwide,,Confirmed,ГЖ_03_25.pdf,High,2026-07-03
PRO_10302,MAT_10301,uses_material,0.5,False,,Russia,,Confirmed,ГЖ_03_25.pdf,High,2026-07-03
EXP_10304,PRO_10303,researched_by,0.5,False,в лабораторных условиях,Russia,,Confirmed,ГЖ_03_25.pdf,High,2026-07-03
PRO_10306,MAT_10305,uses_material,0.5,False,Глинистость 10-25%,Worldwide,,Confirmed,ГЖ_03_25.pdf,High,2026-07-03
MAT_10305,PRO_3274,operates_at_condition,0.5,False,Одноосное сжатие,Worldwide,,Confirmed,ГЖ_03_25.pdf,High,2026-07-03
MAT_6490,MAT_9454,researched_by,0.5,False,,Russia,,Confirmed,ГЖ_03_25.pdf,High,2026-07-03
MAT_6490,MAT_10307,uses_material,0.5,False,,Russia,,Confirmed,ГЖ_03_25.pdf,High,2026-07-03
MAT_10310,PRO_9828,operates_at_condition,0.5,False,содержание глинистых прослоев влияет на прочность пород и интенсивность их разрушения,Russia,,Confirmed,ГЖ_03_25.pdf,High,2026-07-03
PRO_9828,FAC_10311,produces_output,0.5,False,интенсивное разрушение пород кровли и междукамерных целиков,Russia,,Confirmed,ГЖ_03_25.pdf,High,2026-07-03
MAT_10312,PRO_10313,researched_by,0.5,False,,Worldwide,,Confirmed,ГЖ_03_25.pdf,High,2026-07-03
PUB_6441,PRO_10313,described_in,0.5,False,,Worldwide,,Confirmed,ГЖ_03_25.pdf,High,2026-07-03
MAT_10314,MAT_10310,uses_material,0.5,False,,Worldwide,,Unverified,ГЖ_03_25.pdf,High,2026-07-03
PRO_10315,MAT_10314,operates_at_condition,0.5,False,"Температура 24–25 °C, отсутствие массопереноса воздуха",Worldwide,,Unverified,ГЖ_03_25.pdf,High,2026-07-03
PRO_10315,MAT_10310,produces_output,0.5,False,Предел прочности на одноосное сжатие,Worldwide,,Unverified,ГЖ_03_25.pdf,High,2026-07-03
EXP_10318,EQU_10316,uses_material,0.5,False,,Worldwide,,Unverified,ГЖ_03_25.pdf,High,2026-07-03
EXP_10318,EQU_10317,uses_material,0.5,False,,Worldwide,,Unverified,ГЖ_03_25.pdf,High,2026-07-03
PRO_10319,MAT_1881,uses_material,0.5,False,,Worldwide,,Confirmed,ГЖ_03_25.pdf,High,2026-07-03
EXP_10321,MAT_1881,operates_at_condition,0.5,False,Модуль упругости определяется в образце и массиве,Worldwide,,Confirmed,ГЖ_03_25.pdf,High,2026-07-03
PUB_10320,PRO_10319,described_in,0.5,False,,Worldwide,,Confirmed,ГЖ_03_25.pdf,High,2026-07-03
MAT_3238,PRO_3274,operates_at_condition,0.5,False,Содержание н.о. менее 2%,Worldwide,"28,32 МПа",Confirmed,ГЖ_03_25.pdf,High,2026-07-03
MAT_6490,PRO_3274,operates_at_condition,0.5,False,Содержание н.о. менее 2%,Worldwide,"23,44 МПа",Confirmed,ГЖ_03_25.pdf,High,2026-07-03
EXP_10324,PRO_10322,operates_at_condition,0.5,False,Содержание глинистых включений: 0-100%,Russia,,Partially_Confirmed,ГЖ_03_25.pdf,High,2026-07-03
EXP_10324,MAT_10314,uses_material,0.5,False,,Russia,,Partially_Confirmed,ГЖ_03_25.pdf,High,2026-07-03
PRO_10325,MAT_3238,produces_output,0.5,False,,Worldwide,,Unverified,ГЖ_03_25.pdf,High,2026-07-03
PRO_10325,EQU_532,uses_material,0.5,False,,Worldwide,,Unverified,ГЖ_03_25.pdf,High,2026-07-03
FAC_10326,MAT_3238,uses_material,0.5,False,,Russia,,Confirmed,ГЖ_03_25.pdf,High,2026-07-03
FAC_10326,EQU_400,operates_at_condition,0.5,False,,Russia,,Confirmed,ГЖ_03_25.pdf,High,2026-07-03
FAC_10326,PRO_10327,operates_at_condition,0.5,False,степень заполнения более 60%,Russia,,Confirmed,ГЖ_03_25.pdf,High,2026-07-03
PRO_10328,MAT_6495,uses_material,0.5,False,,Worldwide,,Unverified,ГЖ_03_25.pdf,High,2026-07-03
EQU_10329,MAT_6495,produces_output,0.5,False,"mr, H, ωн.о.",Worldwide,,Unverified,ГЖ_03_25.pdf,High,2026-07-03
MAT_10330,PRO_8487,operates_at_condition,0.5,False,Increased halopelite content,Worldwide,0-100% insoluble residue content,Confirmed,ГЖ_03_25.pdf,High,2026-07-03
PRO_10331,MAT_10330,uses_material,0.5,False,,Russia,,Confirmed,ГЖ_03_25.pdf,High,2026-07-03
EXP_10332,MAT_10330,validated_by,0.5,False,Investigation of strength variation,Russia,,Confirmed,ГЖ_03_25.pdf,High,2026-07-03
PUB_10333,FAC_9485,described_in,0.5,False,,Russia,,Confirmed,ГЖ_03_25.pdf,High,2026-07-03
PUB_10334,FAC_9485,researched_by,0.5,False,,Worldwide,,Confirmed,ГЖ_03_25.pdf,High,2026-07-03
PUB_10335,FAC_9485,researched_by,0.5,False,,Worldwide,,Confirmed,ГЖ_03_25.pdf,High,2026-07-03
FAC_9485,PRO_10336,operates_at_condition,0.5,False,"Пологое залегание пласта, отработка 'узкими' камерами шириной 5,5 м, небольшая мощность междупластья, большое содержание нерастворимого остатка – 3,7%",Russia,,Confirmed,ГЖ_03_25.pdf,High,2026-07-03
PRO_10336,PRO_10337,produces_output,0.5,False,,Russia,,Confirmed,ГЖ_03_25.pdf,High,2026-07-03
PRO_5270,EQU_10338,uses_material,0.5,False,Частота 200 дискретов в секунду,Worldwide,,Confirmed,ГЖ_03_25.pdf,High,2026-07-03
EQU_10338,PRO_10339,produces_output,0.5,False,,Worldwide,,Confirmed,ГЖ_03_25.pdf,High,2026-07-03
EXP_10340,PUB_10341,described_in,0.5,False,,Worldwide,,Confirmed,ГЖ_03_25.pdf,High,2026-07-03
PRO_10342,MAT_10343,researched_by,0.5,False,,Worldwide,,Confirmed,ГЖ_03_25.pdf,High,2026-07-03
PRO_10342,PRO_10344,operates_at_condition,0.5,False,,Worldwide,,Confirmed,ГЖ_03_25.pdf,High,2026-07-03
EXP_10345,PRO_10346,operates_at_condition,0.5,False,"Глубина: 0-600 м, VpV: 2600-3600 м/с",Worldwide,,Unverified,ГЖ_03_25.pdf,High,2026-07-03
EXP_10347,MAT_6619,researched_by,0.5,False,,Worldwide,,Unverified,ГЖ_03_25.pdf,High,2026-07-03
PRO_3880,PRO_10350,operates_at_condition,0.5,False,Структурная нарушенность породного массива,Worldwide,,Unverified,ГЖ_03_25.pdf,High,2026-07-03
PRO_3880,PRO_10351,operates_at_condition,0.5,False,Структурная нарушенность породного массива,Worldwide,,Unverified,ГЖ_03_25.pdf,High,2026-07-03
EXP_10352,PRO_10350,validated_by,0.5,False,,Worldwide,,Confirmed,ГЖ_03_25.pdf,High,2026-07-03
MAT_6619,PRO_10353,operates_at_condition,0.5,False,Внешняя вертикальная нагрузка,Worldwide,,Confirmed,ГЖ_03_25.pdf,High,2026-07-03
PRO_10353,EXP_10354,validated_by,0.5,False,,Worldwide,,Confirmed,ГЖ_03_25.pdf,High,2026-07-03
PRO_10355,PRO_10356,produces_output,0.5,False,,Worldwide,,Unverified,ГЖ_03_25.pdf,High,2026-07-03
EXP_10357,PRO_10356,operates_at_condition,0.5,False,,Worldwide,,Unverified,ГЖ_03_25.pdf,High,2026-07-03
EXP_10358,PUB_10359,described_in,0.5,False,,Worldwide,,Confirmed,ГЖ_03_25.pdf,High,2026-07-03
EXP_10358,PUB_10360,described_in,0.5,False,,Worldwide,,Confirmed,ГЖ_03_25.pdf,High,2026-07-03
PRO_1496,FAC_6522,operates_at_condition,0.5,False,"Масса зарядов ВВ: 2–7,2 т",Russia,,Confirmed,ГЖ_03_25.pdf,High,2026-07-03
PRO_1496,PRO_10363,produces_output,0.5,False,Энергетический класс 6 и более,Russia,Среднегодовые интервалы: 11 лет,Confirmed,ГЖ_03_25.pdf,High,2026-07-03
MAT_10364,PRO_10365,operates_at_condition,0.5,False,Одноосное сжатие,Worldwide,,Unverified,ГЖ_03_25.pdf,High,2026-07-03
FAC_10366,PRO_10367,operates_at_condition,0.5,False,Большие глубины и сложные геологические условия,Russia|Worldwide,,Confirmed,ГЖ_03_25.pdf,High,2026-07-03
PRO_10368,PRO_10369,operates_at_condition,0.5,False,,Worldwide,,Confirmed,ГЖ_03_25.pdf,High,2026-07-03
PRO_10368,PRO_10370,operates_at_condition,0.5,False,,Worldwide,,Confirmed,ГЖ_03_25.pdf,High,2026-07-03
PRO_10368,PRO_10371,operates_at_condition,0.5,False,,Worldwide,,Confirmed,ГЖ_03_25.pdf,High,2026-07-03
PRO_10372,PRO_3914,operates_at_condition,0.5,False,Уровень удароопасности 'Неопасно',Russia,,Confirmed,ГЖ_03_25.pdf,High,2026-07-03
PRO_10372,EQU_2138,uses_material,0.5,False,,Russia,,Confirmed,ГЖ_03_25.pdf,High,2026-07-03
EXP_10373,PRO_3914,researched_by,0.5,False,,Russia,,Confirmed,ГЖ_03_25.pdf,High,2026-07-03
PUB_10374,EXP_10375,described_in,0.5,False,,Russia,,Confirmed,ГЖ_03_25.pdf,High,2026-07-03
EXP_10375,MAT_10376,researched_by,0.5,False,,Russia,,Confirmed,ГЖ_03_25.pdf,High,2026-07-03
PRO_4657,EQU_10377,uses_material,0.5,False,,Worldwide,,Confirmed,ГЖ_03_25.pdf,High,2026-07-03
PRO_4657,EQU_10378,uses_material,0.5,False,,Worldwide,,Confirmed,ГЖ_03_25.pdf,High,2026-07-03
PRO_4657,EQU_10379,uses_material,0.5,False,,Worldwide,,Confirmed,ГЖ_03_25.pdf,High,2026-07-03
PRO_10381,EQU_10382,uses_material,0.5,False,,Worldwide,,Confirmed,ГЖ_03_25.pdf,High,2026-07-03
PRO_10381,PRO_10383,operates_at_condition,0.5,False,Энергия событий варьируется от 1e+06 Дж до 1e+07 Дж,Worldwide,1e+06 Дж - 1e+07 Дж,Confirmed,ГЖ_03_25.pdf,High,2026-07-03
MAT_10384,PRO_7353,operates_at_condition,0.5,False,В условиях высоконапряженных массивов,Worldwide,,Unverified,ГЖ_03_25.pdf,High,2026-07-03
MAT_10384,PRO_6269,operates_at_condition,0.5,False,В приконтактной зоне вмещающих пород,Worldwide,,Unverified,ГЖ_03_25.pdf,High,2026-07-03
MAT_10384,PRO_6529,operates_at_condition,0.5,False,В условиях трещиноватости,Worldwide,,Unverified,ГЖ_03_25.pdf,High,2026-07-03
EXP_10386,PUB_10385,researched_by,0.5,False,,Russia,,Confirmed,ГЖ_03_25.pdf,High,2026-07-03
EXP_10387,PUB_10385,researched_by,0.5,False,,Russia,,Confirmed,ГЖ_03_25.pdf,High,2026-07-03
EXP_10388,PUB_10385,researched_by,0.5,False,,Russia,,Confirmed,ГЖ_03_25.pdf,High,2026-07-03
PRO_10389,PRO_10390,researched_by,0.5,False,,Worldwide,,Unverified,ГЖ_03_25.pdf,High,2026-07-03
MAT_10391,PRO_10390,produces_output,0.5,False,"Предел прочности при сжатии: 182–185 МПа, предел прочности при растяжении: 12,7–14,6 МПа",Worldwide,,Confirmed,ГЖ_03_25.pdf,High,2026-07-03
MAT_10392,PRO_10390,produces_output,0.5,False,"Предел прочности при сжатии: 182–185 МПа, предел прочности при растяжении: 12,7–14,6 МПа",Worldwide,,Confirmed,ГЖ_03_25.pdf,High,2026-07-03
FAC_1264,PRO_2137,researched_by,0.5,False,,Worldwide,,Confirmed,ГЖ_03_25.pdf,High,2026-07-03
PRO_10393,MAT_10394,operates_at_condition,0.5,False,In areas of hidden geological disjunctives,Worldwide,,Unverified,ГЖ_03_25.pdf,High,2026-07-03
PRO_10393,MAT_10395,operates_at_condition,0.5,False,In areas of hidden geological disjunctives,Worldwide,,Unverified,ГЖ_03_25.pdf,High,2026-07-03
MAT_9243,PRO_10396,produces_output,0.5,False,Способ складирования: сухой или гидравлический,Worldwide,,Confirmed,ГЖ_03_25.pdf,High,2026-07-03
PRO_10396,PRO_10397,operates_at_condition,0.5,False,Водонасыщение пород,Worldwide,"ksof < 0,75 для размягчаемых пород, ksof ≥ 0,75 для неразмягчаемых пород",Confirmed,ГЖ_03_25.pdf,High,2026-07-03
PRO_10398,MAT_10399,uses_material,0.5,False,,Russia,,Confirmed,ГЖ_03_25.pdf,High,2026-07-03
FAC_1512,MAT_10399,produces_output,0.5,False,С 2020 г. складируют сгущенный инертный материал с соотношением Т:Ж = 54:46,Russia,,Confirmed,ГЖ_03_25.pdf,High,2026-07-03
FAC_3679,MAT_10399,produces_output,0.5,False,Заполнение открытой горной выработки с соотношением Т:Ж = 75:25,Russia,,Confirmed,ГЖ_03_25.pdf,High,2026-07-03
PRO_10400,FAC_10401,produces_output,0.5,False,,Worldwide,,Confirmed,ГЖ_03_25.pdf,High,2026-07-03
FAC_10401,PRO_7553,uses_material,0.5,False,"Заполнение выработанного пространства карьеров подземными и поверхностными водами, а также атмосферными осадками",Worldwide,,Confirmed,ГЖ_03_25.pdf,High,2026-07-03
PRO_10381,MAT_10402,researched_by,0.5,False,Сейсмические события с энергией более 102 Дж,Russia|Worldwide,,Confirmed,ГЖ_03_25.pdf,High,2026-07-03
PRO_5309,FAC_10403,operates_at_condition,0.5,False,Вблизи карьера,Worldwide,,Unverified,ГЖ_03_25.pdf,High,2026-07-03
PRO_5309,MAT_6495,uses_material,0.5,False,,Worldwide,,Unverified,ГЖ_03_25.pdf,High,2026-07-03
PRO_10396,MAT_5610,uses_material,0.5,False,,Worldwide,,Confirmed,ГЖ_03_25.pdf,High,2026-07-03
PRO_10396,MAT_10404,uses_material,0.5,False,,Worldwide,,Confirmed,ГЖ_03_25.pdf,High,2026-07-03
PRO_10396,MAT_10405,uses_material,0.5,False,,Worldwide,,Confirmed,ГЖ_03_25.pdf,High,2026-07-03
PRO_10406,MAT_10407,uses_material,0.5,False,,Worldwide,,Unverified,ГЖ_03_25.pdf,High,2026-07-03
PRO_10406,MAT_10404,uses_material,0.5,False,,Worldwide,,Unverified,ГЖ_03_25.pdf,High,2026-07-03
PRO_10406,MAT_10405,uses_material,0.5,False,,Worldwide,,Unverified,ГЖ_03_25.pdf,High,2026-07-03
PRO_10406,MAT_10408,uses_material,0.5,False,,Worldwide,,Unverified,ГЖ_03_25.pdf,High,2026-07-03
MAT_9737,FAC_1623,uses_material,0.5,False,,Worldwide,,Confirmed,ГЖ_03_25.pdf,High,2026-07-03
MAT_10409,FAC_1623,uses_material,0.5,False,,Worldwide,,Confirmed,ГЖ_03_25.pdf,High,2026-07-03
MAT_10314,FAC_1623,uses_material,0.5,False,,Worldwide,,Confirmed,ГЖ_03_25.pdf,High,2026-07-03
PRO_10410,FAC_1623,operates_at_condition,0.5,False,Изменение гидрогеологических условий,Worldwide,,Confirmed,ГЖ_03_25.pdf,High,2026-07-03
PRO_10411,FAC_1623,produces_output,0.5,False,Проницаемость пород,Worldwide,,Confirmed,ГЖ_03_25.pdf,High,2026-07-03
MAT_961,PRO_2564,operates_at_condition,0.5,False,Изменение свойств под воздействием внешних и внутренних факторов,Worldwide,,Confirmed,ГЖ_03_25.pdf,High,2026-07-03
PRO_10412,FAC_1623,produces_output,0.5,False,Влияние на устойчивость бортов карьеров,Worldwide,,Confirmed,ГЖ_03_25.pdf,High,2026-07-03
PUB_10413,EXP_10414,researched_by,0.5,False,,Worldwide,,Confirmed,ГЖ_03_25.pdf,High,2026-07-03
PUB_10413,EXP_10415,researched_by,0.5,False,,Worldwide,,Confirmed,ГЖ_03_25.pdf,High,2026-07-03
MAT_10416,FAC_1623,uses_material,0.5,False,,Russia,,Unverified,ГЖ_03_25.pdf,High,2026-07-03
PRO_10417,MAT_10416,produces_output,0.5,False,,Russia,,Unverified,ГЖ_03_25.pdf,High,2026-07-03
FAC_1623,MAT_10419,uses_material,0.5,False,,Worldwide,,Confirmed,ГЖ_03_25.pdf,High,2026-07-03
PUB_10418,FAC_1623,described_in,0.5,False,,Worldwide,,Confirmed,ГЖ_03_25.pdf,High,2026-07-03
PRO_9005,MAT_10420,uses_material,0.5,False,,Worldwide,,Unverified,ГЖ_03_25.pdf,High,2026-07-03
MAT_8719,MAT_10420,operates_at_condition,0.5,False,Механическое подобие,Worldwide,,Unverified,ГЖ_03_25.pdf,High,2026-07-03
EXP_10421,PRO_10422,researched_by,0.5,False,,Worldwide,,Confirmed,ГЖ_03_25.pdf,High,2026-07-03
PRO_9005,PRO_10423,researched_by,0.5,False,,Worldwide,,Confirmed,ГЖ_03_25.pdf,High,2026-07-03
PRO_10424,PRO_10423,researched_by,0.5,False,,Worldwide,,Confirmed,ГЖ_03_25.pdf,High,2026-07-03
PRO_9005,EXP_10425,used_in,0.5,False,,Worldwide,,Confirmed,ГЖ_03_25.pdf,High,2026-07-03
PRO_10422,EXP_10425,analyzed_in,0.5,False,"Диапазон значений 1,2–1,5",Worldwide,1.2-1.5,Confirmed,ГЖ_03_25.pdf,High,2026-07-03
PRO_10429,MAT_10376,uses_material,0.5,False,,Worldwide,,Confirmed,ГЖ_03_25.pdf,High,2026-07-03
PUB_10428,PRO_10429,described_in,0.5,False,,Worldwide,,Confirmed,ГЖ_03_25.pdf,High,2026-07-03
EXP_10435,PUB_10434,researched_by,0.5,False,,Russia,,Confirmed,ГЖ_03_25.pdf,High,2026-07-03
PRO_10436,PRO_10437,operates_at_condition,0.5,False,,Worldwide,,Confirmed,ГЖ_03_25.pdf,High,2026-07-03
PRO_10437,PRO_10438,produces_output,0.5,False,,Worldwide,,Confirmed,ГЖ_03_25.pdf,High,2026-07-03
PRO_10436,MOD_10439,described_in,0.5,False,,Worldwide,,Confirmed,ГЖ_03_25.pdf,High,2026-07-03
PRO_10436,MOD_10440,described_in,0.5,False,,Worldwide,,Confirmed,ГЖ_03_25.pdf,High,2026-07-03
PRO_4148,MAT_6519,uses_material,0.5,False,,Worldwide,,Confirmed,ГЖ_03_25.pdf,High,2026-07-03
PRO_4148,PRO_10442,operates_at_condition,0.5,False,,Worldwide,,Confirmed,ГЖ_03_25.pdf,High,2026-07-03
PRO_4148,PRO_10443,operates_at_condition,0.5,False,,Worldwide,,Confirmed,ГЖ_03_25.pdf,High,2026-07-03
PRO_4148,PRO_10444,operates_at_condition,0.5,False,,Worldwide,,Confirmed,ГЖ_03_25.pdf,High,2026-07-03
PRO_10445,EQU_10446,uses_material,0.5,False,,Worldwide,,Confirmed,ГЖ_03_25.pdf,High,2026-07-03
EQU_10446,PRO_10135,produces_output,0.5,False,,Worldwide,,Confirmed,ГЖ_03_25.pdf,High,2026-07-03
PRO_10445,PRO_10135,operates_at_condition,0.5,False,,Worldwide,,Confirmed,ГЖ_03_25.pdf,High,2026-07-03
EXP_10447,PUB_10448,described_in,0.5,False,,Russia,,Confirmed,ГЖ_03_25.pdf,High,2026-07-03
EQU_10449,PRO_10450,uses_material,0.5,False,,Worldwide,,Unverified,ГЖ_03_25.pdf,High,2026-07-03
EQU_10449,PRO_10451,uses_material,0.5,False,,Worldwide,,Unverified,ГЖ_03_25.pdf,High,2026-07-03
PRO_10452,EQU_10449,uses_material,0.5,False,,Russia,,Confirmed,ГЖ_03_25.pdf,High,2026-07-03
PRO_9601,MAT_8004,uses_material,0.5,False,,Worldwide,,Confirmed,ГЖ_03_25.pdf,High,2026-07-03
PRO_9601,EXP_10453,validated_by,0.5,False,,Worldwide,,Confirmed,ГЖ_03_25.pdf,High,2026-07-03
EXP_10453,PUB_142,described_in,0.5,False,,Worldwide,,Confirmed,ГЖ_03_25.pdf,High,2026-07-03
PUB_10454,EQU_10455,described_in,0.5,False,,Russia,,Confirmed,ГЖ_03_25.pdf,High,2026-07-03
PRO_10456,MOD_10458,uses_material,0.5,False,,Worldwide,,Confirmed,ГЖ_03_25.pdf,High,2026-07-03
PRO_10456,PUB_10457,described_in,0.5,False,,Australia,,Confirmed,ГЖ_03_25.pdf,High,2026-07-03
EQU_10449,PUB_10459,described_in,0.5,False,,Worldwide,,Unverified,ГЖ_03_25.pdf,High,2026-07-03
EQU_10449,PUB_10460,described_in,0.5,False,,Worldwide,,Unverified,ГЖ_03_25.pdf,High,2026-07-03
EXP_10461,FAC_1793,researched_by,0.5,False,,Russia,,Confirmed,ГЖ_03_25.pdf,High,2026-07-03
EXP_10461,PUB_10462,described_in,0.5,False,,Russia,,Confirmed,ГЖ_03_25.pdf,High,2026-07-03
EXP_10463,FAC_10464,researched_by,0.5,False,,Russia,,Confirmed,ГЖ_03_25.pdf,High,2026-07-03
EXP_10463,FAC_10465,researched_by,0.5,False,,Russia,,Confirmed,ГЖ_03_25.pdf,High,2026-07-03
EXP_10463,FAC_10466,researched_by,0.5,False,,Ukraine,,Confirmed,ГЖ_03_25.pdf,High,2026-07-03
ORG_6414,PUB_896,described_in,0.5,False,,Russia,,Confirmed,ГЖ_04_25.pdf,High,2026-07-03
EXP_10467,PUB_896,researched_by,0.5,False,,Russia,,Unverified,ГЖ_04_25.pdf,High,2026-07-03
EXP_10468,PUB_896,researched_by,0.5,False,,Russia,,Unverified,ГЖ_04_25.pdf,High,2026-07-03
EXP_7047,PUB_896,researched_by,0.5,False,,Russia,,Unverified,ГЖ_04_25.pdf,High,2026-07-03
PUB_896,EXP_10469,described_in,0.5,False,,Russia,,Confirmed,ГЖ_04_25.pdf,High,2026-07-03
PUB_896,EXP_10470,described_in,0.5,False,,Russia,,Confirmed,ГЖ_04_25.pdf,High,2026-07-03
PUB_896,EXP_10471,described_in,0.5,False,,Russia,,Confirmed,ГЖ_04_25.pdf,High,2026-07-03
PUB_896,EXP_10472,described_in,0.5,False,,Russia,,Confirmed,ГЖ_04_25.pdf,High,2026-07-03
PUB_896,EXP_10473,described_in,0.5,False,,Russia,,Confirmed,ГЖ_04_25.pdf,High,2026-07-03
PUB_895,PRO_10474,uses_material,0.5,False,,Worldwide,,Confirmed,ГЖ_04_25.pdf,High,2026-07-03
PRO_10474,EQU_10475,operates_at_condition,0.5,False,Метод масс-спектрометрии с индуктивно связанной плазмой,Russia,,Confirmed,ГЖ_04_25.pdf,High,2026-07-03
PUB_895,MAT_6083,contains,0.5,False,Содержание редких металлов в углях Дальнего Востока,Russia,"Потенциальная извлекаемая ценность 1 т угля возрастает в 1,6–1,9 раза",Confirmed,ГЖ_04_25.pdf,High,2026-07-03
MAT_2233,MAT_10487,contains,0.5,False,,Worldwide,,Confirmed,ГЖ_04_25.pdf,High,2026-07-03
PRO_10488,MAT_2233,operates_at_condition,0.5,False,Наличие повышенных концентраций ценных металлов,Worldwide,,Confirmed,ГЖ_04_25.pdf,High,2026-07-03
EXP_10489,MAT_2233,researched_by,0.5,False,,Russia,,Confirmed,ГЖ_04_25.pdf,High,2026-07-03
PUB_895,PRO_8137,uses_material,0.5,False,,Worldwide,,Confirmed,ГЖ_04_25.pdf,High,2026-07-03
PUB_895,PRO_10490,uses_material,0.5,False,,Worldwide,,Confirmed,ГЖ_04_25.pdf,High,2026-07-03
PUB_895,PRO_10491,produces_output,0.5,False,,Worldwide,,Confirmed,ГЖ_04_25.pdf,High,2026-07-03
PUB_10492,MAT_10493,described_in,0.5,False,,Russia,,Confirmed,ГЖ_04_25.pdf,High,2026-07-03
PRO_10494,MAT_10493,uses_material,0.5,False,,Russia,,Confirmed,ГЖ_04_25.pdf,High,2026-07-03
PUB_895,MAT_10495,contains,0.5,False,,Russia,,Confirmed,ГЖ_04_25.pdf,High,2026-07-03
PUB_895,MAT_3609,contains,0.5,False,Повышенные концентрации РЗЭ в углях,Russia,,Confirmed,ГЖ_04_25.pdf,High,2026-07-03
PUB_895,MAT_1291,contains,0.5,False,Повышенные концентрации U в углях,Russia,,Confirmed,ГЖ_04_25.pdf,High,2026-07-03
PUB_895,MAT_4247,contains,0.5,False,Повышенные концентрации Th в углях,Russia,,Confirmed,ГЖ_04_25.pdf,High,2026-07-03
PUB_895,MAT_10496,contains,0.5,False,Повышенные концентрации благородных металлов в углях,Russia,,Confirmed,ГЖ_04_25.pdf,High,2026-07-03
EXP_10498,PUB_10497,researched_by,0.5,False,,Russia,,Confirmed,ГЖ_04_25.pdf,High,2026-07-03
EXP_10499,PUB_10497,researched_by,0.5,False,,Russia,,Confirmed,ГЖ_04_25.pdf,High,2026-07-03
EXP_10500,FAC_10501,uses_material,0.5,False,,Russia,,Confirmed,ГЖ_04_25.pdf,High,2026-07-03
EXP_10500,EQU_10502,uses_material,0.5,False,Данные за 1966–1989 гг.,Russia,,Confirmed,ГЖ_04_25.pdf,High,2026-07-03
PRO_10503,PRO_10504,uses_material,0.5,False,,Worldwide,,Confirmed,ГЖ_04_25.pdf,High,2026-07-03
PRO_10505,PRO_10506,operates_at_condition,0.5,False,Зависит от граничной кривизны и распределения слоев по мощности в подрабатываемой толще,Worldwide,,Confirmed,ГЖ_04_25.pdf,High,2026-07-03
PRO_10503,PRO_10504,operates_at_condition,0.5,False,N1 < 1 и N'1 < 1,Worldwide,,Unverified,ГЖ_04_25.pdf,High,2026-07-03
PRO_3036,PRO_10507,operates_at_condition,0.5,False,,Worldwide,,Unverified,ГЖ_04_25.pdf,High,2026-07-03
PRO_10508,PRO_3055,produces_output,0.5,False,На одном из уровней известно распределение вертикальных сдвижений и деформаций,Worldwide,,Confirmed,ГЖ_04_25.pdf,High,2026-07-03
EXP_10509,PRO_3055,researched_by,0.5,False,,Worldwide,,Confirmed,ГЖ_04_25.pdf,High,2026-07-03
EQU_8421,PRO_10510,researched_by,0.5,False,,Worldwide,,Confirmed,ГЖ_04_25.pdf,High,2026-07-03
PRO_10511,EQU_10512,uses_material,0.5,False,,Worldwide,,Unverified,ГЖ_04_25.pdf,High,2026-07-03
PRO_10511,PRO_10513,operates_at_condition,0.5,False,"Продольные волны имеют меньшую амплитуду, чем поперечные",Worldwide,,Unverified,ГЖ_04_25.pdf,High,2026-07-03
EXP_10515,PUB_10514,researched_by,0.5,False,,Worldwide,,Confirmed,ГЖ_04_25.pdf,High,2026-07-03
EXP_10516,PUB_10514,researched_by,0.5,False,,Worldwide,,Confirmed,ГЖ_04_25.pdf,High,2026-07-03
EXP_7064,PUB_10514,researched_by,0.5,False,,Worldwide,,Confirmed,ГЖ_04_25.pdf,High,2026-07-03
PRO_10517,EQU_10518,uses_material,0.5,False,,Worldwide,,Confirmed,ГЖ_04_25.pdf,High,2026-07-03
EXP_9488,PRO_10517,researched_by,0.5,False,,Russia,,Confirmed,ГЖ_04_25.pdf,High,2026-07-03
EXP_9488,PRO_9489,researched_by,0.5,False,,Russia,,Confirmed,ГЖ_04_25.pdf,High,2026-07-03
PUB_10519,MAT_10520,researched_by,0.5,False,,Russia,,Confirmed,ГЖ_04_25.pdf,High,2026-07-03
PRO_10521,MAT_10520,produces_output,0.5,False,,Russia,,Confirmed,ГЖ_04_25.pdf,High,2026-07-03
PRO_10522,MAT_10520,operates_at_condition,0.5,False,При ликвидации камер большого сечения,Russia,,Confirmed,ГЖ_04_25.pdf,High,2026-07-03
PRO_1573,PRO_10523,produces_output,0.5,False,,Russia,,Confirmed,ГЖ_04_25.pdf,High,2026-07-03
EXP_10524,PRO_10523,researched_by,0.5,False,Период с 18 мая по 20 декабря 2018 г.,Russia,,Confirmed,ГЖ_04_25.pdf,High,2026-07-03
EQU_10525,PRO_10527,uses_material,0.5,False,,Worldwide,,Confirmed,ГЖ_04_25.pdf,High,2026-07-03
EQU_10526,PRO_10527,uses_material,0.5,False,,Worldwide,,Confirmed,ГЖ_04_25.pdf,High,2026-07-03
PRO_10529,EQU_10530,uses_material,0.5,False,,Russia,,Confirmed,ГЖ_04_25.pdf,High,2026-07-03
PRO_10529,EQU_10531,uses_material,0.5,False,,Russia,,Confirmed,ГЖ_04_25.pdf,High,2026-07-03
EXP_10532,PRO_10533,researched_by,0.5,False,,Worldwide,,Confirmed,ГЖ_04_25.pdf,High,2026-07-03
EXP_10532,PRO_10534,researched_by,0.5,False,,Worldwide,,Confirmed,ГЖ_04_25.pdf,High,2026-07-03
PRO_9505,MAT_10535,uses_material,0.5,False,,Worldwide,,Confirmed,ГЖ_04_25.pdf,High,2026-07-03
PRO_9505,MAT_10536,uses_material,0.5,False,,Worldwide,,Confirmed,ГЖ_04_25.pdf,High,2026-07-03
PRO_9505,EQU_10537,uses_equipment,0.5,False,Величина задержки замедлителей составляет 67 мс,Worldwide,,Confirmed,ГЖ_04_25.pdf,High,2026-07-03
PRO_9505,EQU_10538,uses_equipment,0.5,False,"Задержка замедлителей между рядами изменяется в пределах 9, 25, 34, 42, 51 мс для разных блоков",Worldwide,,Confirmed,ГЖ_04_25.pdf,High,2026-07-03
EXP_10539,PRO_10540,operates_at_condition,0.5,False,"Задержка между рядами: 9, 25, 34, 42, 51 мс",Worldwide,,Confirmed,ГЖ_04_25.pdf,High,2026-07-03
PRO_10540,PRO_10541,produces_output,0.5,False,При задержке между рядами 52 мс (замедлители 42 и 9 мс) модель показывает наименьшее число единовременных детонаций,Worldwide,,Confirmed,ГЖ_04_25.pdf,High,2026-07-03
PRO_9513,FAC_10544,operates_at_condition,0.5,False,,Russia,,Confirmed,ГЖ_04_25.pdf,High,2026-07-03
MAT_4644,PRO_7677,uses_material,0.5,False,,Worldwide,,Confirmed,ГЖ_04_25.pdf,High,2026-07-03
PRO_7677,EQU_10545,operates_at_condition,0.5,False,,Worldwide,,Confirmed,ГЖ_04_25.pdf,High,2026-07-03
EXP_10546,PRO_10547,operates_at_condition,0.5,False,При выполнении экспериментальных взрывов,Worldwide,,Confirmed,ГЖ_04_25.pdf,High,2026-07-03
EXP_10546,PRO_10548,uses_material,0.5,False,,Worldwide,,Confirmed,ГЖ_04_25.pdf,High,2026-07-03
EXP_10546,PRO_7026,uses_material,0.5,False,,Worldwide,,Confirmed,ГЖ_04_25.pdf,High,2026-07-03
EXP_10546,PRO_10549,uses_material,0.5,False,,Worldwide,,Confirmed,ГЖ_04_25.pdf,High,2026-07-03
MAT_1399,PRO_10550,uses_material,0.5,False,,Russia,,Confirmed,ГЖ_04_25.pdf,High,2026-07-03
MAT_1399,PRO_10551,uses_material,0.5,False,,Russia,,Confirmed,ГЖ_04_25.pdf,High,2026-07-03
PRO_10550,EQU_10552,operates_at_condition,0.5,False,"Порог определения меди и никеля по 0,1 %, кобальта – 0,05, олова – 0,015, вольфрама – 0,04 %",Russia,,Confirmed,ГЖ_04_25.pdf,High,2026-07-03
PRO_10553,MAT_10554,produces_output,0.5,False,,Russia,,Confirmed,ГЖ_04_25.pdf,High,2026-07-03
EQU_10557,MAT_10554,uses_material,0.5,False,,Russia,,Confirmed,ГЖ_04_25.pdf,High,2026-07-03
ORG_6663,FAC_10558,researched_by,0.5,False,,Russia,,Confirmed,ГЖ_04_25.pdf,High,2026-07-03
MAT_1150,EQU_2660,uses_material,0.5,False,,Worldwide,,Unverified,ГЖ_04_25.pdf,High,2026-07-03
PRO_10559,MAT_1399,uses_material,0.5,False,,Worldwide,,Confirmed,ГЖ_04_25.pdf,High,2026-07-03
PRO_10559,EQU_10560,operates_at_condition,0.5,False,Для сортировки руды по фракциям,Worldwide,,Confirmed,ГЖ_04_25.pdf,High,2026-07-03
EXP_10561,MAT_1399,researched_by,0.5,False,,Worldwide,,Confirmed,ГЖ_04_25.pdf,High,2026-07-03
PRO_10562,FAC_10563,researched_by,0.5,False,,Russia,,Confirmed,ГЖ_04_25.pdf,High,2026-07-03
PRO_10562,FAC_10564,validated_by,0.5,False,,Russia,,Confirmed,ГЖ_04_25.pdf,High,2026-07-03
PRO_10562,FAC_10565,validated_by,0.5,False,,Russia,,Confirmed,ГЖ_04_25.pdf,High,2026-07-03
PRO_10566,EQU_10567,uses_material,0.5,False,"Отставание от лба забоя не более 1,5 м",Russia,,Confirmed,ГЖ_04_25.pdf,High,2026-07-03
EXP_10568,FAC_10569,researched_by,0.5,False,,Russia,,Confirmed,ГЖ_04_25.pdf,High,2026-07-03
PRO_10570,MAT_10571,uses_material,0.5,False,,Worldwide,,Confirmed,ГЖ_04_25.pdf,High,2026-07-03
EXP_10572,PRO_10570,researched_by,0.5,False,,Worldwide,,Confirmed,ГЖ_04_25.pdf,High,2026-07-03
FAC_10563,ORG_8877,researched_by,0.5,False,,Russia,,Confirmed,ГЖ_04_25.pdf,High,2026-07-03
FAC_10563,EQU_10573,uses_material,0.5,False,при строительстве наклонного ствола,Russia,,Confirmed,ГЖ_04_25.pdf,High,2026-07-03
FAC_10563,EQU_10574,uses_material,0.5,False,при строительстве перегонных тоннелей,Russia,,Confirmed,ГЖ_04_25.pdf,High,2026-07-03
PRO_10576,FAC_10577,researched_by,0.5,False,,Russia,,Partially_Confirmed,ГЖ_04_25.pdf,High,2026-07-03
PRO_10576,FAC_10563,researched_by,0.5,False,,Russia,,Partially_Confirmed,ГЖ_04_25.pdf,High,2026-07-03
EQU_6460,EXP_10578,operates_at_condition,0.5,False,Периодичность наблюдений: один раз в месяц,Russia,,Confirmed,ГЖ_04_25.pdf,High,2026-07-03
PRO_10579,EXP_10578,produces_output,0.5,False,2017–2020 гг.,Russia,Скорость оседаний: 30–50 мм/год,Confirmed,ГЖ_04_25.pdf,High,2026-07-03
PRO_10580,EQU_10581,uses_material,0.5,False,,Worldwide,,Unverified,ГЖ_04_25.pdf,High,2026-07-03
EXP_10583,PRO_10582,researched_by,0.5,False,При строительстве станции метрополитена,Worldwide,,Unverified,ГЖ_04_25.pdf,High,2026-07-03
EXP_10584,PUB_896,described_in,0.5,False,,Worldwide,,Confirmed,ГЖ_04_25.pdf,High,2026-07-03
FAC_10558,PUB_10585,described_in,0.5,False,,Russia,,Confirmed,ГЖ_04_25.pdf,High,2026-07-03
FAC_10586,PRO_90,uses_material,0.5,False,,Russia,,Confirmed,ГЖ_04_25.pdf,High,2026-07-03
EQU_3389,PRO_90,operates_at_condition,0.5,False,,Russia,,Confirmed,ГЖ_04_25.pdf,High,2026-07-03
EQU_3131,EQU_3132,uses_material,0.5,False,,Russia,,Confirmed,ГЖ_04_25.pdf,High,2026-07-03
EQU_3131,EQU_10587,uses_material,0.5,False,Для повышения производительности при бурении особо крепких пород,Russia,,Confirmed,ГЖ_04_25.pdf,High,2026-07-03
MAT_1881,EQU_10589,uses_material,0.5,False,,Worldwide,,Unverified,ГЖ_04_25.pdf,High,2026-07-03
PRO_10588,EQU_10589,operates_at_condition,0.5,False,Ось вращения ротора размещена вертикально,Worldwide,,Unverified,ГЖ_04_25.pdf,High,2026-07-03
PRO_10590,EQU_10591,uses_material,0.5,False,,Worldwide,,Confirmed,ГЖ_04_25.pdf,High,2026-07-03
EQU_10591,PRO_10592,operates_at_condition,0.5,False,Затраты энергии складываются из нескольких составляющих,Worldwide,,Confirmed,ГЖ_04_25.pdf,High,2026-07-03
FAC_10593,EQU_3131,produces_output,0.5,False,,Russia,,Confirmed,ГЖ_04_25.pdf,High,2026-07-03
FAC_10593,EQU_3148,produces_output,0.5,False,,Russia,,Confirmed,ГЖ_04_25.pdf,High,2026-07-03
FAC_4599,EQU_3131,uses_material,0.5,False,,Russia,,Confirmed,ГЖ_04_25.pdf,High,2026-07-03
FAC_4599,EQU_3148,uses_material,0.5,False,,Russia,,Confirmed,ГЖ_04_25.pdf,High,2026-07-03
EQU_10591,PRO_10594,operates_at_condition,0.5,False,,Worldwide,,Unverified,ГЖ_04_25.pdf,High,2026-07-03
EQU_3149,EQU_3150,uses_material,0.5,False,,Russia,,Confirmed,ГЖ_04_25.pdf,High,2026-07-03
EQU_3149,FAC_538,operates_at_condition,0.5,False,,Russia,,Confirmed,ГЖ_04_25.pdf,High,2026-07-03
EQU_3149,EQU_3131,operates_at_condition,0.5,False,,Russia,,Confirmed,ГЖ_04_25.pdf,High,2026-07-03
EQU_3151,EQU_3152,uses_material,0.5,False,,Russia,,Confirmed,ГЖ_04_25.pdf,High,2026-07-03
PRO_10595,EQU_10589,operates_at_condition,0.5,False,Угловая скорость вращения куска горной породы до момента соприкосновения со стойкой,Worldwide,,Unverified,ГЖ_04_25.pdf,High,2026-07-03
EQU_10597,MAT_10598,uses_material,0.5,False,,Worldwide,,Confirmed,ГЖ_04_25.pdf,High,2026-07-03
PRO_10596,EQU_10597,operates_at_condition,0.5,False,High energy expenditure,Worldwide,,Confirmed,ГЖ_04_25.pdf,High,2026-07-03
EQU_10599,PRO_10600,produces_output,0.5,False,P80 = 30±2 мкм,Worldwide,,Unverified,ГЖ_04_25.pdf,High,2026-07-03
EQU_10601,EQU_10599,operates_at_condition,0.5,False,Настройка процесса доизмельчения,Worldwide,,Confirmed,ГЖ_04_25.pdf,High,2026-07-03
EQU_10599,PRO_8602,produces_output,0.5,False,Крупность слива,Worldwide,,Confirmed,ГЖ_04_25.pdf,High,2026-07-03
PRO_10602,MAT_5557,uses_material,0.5,False,,Worldwide,,Confirmed,ГЖ_04_25.pdf,High,2026-07-03
PRO_10602,MAT_10603,uses_material,0.5,False,,Worldwide,,Confirmed,ГЖ_04_25.pdf,High,2026-07-03
PRO_10602,MAT_7777,uses_material,0.5,False,,Worldwide,,Confirmed,ГЖ_04_25.pdf,High,2026-07-03
PRO_10602,MAT_10604,uses_material,0.5,False,,Worldwide,,Confirmed,ГЖ_04_25.pdf,High,2026-07-03
PRO_10602,MAT_8382,uses_material,0.5,False,,Worldwide,,Confirmed,ГЖ_04_25.pdf,High,2026-07-03
PRO_10602,MAT_5669,uses_material,0.5,False,,Worldwide,,Confirmed,ГЖ_04_25.pdf,High,2026-07-03
FAC_1070,EQU_10607,uses_material,0.5,False,,Russia,,Confirmed,ГЖ_04_25.pdf,High,2026-07-03
FAC_1070,EQU_10608,uses_material,0.5,False,,Russia,,Confirmed,ГЖ_04_25.pdf,High,2026-07-03
EQU_10607,EQU_10608,operates_at_condition,0.5,False,в замкнутом цикле,Russia,,Confirmed,ГЖ_04_25.pdf,High,2026-07-03
FAC_1070,PRO_10605,researched_by,0.5,False,,Russia,,Confirmed,ГЖ_04_25.pdf,High,2026-07-03
EXP_10609,EQU_10610,uses_material,0.5,False,,Russia,,Confirmed,ГЖ_04_25.pdf,High,2026-07-03
EXP_10609,PRO_10611,produces_output,0.5,False,P80 = 30±2 мкм,Russia,"30-32 мкм, 32-34 мкм, 34-36 мкм, 36-38 мкм, 38-40 мкм, 40-42 мкм, 42-44 мкм",Confirmed,ГЖ_04_25.pdf,High,2026-07-03
PRO_10614,MAT_3184,uses_material,0.5,False,,Russia,,Confirmed,ГЖ_04_25.pdf,High,2026-07-03
PRO_10614,EQU_10615,operates_at_condition,0.5,False,,Russia,,Confirmed,ГЖ_04_25.pdf,High,2026-07-03
FAC_4599,EQU_7598,uses_material,0.5,False,,Russia,,Confirmed,ГЖ_04_25.pdf,High,2026-07-03
MAT_3184,PRO_28,uses_material,0.5,False,,Russia,,Confirmed,ГЖ_04_25.pdf,High,2026-07-03
PRO_28,EQU_10599,operates_at_condition,0.5,False,Разгрузочное отношение гидроциклона и содержание твердого в питании,Russia,"Разгрузочное отношение = 0,65, содержание твердого в питании не выше 37%",Confirmed,ГЖ_04_25.pdf,High,2026-07-03
PRO_28,EQU_10616,uses_material,0.5,False,,Russia,,Partially_Confirmed,ГЖ_04_25.pdf,High,2026-07-03
EQU_10617,MAT_10618,uses_material,0.5,False,,Worldwide,,Confirmed,ГЖ_04_25.pdf,High,2026-07-03
EQU_10617,PRO_10619,researched_by,0.5,False,,Worldwide,,Confirmed,ГЖ_04_25.pdf,High,2026-07-03
EQU_10620,EQU_10621,uses_material,0.5,False,,Worldwide,,Confirmed,ГЖ_04_25.pdf,High,2026-07-03
EQU_10620,EQU_10622,uses_material,0.5,False,,Worldwide,,Confirmed,ГЖ_04_25.pdf,High,2026-07-03
PRO_10625,EQU_7598,operates_at_condition,0.5,False,"Циклический режим работы, неравномерная нагрузка на электродвигатели",Russia,,Confirmed,ГЖ_04_25.pdf,High,2026-07-03
PRO_10625,EQU_7598,produces_output,0.5,False,Снижение трудоемкости технического обслуживания и ремонта на 20 часов в год,Russia,,Confirmed,ГЖ_04_25.pdf,High,2026-07-03
EQU_10616,EQU_10599,operates_at_condition,0.5,False,"Разгрузочное соотношение (пески:слив) 0,65",Worldwide,,Confirmed,ГЖ_04_25.pdf,High,2026-07-03
PRO_10626,EQU_10599,produces_output,0.5,False,Достижение показателей слива P80 = 30±2 мкм,Worldwide,,Confirmed,ГЖ_04_25.pdf,High,2026-07-03
FAC_10629,EQU_10630,uses_material,0.5,False,,Russia,,Confirmed,ГЖ_04_25.pdf,High,2026-07-03
FAC_10629,EQU_44,uses_material,0.5,False,,Russia,,Confirmed,ГЖ_04_25.pdf,High,2026-07-03
FAC_10629,EQU_10631,uses_material,0.5,False,,Russia,,Confirmed,ГЖ_04_25.pdf,High,2026-07-03
EQU_7368,EQU_10632,uses_material,0.5,False,,Worldwide,,Confirmed,ГЖ_04_25.pdf,High,2026-07-03
EQU_7368,EQU_10633,uses_material,0.5,False,,Worldwide,,Confirmed,ГЖ_04_25.pdf,High,2026-07-03
EQU_7368,EQU_10634,uses_material,0.5,False,,Worldwide,,Confirmed,ГЖ_04_25.pdf,High,2026-07-03
EQU_7368,EQU_10635,uses_material,0.5,False,,Worldwide,,Confirmed,ГЖ_04_25.pdf,High,2026-07-03
ORG_10637,FAC_10636,researched_by,0.5,False,,Russia,,Confirmed,ГЖ_04_25.pdf,High,2026-07-03
ORG_10638,ORG_10637,operates_at_condition,0.5,False,,Russia,,Confirmed,ГЖ_04_25.pdf,High,2026-07-03
EXP_10640,FAC_10641,researched_by,0.5,False,,Russia,,Confirmed,ГЖ_04_25.pdf,High,2026-07-03
EXP_10640,FAC_4141,researched_by,0.5,False,,Russia,,Confirmed,ГЖ_04_25.pdf,High,2026-07-03
PUB_896,EXP_10642,described_in,0.5,False,,Russia,,Confirmed,ГЖ_04_25.pdf,High,2026-07-03
PUB_896,EXP_10643,described_in,0.5,False,,Russia,,Confirmed,ГЖ_04_25.pdf,High,2026-07-03
EXP_10648,PUB_896,researched_by,0.5,False,,Russia,,Confirmed,ГЖ_04_25.pdf,High,2026-07-03
PUB_896,EXP_10654,researched_by,0.5,False,,Russia,,Confirmed,ГЖ_04_25.pdf,High,2026-07-03
PUB_896,EXP_10655,researched_by,0.5,False,,Russia,,Confirmed,ГЖ_04_25.pdf,High,2026-07-03
EXP_7247,PUB_7249,researched_by,0.5,False,,Russia,,Confirmed,ГЖ_04_25.pdf,High,2026-07-03
EXP_7247,PUB_10657,researched_by,0.5,False,,Russia,,Confirmed,ГЖ_04_25.pdf,High,2026-07-03
EXP_7247,PUB_10658,researched_by,0.5,False,,Russia,,Confirmed,ГЖ_04_25.pdf,High,2026-07-03
EXP_10659,PUB_10658,validated_by,0.5,False,,Russia,,Confirmed,ГЖ_04_25.pdf,High,2026-07-03
PUB_896,FAC_10661,described_in,0.5,False,,Russia,,Confirmed,ГЖ_05_25.pdf,High,2026-07-03
PRO_10667,FAC_10670,researched_by,0.5,False,,Russia,,Confirmed,ГЖ_04_25.pdf,High,2026-07-03
PRO_10668,FAC_10670,used_in,0.5,False,,Russia,,Confirmed,ГЖ_04_25.pdf,High,2026-07-03
PRO_10669,FAC_10670,used_in,0.5,False,,Russia,,Confirmed,ГЖ_04_25.pdf,High,2026-07-03
PUB_6400,EXP_10672,described_in,0.5,False,,Worldwide,,Unverified,ГЖ_05_25.pdf,High,2026-07-03
PUB_6400,EXP_10673,described_in,0.5,False,,Worldwide,,Unverified,ГЖ_05_25.pdf,High,2026-07-03
ORG_6414,PUB_896,described_in,0.5,False,,Russia,,Confirmed,ГЖ_05_25.pdf,High,2026-07-03
FAC_10677,FAC_10678,researched_by,0.5,False,Эвакуация в военное время,Russia,,Confirmed,ГЖ_05_25.pdf,High,2026-07-03
FAC_10677,MAT_332,uses_material,0.5,False,,Russia,,Confirmed,ГЖ_05_25.pdf,High,2026-07-03
FAC_10677,EXP_10684,researched_by,0.5,False,,Russia,,Confirmed,ГЖ_05_25.pdf,High,2026-07-03
FAC_10677,MAT_4972,researched_by,0.5,False,,Russia,,Confirmed,ГЖ_05_25.pdf,High,2026-07-03
FAC_10677,MAT_10692,researched_by,0.5,False,Приполярный Урал,Russia,,Confirmed,ГЖ_05_25.pdf,High,2026-07-03
FAC_10677,MAT_2784,researched_by,0.5,False,,Russia,,Confirmed,ГЖ_05_25.pdf,High,2026-07-03
EXP_10695,FAC_10693,researched_by,0.5,False,,Worldwide,,Confirmed,ГЖ_05_25.pdf,High,2026-07-03
FAC_10693,PRO_10694,operates_at_condition,0.5,False,,Worldwide,,Confirmed,ГЖ_05_25.pdf,High,2026-07-03
PRO_10694,MAT_8060,produces_output,0.5,False,,Worldwide,,Confirmed,ГЖ_05_25.pdf,High,2026-07-03
FAC_10696,MAT_1291,contains,0.5,False,,Worldwide,,Confirmed,ГЖ_05_25.pdf,High,2026-07-03
EXP_10697,MAT_1291,analyzed,0.5,False,,Worldwide,,Confirmed,ГЖ_05_25.pdf,High,2026-07-03
EXP_10699,MAT_10698,researched_by,0.5,False,,Russia,,Confirmed,ГЖ_05_25.pdf,High,2026-07-03
FAC_10700,MAT_10698,produces_output,0.5,False,,Russia,,Confirmed,ГЖ_05_25.pdf,High,2026-07-03
EXP_10701,MAT_10702,researched_by,0.5,False,,Russia,,Confirmed,ГЖ_05_25.pdf,High,2026-07-03
MAT_10703,PRO_10704,uses_material,0.5,False,,Russia,,Confirmed,ГЖ_05_25.pdf,High,2026-07-03
PRO_10704,EQU_10705,operates_at_condition,0.5,False,,Russia,,Confirmed,ГЖ_05_25.pdf,High,2026-07-03
PUB_10706,MAT_10707,researched_by,0.5,False,,Russia,,Confirmed,ГЖ_05_25.pdf,High,2026-07-03
PUB_10706,MAT_8186,researched_by,0.5,False,,Russia,,Confirmed,ГЖ_05_25.pdf,High,2026-07-03
EXP_10708,MAT_10707,operates_at_condition,0.5,False,,Russia,,Confirmed,ГЖ_05_25.pdf,High,2026-07-03
EXP_10708,MAT_8186,operates_at_condition,0.5,False,,Russia,,Confirmed,ГЖ_05_25.pdf,High,2026-07-03
FAC_10711,MAT_10709,contains,0.5,False,,Russia,,Confirmed,ГЖ_05_25.pdf,High,2026-07-03
FAC_10711,MAT_10710,contains,0.5,False,,Russia,,Confirmed,ГЖ_05_25.pdf,High,2026-07-03
MAT_10712,FAC_1450,uses_material,0.5,False,,Russia,,Confirmed,ГЖ_05_25.pdf,High,2026-07-03
MAT_10712,FAC_10713,uses_material,0.5,False,,Russia,,Confirmed,ГЖ_05_25.pdf,High,2026-07-03
MAT_10712,PRO_10715,operates_at_condition,0.5,False,,Russia,,Confirmed,ГЖ_05_25.pdf,High,2026-07-03
MAT_7566,PRO_10715,described_in,0.5,False,,Russia,,Confirmed,ГЖ_05_25.pdf,High,2026-07-03
MAT_10714,PRO_10715,described_in,0.5,False,,Russia,,Confirmed,ГЖ_05_25.pdf,High,2026-07-03
FAC_10717,PRO_10718,uses_material,0.5,False,,Russia,,Confirmed,ГЖ_05_25.pdf,High,2026-07-03
PRO_10718,EQU_10719,operates_at_condition,0.5,False,,Russia,,Confirmed,ГЖ_05_25.pdf,High,2026-07-03
PRO_10721,MAT_10720,uses_material,0.5,False,,Worldwide,,Confirmed,ГЖ_05_25.pdf,High,2026-07-03
PRO_1912,MAT_1923,operates_at_condition,0.5,False,,Worldwide,,Confirmed,ГЖ_05_25.pdf,High,2026-07-03
EXP_10724,MAT_10722,researched_by,0.5,False,,Russia,,Confirmed,ГЖ_05_25.pdf,High,2026-07-03
FAC_1917,EQU_3231,uses_material,0.5,False,Для обеспечения дальнейшей безопасной отработки месторождения на всю глубину разведанных запасов,Russia,,Confirmed,ГЖ_05_25.pdf,High,2026-07-03
EQU_3231,MAT_4296,produces_output,0.5,False,Используется для закладки выработанного пространства,Russia,,Confirmed,ГЖ_05_25.pdf,High,2026-07-03
PRO_10728,MAT_4296,uses_material,0.5,False,,Worldwide,,Confirmed,ГЖ_05_25.pdf,High,2026-07-03
MAT_4296,FAC_10729,produces_output,0.5,False,Заполнение отработанных камер,Russia,,Confirmed,ГЖ_05_25.pdf,High,2026-07-03
PRO_10730,MAT_10720,uses_material,0.5,False,,Worldwide,,Confirmed,ГЖ_05_25.pdf,High,2026-07-03
PRO_10730,FAC_10731,operates_at_condition,0.5,False,Глубина карьера остается постоянной H = 530 м,Worldwide,,Confirmed,ГЖ_05_25.pdf,High,2026-07-03
FAC_10732,MAT_7346,uses_material,0.5,False,,Russia,,Confirmed,ГЖ_05_25.pdf,High,2026-07-03
MAT_7346,MAT_10733,operates_at_condition,0.5,False,In the context of mining operations,Russia,,Confirmed,ГЖ_05_25.pdf,High,2026-07-03
MAT_10734,EQU_4240,researched_by,0.5,False,,Russia,,Unverified,ГЖ_05_25.pdf,High,2026-07-03
MAT_10734,PRO_10735,researched_by,0.5,False,,Russia,,Unverified,ГЖ_05_25.pdf,High,2026-07-03
FAC_10741,EQU_10742,uses_material,0.5,False,,Worldwide,,Confirmed,ГЖ_05_25.pdf,High,2026-07-03
FAC_10741,EQU_10745,uses_material,0.5,False,размещение под землей,Worldwide,,Confirmed,ГЖ_05_25.pdf,High,2026-07-03
FAC_10736,EQU_5906,uses_material,0.5,False,При проходке стволов в каменной соли,Worldwide,,Confirmed,ГЖ_05_25.pdf,High,2026-07-03
FAC_10736,EQU_10746,uses_material,0.5,False,При проходке стволов в каменной соли,Worldwide,,Confirmed,ГЖ_05_25.pdf,High,2026-07-03
FAC_10736,EQU_10747,uses_material,0.5,False,При проходке стволов в каменной соли,Worldwide,,Confirmed,ГЖ_05_25.pdf,High,2026-07-03
PRO_10748,MAT_10750,uses_material,0.5,False,,Worldwide,,Unverified,ГЖ_05_25.pdf,High,2026-07-03
PRO_10749,MAT_10750,uses_material,0.5,False,,Worldwide,,Confirmed,ГЖ_05_25.pdf,High,2026-07-03
PRO_10749,MAT_10751,produces_output,0.5,False,,Worldwide,5–7 млн т добычи калийной руды и выпуск 2 млн т калийных удобрений,Confirmed,ГЖ_05_25.pdf,High,2026-07-03
EQU_10752,PRO_10749,operates_at_condition,0.5,False,наклонное залегание соленосной толщи,Worldwide,,Confirmed,ГЖ_05_25.pdf,High,2026-07-03
FAC_10754,MAT_10755,produces_output,0.5,False,,Uzbekistan,,Confirmed,ГЖ_05_25.pdf,High,2026-07-03
PUB_9756,MAT_10756,researched_by,0.5,False,,Russia,,Unverified,ГЖ_05_25.pdf,High,2026-07-03
PRO_10757,MAT_10756,uses_material,0.5,False,,Russia,,Unverified,ГЖ_05_25.pdf,High,2026-07-03
FAC_10758,PUB_10759,researched_by,0.5,False,,Russia,,Confirmed,ГЖ_05_25.pdf,High,2026-07-03
FAC_10758,PRO_10760,operates_at_condition,0.5,False,Длительная процедура получения лицензии,Russia,,Confirmed,ГЖ_05_25.pdf,High,2026-07-03
FAC_10761,PRO_3330,uses_material,0.5,False,Для воспроизводства минеральных ресурсов,Russia,,Confirmed,ГЖ_05_25.pdf,High,2026-07-03
EXP_10763,PUB_10762,researched_by,0.5,False,,Russia,,Confirmed,ГЖ_05_25.pdf,High,2026-07-03
EXP_10764,PUB_10762,researched_by,0.5,False,,Russia,,Confirmed,ГЖ_05_25.pdf,High,2026-07-03
EXP_10765,PUB_10762,researched_by,0.5,False,,Russia,,Confirmed,ГЖ_05_25.pdf,High,2026-07-03
EQU_1344,PRO_10766,uses_material,0.5,False,Для работы алгоритма используются данные с датчиков экскаватора,Worldwide,,Unverified,ГЖ_05_25.pdf,High,2026-07-03
PRO_10767,EQU_10768,uses_material,0.5,False,,Worldwide,,Unverified,ГЖ_05_25.pdf,High,2026-07-03
PRO_10769,PRO_10770,uses_material,0.5,False,,Worldwide,,Unverified,ГЖ_05_25.pdf,High,2026-07-03
EQU_10771,PRO_10769,operates_at_condition,0.5,False,Для надежного обнаружения ковша экскаватора в поле видимости,Worldwide,,Unverified,ГЖ_05_25.pdf,High,2026-07-03
PUB_10772,FAC_1794,described_in,0.5,False,,Russia,,Confirmed,ГЖ_05_25.pdf,High,2026-07-03
EQU_10773,PRO_1629,operates_at_condition,0.5,False,В процессе экскавации мягкой земли,Worldwide,,Unverified,ГЖ_05_25.pdf,High,2026-07-03
EXP_10775,PUB_10774,researched_by,0.5,False,,Russia,,Confirmed,ГЖ_05_25.pdf,High,2026-07-03
EXP_10776,PUB_10774,researched_by,0.5,False,,Russia,,Confirmed,ГЖ_05_25.pdf,High,2026-07-03
EXP_10777,PUB_10774,researched_by,0.5,False,,Russia,,Confirmed,ГЖ_05_25.pdf,High,2026-07-03
EQU_10773,PRO_10778,uses_material,0.5,False,,Worldwide,,Confirmed,ГЖ_05_25.pdf,High,2026-07-03
EQU_10773,EXP_10779,operates_at_condition,0.5,False,все погодные условия,Worldwide,1 месяц,Confirmed,ГЖ_05_25.pdf,High,2026-07-03
EQU_753,PRO_10780,uses_material,0.5,False,,Worldwide,,Confirmed,ГЖ_05_25.pdf,High,2026-07-03
EQU_10771,PRO_10780,operates_at_condition,0.5,False,Погрешность измерения глубины не превышает 20 см,Worldwide,,Confirmed,ГЖ_05_25.pdf,High,2026-07-03
PUB_6471,PRO_10780,described_in,0.5,False,,Worldwide,,Confirmed,ГЖ_05_25.pdf,High,2026-07-03
PUB_10781,EQU_10782,described_in,0.5,False,,Worldwide,,Confirmed,ГЖ_05_25.pdf,High,2026-07-03
EQU_10783,PRO_10784,operates_at_condition,0.5,False,"Время рабочего цикла, коэффициент наполнения ковша, возможность совмещения операций",Worldwide,,Confirmed,ГЖ_05_25.pdf,High,2026-07-03
EQU_10783,PRO_10785,operates_at_condition,0.5,False,"Нормальные погодные условия, грунт 3-й категории по трудности копания",Worldwide,,Confirmed,ГЖ_05_25.pdf,High,2026-07-03
EXP_10786,EQU_10783,validated_by,0.5,False,,Worldwide,,Confirmed,ГЖ_05_25.pdf,High,2026-07-03
PRO_10787,EQU_2334,researched_by,0.5,False,,Worldwide,,Unverified,ГЖ_05_25.pdf,High,2026-07-03
EQU_1344,PRO_1341,operates_at_condition,0.5,False,Параллельное выполнение операций поворота платформы и опускания ковша,Worldwide,,Confirmed,ГЖ_05_25.pdf,High,2026-07-03
EXP_10788,PRO_1341,researched_by,0.5,False,,Worldwide,,Confirmed,ГЖ_05_25.pdf,High,2026-07-03
EQU_10783,PRO_1341,operates_at_condition,0.5,False,,Worldwide,,Confirmed,ГЖ_05_25.pdf,High,2026-07-03
PRO_10766,EQU_10789,uses_material,0.5,False,,Worldwide,,Confirmed,ГЖ_05_25.pdf,High,2026-07-03
PRO_10766,EQU_10790,uses_material,0.5,False,,Worldwide,,Confirmed,ГЖ_05_25.pdf,High,2026-07-03
PRO_10766,EQU_10791,uses_material,0.5,False,,Worldwide,,Confirmed,ГЖ_05_25.pdf,High,2026-07-03
EQU_10792,PRO_10793,operates_at_condition,0.5,False,,Worldwide,,Confirmed,ГЖ_05_25.pdf,High,2026-07-03
EQU_1333,MAT_10796,uses_material,0.5,False,Нормальные погодные условия,Worldwide,,Confirmed,ГЖ_05_25.pdf,High,2026-07-03
EQU_1333,EQU_10795,operates_at_condition,0.5,False,,Worldwide,,Confirmed,ГЖ_05_25.pdf,High,2026-07-03
PRO_10801,EQU_10802,uses_material,0.5,False,,Worldwide,,Unverified,ГЖ_05_25.pdf,High,2026-07-03
PRO_10801,EQU_10803,uses_material,0.5,False,,Worldwide,,Unverified,ГЖ_05_25.pdf,High,2026-07-03
FAC_10794,EQU_10804,uses_material,0.5,False,,Russia,,Confirmed,ГЖ_05_25.pdf,High,2026-07-03
FAC_10794,PRO_10805,operates_at_condition,0.5,False,Обеспечение стабильной работы рудника,Russia,,Confirmed,ГЖ_05_25.pdf,High,2026-07-03
FAC_10794,EQU_10806,uses_material,0.5,False,,Russia,,Confirmed,ГЖ_05_25.pdf,High,2026-07-03
EQU_10806,PRO_10807,produces_output,0.5,False,,Russia,,Confirmed,ГЖ_05_25.pdf,High,2026-07-03
PRO_10807,EQU_10803,uses_material,0.5,False,,Worldwide,,Confirmed,ГЖ_05_25.pdf,High,2026-07-03
PRO_10807,EQU_10808,uses_material,0.5,False,,Worldwide,,Confirmed,ГЖ_05_25.pdf,High,2026-07-03
PRO_10807,EQU_10809,uses_material,0.5,False,Длина до 500 м,Worldwide,,Confirmed,ГЖ_05_25.pdf,High,2026-07-03
PUB_10810,FAC_10811,described_in,0.5,False,,Russia,,Confirmed,ГЖ_05_25.pdf,High,2026-07-03
PUB_10810,EQU_10812,uses_material,0.5,False,,Russia,,Confirmed,ГЖ_05_25.pdf,High,2026-07-03
EQU_8996,EQU_44,uses_material,0.5,False,,Worldwide,,Confirmed,ГЖ_05_25.pdf,High,2026-07-03
PRO_10820,EQU_10815,uses_material,0.5,False,,Worldwide,,Unverified,ГЖ_05_25.pdf,High,2026-07-03
PRO_10820,EQU_10821,uses_material,0.5,False,,Worldwide,,Unverified,ГЖ_05_25.pdf,High,2026-07-03
PRO_10823,MAT_4463,analyzed_component,0.5,False,В горной выработке,Worldwide,,Confirmed,ГЖ_05_25.pdf,High,2026-07-03
EQU_10824,MAT_4463,produces_output,0.5,False,При работе в тупиковой горной выработке,Worldwide,,Confirmed,ГЖ_05_25.pdf,High,2026-07-03
EQU_10825,PRO_10826,researched_by,0.5,False,,Worldwide,,Confirmed,ГЖ_05_25.pdf,High,2026-07-03
PRO_10826,EXP_10827,validated_by,0.5,False,,Worldwide,,Confirmed,ГЖ_05_25.pdf,High,2026-07-03
PRO_10828,EQU_10829,uses_material,0.5,False,,Russia,,Confirmed,ГЖ_05_25.pdf,High,2026-07-03
PRO_10828,EQU_2835,uses_material,0.5,False,,Russia,,Confirmed,ГЖ_05_25.pdf,High,2026-07-03
EXP_10830,FAC_10831,validated_by,0.5,False,,Russia,,Confirmed,ГЖ_05_25.pdf,High,2026-07-03
EQU_10833,MAT_4463,uses_material,0.5,False,При подаче свежего воздуха в забой,Worldwide,,Confirmed,ГЖ_05_25.pdf,High,2026-07-03
PRO_10832,MAT_4463,produces_output,0.5,False,В диапазоне 15–20 м от места выхлопа,Worldwide,Концентрация CO,Confirmed,ГЖ_05_25.pdf,High,2026-07-03
EQU_10834,MAT_4458,produces_output,0.5,False,,Worldwide,,Confirmed,ГЖ_05_25.pdf,High,2026-07-03
MAT_4458,PRO_10835,operates_at_condition,0.5,False,"ПДК для CO: 0,0017 %, ПДК для NOx: 0,00026 %",Worldwide,,Confirmed,ГЖ_05_25.pdf,High,2026-07-03
PRO_10836,MAT_4458,uses_material,0.5,False,Подача свежего воздуха для снижения концентрации выхлопных газов,Worldwide,,Confirmed,ГЖ_05_25.pdf,High,2026-07-03
EXP_9488,PRO_10836,researched_by,0.5,False,,Worldwide,,Confirmed,ГЖ_05_25.pdf,High,2026-07-03
PUB_6471,EXP_9488,described_in,0.5,False,,Worldwide,,Confirmed,ГЖ_05_25.pdf,High,2026-07-03
PRO_10841,PUB_10840,described_in,0.5,False,,Russia,,Confirmed,ГЖ_05_25.pdf,High,2026-07-03
PRO_10842,EQU_10843,uses_material,0.5,False,,Worldwide,,Unverified,ГЖ_05_25.pdf,High,2026-07-03
EQU_10843,EQU_10844,operates_at_condition,0.5,False,Скорость подвигания очистного фронта,Worldwide,,Unverified,ГЖ_05_25.pdf,High,2026-07-03
PRO_10846,EQU_10847,uses_material,0.5,False,,Worldwide,,Unverified,ГЖ_05_25.pdf,High,2026-07-03
PRO_10846,PRO_10848,researched_by,0.5,False,,Worldwide,,Unverified,ГЖ_05_25.pdf,High,2026-07-03
PRO_10849,EQU_10850,uses_material,0.5,False,,Worldwide,,Unverified,ГЖ_05_25.pdf,High,2026-07-03
EQU_10850,PRO_10851,produces_output,0.5,False,,Worldwide,,Unverified,ГЖ_05_25.pdf,High,2026-07-03
PRO_10852,EQU_10853,uses_material,0.5,False,В условиях угольных шахт,Worldwide,,Unverified,ГЖ_05_25.pdf,High,2026-07-03
EQU_10856,MAT_10854,produces_output,0.5,False,,Worldwide,,Confirmed,ГЖ_05_25.pdf,High,2026-07-03
PRO_10855,MAT_10854,analyzes,0.5,False,Using Ansys CFX software,Worldwide,,Confirmed,ГЖ_05_25.pdf,High,2026-07-03
EXP_10858,MAT_10854,collects_data_on,0.5,False,,Worldwide,,Confirmed,ГЖ_05_25.pdf,High,2026-07-03
PRO_10860,EQU_10861,uses_material,0.5,False,Для реализации подхода требуется дополнение функций МФСБ аналитическими программами,Worldwide,,Confirmed,ГЖ_05_25.pdf,High,2026-07-03
PRO_1220,PRO_10862,operates_at_condition,0.5,False,"Определяется схемой и способом проветривания шахты, а также режимом проветривания и аэродинамическими характеристиками выработанных пространств",Worldwide,,Confirmed,ГЖ_05_25.pdf,High,2026-07-03
PRO_1220,PRO_10863,produces_output,0.5,False,Связана с оперативной динамикой производственных процессов,Worldwide,,Confirmed,ГЖ_05_25.pdf,High,2026-07-03
EQU_679,PRO_10863,uses_material,0.5,False,,Russia,,Confirmed,ГЖ_05_25.pdf,High,2026-07-03
EQU_10864,PRO_10863,uses_material,0.5,False,,Russia,,Confirmed,ГЖ_05_25.pdf,High,2026-07-03
PUB_10865,FAC_10866,described_in,0.5,False,,Worldwide,,Confirmed,ГЖ_05_25.pdf,High,2026-07-03
EXP_10867,FAC_10868,researched_by,0.5,False,,Russia,,Confirmed,ГЖ_05_25.pdf,High,2026-07-03
EXP_10867,PUB_10869,described_in,0.5,False,,Worldwide,,Confirmed,ГЖ_05_25.pdf,High,2026-07-03
EXP_10870,FAC_8134,researched_by,0.5,False,,Russia,,Confirmed,ГЖ_05_25.pdf,High,2026-07-03
EXP_10870,FAC_10871,researched_by,0.5,False,,Russia,,Confirmed,ГЖ_05_25.pdf,High,2026-07-03
EXP_10870,PUB_10872,described_in,0.5,False,,Russia,,Confirmed,ГЖ_05_25.pdf,High,2026-07-03
EXP_10870,PRO_81,described_in,0.5,False,,Russia,,Confirmed,ГЖ_05_25.pdf,High,2026-07-03
EXP_10870,FAC_10873,researched_by,0.5,False,,Russia,,Confirmed,ГЖ_05_25.pdf,High,2026-07-03
EXP_10870,FAC_10874,researched_by,0.5,False,,Russia,,Confirmed,ГЖ_05_25.pdf,High,2026-07-03
EXP_10870,FAC_10875,researched_by,0.5,False,,Russia,,Confirmed,ГЖ_05_25.pdf,High,2026-07-03
EXP_10870,FAC_10876,researched_by,0.5,False,,Russia,,Confirmed,ГЖ_05_25.pdf,High,2026-07-03
EXP_10870,EXP_10877,researched_by,0.5,False,1924–1928 гг.,Russia,,Confirmed,ГЖ_05_25.pdf,High,2026-07-03
FAC_8367,FAC_10878,researched_by,0.5,False,,Russia,,Confirmed,ГЖ_05_25.pdf,High,2026-07-03
FAC_8367,EXP_10879,conducted,0.5,False,,Russia,,Confirmed,ГЖ_05_25.pdf,High,2026-07-03
EXP_10881,PUB_10880,published_in,0.5,False,,Worldwide,,Confirmed,ГЖ_05_25.pdf,High,2026-07-03
ORG_10885,MAT_10882,produces_output,0.5,False,,Russia,,Confirmed,ГЖ_05_25.pdf,High,2026-07-03
ORG_10885,EQU_10883,researched_by,0.5,False,,Russia,,Confirmed,ГЖ_05_25.pdf,High,2026-07-03
EQU_10883,FAC_10884,operates_at_condition,0.5,False,зоны повышенной опасности,Russia,,Confirmed,ГЖ_05_25.pdf,High,2026-07-03
EQU_10888,MAT_10886,uses_material,0.5,False,,Russia,,Confirmed,ГЖ_05_25.pdf,High,2026-07-03
PRO_10887,EQU_10888,operates_at_condition,0.5,False,,Russia,,Confirmed,ГЖ_05_25.pdf,High,2026-07-03
MAT_10886,PRO_10889,produces_output,0.5,False,,Russia,,Confirmed,ГЖ_05_25.pdf,High,2026-07-03
EXP_10890,MAT_10886,validated_by,0.5,False,,Russia,,Confirmed,ГЖ_05_25.pdf,High,2026-07-03
ORG_6414,PUB_896,published_by,0.5,False,,Russia,,Confirmed,ГЖ_06_25.pdf,High,2026-07-03
PRO_979,PRO_9231,operates_at_condition,0.5,False,Глубина разработки влияет на характер проявления геодинамических процессов,Worldwide,"Глубина разработки: до 500 м, 500–1000 м, 1000–1500 м, 1500–3000 м, 3000–4000 м, свыше 4000 м",Confirmed,ГЖ_06_25.pdf,High,2026-07-03
PUB_896,EXP_10894,researched_by,0.5,False,,Russia,,Confirmed,ГЖ_06_25.pdf,High,2026-07-03
PUB_896,EXP_10895,researched_by,0.5,False,,Russia,,Confirmed,ГЖ_06_25.pdf,High,2026-07-03
PUB_896,EXP_10896,researched_by,0.5,False,,Russia,,Confirmed,ГЖ_06_25.pdf,High,2026-07-03
FAC_6468,PRO_10897,researched_by,0.5,False,,Russia,,Confirmed,ГЖ_06_25.pdf,High,2026-07-03
PRO_10897,PRO_10898,produces_output,0.5,False,на начальной стадии освоения залежей,Russia,до 1400 м,Confirmed,ГЖ_06_25.pdf,High,2026-07-03
PRO_10897,PRO_10899,produces_output,0.5,False,в отдельных крупных структурных блоках,Russia,до 1400 м,Confirmed,ГЖ_06_25.pdf,High,2026-07-03
FAC_7008,PRO_2789,researched_by,0.5,False,Глубина до 1400 м,Russia,,Confirmed,ГЖ_06_25.pdf,High,2026-07-03
FAC_7007,PRO_2789,researched_by,0.5,False,,Russia,,Confirmed,ГЖ_06_25.pdf,High,2026-07-03
PRO_2789,EXP_9488,validated_by,0.5,False,,Russia,,Confirmed,ГЖ_06_25.pdf,High,2026-07-03
PRO_399,EQU_10900,uses_material,0.5,False,,Worldwide,,Confirmed,ГЖ_06_25.pdf,High,2026-07-03
MAT_6983,PRO_10901,operates_at_condition,0.5,False,"весовая влажность 1,8–3,2 %",Worldwide,,Confirmed,ГЖ_06_25.pdf,High,2026-07-03
PUB_10907,FAC_10908,described_in,0.5,False,,Russia,,Confirmed,ГЖ_06_25.pdf,High,2026-07-03
PUB_10907,FAC_10909,researched_by,0.5,False,,Russia,,Confirmed,ГЖ_06_25.pdf,High,2026-07-03
PRO_10914,EQU_10915,uses_material,0.5,False,"Сложные условия (высокие влажность, давление, температура)",Worldwide,,Confirmed,ГЖ_06_25.pdf,High,2026-07-03
PRO_10914,EQU_10916,uses_material,0.5,False,Подземные условия,Worldwide,,Confirmed,ГЖ_06_25.pdf,High,2026-07-03
FAC_10917,PRO_10914,validated_by,0.5,False,,Australia,,Confirmed,ГЖ_06_25.pdf,High,2026-07-03
PRO_6658,EQU_7192,uses_material,0.5,False,,Worldwide,,Confirmed,ГЖ_06_25.pdf,High,2026-07-03
PRO_6658,EQU_10918,uses_material,0.5,False,,Worldwide,,Confirmed,ГЖ_06_25.pdf,High,2026-07-03
MAT_10919,MAT_10920,uses_material,0.5,False,,Worldwide,,Confirmed,ГЖ_06_25.pdf,High,2026-07-03
PRO_5478,MAT_10920,uses_material,0.5,False,нагнетание под давлением,Worldwide,,Confirmed,ГЖ_06_25.pdf,High,2026-07-03
EQU_10921,MAT_10920,operates_at_condition,0.5,False,нагнетание в специальные барьерные рукава и распорные мешки,Worldwide,,Confirmed,ГЖ_06_25.pdf,High,2026-07-03
PRO_6658,MAT_378,uses_material,0.5,False,,Russia,,Confirmed,ГЖ_06_25.pdf,High,2026-07-03
PRO_6658,MAT_10924,uses_material,0.5,False,,Russia,,Confirmed,ГЖ_06_25.pdf,High,2026-07-03
PRO_6658,EQU_10925,operates_at_condition,0.5,False,Использование высокомеханизированных комплексов для повышения эффективности и безопасности крепления,Russia,,Confirmed,ГЖ_06_25.pdf,High,2026-07-03
EXP_10926,PRO_6658,validated_by,0.5,False,,Russia,,Confirmed,ГЖ_06_25.pdf,High,2026-07-03
FAC_10931,EQU_10927,produces_output,0.5,False,,Russia,,Confirmed,ГЖ_06_25.pdf,High,2026-07-03
PRO_10930,EQU_10927,uses_material,0.5,False,При бурении шпуров коронкой диаметром 32 мм и глубиной 2400 мм предписано применять не менее 10 ампул диаметром 23 мм и длиной 350 мм.,Russia,,Confirmed,ГЖ_06_25.pdf,High,2026-07-03
PRO_10930,EQU_10928,uses_material,0.5,False,"Бурение осуществляют коронкой диаметром 43 мм, чтобы обеспечить необходимый распор и несущую способность.",Russia,,Confirmed,ГЖ_06_25.pdf,High,2026-07-03
PRO_10930,EQU_10929,uses_material,0.5,False,Расход смолы составляет около 2 л каждого компонента.,Russia,,Confirmed,ГЖ_06_25.pdf,High,2026-07-03
EXP_10932,MAT_10933,researched_by,0.5,False,,Russia,,Confirmed,ГЖ_06_25.pdf,High,2026-07-03
EXP_10932,MAT_10934,researched_by,0.5,False,,Russia,,Confirmed,ГЖ_06_25.pdf,High,2026-07-03
EXP_10932,EQU_10929,researched_by,0.5,False,,Russia,,Confirmed,ГЖ_06_25.pdf,High,2026-07-03
EQU_10935,MAT_10933,uses_material,0.5,False,,Russia,,Confirmed,ГЖ_06_25.pdf,High,2026-07-03
PRO_3250,MAT_3224,uses_material,0.5,False,,Russia,,Confirmed,ГЖ_06_25.pdf,High,2026-07-03
MAT_3224,MAT_10046,uses_material,0.5,False,,Russia,,Confirmed,ГЖ_06_25.pdf,High,2026-07-03
MAT_3224,MAT_10936,uses_material,0.5,False,,Russia,,Confirmed,ГЖ_06_25.pdf,High,2026-07-03
MAT_3224,MAT_10937,uses_material,0.5,False,,Russia,,Confirmed,ГЖ_06_25.pdf,High,2026-07-03
MAT_9917,MAT_10046,uses_material,0.5,False,,Worldwide,,Confirmed,ГЖ_06_25.pdf,High,2026-07-03
MAT_9917,MAT_10938,uses_material,0.5,False,,Worldwide,,Confirmed,ГЖ_06_25.pdf,High,2026-07-03
MAT_9917,MAT_10939,uses_material,0.5,False,Повышенная водопоглощающая способность,Worldwide,,Confirmed,ГЖ_06_25.pdf,High,2026-07-03
MAT_9917,MAT_10940,uses_material,0.5,False,Снижение содержания технической воды,Worldwide,,Confirmed,ГЖ_06_25.pdf,High,2026-07-03
MAT_10942,PRO_10943,uses_material,0.5,False,,Worldwide,,Confirmed,ГЖ_06_25.pdf,High,2026-07-03
PRO_10943,PRO_10944,produces_output,0.5,False,при использовании шлака НЗ,Worldwide,"5,3–7,2 МПа",Confirmed,ГЖ_06_25.pdf,High,2026-07-03
EXP_10945,PRO_10944,validated_by,0.5,False,,Worldwide,,Confirmed,ГЖ_06_25.pdf,High,2026-07-03
PRO_10955,MAT_10046,produces_output,0.5,False,,Russia,,Confirmed,ГЖ_06_25.pdf,High,2026-07-03
EXP_10958,MAT_10046,validated_by,0.5,False,,Russia,,Confirmed,ГЖ_06_25.pdf,High,2026-07-03
MAT_9917,MAT_10960,uses_material,0.5,False,,Worldwide,,Confirmed,ГЖ_06_25.pdf,High,2026-07-03
MAT_9917,PRO_10961,operates_at_condition,0.5,False,Подвижность соответствует требованиям,Worldwide,,Confirmed,ГЖ_06_25.pdf,High,2026-07-03
MAT_9917,PRO_10962,produces_output,0.5,False,,Worldwide,,Confirmed,ГЖ_06_25.pdf,High,2026-07-03
MAT_9917,PRO_10963,produces_output,0.5,False,,Worldwide,,Confirmed,ГЖ_06_25.pdf,High,2026-07-03
MAT_9917,PRO_3242,produces_output,0.5,False,,Worldwide,,Confirmed,ГЖ_06_25.pdf,High,2026-07-03
MAT_9917,PRO_10964,produces_output,0.5,False,,Worldwide,,Confirmed,ГЖ_06_25.pdf,High,2026-07-03
FAC_10970,PRO_10968,operates_at_condition,0.5,False,Вертикально вытянутая конструкция с большим перепадом высотных отметок,Worldwide,,Confirmed,ГЖ_06_25.pdf,High,2026-07-03
EQU_6496,PRO_10968,uses_material,0.5,False,,Worldwide,,Confirmed,ГЖ_06_25.pdf,High,2026-07-03
EQU_10969,PRO_10968,uses_material,0.5,False,,Worldwide,,Confirmed,ГЖ_06_25.pdf,High,2026-07-03
PRO_10971,EQU_10972,uses_material,0.5,False,Применяется на второй стадии стабилизации для равномерного распределения среднего содержания металлов,Worldwide,,Confirmed,ГЖ_06_25.pdf,High,2026-07-03
PRO_10968,EQU_10975,uses_material,0.5,False,Подземная разработка рудников,Worldwide,,Unverified,ГЖ_06_25.pdf,High,2026-07-03
PRO_10968,EQU_10976,uses_material,0.5,False,Механическое смешивание руды,Worldwide,,Unverified,ГЖ_06_25.pdf,High,2026-07-03
MAT_5781,PRO_10977,researched_by,0.5,False,,Russia,,Confirmed,ГЖ_06_25.pdf,High,2026-07-03
MAT_5781,PRO_10978,researched_by,0.5,False,,Russia,,Confirmed,ГЖ_06_25.pdf,High,2026-07-03
EQU_9375,MAT_5781,uses_material,0.5,False,,Russia,,Confirmed,ГЖ_06_25.pdf,High,2026-07-03
EQU_6493,MAT_5781,uses_material,0.5,False,,Russia,,Confirmed,ГЖ_06_25.pdf,High,2026-07-03
EQU_10979,MAT_5781,uses_material,0.5,False,,Russia,,Confirmed,ГЖ_06_25.pdf,High,2026-07-03
PRO_2960,MAT_5781,uses_material,0.5,False,,Russia,,Confirmed,ГЖ_06_25.pdf,High,2026-07-03
PRO_2960,EQU_44,operates_at_condition,0.5,False,,Russia,,Confirmed,ГЖ_06_25.pdf,High,2026-07-03
PRO_2960,EQU_10980,operates_at_condition,0.5,False,,Russia,,Confirmed,ГЖ_06_25.pdf,High,2026-07-03
PRO_2960,EQU_10981,operates_at_condition,0.5,False,,Russia,,Confirmed,ГЖ_06_25.pdf,High,2026-07-03
EXP_4815,EQU_44,uses_material,0.5,False,,Worldwide,,Confirmed,ГЖ_06_25.pdf,High,2026-07-03
EXP_4815,EQU_10982,uses_material,0.5,False,,Worldwide,,Confirmed,ГЖ_06_25.pdf,High,2026-07-03
EXP_4815,EQU_10983,uses_material,0.5,False,,Worldwide,,Confirmed,ГЖ_06_25.pdf,High,2026-07-03
FAC_7223,FAC_10984,researched_by,0.5,False,,Russia,,Confirmed,ГЖ_06_25.pdf,High,2026-07-03
FAC_7212,MAT_5781,uses_material,0.5,False,,Russia,,Confirmed,ГЖ_06_25.pdf,High,2026-07-03
PRO_358,PUB_896,described_in,0.5,False,,Russia,,Confirmed,ГЖ_06_25.pdf,High,2026-07-03
EXP_10985,PRO_358,validated_by,0.5,False,,Russia,,Confirmed,ГЖ_06_25.pdf,High,2026-07-03
PRO_10986,EQU_10987,uses_material,0.5,False,,Russia,,Confirmed,ГЖ_06_25.pdf,High,2026-07-03
PRO_10986,FAC_10988,operates_at_condition,0.5,False,В условиях увеличения изменчивости качественных параметров сырья,Russia,,Confirmed,ГЖ_06_25.pdf,High,2026-07-03
PRO_2791,PRO_10989,researched_by,0.5,False,,Worldwide,,Confirmed,ГЖ_06_25.pdf,High,2026-07-03
PRO_2791,EQU_810,uses_material,0.5,False,,Worldwide,,Confirmed,ГЖ_06_25.pdf,High,2026-07-03
PRO_2791,EQU_10990,uses_material,0.5,False,,Worldwide,,Confirmed,ГЖ_06_25.pdf,High,2026-07-03
FAC_10998,PUB_896,described_in,0.5,False,,Russia,,Confirmed,ГЖ_06_25.pdf,High,2026-07-03
PRO_2960,PRO_10999,produces_output,0.5,False,,Worldwide,,Unverified,ГЖ_06_25.pdf,High,2026-07-03
PRO_2960,PRO_11000,produces_output,0.5,False,,Worldwide,,Unverified,ГЖ_06_25.pdf,High,2026-07-03
PRO_2960,PRO_11001,produces_output,0.5,False,,Worldwide,,Unverified,ГЖ_06_25.pdf,High,2026-07-03
PRO_2960,PRO_11002,produces_output,0.5,False,,Worldwide,,Unverified,ГЖ_06_25.pdf,High,2026-07-03
FAC_11006,FAC_11007,operates_at_condition,0.5,False,Объединение с предприятием по благоустройству территории и участком эксплуатации промышленных отвалов АТО «ЦАТК»,Russia,,Confirmed,ГЖ_06_25.pdf,High,2026-07-03
FAC_11008,EQU_10982,uses_material,0.5,False,,Russia,,Confirmed,ГЖ_06_25.pdf,High,2026-07-03
FAC_11008,EQU_4120,uses_material,0.5,False,,Russia,,Confirmed,ГЖ_06_25.pdf,High,2026-07-03
PRO_7074,MAT_65,uses_material,0.5,False,,Worldwide,,Confirmed,ГЖ_06_25.pdf,High,2026-07-03
PRO_4749,FAC_11009,produces_output,0.5,False,,Worldwide,,Confirmed,ГЖ_06_25.pdf,High,2026-07-03
PRO_11010,EQU_11011,uses_material,0.5,False,,Russia,,Confirmed,ГЖ_06_25.pdf,High,2026-07-03
PRO_11010,EQU_10982,uses_material,0.5,False,,Russia,,Confirmed,ГЖ_06_25.pdf,High,2026-07-03
PRO_11010,EQU_11012,uses_material,0.5,False,,Russia,,Confirmed,ГЖ_06_25.pdf,High,2026-07-03
PRO_11010,EQU_4120,uses_material,0.5,False,,Russia,,Confirmed,ГЖ_06_25.pdf,High,2026-07-03
PRO_11013,PUB_10893,described_in,0.5,False,,Russia,,Confirmed,ГЖ_06_25.pdf,High,2026-07-03
PRO_361,PRO_11013,uses_material,0.5,False,,Russia,,Confirmed,ГЖ_06_25.pdf,High,2026-07-03
FAC_6982,PRO_7074,operates_at_condition,0.5,False,При ведении очистных работ в панелях 1–27,Russia,,Confirmed,ГЖ_06_25.pdf,High,2026-07-03
EXP_11014,PRO_2050,researched_by,0.5,False,,Worldwide,,Confirmed,ГЖ_06_25.pdf,High,2026-07-03
FAC_6598,PRO_7074,operates_at_condition,0.5,False,Глубина от 800 до 1700 м и более,Russia,,Confirmed,ГЖ_06_25.pdf,High,2026-07-03
EQU_11015,PRO_5270,uses_material,0.5,False,,Russia,,Confirmed,ГЖ_06_25.pdf,High,2026-07-03
FAC_10994,EQU_11016,uses_material,0.5,False,,Russia,,Confirmed,ГЖ_06_25.pdf,High,2026-07-03
PUB_896,EQU_11016,described_in,0.5,False,,Russia,,Confirmed,ГЖ_06_25.pdf,High,2026-07-03
FAC_6468,EQU_11017,operates_at_condition,0.5,False,"Повышенный уровень ответственности, повышенные эксплуатационные нагрузки",Russia,,Confirmed,ГЖ_06_25.pdf,High,2026-07-03
PRO_11018,EQU_11017,uses_material,0.5,False,,Russia,,Confirmed,ГЖ_06_25.pdf,High,2026-07-03
EXP_11020,PRO_11019,researched_by,0.5,False,Глубина: 400-1700 м,Russia,,Confirmed,ГЖ_06_25.pdf,High,2026-07-03
PUB_10893,EXP_11020,described_in,0.5,False,,Russia,,Confirmed,ГЖ_06_25.pdf,High,2026-07-03
EQU_11021,EQU_11022,uses_material,0.5,False,,Worldwide,,Unverified,ГЖ_06_25.pdf,High,2026-07-03
EQU_11021,PUB_10893,described_in,0.5,False,,Worldwide,,Unverified,ГЖ_06_25.pdf,High,2026-07-03
FAC_7212,EQU_11023,uses_material,0.5,False,,Russia,,Confirmed,ГЖ_06_25.pdf,High,2026-07-03
FAC_6468,PRO_5699,operates_at_condition,0.5,False,"Глубина более 2 км, экстремальные условия",Russia,,Confirmed,ГЖ_06_25.pdf,High,2026-07-03
EQU_11021,FAC_6468,operates_at_condition,0.5,False,,Russia,,Confirmed,ГЖ_06_25.pdf,High,2026-07-03
EQU_11021,EQU_11024,uses_material,0.5,False,,Russia,,Confirmed,ГЖ_06_25.pdf,High,2026-07-03
EQU_11025,EQU_11021,researched_by,0.5,False,,Russia,,Confirmed,ГЖ_06_25.pdf,High,2026-07-03
FAC_11026,PRO_11027,uses_material,0.5,False,,Russia,,Confirmed,ГЖ_06_25.pdf,High,2026-07-03
EQU_11028,PRO_11027,operates_at_condition,0.5,False,"Зеленый уровень угроз - нормальный режим работы, желтый уровень - предельные нагрузки, красный уровень - критическое состояние",Russia,,Confirmed,ГЖ_06_25.pdf,High,2026-07-03
PRO_6038,PRO_1605,uses_material,0.5,False,,Worldwide,,Confirmed,ГЖ_06_25.pdf,High,2026-07-03
PRO_1605,PRO_11029,operates_at_condition,0.5,False,Большое число наблюдений,Worldwide,,Confirmed,ГЖ_06_25.pdf,High,2026-07-03
EXP_11030,PUB_896,described_in,0.5,False,,Worldwide,,Unverified,ГЖ_06_25.pdf,High,2026-07-03
EXP_11031,PRO_3002,uses_material,0.5,False,,Russia,,Confirmed,ГЖ_06_25.pdf,High,2026-07-03
FAC_11032,PRO_11033,uses_material,0.5,False,,Russia,,Confirmed,ГЖ_06_25.pdf,High,2026-07-03
FAC_11032,PRO_3002,uses_material,0.5,False,,Russia,,Confirmed,ГЖ_06_25.pdf,High,2026-07-03
PUB_11034,PRO_3002,described_in,0.5,False,,Worldwide,,Confirmed,ГЖ_06_25.pdf,High,2026-07-03
FAC_11035,PUB_896,described_in,0.5,False,,Russia,,Confirmed,ГЖ_06_25.pdf,High,2026-07-03
PRO_11036,MAT_9218,researched_by,0.5,False,,Worldwide,,Unverified,ГЖ_06_25.pdf,High,2026-07-03
MAT_9218,PRO_11037,operates_at_condition,0.5,False,,Worldwide,,Unverified,ГЖ_06_25.pdf,High,2026-07-03
PRO_11037,FAC_11038,produces_output,0.5,False,,Worldwide,,Unverified,ГЖ_06_25.pdf,High,2026-07-03
PUB_11039,FAC_11040,described_in,0.5,False,,Russia,,Confirmed,ГЖ_06_25.pdf,High,2026-07-03
PRO_11041,EQU_11042,uses_material,0.5,False,,Worldwide,,Unverified,ГЖ_06_25.pdf,High,2026-07-03
PRO_11041,PRO_11043,operates_at_condition,0.5,False,Анализ данных о сейсмических событиях,Worldwide,,Unverified,ГЖ_06_25.pdf,High,2026-07-03
EXP_11044,FAC_6980,researched_by,0.5,False,Временной интервал: один квартал,Russia,,Confirmed,ГЖ_06_25.pdf,High,2026-07-03
EXP_11045,FAC_6468,researched_by,0.5,False,,Russia,,Confirmed,ГЖ_06_25.pdf,High,2026-07-03
PRO_7074,MAT_3761,uses_material,0.5,False,,Worldwide,,Confirmed,ГЖ_06_25.pdf,High,2026-07-03
PRO_7074,MAT_9218,operates_at_condition,0.5,False,В зоне влияния очистных работ,Worldwide,,Confirmed,ГЖ_06_25.pdf,High,2026-07-03
EXP_11047,PUB_896,described_in,0.5,False,,Worldwide,,Confirmed,ГЖ_06_25.pdf,High,2026-07-03
PRO_11049,MAT_9164,uses_material,0.5,False,,Worldwide,,Confirmed,ГЖ_06_25.pdf,High,2026-07-03
EXP_11050,FAC_11048,researched_by,0.5,False,,Russia,,Confirmed,ГЖ_06_25.pdf,High,2026-07-03
PRO_5270,EXP_11051,researched_by,0.5,False,,Russia,,Confirmed,ГЖ_06_25.pdf,High,2026-07-03
EXP_11051,PUB_10893,described_in,0.5,False,,Russia,,Confirmed,ГЖ_06_25.pdf,High,2026-07-03
PRO_11052,PRO_11053,operates_at_condition,0.5,False,Изменение скорости от 6100 м/с до 5500 м/с,Russia,5500-6100 м/с,Confirmed,ГЖ_06_25.pdf,High,2026-07-03
PRO_11052,FAC_10993,researched_by,0.5,False,,Russia,,Confirmed,ГЖ_06_25.pdf,High,2026-07-03
EXP_11054,FAC_11055,researched_by,0.5,False,,Worldwide,,Confirmed,ГЖ_06_25.pdf,High,2026-07-03
PRO_1768,EQU_8,uses_material,0.5,False,,Worldwide,,Confirmed,ГЖ_06_25.pdf,High,2026-07-03
PRO_1768,FAC_3045,operates_at_condition,0.5,False,Моделирование НДС скального массива вблизи гаражей самоходного дизельного оборудования,Russia,,Confirmed,ГЖ_06_25.pdf,High,2026-07-03
PRO_7074,FAC_3045,uses_material,0.5,False,,Russia,,Confirmed,ГЖ_06_25.pdf,High,2026-07-03
PRO_105,FAC_6980,researched_by,0.5,False,,Russia,,Confirmed,ГЖ_06_25.pdf,High,2026-07-03
PRO_105,FAC_9229,researched_by,0.5,False,,Russia,,Confirmed,ГЖ_06_25.pdf,High,2026-07-03
PRO_1220,PUB_11059,described_in,0.5,False,,Russia,,Confirmed,ГЖ_06_25.pdf,High,2026-07-03
EQU_11057,PUB_11059,used_in,0.5,False,,Russia,,Confirmed,ГЖ_06_25.pdf,High,2026-07-03
EXP_11060,PRO_9005,uses_material,0.5,False,Соблюдение комплексного критерия подобия,Worldwide,,Unverified,ГЖ_06_25.pdf,High,2026-07-03
PRO_9005,MAT_11061,uses_material,0.5,False,,Worldwide,,Unverified,ГЖ_06_25.pdf,High,2026-07-03
MAT_11062,PRO_9005,researched_by,0.5,False,,Worldwide,,Confirmed,ГЖ_06_25.pdf,High,2026-07-03
MAT_11062,PRO_10422,operates_at_condition,0.5,False,Изменение коэффициента запаса устойчивости при различных параметрах ГП,Worldwide,,Confirmed,ГЖ_06_25.pdf,High,2026-07-03
PRO_11063,EQU_11064,uses_material,0.5,False,Масштаб моделирования 1:50,Worldwide,,Confirmed,ГЖ_06_25.pdf,High,2026-07-03
PRO_11063,MAT_11065,operates_at_condition,0.5,False,Учёт прочностных характеристик горных пород,Worldwide,,Confirmed,ГЖ_06_25.pdf,High,2026-07-03
MAT_11062,PUB_10893,researched_by,0.5,False,,Worldwide,,Confirmed,ГЖ_06_25.pdf,High,2026-07-03
EXP_5413,MAT_11062,uses_material,0.5,False,,Worldwide,,Confirmed,ГЖ_06_25.pdf,High,2026-07-03
EQU_8,MAT_8630,uses_material,0.5,False,,Worldwide,,Confirmed,ГЖ_06_25.pdf,High,2026-07-03
EQU_8,MAT_11066,uses_material,0.5,False,,Worldwide,,Confirmed,ГЖ_06_25.pdf,High,2026-07-03
EQU_8,MAT_6464,uses_material,0.5,False,,Worldwide,,Confirmed,ГЖ_06_25.pdf,High,2026-07-03
EQU_8,MAT_7957,uses_material,0.5,False,,Worldwide,,Confirmed,ГЖ_06_25.pdf,High,2026-07-03
EQU_8,MAT_11067,uses_material,0.5,False,,Worldwide,,Confirmed,ГЖ_06_25.pdf,High,2026-07-03
EQU_8,MAT_11068,uses_material,0.5,False,,Worldwide,,Confirmed,ГЖ_06_25.pdf,High,2026-07-03
PRO_9805,PUB_10893,described_in,0.5,False,,Worldwide,,Confirmed,ГЖ_06_25.pdf,High,2026-07-03
FAC_11070,EQU_11069,uses_material,0.5,False,"с 2019 г., с регулярным обновлением ПО и комплектации",Worldwide,,Confirmed,ГЖ_06_25.pdf,High,2026-07-03
EXP_11071,MAT_11062,researched_by,0.5,False,,Worldwide,,Confirmed,ГЖ_06_25.pdf,High,2026-07-03
MAT_11062,PRO_3869,operates_at_condition,0.5,False,"частота расположения ГП: 0,15 и 0,3 слоев на 1 м, угол залегания ГП: 0-15°",Worldwide,,Confirmed,ГЖ_06_25.pdf,High,2026-07-03
EQU_11072,EQU_11073,validated_by,0.5,False,Сравнивались результаты промеров глубин,Worldwide,Расхождения в измерениях до 3 см,Confirmed,ГЖ_06_25.pdf,High,2026-07-03
EQU_11074,PRO_11076,uses_material,0.5,False,,Russia,,Confirmed,ГЖ_06_25.pdf,High,2026-07-03
EQU_11075,PRO_11076,uses_material,0.5,False,Съемка вертикальных горных выработок,Russia,,Confirmed,ГЖ_06_25.pdf,High,2026-07-03
EQU_11069,PRO_11076,uses_material,0.5,False,,Russia,,Confirmed,ГЖ_06_25.pdf,High,2026-07-03
FAC_11077,EQU_11069,uses_material,0.5,False,,Russia,,Confirmed,ГЖ_06_25.pdf,High,2026-07-03
FAC_11077,EQU_11072,uses_material,0.5,False,,Russia,,Confirmed,ГЖ_06_25.pdf,High,2026-07-03
FAC_11083,EQU_11081,uses_material,0.5,False,,Russia,,Confirmed,ГЖ_06_25.pdf,High,2026-07-03
PRO_11084,MAT_4464,produces_output,0.5,False,При ведении горных работ,Worldwide,,Confirmed,ГЖ_06_25.pdf,High,2026-07-03
EQU_11085,MAT_4464,produces_output,0.5,False,При работе на рудниках,Worldwide,,Confirmed,ГЖ_06_25.pdf,High,2026-07-03
PRO_11084,EQU_11085,uses_material,0.5,False,Для ведения горных работ,Worldwide,,Confirmed,ГЖ_06_25.pdf,High,2026-07-03
PRO_1496,MAT_1712,produces_output,0.5,False,после взрывных работ,Worldwide,,Confirmed,ГЖ_06_25.pdf,High,2026-07-03
EXP_11087,EQU_3971,uses_material,0.5,False,в процессе проветривания,Worldwide,,Confirmed,ГЖ_06_25.pdf,High,2026-07-03
EXP_11087,FAC_6981,operates_at_condition,0.5,False,на руднике Октябрьский,Russia,,Confirmed,ГЖ_06_25.pdf,High,2026-07-03
EXP_11088,FAC_7212,researched_by,0.5,False,,Russia,,Confirmed,ГЖ_06_25.pdf,High,2026-07-03
FAC_7212,PUB_10893,described_in,0.5,False,,Russia,,Confirmed,ГЖ_06_25.pdf,High,2026-07-03
PRO_11089,EQU_11090,uses_material,0.5,False,,Worldwide,,Confirmed,ГЖ_06_25.pdf,High,2026-07-03
EXP_11092,FAC_6598,researched_by,0.5,False,,Russia,,Confirmed,ГЖ_06_25.pdf,High,2026-07-03
EXP_11092,PRO_11091,operates_at_condition,0.5,False,"концентрация кислорода не ниже 20,6%",Russia,"20,6%",Confirmed,ГЖ_06_25.pdf,High,2026-07-03
PRO_1618,EQU_11093,uses_material,0.5,False,,Worldwide,,Confirmed,ГЖ_06_25.pdf,High,2026-07-03
EXP_11094,PRO_1618,researched_by,0.5,False,,Worldwide,,Confirmed,ГЖ_06_25.pdf,High,2026-07-03
PRO_11095,EQU_11096,uses_material,0.5,False,,Worldwide,,Confirmed,ГЖ_06_25.pdf,High,2026-07-03
EQU_11096,EXP_11097,validated_by,0.5,False,,Worldwide,,Confirmed,ГЖ_06_25.pdf,High,2026-07-03
EQU_11096,PRO_11098,uses_material,0.5,False,,Russia,,Confirmed,ГЖ_06_25.pdf,High,2026-07-03
PUB_10893,PRO_11098,described_in,0.5,False,,Russia,,Confirmed,ГЖ_06_25.pdf,High,2026-07-03
EXP_11099,EQU_353,researched_by,0.5,False,Различные длина тупиковой разрезной выработки и расстояние до места разгрузки,Worldwide,,Confirmed,ГЖ_06_25.pdf,High,2026-07-03
EXP_11099,PRO_11100,operates_at_condition,0.5,False,Циклограмма работ по отгрузке руды,Worldwide,,Confirmed,ГЖ_06_25.pdf,High,2026-07-03
EQU_11102,FAC_9232,used_for,0.5,False,,Russia,,Confirmed,ГЖ_06_25.pdf,High,2026-07-03
FAC_2089,EXP_11103,researched_by,0.5,False,,Russia,,Confirmed,ГЖ_06_25.pdf,High,2026-07-03
EXP_11103,MAT_6619,operates_at_condition,0.5,False,"Глубина ведения горных работ 2000 м, температура породного массива 53 °C",Russia,,Confirmed,ГЖ_06_25.pdf,High,2026-07-03
PRO_2090,FAC_2089,uses_material,0.5,False,,Russia,,Confirmed,ГЖ_06_25.pdf,High,2026-07-03
FAC_6335,PRO_11104,uses_material,0.5,False,,Russia,,Confirmed,ГЖ_06_25.pdf,High,2026-07-03
PRO_11104,EQU_11105,operates_at_condition,0.5,False,Частотное регулирование оборотов,Russia,,Confirmed,ГЖ_06_25.pdf,High,2026-07-03
FAC_2089,PRO_2090,researched_by,0.5,False,,Russia,,Confirmed,ГЖ_06_25.pdf,High,2026-07-03
PRO_2090,EXP_11106,validated_by,0.5,False,Период с 2021 по 2024 год,Russia,,Confirmed,ГЖ_06_25.pdf,High,2026-07-03
FAC_2089,EQU_11107,uses_material,0.5,False,Диапазон глубин от 1500 до 2500 м,Russia,,Partially_Confirmed,ГЖ_06_25.pdf,High,2026-07-03
FAC_7478,FAC_11112,researched_by,0.5,False,,Russia,,Confirmed,ГЖ_06_25.pdf,High,2026-07-03
FAC_7478,FAC_11113,operates_at_condition,0.5,False,Мониторинг состояния зданий и сооружений на многолетнемерзлых грунтах,Russia,,Confirmed,ГЖ_06_25.pdf,High,2026-07-03
EQU_11114,PRO_11115,operates_at_condition,0.5,False,"Требуемая максимальная тепловая мощность охлаждения: 259 кВт, минимальная: 33 кВт",Russia,Зависит от требуемого расхода воздуха в рабочей зоне и ее удаленности от воздухоподающего ствола,Confirmed,ГЖ_06_25.pdf,High,2026-07-03
EQU_11114,FAC_6335,uses_material,0.5,False,,Russia,,Confirmed,ГЖ_06_25.pdf,High,2026-07-03
PUB_11116,PRO_11117,described_in,0.5,False,,Russia,,Confirmed,ГЖ_06_25.pdf,High,2026-07-03
PUB_11116,PRO_11118,described_in,0.5,False,,Russia,,Confirmed,ГЖ_06_25.pdf,High,2026-07-03
PRO_11117,FAC_11119,operates_at_condition,0.5,False,,Russia,,Confirmed,ГЖ_06_25.pdf,High,2026-07-03
EXP_11120,PUB_896,researched_by,0.5,False,,Russia,,Confirmed,ГЖ_06_25.pdf,High,2026-07-03
EQU_4912,MAT_11121,operates_at_condition,0.5,False,Мониторинг состояния грунтов,Russia,,Confirmed,ГЖ_06_25.pdf,High,2026-07-03
FAC_11122,PRO_11123,researched_by,0.5,False,,Russia,,Confirmed,ГЖ_06_25.pdf,High,2026-07-03
PRO_11123,PUB_10893,described_in,0.5,False,,Russia,,Confirmed,ГЖ_06_25.pdf,High,2026-07-03
FAC_11112,FAC_11124,researched_by,0.5,False,,Russia,,Confirmed,ГЖ_06_25.pdf,High,2026-07-03
FAC_11124,EXP_11125,operates_at_condition,0.5,False,Летом и зимой,Russia,,Confirmed,ГЖ_06_25.pdf,High,2026-07-03
EXP_11125,PRO_11126,uses_material,0.5,False,,Russia,,Confirmed,ГЖ_06_25.pdf,High,2026-07-03
PRO_11126,EQU_11127,uses_material,0.5,False,,Russia,,Confirmed,ГЖ_06_25.pdf,High,2026-07-03
PRO_11131,EQU_11132,uses_material,0.5,False,,Russia,,Confirmed,ГЖ_06_25.pdf,High,2026-07-03
PRO_11131,EQU_11133,uses_material,0.5,False,,Russia,,Confirmed,ГЖ_06_25.pdf,High,2026-07-03
PRO_11131,EQU_11134,uses_material,0.5,False,,Russia,,Confirmed,ГЖ_06_25.pdf,High,2026-07-03
PRO_11131,EQU_11135,uses_material,0.5,False,,Russia,,Confirmed,ГЖ_06_25.pdf,High,2026-07-03
PRO_11131,EQU_11136,uses_material,0.5,False,,Russia,,Confirmed,ГЖ_06_25.pdf,High,2026-07-03
PRO_11131,EQU_11137,uses_material,0.5,False,,Russia,,Confirmed,ГЖ_06_25.pdf,High,2026-07-03
FAC_7017,FAC_7223,researched_by,0.5,False,,Russia,,Confirmed,ГЖ_06_25.pdf,High,2026-07-03
ORG_6414,PUB_896,described_in,0.5,False,,Russia,,Confirmed,ГЖ_07_25.pdf,High,2026-07-03
EXP_11140,PUB_896,researched_by,0.5,False,,Russia,,Confirmed,ГЖ_07_25.pdf,High,2026-07-03
EXP_11141,PUB_896,researched_by,0.5,False,,Russia,,Confirmed,ГЖ_07_25.pdf,High,2026-07-03
PUB_896,FAC_11143,described_in,0.5,False,,Russia,,Confirmed,ГЖ_07_25.pdf,High,2026-07-03
FAC_11142,PUB_896,validated_by,0.5,False,Прекратило своё существование,Russia,1996–2000,Confirmed,ГЖ_07_25.pdf,High,2026-07-03
FAC_3685,PUB_896,researched_by,0.5,False,,Russia,,Confirmed,ГЖ_07_25.pdf,High,2026-07-03
FAC_11144,PUB_896,researched_by,0.5,False,,Russia,,Confirmed,ГЖ_07_25.pdf,High,2026-07-03
FAC_11145,PUB_896,researched_by,0.5,False,,Russia,,Confirmed,ГЖ_07_25.pdf,High,2026-07-03
EXP_11146,PUB_896,researched_by,0.5,False,,Russia,,Confirmed,ГЖ_06_25.pdf,High,2026-07-03
EXP_11147,PUB_896,researched_by,0.5,False,,Russia,,Confirmed,ГЖ_06_25.pdf,High,2026-07-03
EXP_11148,PUB_896,researched_by,0.5,False,,Russia,,Confirmed,ГЖ_06_25.pdf,High,2026-07-03
EXP_11149,PUB_896,researched_by,0.5,False,,Russia,,Confirmed,ГЖ_06_25.pdf,High,2026-07-03
EXP_11150,PUB_896,researched_by,0.5,False,,Russia,,Confirmed,ГЖ_06_25.pdf,High,2026-07-03
PUB_896,ORG_11151,взаимодействует,0.5,False,,Russia,,Confirmed,ГЖ_07_25.pdf,High,2026-07-03
PUB_896,ORG_6692,освещает события,0.5,False,В честь юбилея,Russia,,Confirmed,ГЖ_07_25.pdf,High,2026-07-03
PUB_896,EQU_1485,освещает события,0.5,False,Присвоение имени,Russia,,Confirmed,ГЖ_07_25.pdf,High,2026-07-03
ORG_6401,PUB_896,publisher,0.5,False,,Russia,,Confirmed,ГЖ_07_25.pdf,High,2026-07-03
PRO_11152,MAT_441,produces_output,0.5,False,,Russia,,Confirmed,ГЖ_07_25.pdf,High,2026-07-03
EQU_11153,PRO_11152,uses_material,0.5,False,,Russia,,Confirmed,ГЖ_07_25.pdf,High,2026-07-03
EXP_11154,PRO_11152,researched_by,0.5,False,Район г. Воронежа,Russia,,Confirmed,ГЖ_07_25.pdf,High,2026-07-03
PUB_896,EXP_11154,described_in,0.5,False,,Russia,,Confirmed,ГЖ_07_25.pdf,High,2026-07-03
PUB_896,FAC_1000,described_in,0.5,False,,Russia,,Confirmed,ГЖ_07_25.pdf,High,2026-07-03
PUB_896,FAC_3185,described_in,0.5,False,,Russia,,Confirmed,ГЖ_07_25.pdf,High,2026-07-03
PUB_896,FAC_11155,described_in,0.5,False,,Russia,,Confirmed,ГЖ_07_25.pdf,High,2026-07-03
PUB_896,FAC_618,described_in,0.5,False,,Russia,,Confirmed,ГЖ_07_25.pdf,High,2026-07-03
PUB_896,FAC_11156,described_in,0.5,False,,Worldwide,,Confirmed,ГЖ_07_25.pdf,High,2026-07-03
PUB_896,MAT_441,described_in,0.5,False,,Worldwide,,Confirmed,ГЖ_07_25.pdf,High,2026-07-03
PRO_11157,EQU_11158,operates_at_condition,0.5,False,Использование солнечной энергии,Worldwide,,Confirmed,ГЖ_07_25.pdf,High,2026-07-03
EXP_11159,EQU_11158,researched_by,0.5,False,,Germany,,Confirmed,ГЖ_07_25.pdf,High,2026-07-03
EXP_11160,EQU_11158,researched_by,0.5,False,,Germany,,Confirmed,ГЖ_07_25.pdf,High,2026-07-03
FAC_11162,PRO_11161,researched_by,0.5,False,,Russia,,Confirmed,ГЖ_07_25.pdf,High,2026-07-03
PUB_896,PRO_11161,described_in,0.5,False,,Russia,,Confirmed,ГЖ_07_25.pdf,High,2026-07-03
PUB_896,MAT_441,described_in,0.5,False,,Russia,,Confirmed,ГЖ_07_25.pdf,High,2026-07-03
PUB_896,PRO_1156,described_in,0.5,False,,Russia,,Confirmed,ГЖ_07_25.pdf,High,2026-07-03
PUB_896,PRO_9163,described_in,0.5,False,,Russia,,Confirmed,ГЖ_07_25.pdf,High,2026-07-03
EQU_11163,MAT_441,uses_material,0.5,False,,Russia,,Confirmed,ГЖ_07_25.pdf,High,2026-07-03
PUB_896,MAT_444,described_in,0.5,False,,Russia,,Confirmed,ГЖ_07_25.pdf,High,2026-07-03
MAT_444,PUB_896,described_in,0.5,False,,Russia,,Confirmed,ГЖ_07_25.pdf,High,2026-07-03
MAT_11164,PUB_896,described_in,0.5,False,,Russia,,Confirmed,ГЖ_07_25.pdf,High,2026-07-03
PRO_11165,EQU_11166,produces_output,0.5,False,Низкотемпературный режим,Russia,,Confirmed,ГЖ_07_25.pdf,High,2026-07-03
PUB_896,EXP_11167,researched_by,0.5,False,,Russia,,Confirmed,ГЖ_07_25.pdf,High,2026-07-03
PUB_896,FAC_11168,described_in,0.5,False,,Russia,,Confirmed,ГЖ_07_25.pdf,High,2026-07-03
EQU_11174,MAT_11175,produces_output,0.5,False,процесс происходит в реакторе с «закрытым объемом»,Worldwide,,Confirmed,ГЖ_07_25.pdf,High,2026-07-03
PRO_11173,MAT_11176,produces_output,0.5,False,,Worldwide,,Confirmed,ГЖ_07_25.pdf,High,2026-07-03
PUB_896,MAT_441,described_in,0.5,False,,Russia,,Confirmed,ГЖ_07_25.pdf,High,2026-07-03
PRO_1156,MAT_441,produces_output,0.5,False,,Russia,,Confirmed,ГЖ_07_25.pdf,High,2026-07-03
PUB_896,MAT_441,described_in,0.5,False,,Russia,,Confirmed,ГЖ_07_25.pdf,High,2026-07-03
PUB_6400,PRO_11177,described_in,0.5,False,,Worldwide,,Confirmed,ГЖ_07_25.pdf,High,2026-07-03
PUB_6400,MAT_9192,researched_by,0.5,False,,Worldwide,,Confirmed,ГЖ_07_25.pdf,High,2026-07-03
EXP_11178,MAT_9192,researched_by,0.5,False,,Worldwide,,Confirmed,ГЖ_07_25.pdf,High,2026-07-03
FAC_11179,EXP_11180,researched_by,0.5,False,,Russia,,Confirmed,ГЖ_07_25.pdf,High,2026-07-03
PUB_11169,MAT_11181,described_in,0.5,False,,Russia,,Confirmed,ГЖ_07_25.pdf,High,2026-07-03
PUB_11169,MAT_3609,described_in,0.5,False,,Russia,,Confirmed,ГЖ_07_25.pdf,High,2026-07-03
PRO_11182,MAT_3609,produces_output,0.5,False,,Worldwide,,Confirmed,ГЖ_07_25.pdf,High,2026-07-03
PRO_11183,MAT_3609,produces_output,0.5,False,,Worldwide,,Confirmed,ГЖ_07_25.pdf,High,2026-07-03
PUB_11169,MAT_3609,described_in,0.5,False,,Russia,,Confirmed,ГЖ_07_25.pdf,High,2026-07-03
PUB_11169,MAT_3609,described_in,0.5,False,,Russia,,Confirmed,ГЖ_07_25.pdf,High,2026-07-03
PUB_11169,FAC_11187,described_in,0.5,False,,Russia,,Confirmed,ГЖ_07_25.pdf,High,2026-07-03
PUB_11169,FAC_11188,described_in,0.5,False,,Russia,,Confirmed,ГЖ_07_25.pdf,High,2026-07-03
PUB_896,MAT_441,described_in,0.5,False,,Russia,,Confirmed,ГЖ_07_25.pdf,High,2026-07-03
FAC_11191,MAT_11190,researched_by,0.5,False,,Russia,,Confirmed,ГЖ_07_25.pdf,High,2026-07-03
PRO_11182,MAT_8838,produces_output,0.5,False,,Worldwide,,Confirmed,ГЖ_07_25.pdf,High,2026-07-03
PRO_11182,MAT_11194,produces_output,0.5,False,Высокая магнезиальность,Russia,,Confirmed,ГЖ_07_25.pdf,High,2026-07-03
FAC_11195,MAT_11194,contains,0.5,False,,Russia,,Confirmed,ГЖ_07_25.pdf,High,2026-07-03
FAC_11196,MAT_11194,contains,0.5,False,,Russia,,Confirmed,ГЖ_07_25.pdf,High,2026-07-03
PUB_896,PRO_3330,described_in,0.5,False,,Russia,,Confirmed,ГЖ_07_25.pdf,High,2026-07-03
PUB_11169,MAT_11200,researched_by,0.5,False,,Russia,,Confirmed,ГЖ_07_25.pdf,High,2026-07-03
PUB_11169,MAT_5643,described_in,0.5,False,,Russia,,Confirmed,ГЖ_07_25.pdf,High,2026-07-03
PUB_11169,MAT_1274,described_in,0.5,False,,Russia,,Confirmed,ГЖ_07_25.pdf,High,2026-07-03
PUB_11169,MAT_11200,described_in,0.5,False,,Russia,,Confirmed,ГЖ_07_25.pdf,High,2026-07-03
PRO_11201,FAC_11202,uses_material,0.5,False,,Russia,,Confirmed,ГЖ_07_25.pdf,High,2026-07-03
MAT_9026,PRO_3330,researched_by,0.5,False,В районах с недостаточным водообеспечением,Russia,,Confirmed,ГЖ_07_25.pdf,High,2026-07-03
FAC_11204,MAT_3604,researched_by,0.5,False,,Russia,,Unverified,ГЖ_07_25.pdf,High,2026-07-03
FAC_11204,MAT_11203,researched_by,0.5,False,,Russia,,Unverified,ГЖ_07_25.pdf,High,2026-07-03
FAC_11205,MAT_332,contains,0.5,False,,Russia,,Confirmed,ГЖ_07_25.pdf,High,2026-07-03
FAC_10227,MAT_7859,uses_material,0.5,False,,Russia,,Confirmed,ГЖ_07_25.pdf,High,2026-07-03
PRO_11206,FAC_10227,operates_at_condition,0.5,False,,Russia,,Confirmed,ГЖ_07_25.pdf,High,2026-07-03
MAT_11207,MAT_11208,described_in,0.5,False,,Russia,,Unverified,ГЖ_07_25.pdf,High,2026-07-03
FAC_11209,MAT_4972,produces_output,0.5,False,,Russia,,Confirmed,ГЖ_07_25.pdf,High,2026-07-03
PRO_4973,MAT_4972,uses_material,0.5,False,,Russia,,Confirmed,ГЖ_07_25.pdf,High,2026-07-03
FAC_11210,PRO_11213,uses_material,0.5,False,,Russia,,Confirmed,ГЖ_07_25.pdf,High,2026-07-03
FAC_11216,ORG_11217,researched_by,0.5,False,,Russia,,Confirmed,ГЖ_07_25.pdf,High,2026-07-03
FAC_7821,FAC_11221,validated_by,0.5,False,,Russia,,Confirmed,ГЖ_07_25.pdf,High,2026-07-03
PUB_11169,FAC_11224,described_in,0.5,False,,Russia,,Confirmed,ГЖ_07_25.pdf,High,2026-07-03
FAC_6334,PRO_11225,operates_at_condition,0.5,False,"Экстремальный климат Крайнего Севера, сложные горно-геологические условия",Russia,,Confirmed,ГЖ_07_25.pdf,High,2026-07-03
PRO_11225,EQU_11226,uses_material,0.5,False,,Russia,,Confirmed,ГЖ_07_25.pdf,High,2026-07-03
PRO_11225,MAT_9917,uses_material,0.5,False,Вовлечение промышленных отходов в составы твердеющих смесей,Russia,,Confirmed,ГЖ_07_25.pdf,High,2026-07-03
FAC_6981,MAT_7076,operates_at_condition,0.5,False,Глубина залегания менее 700 м,Russia,,Confirmed,ГЖ_07_25.pdf,High,2026-07-03
FAC_6981,MAT_119,uses_material,0.5,False,,Russia,,Confirmed,ГЖ_07_25.pdf,High,2026-07-03
PRO_3250,MAT_119,produces_output,0.5,False,,Russia,,Confirmed,ГЖ_07_25.pdf,High,2026-07-03
PRO_11228,EQU_10043,uses_material,0.5,False,,Russia,,Confirmed,ГЖ_07_25.pdf,High,2026-07-03
PRO_11228,EQU_11229,uses_material,0.5,False,,Russia,,Confirmed,ГЖ_07_25.pdf,High,2026-07-03
PRO_11228,EQU_11230,uses_material,0.5,False,,Russia,,Confirmed,ГЖ_07_25.pdf,High,2026-07-03
PRO_3880,FAC_11239,operates_at_condition,0.5,False,,Russia,,Confirmed,ГЖ_07_25.pdf,High,2026-07-03
FAC_11243,EQU_9364,uses_material,0.5,False,,Russia,,Confirmed,ГЖ_07_25.pdf,High,2026-07-03
FAC_11243,EQU_11240,uses_material,0.5,False,,Russia,,Confirmed,ГЖ_07_25.pdf,High,2026-07-03
FAC_11243,EQU_11241,uses_material,0.5,False,,Russia,,Confirmed,ГЖ_07_25.pdf,High,2026-07-03
FAC_11243,EQU_11242,uses_material,0.5,False,,Russia,,Confirmed,ГЖ_07_25.pdf,High,2026-07-03
PRO_11244,MAT_11245,uses_material,0.5,False,,Russia,,Confirmed,ГЖ_07_25.pdf,High,2026-07-03
FAC_10908,PRO_11246,uses_material,0.5,False,,Russia,,Confirmed,ГЖ_07_25.pdf,High,2026-07-03
PRO_11246,MAT_11247,uses_material,0.5,False,,Russia,,Confirmed,ГЖ_07_25.pdf,High,2026-07-03
PRO_11246,MAT_11248,uses_material,0.5,False,,Russia,,Confirmed,ГЖ_07_25.pdf,High,2026-07-03
PRO_11246,MAT_11249,uses_material,0.5,False,,Russia,,Confirmed,ГЖ_07_25.pdf,High,2026-07-03
PRO_11250,FAC_11251,researched_by,0.5,False,,Russia,,Confirmed,ГЖ_07_25.pdf,High,2026-07-03
PRO_11250,PUB_11169,described_in,0.5,False,,Russia,,Confirmed,ГЖ_07_25.pdf,High,2026-07-03
PUB_896,FAC_6334,described_in,0.5,False,,Russia,,Confirmed,ГЖ_07_25.pdf,High,2026-07-03
PRO_11252,FAC_6334,researched_by,0.5,False,,Russia,,Confirmed,ГЖ_07_25.pdf,High,2026-07-03
PRO_11253,FAC_6334,operates_at_condition,0.5,False,максимально автоматизированные процессы с минимальным присутствием персонала,Russia,,Confirmed,ГЖ_07_25.pdf,High,2026-07-03
PUB_896,EQU_11257,described_in,0.5,False,,Russia,,Confirmed,ГЖ_07_25.pdf,High,2026-07-03
EXP_11258,PUB_11169,described_in,0.5,False,,Russia,,Confirmed,ГЖ_07_25.pdf,High,2026-07-03
EXP_11258,PUB_11259,described_in,0.5,False,,Russia,,Confirmed,ГЖ_07_25.pdf,High,2026-07-03
MAT_7535,FAC_11264,uses_material,0.5,False,,Russia,,Confirmed,ГЖ_07_25.pdf,High,2026-07-03
EXP_11265,FAC_11264,researched_by,0.5,False,1617–1618 гг.,Russia,,Confirmed,ГЖ_07_25.pdf,High,2026-07-03
FAC_11268,MAT_1146,uses_material,0.5,False,,Russia,,Confirmed,ГЖ_07_25.pdf,High,2026-07-03
FAC_11268,EQU_11269,operates_at_condition,0.5,False,,Russia,,Confirmed,ГЖ_07_25.pdf,High,2026-07-03
FAC_11268,PRO_28,produces_output,0.5,False,,Russia,,Confirmed,ГЖ_07_25.pdf,High,2026-07-03
FAC_11271,PRO_11270,operates_at_condition,0.5,False,Доступность руды,Russia,,Confirmed,ГЖ_07_25.pdf,High,2026-07-03
PRO_11270,PUB_11169,described_in,0.5,False,,Russia,,Confirmed,ГЖ_07_25.pdf,High,2026-07-03
EXP_11272,FAC_11273,researched_by,0.5,False,,Russia,,Confirmed,ГЖ_07_25.pdf,High,2026-07-03
MAT_1399,PRO_28,uses_material,0.5,False,,Worldwide,,Confirmed,ГЖ_07_25.pdf,High,2026-07-03
EQU_11274,PRO_28,operates_at_condition,0.5,False,Мокрое дробление руды,Europe,,Confirmed,ГЖ_07_25.pdf,High,2026-07-03
EQU_5855,MAT_1399,produces_output,0.5,False,Откачка воды из горных выработок,Russia,,Confirmed,ГЖ_07_25.pdf,High,2026-07-03
FAC_11275,PUB_896,described_in,0.5,False,,Russia,,Confirmed,ГЖ_07_25.pdf,High,2026-07-03
FAC_11276,PUB_896,described_in,0.5,False,,Russia,,Confirmed,ГЖ_07_25.pdf,High,2026-07-03
FAC_11277,PUB_896,described_in,0.5,False,,Russia,,Confirmed,ГЖ_07_25.pdf,High,2026-07-03
FAC_11278,PUB_896,described_in,0.5,False,,Russia,,Confirmed,ГЖ_07_25.pdf,High,2026-07-03
FAC_11279,FAC_11278,influenced,0.5,False,Перестройка обучения в Горном кадетском корпусе по образцу Института инженеров путей сообщения,Russia,,Confirmed,ГЖ_07_25.pdf,High,2026-07-03
FAC_11280,PRO_11281,produces_output,0.5,False,,Russia,,Confirmed,ГЖ_07_25.pdf,High,2026-07-03
PRO_11281,MAT_1146,uses_material,0.5,False,,Russia,,Confirmed,ГЖ_07_25.pdf,High,2026-07-03
PUB_896,FAC_11282,described_in,0.5,False,,Russia,,Confirmed,ГЖ_07_25.pdf,High,2026-07-03
PUB_896,FAC_11283,described_in,0.5,False,,Russia,,Confirmed,ГЖ_07_25.pdf,High,2026-07-03
PUB_896,FAC_11284,described_in,0.5,False,,Russia,,Confirmed,ГЖ_07_25.pdf,High,2026-07-03
EXP_11285,PUB_896,researched_by,0.5,False,,Russia,,Confirmed,ГЖ_07_25.pdf,High,2026-07-03
PUB_896,FAC_11286,described_in,0.5,False,,Russia,,Confirmed,ГЖ_07_25.pdf,High,2026-07-03
PUB_896,FAC_11287,described_in,0.5,False,,Russia,,Confirmed,ГЖ_07_25.pdf,High,2026-07-03
PUB_896,FAC_11288,described_in,0.5,False,,Russia,,Confirmed,ГЖ_07_25.pdf,High,2026-07-03
MAT_11289,PRO_11290,uses_material,0.5,False,,Russia,,Confirmed,ГЖ_07_25.pdf,High,2026-07-03
PRO_11290,EQU_11291,operates_at_condition,0.5,False,,Russia,,Confirmed,ГЖ_07_25.pdf,High,2026-07-03
MAT_11289,PRO_6204,produces_output,0.5,False,до 70%,Russia,,Confirmed,ГЖ_07_25.pdf,High,2026-07-03
FAC_11293,PUB_896,described_in,0.5,False,,Russia,,Confirmed,ГЖ_07_25.pdf,High,2026-07-03
PUB_11169,PUB_11295,described_in,0.5,False,,Russia,,Confirmed,ГЖ_07_25.pdf,High,2026-07-03
PUB_11169,PUB_11296,described_in,0.5,False,,Russia,,Confirmed,ГЖ_07_25.pdf,High,2026-07-03
PUB_896,FAC_11297,described_in,0.5,False,,Russia,,Confirmed,ГЖ_07_25.pdf,High,2026-07-03
PUB_896,FAC_11298,described_in,0.5,False,,Russia,,Confirmed,ГЖ_07_25.pdf,High,2026-07-03
PUB_896,FAC_11299,described_in,0.5,False,,Russia,,Confirmed,ГЖ_07_25.pdf,High,2026-07-03
EXP_11300,PUB_896,described_in,0.5,False,1826 год,Russia,,Confirmed,ГЖ_07_25.pdf,High,2026-07-03
EXP_10650,EXP_11300,corresponded_with,0.5,False,1824 год,Russia,,Confirmed,ГЖ_07_25.pdf,High,2026-07-03
EXP_11301,EQU_11302,uses_material,0.5,False,,Russia,,Confirmed,ГЖ_07_25.pdf,High,2026-07-03
EXP_11300,PUB_896,researched_by,0.5,False,,Russia,,Confirmed,ГЖ_07_25.pdf,High,2026-07-03
EXP_10650,EXP_11300,researched_by,0.5,False,"1823 год, Урал",Russia,,Confirmed,ГЖ_07_25.pdf,High,2026-07-03
EXP_10650,EXP_11303,researched_by,0.5,False,"1823 год, Урал",Russia,,Confirmed,ГЖ_07_25.pdf,High,2026-07-03
EXP_11300,EXP_11303,researched_by,0.5,False,"1824 год, Урал",Russia,,Confirmed,ГЖ_07_25.pdf,High,2026-07-03
PRO_4011,MAT_4869,produces_output,0.5,False,,Russia,,Confirmed,ГЖ_07_25.pdf,High,2026-07-03
EQU_11304,PRO_4011,uses_material,0.5,False,,Russia,,Confirmed,ГЖ_07_25.pdf,High,2026-07-03
PRO_4011,PRO_11305,operates_at_condition,0.5,False,Снижение добычи зимой,Russia,,Confirmed,ГЖ_07_25.pdf,High,2026-07-03
EXP_11307,FAC_11308,researched_by,0.5,False,,Russia,,Confirmed,ГЖ_07_25.pdf,High,2026-07-03
EXP_11307,PUB_11169,described_in,0.5,False,,Russia,,Confirmed,ГЖ_07_25.pdf,High,2026-07-03
EXP_11309,PUB_896,researched_by,0.5,False,,Russia,,Confirmed,ГЖ_07_25.pdf,High,2026-07-03
EXP_11310,PUB_896,researched_by,0.5,False,,Russia,,Confirmed,ГЖ_07_25.pdf,High,2026-07-03
EXP_11300,PUB_896,researched_by,0.5,False,,Russia,,Confirmed,ГЖ_07_25.pdf,High,2026-07-03
EXP_10650,PUB_896,researched_by,0.5,False,,Russia,,Confirmed,ГЖ_07_25.pdf,High,2026-07-03
PUB_896,EXP_11311,researched_by,0.5,False,,Russia,,Confirmed,ГЖ_07_25.pdf,High,2026-07-03
PUB_896,EXP_11312,researched_by,0.5,False,,Russia,,Confirmed,ГЖ_07_25.pdf,High,2026-07-03
EXP_11313,PUB_896,researched_by,0.5,False,,Russia,,Confirmed,ГЖ_07_25.pdf,High,2026-07-03
EXP_11313,PUB_896,researched_by,0.5,False,,Russia,,Confirmed,ГЖ_07_25.pdf,High,2026-07-03
PUB_896,EXP_11313,described_in,0.5,False,,Russia,,Confirmed,ГЖ_07_25.pdf,High,2026-07-03
PUB_896,EXP_11320,researched_by,0.5,False,,Russia,,Confirmed,ГЖ_07_25.pdf,High,2026-07-03
PUB_896,EXP_11321,researched_by,0.5,False,,Russia,,Confirmed,ГЖ_07_25.pdf,High,2026-07-03
PUB_896,EXP_11322,researched_by,0.5,False,,Russia,,Confirmed,ГЖ_07_25.pdf,High,2026-07-03
PUB_896,EXP_11323,researched_by,0.5,False,,Russia,,Confirmed,ГЖ_07_25.pdf,High,2026-07-03
EXP_11324,PUB_896,researched_by,0.5,False,,Russia,,Confirmed,ГЖ_07_25.pdf,High,2026-07-03
PUB_896,EXP_11325,described_in,0.5,False,,Worldwide,,Confirmed,ГЖ_07_25.pdf,High,2026-07-03
PUB_896,EXP_11326,described_in,0.5,False,,Worldwide,,Confirmed,ГЖ_07_25.pdf,High,2026-07-03
PUB_896,PUB_11327,described_in,0.5,False,,Worldwide,,Confirmed,ГЖ_07_25.pdf,High,2026-07-03
EXP_11328,PUB_896,researched_by,0.5,False,,Russia,,Confirmed,ГЖ_07_25.pdf,High,2026-07-03
EXP_11329,PUB_896,researched_by,0.5,False,,Russia,,Confirmed,ГЖ_07_25.pdf,High,2026-07-03
EXP_11330,PUB_896,researched_by,0.5,False,,Russia,,Confirmed,ГЖ_07_25.pdf,High,2026-07-03
EXP_11331,PUB_896,researched_by,0.5,False,,Russia,,Confirmed,ГЖ_07_25.pdf,High,2026-07-03
EXP_11332,PUB_896,researched_by,0.5,False,,Russia,,Confirmed,ГЖ_07_25.pdf,High,2026-07-03
EXP_11300,PUB_896,researched_by,0.5,False,,Russia,,Confirmed,ГЖ_07_25.pdf,High,2026-07-03
EXP_11333,PUB_896,researched_by,0.5,False,,Russia,,Confirmed,ГЖ_07_25.pdf,High,2026-07-03
EXP_11334,PUB_896,researched_by,0.5,False,,Russia,,Confirmed,ГЖ_07_25.pdf,High,2026-07-03
FAC_11335,PRO_11336,uses_material,0.5,False,,Russia,,Confirmed,ГЖ_07_25.pdf,High,2026-07-03
FAC_11335,PRO_11337,uses_material,0.5,False,,Russia,,Confirmed,ГЖ_07_25.pdf,High,2026-07-03
EXP_11338,PUB_6400,researched_by,0.5,False,,Russia,,Confirmed,ГЖ_07_25.pdf,High,2026-07-03
EXP_11339,PUB_896,researched_by,0.5,False,,Russia,,Confirmed,ГЖ_07_25.pdf,High,2026-07-03
EXP_11340,PUB_896,researched_by,0.5,False,,Russia,,Confirmed,ГЖ_07_25.pdf,High,2026-07-03
EXP_11341,EXP_11340,validated_by,0.5,False,,Russia,,Confirmed,ГЖ_07_25.pdf,High,2026-07-03
EXP_11342,PUB_896,uses_material,0.5,False,,Russia,,Confirmed,ГЖ_07_25.pdf,High,2026-07-03
EXP_11343,PUB_896,operates_at_condition,0.5,False,Издание во Франции,Worldwide,,Confirmed,ГЖ_07_25.pdf,High,2026-07-03
PUB_896,MAT_5645,described_in,0.5,False,,Russia,,Confirmed,ГЖ_07_25.pdf,High,2026-07-03
PRO_11281,MAT_5645,produces_output,0.5,False,Богословский и Пермский округа,Russia,,Confirmed,ГЖ_07_25.pdf,High,2026-07-03
PRO_11348,MAT_8463,produces_output,0.5,False,,Russia,,Confirmed,ГЖ_07_25.pdf,High,2026-07-03
PRO_11349,MAT_7613,produces_output,0.5,False,,Russia,,Confirmed,ГЖ_07_25.pdf,High,2026-07-03
EXP_11333,PUB_896,researched_by,0.5,False,,Russia,,Confirmed,ГЖ_07_25.pdf,High,2026-07-03
FAC_11350,PUB_896,described_in,0.5,False,,Russia,,Confirmed,ГЖ_07_25.pdf,High,2026-07-03
FAC_11351,PUB_896,described_in,0.5,False,,Russia,,Confirmed,ГЖ_07_25.pdf,High,2026-07-03
FAC_11352,PUB_896,described_in,0.5,False,,Russia,,Confirmed,ГЖ_07_25.pdf,High,2026-07-03
FAC_11353,PUB_896,described_in,0.5,False,,Russia,,Confirmed,ГЖ_07_25.pdf,High,2026-07-03
FAC_11354,PUB_896,described_in,0.5,False,,Russia,,Confirmed,ГЖ_07_25.pdf,High,2026-07-03
FAC_11355,PUB_896,described_in,0.5,False,,Russia,,Confirmed,ГЖ_07_25.pdf,High,2026-07-03
FAC_11356,PUB_896,described_in,0.5,False,,Russia,,Confirmed,ГЖ_07_25.pdf,High,2026-07-03
EXP_11357,PUB_11169,researched_by,0.5,False,,Russia,,Confirmed,ГЖ_07_25.pdf,High,2026-07-03
EXP_11363,PUB_896,researched_by,0.5,False,,Russia,,Confirmed,ГЖ_07_25.pdf,High,2026-07-03
PRO_11365,MAT_6587,produces_output,0.5,False,,Russia,,Confirmed,ГЖ_07_25.pdf,High,2026-07-03
FAC_11361,MAT_6587,produces_output,0.5,False,,Russia,,Confirmed,ГЖ_07_25.pdf,High,2026-07-03
FAC_11367,MAT_6587,produces_output,0.5,False,,Russia,,Confirmed,ГЖ_07_25.pdf,High,2026-07-03
FAC_11368,MAT_6587,produces_output,0.5,False,,Russia,,Confirmed,ГЖ_07_25.pdf,High,2026-07-03
EXP_11369,PUB_896,researched_by,0.5,False,,Russia,,Confirmed,ГЖ_07_25.pdf,High,2026-07-03
EXP_11369,EXP_11370,researched_by,0.5,False,,Russia,,Confirmed,ГЖ_07_25.pdf,High,2026-07-03
EXP_11369,PUB_896,researched_by,0.5,False,,Russia,,Confirmed,ГЖ_07_25.pdf,High,2026-07-03
EXP_11369,PRO_11372,researched_by,0.5,False,,Russia,,Confirmed,ГЖ_07_25.pdf,High,2026-07-03
EXP_11369,PRO_11373,researched_by,0.5,False,,Russia,,Confirmed,ГЖ_07_25.pdf,High,2026-07-03
EXP_11363,PUB_896,researched_by,0.5,False,,Russia,,Confirmed,ГЖ_07_25.pdf,High,2026-07-03
EXP_11363,PUB_896,researched_by,0.5,False,,Russia,,Confirmed,ГЖ_07_25.pdf,High,2026-07-03
EXP_11374,PUB_896,researched_by,0.5,False,,Russia,,Confirmed,ГЖ_07_25.pdf,High,2026-07-03
EXP_11363,PUB_896,researched_by,0.5,False,,Russia,,Confirmed,ГЖ_07_25.pdf,High,2026-07-03
EXP_11376,PUB_896,researched_by,0.5,False,,Russia,,Confirmed,ГЖ_07_25.pdf,High,2026-07-03
EXP_11376,FAC_11361,operates_at_condition,0.5,False,,Russia,,Confirmed,ГЖ_07_25.pdf,High,2026-07-03
EXP_11376,FAC_11377,operates_at_condition,0.5,False,,Russia,,Confirmed,ГЖ_07_25.pdf,High,2026-07-03
PUB_896,FAC_11385,described_in,0.5,False,,Russia,,Confirmed,ГЖ_07_25.pdf,High,2026-07-03
EXP_11386,PUB_896,researched_by,0.5,False,,Russia,,Confirmed,ГЖ_07_25.pdf,High,2026-07-03
EXP_11387,PUB_896,researched_by,0.5,False,,Russia,,Confirmed,ГЖ_07_25.pdf,High,2026-07-03
EXP_11363,PUB_896,researched_by,0.5,False,,Russia,,Confirmed,ГЖ_07_25.pdf,High,2026-07-03
PUB_896,FAC_11388,described_in,0.5,False,,Russia,,Confirmed,ГЖ_07_25.pdf,High,2026-07-03
PUB_896,FAC_11389,described_in,0.5,False,,Russia,,Confirmed,ГЖ_07_25.pdf,High,2026-07-03
PUB_896,EXP_11392,researched_by,0.5,False,,Russia,,Confirmed,ГЖ_07_25.pdf,High,2026-07-03
PUB_896,EXP_11393,researched_by,0.5,False,,Russia,,Confirmed,ГЖ_07_25.pdf,High,2026-07-03
EXP_11376,FAC_11394,researched_by,0.5,False,,Russia,,Confirmed,ГЖ_07_25.pdf,High,2026-07-03
PUB_896,EXP_11395,researched_by,0.5,False,,Russia,,Confirmed,ГЖ_07_25.pdf,High,2026-07-03
PUB_896,EXP_11396,researched_by,0.5,False,,Russia,,Confirmed,ГЖ_07_25.pdf,High,2026-07-03
EXP_11140,PUB_896,researched_by,0.5,False,,Russia,,Confirmed,ГЖ_07_25.pdf,High,2026-07-03
PUB_896,FAC_11399,described_in,0.5,False,,Russia,,Confirmed,ГЖ_07_25.pdf,High,2026-07-03
FAC_11399,FAC_11400,operates_at_condition,0.5,False,Территориальный подход в организации координационных органов,Russia,,Confirmed,ГЖ_07_25.pdf,High,2026-07-03
EXP_11401,PUB_896,researched_by,0.5,False,,Russia,,Confirmed,ГЖ_07_25.pdf,High,2026-07-03
PUB_896,PUB_11402,described_in,0.5,False,,Russia,,Confirmed,ГЖ_07_25.pdf,High,2026-07-03
EXP_11403,PUB_896,researched_by,0.5,False,,Russia,,Confirmed,ГЖ_07_25.pdf,High,2026-07-03
EXP_11404,PUB_6400,researched_by,0.5,False,,Russia,,Confirmed,ГЖ_07_25.pdf,High,2026-07-03
PUB_896,EXP_11405,researched_by,0.5,False,,Russia,,Confirmed,ГЖ_07_25.pdf,High,2026-07-03
PUB_896,EXP_11406,described_in,0.5,False,,Russia,,Confirmed,ГЖ_07_25.pdf,High,2026-07-03
PUB_896,EXP_11387,researched_by,0.5,False,,Russia,,Confirmed,ГЖ_07_25.pdf,High,2026-07-03
EXP_11407,EXP_11408,researched_by,0.5,False,,Russia,,Confirmed,ГЖ_07_25.pdf,High,2026-07-03
EXP_11323,PUB_896,researched_by,0.5,False,,Russia,,Confirmed,ГЖ_07_25.pdf,High,2026-07-03
EXP_11410,PUB_896,researched_by,0.5,False,,Russia,,Confirmed,ГЖ_07_25.pdf,High,2026-07-03
EXP_11411,PUB_896,researched_by,0.5,False,,Russia,,Confirmed,ГЖ_07_25.pdf,High,2026-07-03
EXP_11412,PUB_896,researched_by,0.5,False,,Russia,,Confirmed,ГЖ_07_25.pdf,High,2026-07-03
EXP_11413,PUB_896,researched_by,0.5,False,,Russia,,Confirmed,ГЖ_07_25.pdf,High,2026-07-03
FAC_11414,FAC_11415,operates_at_condition,0.5,False,Наличие подземных горных разработок,Russia,,Confirmed,ГЖ_07_25.pdf,High,2026-07-03
FAC_11416,FAC_11417,researched_by,0.5,False,,Russia,,Confirmed,ГЖ_07_25.pdf,High,2026-07-03
EXP_11418,PUB_896,researched_by,0.5,False,,Russia,,Confirmed,ГЖ_07_25.pdf,High,2026-07-03
EXP_11419,PUB_896,researched_by,0.5,False,,Russia,,Confirmed,ГЖ_07_25.pdf,High,2026-07-03
EXP_11420,PUB_896,researched_by,0.5,False,,Russia,,Confirmed,ГЖ_07_25.pdf,High,2026-07-03
PUB_896,FAC_11421,described_in,0.5,False,,Russia,,Confirmed,ГЖ_07_25.pdf,High,2026-07-03
FAC_11421,EQU_11422,uses_material,0.5,False,Период использования: дореволюционный период и 1920-е годы,Russia,,Confirmed,ГЖ_07_25.pdf,High,2026-07-03
FAC_11423,EQU_11424,uses_material,0.5,False,,Russia,,Confirmed,ГЖ_07_25.pdf,High,2026-07-03
PRO_11425,EQU_11424,produces_output,0.5,False,Повышение уровня механизации добычи угля,Russia,,Confirmed,ГЖ_07_25.pdf,High,2026-07-03
PUB_896,FAC_11426,described_in,0.5,False,,Russia,,Confirmed,ГЖ_07_25.pdf,High,2026-07-03
EQU_11427,FAC_11426,researched_by,0.5,False,В контексте механизации угледобычи,Russia,,Unverified,ГЖ_07_25.pdf,High,2026-07-03
EQU_11429,PRO_11428,uses_material,0.5,False,,Russia,,Confirmed,ГЖ_07_25.pdf,High,2026-07-03
EXP_11430,PUB_896,researched_by,0.5,False,,Russia,,Confirmed,ГЖ_07_25.pdf,High,2026-07-03
EXP_11376,EXP_11430,contradicts,0.5,False,Использование торфа в газопудлинговых печах,Russia,,Unverified,ГЖ_07_25.pdf,High,2026-07-03
FAC_11435,EQU_11424,uses_material,0.5,False,,Russia,,Confirmed,ГЖ_07_25.pdf,High,2026-07-03
FAC_11435,PRO_11436,researched_by,0.5,False,31 августа 1935 года,Russia,,Confirmed,ГЖ_07_25.pdf,High,2026-07-03
FAC_11438,MAT_1146,uses_material,0.5,False,,Russia,,Confirmed,ГЖ_07_25.pdf,High,2026-07-03
PUB_11169,MAT_5645,described_in,0.5,False,,Russia,,Confirmed,ГЖ_07_25.pdf,High,2026-07-03
PUB_11169,PRO_11439,described_in,0.5,False,,Russia,,Unverified,ГЖ_07_25.pdf,High,2026-07-03
EXP_11441,PUB_11440,researched_by,0.5,False,,Russia,,Confirmed,ГЖ_07_25.pdf,High,2026-07-03
FAC_11446,MAT_1146,uses_material,0.5,False,,Russia,,Confirmed,ГЖ_07_25.pdf,High,2026-07-03
FAC_11447,MAT_1146,uses_material,0.5,False,,Russia,,Confirmed,ГЖ_07_25.pdf,High,2026-07-03
FAC_11446,PRO_11444,produces_output,0.5,False,,Russia,,Confirmed,ГЖ_07_25.pdf,High,2026-07-03
FAC_11447,PRO_11444,produces_output,0.5,False,,Russia,,Confirmed,ГЖ_07_25.pdf,High,2026-07-03
FAC_11448,PRO_11449,uses_material,0.5,False,,Worldwide,,Confirmed,ГЖ_07_25.pdf,High,2026-07-03
PRO_11454,FAC_11455,researched_by,0.5,False,,Russia,,Confirmed,ГЖ_07_25.pdf,High,2026-07-03
PRO_11454,PUB_896,described_in,0.5,False,,Russia,,Confirmed,ГЖ_07_25.pdf,High,2026-07-03
EQU_11456,PRO_11457,uses_material,0.5,False,,Russia,,Confirmed,ГЖ_07_25.pdf,High,2026-07-03
FAC_11458,EQU_11456,produces_output,0.5,False,,Russia,,Confirmed,ГЖ_07_25.pdf,High,2026-07-03
FAC_11460,EQU_2231,produces_output,0.5,False,,Донецк,,Confirmed,ГЖ_07_25.pdf,High,2026-07-03
EQU_11462,EQU_1067,uses_material,0.5,False,,Russia,,Confirmed,ГЖ_07_25.pdf,High,2026-07-03
EQU_11463,EQU_1067,uses_material,0.5,False,,Russia,,Confirmed,ГЖ_07_25.pdf,High,2026-07-03
EQU_11464,EQU_11465,operates_at_condition,0.5,False,электрическая тяга,Russia,,Confirmed,ГЖ_07_25.pdf,High,2026-07-03
PUB_896,PRO_11466,described_in,0.5,False,,Russia,,Confirmed,ГЖ_07_25.pdf,High,2026-07-03
PUB_896,PRO_11467,described_in,0.5,False,1950–1960-е гг.,Russia,,Confirmed,ГЖ_07_25.pdf,High,2026-07-03
PRO_11466,MAT_1145,produces_output,0.5,False,,Russia,,Confirmed,ГЖ_07_25.pdf,High,2026-07-03
PRO_11467,MAT_1145,produces_output,0.5,False,Курская магнитная аномалия,Russia,,Confirmed,ГЖ_07_25.pdf,High,2026-07-03
PRO_1573,EQU_8047,uses_material,0.5,False,,"СССР, США",,Confirmed,ГЖ_07_25.pdf,High,2026-07-03
PRO_1573,EQU_11469,uses_material,0.5,False,,"СССР, Болгария, ГДР, Польша, Чехословакия",,Confirmed,ГЖ_07_25.pdf,High,2026-07-03
PRO_5766,EQU_5764,uses_material,0.5,False,,Worldwide,,Confirmed,ГЖ_07_25.pdf,High,2026-07-03
PRO_5766,FAC_11471,validated_by,0.5,False,,Russia,,Confirmed,ГЖ_07_25.pdf,High,2026-07-03
PRO_5766,FAC_11472,validated_by,0.5,False,,Russia,,Confirmed,ГЖ_07_25.pdf,High,2026-07-03
PRO_5766,FAC_11473,validated_by,0.5,False,,Russia,,Confirmed,ГЖ_07_25.pdf,High,2026-07-03
PRO_5766,FAC_11474,validated_by,0.5,False,,Russia,,Confirmed,ГЖ_07_25.pdf,High,2026-07-03
FAC_6206,EXP_11475,researched_by,0.5,False,,Russia,,Confirmed,ГЖ_07_25.pdf,High,2026-07-03
EQU_5465,FAC_11480,operates_at_condition,0.5,False,Снижение себестоимости транспортировки на 25–30%,Russia,,Confirmed,ГЖ_07_25.pdf,High,2026-07-03
EQU_11476,FAC_11480,operates_at_condition,0.5,False,Снижение себестоимости транспортировки на 25–30%,Russia,,Confirmed,ГЖ_07_25.pdf,High,2026-07-03
EQU_11481,MAT_11482,uses_material,0.5,False,Влажность 32–40%,Russia,,Confirmed,ГЖ_07_25.pdf,High,2026-07-03
EQU_11481,PRO_979,operates_at_condition,0.5,False,"Повышенная влажность, наличие прослойков более твёрдых пород",Russia,,Confirmed,ГЖ_07_25.pdf,High,2026-07-03
EXP_7252,FAC_11483,researched_by,0.5,False,,Russia,,Confirmed,ГЖ_07_25.pdf,High,2026-07-03
PUB_896,PRO_11488,described_in,0.5,False,,Russia,,Confirmed,ГЖ_07_25.pdf,High,2026-07-03
EXP_11487,PRO_11488,researched_by,0.5,False,,Russia,,Confirmed,ГЖ_07_25.pdf,High,2026-07-03
PRO_11488,FAC_9365,operates_at_condition,0.5,False,Прогрессивный открытый способ разработки,Russia,,Confirmed,ГЖ_07_25.pdf,High,2026-07-03
MAT_11489,PRO_11490,uses_material,0.5,False,,Russia,,Confirmed,ГЖ_07_25.pdf,High,2026-07-03
EQU_2231,PRO_11490,operates_at_condition,0.5,False,,Russia,,Confirmed,ГЖ_07_25.pdf,High,2026-07-03
EXP_11491,MAT_11489,researched_by,0.5,False,,Russia,,Confirmed,ГЖ_07_25.pdf,High,2026-07-03
FAC_11143,PUB_896,described_in,0.5,False,,Russia,,Confirmed,ГЖ_07_25.pdf,High,2026-07-03
EXP_11492,PUB_6400,researched_by,0.5,False,,Russia,,Confirmed,ГЖ_07_25.pdf,High,2026-07-03
EXP_11492,FAC_11493,researched_by,0.5,False,,Russia,,Confirmed,ГЖ_07_25.pdf,High,2026-07-03
PRO_5766,MAT_11495,uses_material,0.5,False,предварительное рыхление буровзрывным способом,Russia,,Confirmed,ГЖ_07_25.pdf,High,2026-07-03
EQU_11494,PRO_5766,operates_at_condition,0.5,False,напор воды 16–19 атм.,Russia,,Confirmed,ГЖ_07_25.pdf,High,2026-07-03
EXP_11496,PRO_5766,validated_by,0.5,False,,Russia,,Confirmed,ГЖ_07_25.pdf,High,2026-07-03
EXP_11497,PUB_896,researched_by,0.5,False,,Russia,,Confirmed,ГЖ_07_25.pdf,High,2026-07-03
EXP_11499,PUB_896,researched_by,0.5,False,,Russia,,Confirmed,ГЖ_07_25.pdf,High,2026-07-03
PUB_896,EQU_1485,researched_by,0.5,False,,Russia,,Confirmed,ГЖ_07_25.pdf,High,2026-07-03
EXP_11509,PUB_896,researched_by,0.5,False,,Russia,,Confirmed,ГЖ_07_25.pdf,High,2026-07-03
EXP_11510,PUB_896,researched_by,0.5,False,,Russia,,Confirmed,ГЖ_07_25.pdf,High,2026-07-03
EXP_11420,PUB_896,researched_by,0.5,False,Статья написана в Донецке,Russia,,Confirmed,ГЖ_07_25.pdf,High,2026-07-03
ORG_11511,FAC_11512,researched_by,0.5,False,,Russia,,Confirmed,ГЖ_08_25.pdf,High,2026-07-03
ORG_6401,PUB_6400,publisher,0.5,False,,Russia,,Confirmed,ГЖ_08_25.pdf,High,2026-07-03
ORG_6414,PUB_896,published_by,0.5,False,,Russia,,Confirmed,ГЖ_08_25.pdf,High,2026-07-03
FAC_11516,PRO_1152,operates_at_condition,0.5,False,В различных географических и экологических условиях,Worldwide,,Confirmed,ГЖ_08_25.pdf,High,2026-07-03
FAC_11516,PRO_597,operates_at_condition,0.5,False,В различных географических и экологических условиях,Worldwide,,Confirmed,ГЖ_08_25.pdf,High,2026-07-03
EXP_6682,FAC_6704,researched_by,0.5,False,,Russia,,Confirmed,ГЖ_08_25.pdf,High,2026-07-03
FAC_1794,PUB_11517,researched_by,0.5,False,,Russia,,Confirmed,ГЖ_08_25.pdf,High,2026-07-03
FAC_6704,PUB_1285,described_in,0.5,False,,Russia,,Confirmed,ГЖ_08_25.pdf,High,2026-07-03
FAC_11520,ORG_11511,researched_by,0.5,False,,Russia,,Confirmed,ГЖ_08_25.pdf,High,2026-07-03
FAC_6704,ORG_11511,researched_by,0.5,False,,Russia,,Confirmed,ГЖ_08_25.pdf,High,2026-07-03
FAC_1794,PUB_142,described_in,0.5,False,,Russia,,Confirmed,ГЖ_08_25.pdf,High,2026-07-03
FAC_1794,PUB_11519,described_in,0.5,False,,Russia,,Confirmed,ГЖ_08_25.pdf,High,2026-07-03
EXP_11524,PUB_11525,researched_by,0.5,False,,Russia,,Confirmed,ГЖ_08_25.pdf,High,2026-07-03
EXP_11526,PUB_11525,researched_by,0.5,False,,Russia,,Confirmed,ГЖ_08_25.pdf,High,2026-07-03
EXP_11527,PUB_11525,researched_by,0.5,False,,Russia,,Confirmed,ГЖ_08_25.pdf,High,2026-07-03
EXP_11528,PUB_11529,described_in,0.5,False,,Azerbaijan,,Confirmed,ГЖ_08_25.pdf,High,2026-07-03
EXP_11528,PUB_11530,described_in,0.5,False,,Azerbaijan,,Confirmed,ГЖ_08_25.pdf,High,2026-07-03
EXP_11532,PUB_11531,researched_by,0.5,False,,Russia,,Confirmed,ГЖ_08_25.pdf,High,2026-07-03
PUB_11537,FAC_11538,researched_by,0.5,False,,Azerbaijan,,Confirmed,ГЖ_08_25.pdf,High,2026-07-03
EXP_11541,FAC_11539,researched_by,0.5,False,,Worldwide,,Confirmed,ГЖ_08_25.pdf,High,2026-07-03
PRO_11542,PUB_11543,described_in,0.5,False,,Azerbaijan,,Confirmed,ГЖ_08_25.pdf,High,2026-07-03
PRO_11542,PUB_11544,described_in,0.5,False,,Azerbaijan,,Confirmed,ГЖ_08_25.pdf,High,2026-07-03
EXP_11553,FAC_11539,researched_by,0.5,False,,Worldwide,,Confirmed,ГЖ_08_25.pdf,High,2026-07-03
EXP_11553,EQU_5352,uses_material,0.5,False,Высота съемки 150 и 300 м,Worldwide,,Confirmed,ГЖ_08_25.pdf,High,2026-07-03
EXP_11554,PUB_11555,described_in,0.5,False,,Worldwide,,Confirmed,ГЖ_08_25.pdf,High,2026-07-03
EQU_7291,PRO_11557,uses_material,0.5,False,Диапазон энергии 100–3000 кэВ,Worldwide,,Confirmed,ГЖ_08_25.pdf,High,2026-07-03
EQU_11556,PRO_11557,operates_at_condition,0.5,False,Используется для географической привязки маршрутов и точек измерений,Worldwide,,Confirmed,ГЖ_08_25.pdf,High,2026-07-03
MAT_11559,PRO_11560,uses_material,0.5,False,,Russia,,Unverified,ГЖ_08_25.pdf,High,2026-07-03
FAC_11561,PRO_11560,operates_at_condition,0.5,False,,Russia,,Confirmed,ГЖ_08_25.pdf,High,2026-07-03
EQU_11562,FAC_11563,described_in,0.5,False,,Russia,,Confirmed,ГЖ_08_25.pdf,High,2026-07-03
MAT_11564,PRO_11565,uses_material,0.5,False,,Worldwide,,Confirmed,ГЖ_08_25.pdf,High,2026-07-03
PRO_11565,EQU_11566,operates_at_condition,0.5,False,Пламенный атомно-абсорбционный метод,Russia,,Confirmed,ГЖ_08_25.pdf,High,2026-07-03
EXP_11568,MAT_11564,researched_by,0.5,False,,Russia,,Confirmed,ГЖ_08_25.pdf,High,2026-07-03
MAT_11571,MAT_11572,contains,0.5,False,,Russia,,Confirmed,ГЖ_08_25.pdf,High,2026-07-03
FAC_11573,MAT_11572,operates_at_condition,0.5,False,добыча и складирование,Russia,,Confirmed,ГЖ_08_25.pdf,High,2026-07-03
MAT_11571,MAT_7280,contains,0.5,False,,Russia,,Confirmed,ГЖ_08_25.pdf,High,2026-07-03
FAC_7821,MAT_11576,researched_by,0.5,False,,Russia,,Confirmed,ГЖ_08_25.pdf,High,2026-07-03
FAC_7821,PRO_4102,uses_material,0.5,False,,Russia,,Confirmed,ГЖ_08_25.pdf,High,2026-07-03
MAT_11577,PRO_11578,uses_material,0.5,False,,Russia,,Unverified,ГЖ_08_25.pdf,High,2026-07-03
PRO_81,MAT_11582,produces_output,0.5,False,"Крупность материала проб –0,315+0,0; –0,2+0,0 и –0,1+0,0 мм",Worldwide,,Confirmed,ГЖ_08_25.pdf,High,2026-07-03
FAC_11584,MAT_11583,researched_by,0.5,False,,Russia,,Confirmed,ГЖ_08_25.pdf,High,2026-07-03
EXP_11587,EQU_11589,uses_material,0.5,False,,Worldwide,,Confirmed,ГЖ_08_25.pdf,High,2026-07-03
EXP_11587,MAT_11588,produces_output,0.5,False,,Worldwide,,Confirmed,ГЖ_08_25.pdf,High,2026-07-03
PRO_11590,PRO_3367,uses_material,0.5,False,"Для анализа данных, влияющих на наступление негативного события",Worldwide,,Unverified,ГЖ_08_25.pdf,High,2026-07-03
MAT_5679,MAT_11592,produces_output,0.5,False,,Russia,,Confirmed,ГЖ_08_25.pdf,High,2026-07-03
PRO_81,MAT_11592,uses_material,0.5,False,,Russia,,Confirmed,ГЖ_08_25.pdf,High,2026-07-03
MAT_11594,PRO_11595,uses_material,0.5,False,,Russia,,Confirmed,ГЖ_08_25.pdf,High,2026-07-03
EXP_11597,PUB_11596,researched_by,0.5,False,,Russia,,Confirmed,ГЖ_08_25.pdf,High,2026-07-03
EXP_11598,PRO_11599,researched_by,0.5,False,,Russia,,Unverified,ГЖ_08_25.pdf,High,2026-07-03
FAC_11600,MAT_11592,contains,0.5,False,,Russia,,Confirmed,ГЖ_08_25.pdf,High,2026-07-03
FAC_11601,MAT_5679,contains,0.5,False,,Russia,,Confirmed,ГЖ_08_25.pdf,High,2026-07-03
EXP_11598,EQU_11602,uses_material,0.5,False,,Worldwide,,Unverified,ГЖ_08_25.pdf,High,2026-07-03
PRO_11603,PRO_11605,researched_by,0.5,False,,Worldwide,,Unverified,ГЖ_08_25.pdf,High,2026-07-03
PRO_11605,MAT_11604,operates_at_condition,0.5,False,"Глубина ведения горных работ, прочностные характеристики пород, особенности строения пород кровли, параметры глинистых пропластков, геометрия конструктивных элементов системы разработки",Worldwide,,Unverified,ГЖ_08_25.pdf,High,2026-07-03
PRO_11608,EQU_11609,uses_material,0.5,False,,Worldwide,,Confirmed,ГЖ_08_25.pdf,High,2026-07-03
PRO_11610,PRO_10259,researched_by,0.5,False,,Worldwide,,Confirmed,ГЖ_08_25.pdf,High,2026-07-03
PRO_11610,PRO_11611,researched_by,0.5,False,,Worldwide,,Confirmed,ГЖ_08_25.pdf,High,2026-07-03
PRO_11610,PRO_11612,researched_by,0.5,False,,Worldwide,,Confirmed,ГЖ_08_25.pdf,High,2026-07-03
PRO_11613,MAT_8004,uses_material,0.5,False,,Russia|Worldwide,,Confirmed,ГЖ_08_25.pdf,High,2026-07-03
FAC_2755,PRO_11614,uses_material,0.5,False,,Russia,,Confirmed,ГЖ_08_25.pdf,High,2026-07-03
PRO_11614,PRO_11615,operates_at_condition,0.5,False,"В соответствии с «Правилами безопасности при производстве, хранении и применении взрывчатых материалов промышленного назначения»",Russia,,Confirmed,ГЖ_08_25.pdf,High,2026-07-03
PUB_11619,EXP_11620,researched_by,0.5,False,,Russia,,Confirmed,ГЖ_08_25.pdf,High,2026-07-03
PUB_11619,EXP_11621,researched_by,0.5,False,,Russia,,Confirmed,ГЖ_08_25.pdf,High,2026-07-03
PUB_11619,EXP_11622,researched_by,0.5,False,,Russia,,Confirmed,ГЖ_08_25.pdf,High,2026-07-03
PUB_11619,EXP_11623,researched_by,0.5,False,,Russia,,Confirmed,ГЖ_08_25.pdf,High,2026-07-03
PRO_11615,EQU_11624,uses_material,0.5,False,,Russia,,Confirmed,ГЖ_08_25.pdf,High,2026-07-03
PRO_11615,MAT_11625,operates_at_condition,0.5,False,толщина металла 20 и 30 мм,Russia,,Confirmed,ГЖ_08_25.pdf,High,2026-07-03
PRO_11627,EQU_11628,researched_by,0.5,False,,Russia,,Confirmed,ГЖ_08_25.pdf,High,2026-07-03
PRO_11627,PUB_7994,described_in,0.5,False,,Russia,,Confirmed,ГЖ_08_25.pdf,High,2026-07-03
PRO_11630,EQU_11631,uses_material,0.5,False,,Russia,,Confirmed,ГЖ_08_25.pdf,High,2026-07-03
PRO_11630,MAT_11632,uses_material,0.5,False,,Russia,,Confirmed,ГЖ_08_25.pdf,High,2026-07-03
PRO_11630,FAC_11633,operates_at_condition,0.5,False,"отм. 14,4 м",Russia,,Confirmed,ГЖ_08_25.pdf,High,2026-07-03
PRO_1496,MAT_8004,uses_material,0.5,False,,Russia,,Confirmed,ГЖ_08_25.pdf,High,2026-07-03
PRO_1496,EQU_11634,uses_material,0.5,False,,Russia,,Confirmed,ГЖ_08_25.pdf,High,2026-07-03
PRO_1496,FAC_2755,operates_at_condition,0.5,False,На территории шахты проводились взрывные работы,Russia,,Confirmed,ГЖ_08_25.pdf,High,2026-07-03
FAC_11635,PRO_11636,uses_material,0.5,False,,Russia,,Confirmed,ГЖ_08_25.pdf,High,2026-07-03
PRO_11636,PUB_6400,described_in,0.5,False,,Russia,,Confirmed,ГЖ_08_25.pdf,High,2026-07-03
EXP_11639,EQU_11638,operates_at_condition,0.5,False,,Russia,,Unverified,ГЖ_08_25.pdf,High,2026-07-03
PRO_11641,EQU_11642,uses_material,0.5,False,,Worldwide,,Unverified,ГЖ_08_25.pdf,High,2026-07-03
PRO_11641,MAT_11643,operates_at_condition,0.5,False,,Worldwide,,Unverified,ГЖ_08_25.pdf,High,2026-07-03
FAC_11644,MAT_11643,researched_by,0.5,False,,Russia,,Confirmed,ГЖ_08_25.pdf,High,2026-07-03
MAT_2445,PRO_11645,uses_material,0.5,False,,Worldwide,,Confirmed,ГЖ_08_25.pdf,High,2026-07-03
MAT_11646,PRO_11645,uses_material,0.5,False,"Расстояние молекул воды от атомов серы: 2,2–2,4 Å",Worldwide,,Confirmed,ГЖ_08_25.pdf,High,2026-07-03
PRO_2457,EQU_11647,uses_material,0.5,False,,Worldwide,,Unverified,ГЖ_08_25.pdf,High,2026-07-03
PRO_4102,EQU_10615,produces_output,0.5,False,,Worldwide,,Unverified,ГЖ_08_25.pdf,High,2026-07-03
EQU_11649,PRO_11641,uses_material,0.5,False,увеличение содержания твердого в питании,Worldwide,,Confirmed,ГЖ_08_25.pdf,High,2026-07-03
EQU_11649,PRO_11648,produces_output,0.5,False,максимальные значения эффективности после третьего витка,Worldwide,,Confirmed,ГЖ_08_25.pdf,High,2026-07-03
EQU_10599,EQU_2660,produces_output,0.5,False,,Worldwide,,Confirmed,ГЖ_08_25.pdf,High,2026-07-03
EQU_2660,EQU_2454,produces_output,0.5,False,,Worldwide,,Confirmed,ГЖ_08_25.pdf,High,2026-07-03
MAT_2441,PRO_2014,uses_material,0.5,False,,Worldwide,,Confirmed,ГЖ_08_25.pdf,High,2026-07-03
EQU_11651,EXP_11652,validated_by,0.5,False,,Russia,,Confirmed,ГЖ_08_25.pdf,High,2026-07-03
EQU_11656,EQU_6885,uses_material,0.5,False,,Worldwide,,Unverified,ГЖ_08_25.pdf,High,2026-07-03
PRO_11657,EQU_6885,uses_material,0.5,False,"Для снижения максимальной величины упругого момента на 32%, с 1,73Мст до 1,18Мст",Worldwide,,Unverified,ГЖ_08_25.pdf,High,2026-07-03
EQU_11658,PRO_28,uses_material,0.5,False,,Worldwide,,Unverified,ГЖ_08_25.pdf,High,2026-07-03
EQU_11658,PRO_11659,operates_at_condition,0.5,False,,Worldwide,,Unverified,ГЖ_08_25.pdf,High,2026-07-03
EQU_11658,PRO_1604,operates_at_condition,0.5,False,,Worldwide,,Unverified,ГЖ_08_25.pdf,High,2026-07-03
EQU_11658,PRO_11660,operates_at_condition,0.5,False,,Worldwide,,Unverified,ГЖ_08_25.pdf,High,2026-07-03
EQU_11658,PRO_6173,operates_at_condition,0.5,False,,Worldwide,,Unverified,ГЖ_08_25.pdf,High,2026-07-03
EQU_11656,EQU_6885,uses_material,0.5,False,,Worldwide,,Unverified,ГЖ_08_25.pdf,High,2026-07-03
PRO_11661,EQU_11638,uses_material,0.5,False,,Worldwide,,Confirmed,ГЖ_08_25.pdf,High,2026-07-03
PRO_11661,EQU_10599,uses_material,0.5,False,,Worldwide,,Confirmed,ГЖ_08_25.pdf,High,2026-07-03
PRO_11661,EQU_11642,uses_material,0.5,False,,Worldwide,,Confirmed,ГЖ_08_25.pdf,High,2026-07-03
PRO_11663,EQU_11664,uses_material,0.5,False,,Worldwide,,Confirmed,ГЖ_08_25.pdf,High,2026-07-03
PRO_11663,MAT_10618,operates_at_condition,0.5,False,,Worldwide,,Confirmed,ГЖ_08_25.pdf,High,2026-07-03
PRO_11663,PUB_7832,described_in,0.5,False,,Worldwide,,Confirmed,ГЖ_08_25.pdf,High,2026-07-03
EQU_753,PRO_11665,operates_at_condition,0.5,False,"Скорость приводов подъема не превышает 0,7 от паспортной, скорость напора – 0,5 от номинальной",Worldwide,,Confirmed,ГЖ_08_25.pdf,High,2026-07-03
EQU_753,PRO_6879,produces_output,0.5,False,,Worldwide,,Confirmed,ГЖ_08_25.pdf,High,2026-07-03
EQU_11666,PRO_6879,researched_by,0.5,False,,Worldwide,,Confirmed,ГЖ_08_25.pdf,High,2026-07-03
EQU_6885,EQU_2633,uses_material,0.5,False,,Worldwide,,Unverified,ГЖ_08_25.pdf,High,2026-07-03
EQU_6885,EQU_11667,uses_material,0.5,False,,Worldwide,,Unverified,ГЖ_08_25.pdf,High,2026-07-03
FAC_11670,PUB_11669,researched_by,0.5,False,,Russia,,Confirmed,ГЖ_08_25.pdf,High,2026-07-03
EQU_11671,EQU_11666,uses_material,0.5,False,,Worldwide,,Confirmed,ГЖ_08_25.pdf,High,2026-07-03
EQU_11673,EQU_11674,uses_material,0.5,False,,Worldwide,,Confirmed,ГЖ_08_25.pdf,High,2026-07-03
EQU_11674,EQU_11675,uses_material,0.5,False,,Worldwide,,Confirmed,ГЖ_08_25.pdf,High,2026-07-03
FAC_10892,PUB_896,described_in,0.5,False,,Russia,,Confirmed,ГЖ_08_25.pdf,High,2026-07-03
EQU_11676,EQU_375,uses_material,0.5,False,,Worldwide,,Confirmed,ГЖ_08_25.pdf,High,2026-07-03
EXP_11677,FAC_11678,researched_by,0.5,False,,Worldwide,,Confirmed,ГЖ_08_25.pdf,High,2026-07-03
EXP_11677,PRO_11679,researched_by,0.5,False,,Worldwide,,Confirmed,ГЖ_08_25.pdf,High,2026-07-03
EXP_11677,EQU_11680,researched_by,0.5,False,,Worldwide,,Confirmed,ГЖ_08_25.pdf,High,2026-07-03
EXP_11677,PRO_11681,researched_by,0.5,False,,Worldwide,,Confirmed,ГЖ_08_25.pdf,High,2026-07-03
EQU_375,EQU_11682,uses_material,0.5,False,,Russia,,Confirmed,ГЖ_08_25.pdf,High,2026-07-03
EQU_375,EQU_11683,uses_material,0.5,False,Нагружение не более 60% расчетной несущей способности,Russia,,Confirmed,ГЖ_08_25.pdf,High,2026-07-03
EXP_11677,FAC_11684,researched_by,0.5,False,,Worldwide,,Confirmed,ГЖ_08_25.pdf,High,2026-07-03
PUB_896,FAC_11685,described_in,0.5,False,,Russia,,Confirmed,ГЖ_09_25.pdf,High,2026-07-03
PUB_896,FAC_11686,described_in,0.5,False,,Russia,,Confirmed,ГЖ_09_25.pdf,High,2026-07-03
ORG_11687,PUB_896,described_in,0.5,False,,Russia,,Confirmed,ГЖ_09_25.pdf,High,2026-07-03
FAC_11688,FAC_11689,operates_at_condition,0.5,False,,Russia,,Confirmed,ГЖ_09_25.pdf,High,2026-07-03
FAC_11688,FAC_11690,operates_at_condition,0.5,False,,Russia,,Confirmed,ГЖ_09_25.pdf,High,2026-07-03
FAC_11689,EQU_11691,uses_material,0.5,False,,Russia,,Confirmed,ГЖ_09_25.pdf,High,2026-07-03
FAC_11690,PRO_11692,uses_material,0.5,False,,Russia,,Confirmed,ГЖ_09_25.pdf,High,2026-07-03
PRO_11693,FAC_11696,researched_by,0.5,False,,Russia,,Confirmed,ГЖ_09_25.pdf,High,2026-07-03
PRO_11694,FAC_11696,researched_by,0.5,False,,Russia,,Confirmed,ГЖ_09_25.pdf,High,2026-07-03
PRO_11695,FAC_11696,researched_by,0.5,False,применение самоходной техники,Russia,"высота подэтажа – 14–25 м, расстояние между осями ортов – 12,5–17 м",Confirmed,ГЖ_09_25.pdf,High,2026-07-03
FAC_11696,MAT_11697,uses_material,0.5,False,,Russia,,Confirmed,ГЖ_09_25.pdf,High,2026-07-03
FAC_11696,PRO_397,operates_at_condition,0.5,False,Открытые горные работы и подземная добыча,Russia,,Confirmed,ГЖ_09_25.pdf,High,2026-07-03
FAC_11696,EQU_11698,uses_material,0.5,False,,Russia,,Confirmed,ГЖ_09_25.pdf,High,2026-07-03
FAC_11685,MAT_2723,uses_material,0.5,False,,Russia,,Confirmed,ГЖ_09_25.pdf,High,2026-07-03
FAC_11685,PRO_11699,operates_at_condition,0.5,False,С применением системы подэтажного обрушения с торцевым выпуском и использованием самоходного оборудования,Russia,,Confirmed,ГЖ_09_25.pdf,High,2026-07-03
FAC_11696,MAT_5645,produces_output,0.5,False,,Russia,,Confirmed,ГЖ_09_25.pdf,High,2026-07-03
FAC_11696,MAT_5681,produces_output,0.5,False,,Russia,,Confirmed,ГЖ_09_25.pdf,High,2026-07-03
FAC_11696,MAT_2289,produces_output,0.5,False,,Russia,,Confirmed,ГЖ_09_25.pdf,High,2026-07-03
FAC_11696,MAT_424,produces_output,0.5,False,,Russia,,Confirmed,ГЖ_09_25.pdf,High,2026-07-03
FAC_11696,MAT_7511,produces_output,0.5,False,,Russia,,Confirmed,ГЖ_09_25.pdf,High,2026-07-03
FAC_11696,MAT_11700,produces_output,0.5,False,,Russia,,Confirmed,ГЖ_09_25.pdf,High,2026-07-03
FAC_11696,EQU_11701,uses_material,0.5,False,,Russia,,Confirmed,ГЖ_09_25.pdf,High,2026-07-03
FAC_11696,PRO_11702,operates_at_condition,0.5,False,,Russia,,Confirmed,ГЖ_09_25.pdf,High,2026-07-03
FAC_11696,PRO_11703,researched_by,0.5,False,,Russia,,Confirmed,ГЖ_09_25.pdf,High,2026-07-03
FAC_11696,PRO_11705,researched_by,0.5,False,,Russia,,Confirmed,ГЖ_09_25.pdf,High,2026-07-03
FAC_11696,PRO_11692,researched_by,0.5,False,,Russia,,Confirmed,ГЖ_09_25.pdf,High,2026-07-03
FAC_11686,MAT_2723,uses_material,0.5,False,,Russia,,Confirmed,ГЖ_09_25.pdf,High,2026-07-03
FAC_11686,EQU_5458,operates_at_condition,0.5,False,в открытых горных работах,Russia,,Confirmed,ГЖ_09_25.pdf,High,2026-07-03
FAC_11686,EQU_11707,operates_at_condition,0.5,False,в подземных горных работах,Russia,,Confirmed,ГЖ_09_25.pdf,High,2026-07-03
PRO_11709,EQU_11710,uses_material,0.5,False,,Worldwide,,Confirmed,ГЖ_09_25.pdf,High,2026-07-03
PRO_11709,PRO_11711,produces_output,0.5,False,,Worldwide,,Confirmed,ГЖ_09_25.pdf,High,2026-07-03
PRO_11709,PRO_11712,produces_output,0.5,False,,Worldwide,,Confirmed,ГЖ_09_25.pdf,High,2026-07-03
PRO_11709,PRO_11713,produces_output,0.5,False,,Worldwide,,Confirmed,ГЖ_09_25.pdf,High,2026-07-03
PRO_11714,EQU_11715,uses_material,0.5,False,,Russia,,Confirmed,ГЖ_09_25.pdf,High,2026-07-03
PRO_11716,PRO_11714,operates_at_condition,0.5,False,,Russia,,Confirmed,ГЖ_09_25.pdf,High,2026-07-03
PRO_11717,EQU_11710,uses_material,0.5,False,,Worldwide,,Confirmed,ГЖ_09_25.pdf,High,2026-07-03
EXP_11719,MAT_1881,researched_by,0.5,False,,Russia,,Confirmed,ГЖ_09_25.pdf,High,2026-07-03
PRO_12,MAT_1399,uses_material,0.5,False,,Worldwide,,Confirmed,ГЖ_09_25.pdf,High,2026-07-03
PRO_12,MAT_961,uses_material,0.5,False,,Worldwide,,Confirmed,ГЖ_09_25.pdf,High,2026-07-03
EXP_6828,MAT_1399,uses_material,0.5,False,,Worldwide,,Confirmed,ГЖ_09_25.pdf,High,2026-07-03
EXP_6828,MAT_961,uses_material,0.5,False,,Worldwide,,Confirmed,ГЖ_09_25.pdf,High,2026-07-03
EXP_11720,PUB_896,researched_by,0.5,False,,Worldwide,,Confirmed,ГЖ_09_25.pdf,High,2026-07-03
FAC_11721,EXP_11722,researched_by,0.5,False,,Russia,,Confirmed,ГЖ_09_25.pdf,High,2026-07-03
MAT_1881,PRO_11724,uses_material,0.5,False,,Worldwide,,Confirmed,ГЖ_09_25.pdf,High,2026-07-03
MAT_1399,PRO_11724,uses_material,0.5,False,,Worldwide,,Confirmed,ГЖ_09_25.pdf,High,2026-07-03
MAT_1881,PRO_11725,uses_material,0.5,False,,Worldwide,,Confirmed,ГЖ_09_25.pdf,High,2026-07-03
MAT_1399,PRO_11725,uses_material,0.5,False,,Worldwide,,Confirmed,ГЖ_09_25.pdf,High,2026-07-03
PRO_11725,EQU_11710,validated_by,0.5,False,,Worldwide,,Confirmed,ГЖ_09_25.pdf,High,2026-07-03
EQU_11726,FAC_11728,operates_at_condition,0.5,False,,Russia,,Confirmed,ГЖ_09_25.pdf,High,2026-07-03
EQU_11727,FAC_11729,operates_at_condition,0.5,False,,Russia,,Confirmed,ГЖ_09_25.pdf,High,2026-07-03
EXP_11731,MAT_1399,researched_by,0.5,False,,Russia,,Confirmed,ГЖ_09_25.pdf,High,2026-07-03
EXP_11731,PRO_2791,described_in,0.5,False,,Russia,,Confirmed,ГЖ_09_25.pdf,High,2026-07-03
EQU_11732,MAT_11733,uses_material,0.5,False,,Worldwide,,Confirmed,ГЖ_09_25.pdf,High,2026-07-03
PRO_11742,PUB_11730,described_in,0.5,False,,Russia,,Confirmed,ГЖ_09_25.pdf,High,2026-07-03
PUB_11730,PRO_11743,described_in,0.5,False,,Russia,,Confirmed,ГЖ_09_25.pdf,High,2026-07-03
PRO_11744,PUB_11730,described_in,0.5,False,,Worldwide,,Confirmed,ГЖ_09_25.pdf,High,2026-07-03
PRO_11748,PRO_11749,researched_by,0.5,False,,Worldwide,,Confirmed,ГЖ_09_25.pdf,High,2026-07-03
PRO_11748,PRO_11750,researched_by,0.5,False,,Worldwide,,Confirmed,ГЖ_09_25.pdf,High,2026-07-03
PRO_11748,PRO_11751,researched_by,0.5,False,,Worldwide,,Confirmed,ГЖ_09_25.pdf,High,2026-07-03
PRO_11752,PRO_11753,researched_by,0.5,False,,Worldwide,,Confirmed,ГЖ_09_25.pdf,High,2026-07-03
EXP_11759,PUB_11758,researched_by,0.5,False,,Russia,,Confirmed,ГЖ_09_25.pdf,High,2026-07-03
EXP_11760,PUB_11758,researched_by,0.5,False,,Russia,,Confirmed,ГЖ_09_25.pdf,High,2026-07-03
EXP_11761,PUB_11758,researched_by,0.5,False,,Russia,,Confirmed,ГЖ_09_25.pdf,High,2026-07-03
PUB_11730,EXP_11765,described_in,0.5,False,,Worldwide,,Unverified,ГЖ_09_25.pdf,High,2026-07-03
EXP_11766,EQU_11767,uses_material,0.5,False,,Russia,,Confirmed,ГЖ_09_25.pdf,High,2026-07-03
EXP_11766,EQU_11768,uses_material,0.5,False,,Russia,,Confirmed,ГЖ_09_25.pdf,High,2026-07-03
EXP_11766,PRO_5948,operates_at_condition,0.5,False,,Russia,,Confirmed,ГЖ_09_25.pdf,High,2026-07-03
PRO_11769,EQU_11768,uses_material,0.5,False,При интеграции ВЭУ в систему автономного электроснабжения,Russia,,Confirmed,ГЖ_09_25.pdf,High,2026-07-03
PRO_11769,PRO_11770,produces_output,0.5,False,,Russia,,Confirmed,ГЖ_09_25.pdf,High,2026-07-03
PRO_11769,PRO_11771,produces_output,0.5,False,,Russia,,Confirmed,ГЖ_09_25.pdf,High,2026-07-03
PUB_11773,EQU_11774,described_in,0.5,False,,Russia,,Confirmed,ГЖ_09_25.pdf,High,2026-07-03
PUB_11773,EQU_11775,described_in,0.5,False,,Russia,,Confirmed,ГЖ_09_25.pdf,High,2026-07-03
EQU_11777,EXP_11776,researched_by,0.5,False,,Russia,,Unverified,ГЖ_09_25.pdf,High,2026-07-03
EQU_11784,EQU_11785,uses_material,0.5,False,,,,Unverified,ГЖ_09_25.pdf,High,2026-07-03
EQU_11786,EQU_11787,contains,0.5,False,,Worldwide,,Confirmed,ГЖ_09_25.pdf,High,2026-07-03
EQU_11786,EQU_11788,contains,0.5,False,,Worldwide,,Confirmed,ГЖ_09_25.pdf,High,2026-07-03
EQU_11789,EQU_11784,uses_material,0.5,False,,Worldwide,,Unverified,ГЖ_09_25.pdf,High,2026-07-03
EQU_11784,EQU_11790,operates_at_condition,0.5,False,При вариации внутреннего сопротивления питающей сети,Worldwide,,Unverified,ГЖ_09_25.pdf,High,2026-07-03
EQU_11791,EQU_11792,uses_material,0.5,False,На выходе трансформатора ПСАФ,Worldwide,,Confirmed,ГЖ_09_25.pdf,High,2026-07-03
EQU_11794,PRO_11795,used_for,0.5,False,,Worldwide,,Confirmed,ГЖ_09_25.pdf,High,2026-07-03
EQU_11796,PRO_2673,uses_material,0.5,False,,Russia,,Confirmed,ГЖ_09_25.pdf,High,2026-07-03
EQU_11799,MAT_11800,uses_material,0.5,False,,Worldwide,,Confirmed,ГЖ_09_25.pdf,High,2026-07-03
EQU_11799,PRO_11801,operates_at_condition,0.5,False,,Worldwide,,Confirmed,ГЖ_09_25.pdf,High,2026-07-03
EQU_11802,EQU_11803,validated_by,0.5,False,,Worldwide,,Confirmed,ГЖ_09_25.pdf,High,2026-07-03
EQU_11802,PRO_11804,uses_material,0.5,False,"Амплитуда сигнала 3,3 В, усиление в 10–12 раз",Worldwide,,Confirmed,ГЖ_09_25.pdf,High,2026-07-03
PRO_11806,EQU_11805,produces_output,0.5,False,,Worldwide,,Confirmed,ГЖ_09_25.pdf,High,2026-07-03
EXP_11808,PUB_11730,researched_by,0.5,False,,Russia,,Confirmed,ГЖ_09_25.pdf,High,2026-07-03
EXP_11809,PUB_11730,researched_by,0.5,False,,Russia,,Confirmed,ГЖ_09_25.pdf,High,2026-07-03
EXP_11810,PUB_11730,researched_by,0.5,False,,Russia,,Confirmed,ГЖ_09_25.pdf,High,2026-07-03
EQU_11811,PRO_11812,uses_material,0.5,False,,Worldwide,,Confirmed,ГЖ_09_25.pdf,High,2026-07-03
EQU_11811,PUB_11813,described_in,0.5,False,,Worldwide,,Confirmed,ГЖ_09_25.pdf,High,2026-07-03
EXP_11814,EQU_11815,uses_material,0.5,False,Емкость от 10 до 1000 пФ,,,Unverified,ГЖ_09_25.pdf,High,2026-07-03
EXP_11814,MAT_11816,operates_at_condition,0.5,False,,,,Unverified,ГЖ_09_25.pdf,High,2026-07-03
PRO_11817,PUB_11730,described_in,0.5,False,,Worldwide,,Unverified,ГЖ_09_25.pdf,High,2026-07-03
EQU_11818,PRO_11820,used_for,0.5,False,,Worldwide,,Confirmed,ГЖ_09_25.pdf,High,2026-07-03
EQU_11819,PRO_11820,used_for,0.5,False,,Russia,,Confirmed,ГЖ_09_25.pdf,High,2026-07-03
PRO_11821,PUB_11730,described_in,0.5,False,,Worldwide,,Confirmed,ГЖ_09_25.pdf,High,2026-07-03
PRO_11822,EQU_11823,uses_material,0.5,False,,Worldwide,,Confirmed,ГЖ_09_25.pdf,High,2026-07-03
EXP_11824,PUB_1285,researched_by,0.5,False,,Russia,,Confirmed,ГЖ_09_25.pdf,High,2026-07-03
EXP_11825,PUB_1285,researched_by,0.5,False,,Russia,,Confirmed,ГЖ_09_25.pdf,High,2026-07-03
EXP_11826,PUB_1285,researched_by,0.5,False,,Russia,,Confirmed,ГЖ_09_25.pdf,High,2026-07-03
PRO_11827,EQU_11828,uses_material,0.5,False,,Worldwide,,Confirmed,ГЖ_09_25.pdf,High,2026-07-03
PRO_11827,EQU_11829,uses_material,0.5,False,,Worldwide,,Confirmed,ГЖ_09_25.pdf,High,2026-07-03
PRO_11827,EQU_11830,contradicts,0.5,False,При ухудшении качества работы беспроводных систем,Worldwide,,Confirmed,ГЖ_09_25.pdf,High,2026-07-03
PRO_11831,EQU_11832,uses_material,0.5,False,,Worldwide,,Confirmed,ГЖ_09_25.pdf,High,2026-07-03
EQU_11832,MAT_11833,operates_at_condition,0.5,False,"Влажность не должна превышать 0,5 или 1 %",Worldwide,,Confirmed,ГЖ_09_25.pdf,High,2026-07-03
EXP_11834,EQU_11835,validated_by,0.5,False,"Диапазон влажности: 0-0,3 ед. объемной влажности",Worldwide,,Confirmed,ГЖ_09_25.pdf,High,2026-07-03
EXP_11838,PUB_11837,researched_by,0.5,False,,Russia,,Confirmed,ГЖ_09_25.pdf,High,2026-07-03
FAC_11839,PRO_11840,researched_by,0.5,False,,Russia,,Confirmed,ГЖ_09_25.pdf,High,2026-07-03
FAC_11839,FAC_11841,researched_by,0.5,False,,Russia,,Confirmed,ГЖ_09_25.pdf,High,2026-07-03
FAC_3903,EQU_11842,uses_material,0.5,False,,Russia,,Confirmed,ГЖ_09_25.pdf,High,2026-07-03
PRO_1740,FAC_3903,researched_by,0.5,False,,Russia,,Confirmed,ГЖ_09_25.pdf,High,2026-07-03
EQU_11844,PRO_11843,uses_material,0.5,False,В условиях шахты,Worldwide,,Unverified,ГЖ_09_25.pdf,High,2026-07-03
EXP_10776,PUB_11845,researched_by,0.5,False,,Russia,,Confirmed,ГЖ_09_25.pdf,High,2026-07-03
EXP_11846,PUB_11845,researched_by,0.5,False,,Russia,,Confirmed,ГЖ_09_25.pdf,High,2026-07-03
EXP_11847,PUB_11845,researched_by,0.5,False,,Russia,,Confirmed,ГЖ_09_25.pdf,High,2026-07-03
PRO_11840,EQU_11851,uses_material,0.5,False,,Worldwide,,Confirmed,ГЖ_09_25.pdf,High,2026-07-03
PRO_11840,PRO_11852,operates_at_condition,0.5,False,При проведении подземных горных работ,Worldwide,,Confirmed,ГЖ_09_25.pdf,High,2026-07-03
EXP_11853,PRO_11852,produces_output,0.5,False,Для оценки радиационной безопасности,Worldwide,,Confirmed,ГЖ_09_25.pdf,High,2026-07-03
PRO_11854,PRO_11855,optimal_parameter,0.5,False,,Worldwide,,Confirmed,ГЖ_09_25.pdf,High,2026-07-03
PRO_12,PRO_11854,uses_material,0.5,False,,Worldwide,,Confirmed,ГЖ_09_25.pdf,High,2026-07-03
MAT_11857,MAT_3699,uses_material,0.5,False,"Соотношение воды и цемента 0,5–0,6",Worldwide,,Confirmed,ГЖ_09_25.pdf,High,2026-07-03
PRO_3250,MAT_11857,produces_output,0.5,False,,Worldwide,,Confirmed,ГЖ_09_25.pdf,High,2026-07-03
EXP_11858,MAT_11857,validated_by,0.5,False,"ГОСТ 21153.2–84, ГОСТ 21153.3–85, ГОСТ 21153.8–88",Russia,,Confirmed,ГЖ_09_25.pdf,High,2026-07-03
MAT_11859,EXP_6828,uses_material,0.5,False,,Worldwide,,Confirmed,ГЖ_09_25.pdf,High,2026-07-03
EXP_6828,EQU_877,operates_at_condition,0.5,False,Используется для сортировки материалов по фракциям,Worldwide,,Confirmed,ГЖ_09_25.pdf,High,2026-07-03
MAT_11859,PRO_11860,produces_output,0.5,False,"В:Ц = 0,75",Worldwide,"0,4-1,2",Confirmed,ГЖ_09_25.pdf,High,2026-07-03
EXP_9112,MAT_11859,described_in,0.5,False,Соотношение диаметра образца к его высоте 1:1,Worldwide,,Confirmed,ГЖ_09_25.pdf,High,2026-07-03
MAT_11859,EXP_11861,researched_by,0.5,False,,Worldwide,,Confirmed,ГЖ_09_25.pdf,High,2026-07-03
MAT_11857,PRO_11862,researched_by,0.5,False,,Worldwide,,Confirmed,ГЖ_09_25.pdf,High,2026-07-03
MAT_11857,PRO_11863,researched_by,0.5,False,,Worldwide,,Confirmed,ГЖ_09_25.pdf,High,2026-07-03
EXP_11864,MAT_11857,uses_material,0.5,False,,Worldwide,,Confirmed,ГЖ_09_25.pdf,High,2026-07-03
MAT_11857,EXP_6828,researched_by,0.5,False,,Worldwide,,Confirmed,ГЖ_09_25.pdf,High,2026-07-03
MAT_11857,PRO_12,uses_material,0.5,False,,Worldwide,,Confirmed,ГЖ_09_25.pdf,High,2026-07-03
EXP_11865,PUB_11730,described_in,0.5,False,,Worldwide,,Unverified,ГЖ_09_25.pdf,High,2026-07-03
EQU_11870,MAT_9185,uses_material,0.5,False,,Worldwide,,Confirmed,ГЖ_09_25.pdf,High,2026-07-03
EQU_11870,PRO_7151,operates_at_condition,0.5,False,"Коэффициент усиления до 500, разрушающая нагрузка до 5 кН",Worldwide,"Длина образца: 75-300 мм, ширина и высота: 1-130 мм",Confirmed,ГЖ_09_25.pdf,High,2026-07-03
EQU_11876,MAT_11875,produces_output,0.5,False,,Russia,,Unverified,ГЖ_09_25.pdf,High,2026-07-03
MAT_11877,PRO_7151,uses_material,0.5,False,,Worldwide,,Confirmed,ГЖ_09_25.pdf,High,2026-07-03
EQU_11878,PRO_7151,operates_at_condition,0.5,False,"Измерение геометрических параметров, выставление расстояния L, прогрев динамометра",Worldwide,,Confirmed,ГЖ_09_25.pdf,High,2026-07-03
PRO_7151,PRO_11879,produces_output,0.5,False,Определение прочности на изгиб по формулам,Worldwide,,Confirmed,ГЖ_09_25.pdf,High,2026-07-03
MAT_9185,PRO_11881,operates_at_condition,0.5,False,"Содержание влаги 33%, средняя теплотворная способность 13,2 МДж/кг",Worldwide,,Confirmed,ГЖ_09_25.pdf,High,2026-07-03
MAT_9185,PRO_148,operates_at_condition,0.5,False,Нормальная плотность 750–1100 кг/м3,Worldwide,750–1100 кг/м3,Confirmed,ГЖ_09_25.pdf,High,2026-07-03
PRO_11882,MAT_9185,produces_output,0.5,False,,Worldwide,,Confirmed,ГЖ_09_25.pdf,High,2026-07-03
MAT_11857,PRO_11884,used_in,0.5,False,,Worldwide,,Confirmed,ГЖ_09_25.pdf,High,2026-07-03
MAT_11857,PUB_11730,described_in,0.5,False,,Worldwide,,Confirmed,ГЖ_09_25.pdf,High,2026-07-03
MAT_11857,EXP_11885,researched_by,0.5,False,,Russia,,Confirmed,ГЖ_09_25.pdf,High,2026-07-03
EXP_11886,PUB_11730,researched_by,0.5,False,,Armenia,,Confirmed,ГЖ_09_25.pdf,High,2026-07-03
MAT_11887,PRO_11888,uses_material,0.5,False,,Worldwide,,Confirmed,ГЖ_09_25.pdf,High,2026-07-03
MAT_11887,EQU_11889,operates_at_condition,0.5,False,Численное моделирование,Worldwide,,Confirmed,ГЖ_09_25.pdf,High,2026-07-03
PRO_11888,PRO_11890,produces_output,0.5,False,Оптимизация распределения частиц,Worldwide,Максимальная прочность при Talbot number 0.6,Confirmed,ГЖ_09_25.pdf,High,2026-07-03
EXP_11891,MAT_11887,validated_by,0.5,False,"Испытания на одноосное растяжение, одноосное сжатие и трехосное сжатие",Russia,,Confirmed,ГЖ_09_25.pdf,High,2026-07-03
PUB_11730,PRO_11893,described_in,0.5,False,,Worldwide,,Confirmed,ГЖ_09_25.pdf,High,2026-07-03
PUB_11730,PUB_11894,described_in,0.5,False,,Worldwide,,Confirmed,ГЖ_09_25.pdf,High,2026-07-03
PRO_11895,PUB_11730,described_in,0.5,False,,Worldwide,,Confirmed,ГЖ_09_25.pdf,High,2026-07-03
MAT_441,PRO_11896,uses_material,0.5,False,,Russia,,Confirmed,ГЖ_09_25.pdf,High,2026-07-03
PRO_11896,EQU_11897,operates_at_condition,0.5,False,Оценка прочности образцов на изгиб,Russia,,Confirmed,ГЖ_09_25.pdf,High,2026-07-03
MAT_11898,PRO_11899,uses_material,0.5,False,,Russia,,Confirmed,ГЖ_09_25.pdf,High,2026-07-03
EQU_11900,PRO_11899,operates_at_condition,0.5,False,Designed for testing round and rectangular samples,Russia,,Confirmed,ГЖ_09_25.pdf,High,2026-07-03
ORG_6414,PUB_896,published_by,0.5,False,,Russia,,Confirmed,ГЖ_10_25.pdf,High,2026-07-03
EXP_11901,PUB_896,researched_by,0.5,False,,Russia,,Unverified,ГЖ_10_25.pdf,High,2026-07-03
PUB_11730,PUB_11905,described_in,0.5,False,,Worldwide,,Confirmed,ГЖ_09_25.pdf,High,2026-07-03
PUB_11730,PUB_11906,described_in,0.5,False,,Worldwide,,Confirmed,ГЖ_09_25.pdf,High,2026-07-03
PUB_11730,PUB_11907,described_in,0.5,False,Республика Армения,Armenia,,Confirmed,ГЖ_09_25.pdf,High,2026-07-03
FAC_11908,PRO_11909,uses_material,0.5,False,,Russia,,Confirmed,ГЖ_10_25.pdf,High,2026-07-03
FAC_11485,PRO_11909,uses_material,0.5,False,,Russia,,Confirmed,ГЖ_10_25.pdf,High,2026-07-03
PRO_11909,EQU_9936,described_in,0.5,False,,Russia,,Confirmed,ГЖ_10_25.pdf,High,2026-07-03
FAC_9365,PRO_11910,researched_by,0.5,False,,Russia,,Confirmed,ГЖ_10_25.pdf,High,2026-07-03
PRO_11910,EQU_11911,uses_material,0.5,False,,Worldwide,,Confirmed,ГЖ_10_25.pdf,High,2026-07-03
PUB_896,EXP_11913,described_in,0.5,False,,Russia,,Unverified,ГЖ_10_25.pdf,High,2026-07-03
PUB_896,EXP_11914,described_in,0.5,False,,Worldwide,,Unverified,ГЖ_10_25.pdf,High,2026-07-03
PUB_896,EXP_11915,described_in,0.5,False,,Worldwide,,Unverified,ГЖ_10_25.pdf,High,2026-07-03
PUB_896,EXP_11916,described_in,0.5,False,,Russia,,Unverified,ГЖ_10_25.pdf,High,2026-07-03
PUB_896,EXP_11917,described_in,0.5,False,,Russia,,Unverified,ГЖ_10_25.pdf,High,2026-07-03
PUB_896,EXP_11918,described_in,0.5,False,,Russia,,Unverified,ГЖ_10_25.pdf,High,2026-07-03
PUB_896,EXP_11919,described_in,0.5,False,,Russia,,Unverified,ГЖ_10_25.pdf,High,2026-07-03
PUB_896,EXP_11920,described_in,0.5,False,,Russia,,Unverified,ГЖ_10_25.pdf,High,2026-07-03
EXP_11922,PUB_11921,described_in,0.5,False,,Russia,,Confirmed,ГЖ_10_25.pdf,High,2026-07-03
FAC_3685,PRO_1639,operates_at_condition,0.5,False,,Russia,,Confirmed,ГЖ_10_25.pdf,High,2026-07-03
FAC_9019,PRO_1639,operates_at_condition,0.5,False,,Russia,,Confirmed,ГЖ_10_25.pdf,High,2026-07-03
FAC_11930,FAC_11929,contradicts,0.5,False,,Worldwide,,Unverified,ГЖ_10_25.pdf,High,2026-07-03
PUB_11937,PRO_10331,described_in,0.5,False,,Russia,,Confirmed,ГЖ_10_25.pdf,High,2026-07-03
PUB_11937,FAC_11493,researched_by,0.5,False,,Russia,,Confirmed,ГЖ_10_25.pdf,High,2026-07-03
PUB_11937,EQU_9936,uses_material,0.5,False,,Russia,,Confirmed,ГЖ_10_25.pdf,High,2026-07-03
PUB_896,FAC_11938,described_in,0.5,False,,Worldwide,,Unverified,ГЖ_10_25.pdf,High,2026-07-03
FAC_11939,FAC_11940,researched_by,0.5,False,,Worldwide,,Confirmed,ГЖ_10_25.pdf,High,2026-07-03
FAC_11940,FAC_11941,researched_by,0.5,False,,Worldwide,,Confirmed,ГЖ_10_25.pdf,High,2026-07-03
PUB_11942,EXP_11943,researched_by,0.5,False,,Russia,,Confirmed,ГЖ_10_25.pdf,High,2026-07-03
PUB_11942,EXP_9142,researched_by,0.5,False,,Russia,,Confirmed,ГЖ_10_25.pdf,High,2026-07-03
PUB_11921,PRO_11944,described_in,0.5,False,,Worldwide,,Confirmed,ГЖ_10_25.pdf,High,2026-07-03
PUB_11921,FAC_11941,described_in,0.5,False,,Worldwide,,Confirmed,ГЖ_10_25.pdf,High,2026-07-03
PUB_11921,FAC_11930,described_in,0.5,False,,Worldwide,,Confirmed,ГЖ_10_25.pdf,High,2026-07-03
FAC_11945,MAT_11946,contains,0.5,False,,Russia,,Unverified,ГЖ_10_25.pdf,High,2026-07-03
FAC_11947,MAT_621,researched_by,0.5,False,,Russia,,Confirmed,ГЖ_10_25.pdf,High,2026-07-03
FAC_11948,MAT_621,researched_by,0.5,False,,Russia,,Confirmed,ГЖ_10_25.pdf,High,2026-07-03
MAT_11952,PUB_11921,described_in,0.5,False,,Worldwide,,Unverified,ГЖ_10_25.pdf,High,2026-07-03
MAT_11952,PUB_11953,described_in,0.5,False,,Worldwide,,Unverified,ГЖ_10_25.pdf,High,2026-07-03
MAT_11954,PRO_11955,uses_material,0.5,False,,Russia,,Confirmed,ГЖ_10_25.pdf,High,2026-07-03
PRO_11955,EQU_11956,operates_at_condition,0.5,False,,Russia,,Confirmed,ГЖ_10_25.pdf,High,2026-07-03
MAT_11954,PRO_11957,produces_output,0.5,False,Максимальная концентрация лития в рассолах – 725 мг/дм³,Russia,725 мг/дм³,Confirmed,ГЖ_10_25.pdf,High,2026-07-03
EXP_11958,PUB_11959,described_in,0.5,False,,Russia,,Confirmed,ГЖ_10_25.pdf,High,2026-07-03
EXP_11960,PRO_11955,researched_by,0.5,False,,Russia,,Confirmed,ГЖ_10_25.pdf,High,2026-07-03
MAT_11962,PRO_11963,uses_material,0.5,False,For brines of the Siberian platform with a complex cationic composition,Russia,,Confirmed,ГЖ_10_25.pdf,High,2026-07-03
PRO_11963,MAT_11962,produces_output,0.5,False,Allows for the comprehensive processing of natural brines,Russia,,Confirmed,ГЖ_10_25.pdf,High,2026-07-03
MAT_967,PRO_11965,uses_material,0.5,False,,Worldwide,,Confirmed,ГЖ_10_25.pdf,High,2026-07-03
PRO_6171,EQU_11966,operates_at_condition,0.5,False,Используется для восполнения потерь воды,Russia,,Confirmed,ГЖ_10_25.pdf,High,2026-07-03
PRO_11965,PRO_6204,produces_output,0.5,False,,Worldwide,,Confirmed,ГЖ_10_25.pdf,High,2026-07-03
PRO_11965,PRO_9333,produces_output,0.5,False,,Worldwide,,Confirmed,ГЖ_10_25.pdf,High,2026-07-03
FAC_10822,PRO_11967,operates_at_condition,0.5,False,Наблюдение за оседаниями поверхности над основными блоками и массивом предохранительного целика,Russia,,Confirmed,ГЖ_10_25.pdf,High,2026-07-03
PRO_11968,MAT_11970,uses_material,0.5,False,,Worldwide,,Confirmed,ГЖ_10_25.pdf,High,2026-07-03
PRO_11969,MAT_11970,uses_material,0.5,False,,Worldwide,,Confirmed,ГЖ_10_25.pdf,High,2026-07-03
EQU_11971,MAT_11970,operates_at_condition,0.5,False,ниже региональной водоупорной толщи или зоны гидроразрыва пласта,Worldwide,,Confirmed,ГЖ_10_25.pdf,High,2026-07-03
MAT_11972,FAC_11973,operates_at_condition,0.5,False,,Russia,,Confirmed,ГЖ_10_25.pdf,High,2026-07-03
MAT_11972,FAC_11974,operates_at_condition,0.5,False,,Russia,,Confirmed,ГЖ_10_25.pdf,High,2026-07-03
FAC_11975,EXP_11976,researched_by,0.5,False,,Russia,,Confirmed,ГЖ_10_25.pdf,High,2026-07-03
FAC_6006,EXP_11976,conducted_by,0.5,False,,Russia,,Confirmed,ГЖ_10_25.pdf,High,2026-07-03
PUB_11921,FAC_11975,described_in,0.5,False,,Russia,,Confirmed,ГЖ_10_25.pdf,High,2026-07-03
PRO_11977,EQU_11978,uses_material,0.5,False,,Russia,,Confirmed,ГЖ_10_25.pdf,High,2026-07-03
FAC_11979,PUB_896,researched_by,0.5,False,,Russia,,Confirmed,ГЖ_10_25.pdf,High,2026-07-03
FAC_11975,PRO_11980,uses_material,0.5,False,,Russia,,Confirmed,ГЖ_10_25.pdf,High,2026-07-03
PRO_11980,MAT_3224,produces_output,0.5,False,При полном заполнении выработанного пространства,Russia,,Confirmed,ГЖ_10_25.pdf,High,2026-07-03
EXP_11981,FAC_11975,researched_by,0.5,False,,Russia,,Confirmed,ГЖ_10_25.pdf,High,2026-07-03
PUB_11921,PRO_11982,described_in,0.5,False,,Worldwide,,Confirmed,ГЖ_10_25.pdf,High,2026-07-03
FAC_11984,PRO_7347,uses_material,0.5,False,,Russia,,Confirmed,ГЖ_10_25.pdf,High,2026-07-03
EXP_11917,MAT_11985,researched_by,0.5,False,,Russia,,Confirmed,ГЖ_10_25.pdf,High,2026-07-03
EXP_11917,PUB_11921,described_in,0.5,False,,Russia,,Confirmed,ГЖ_10_25.pdf,High,2026-07-03
MAT_11985,PRO_148,operates_at_condition,0.5,False,"Зависимость плотности от скорости продольной акустической волны: ρ = 4·10–5VpV + 2,45",Сахалин,,Confirmed,ГЖ_10_25.pdf,High,2026-07-03
MAT_11985,PRO_5373,operates_at_condition,0.5,False,Зависимости динамического и статического модуля Юнга от скорости продольной волны,Сахалин,,Confirmed,ГЖ_10_25.pdf,High,2026-07-03
PRO_11988,PRO_9949,operates_at_condition,0.5,False,Коэффициент фильтрации влияет на водоприток в шахту,Worldwide,,Confirmed,ГЖ_10_25.pdf,High,2026-07-03
PRO_11989,MAT_6495,uses_material,0.5,False,,Worldwide,,Confirmed,ГЖ_10_25.pdf,High,2026-07-03
PRO_11989,PRO_11990,operates_at_condition,0.5,False,"ЕзЕ = 40 МПа, ν = 0,2",Worldwide,,Confirmed,ГЖ_10_25.pdf,High,2026-07-03
EXP_11991,PRO_11990,produces_output,0.5,False,,Worldwide,,Confirmed,ГЖ_10_25.pdf,High,2026-07-03
MAT_11985,PRO_5373,operates_at_condition,0.5,False,Динамические и статические характеристики различаются в 4–10 раз,Russia,"7,7–80,7 МПа",Confirmed,ГЖ_10_25.pdf,High,2026-07-03
EXP_11992,MAT_11985,researched_by,0.5,False,,Russia,,Confirmed,ГЖ_10_25.pdf,High,2026-07-03
PUB_11993,MAT_11994,researched_by,0.5,False,,Russia,,Confirmed,ГЖ_10_25.pdf,High,2026-07-03
EXP_11995,MAT_11994,uses_material,0.5,False,,Russia,,Confirmed,ГЖ_10_25.pdf,High,2026-07-03
FAC_11996,MAT_1275,uses_material,0.5,False,,Russia,,Confirmed,ГЖ_10_25.pdf,High,2026-07-03
MAT_3224,MAT_11997,uses_material,0.5,False,,Worldwide,,Confirmed,ГЖ_10_25.pdf,High,2026-07-03
MAT_3224,MAT_11998,uses_material,0.5,False,Добавление 20% угольной золы повышает прочность на 15% и снижает стоимость на 17%,Worldwide,,Confirmed,ГЖ_10_25.pdf,High,2026-07-03
MAT_3224,PRO_460,operates_at_condition,0.5,False,,Worldwide,,Confirmed,ГЖ_10_25.pdf,High,2026-07-03
MAT_3224,MAT_11998,uses_material,0.5,False,,Worldwide,,Confirmed,ГЖ_10_25.pdf,High,2026-07-03
MAT_3224,MAT_12000,uses_material,0.5,False,,Worldwide,,Confirmed,ГЖ_10_25.pdf,High,2026-07-03
PRO_6494,EQU_12001,operates_at_condition,0.5,False,Время смешивания 10 мин,Worldwide,,Confirmed,ГЖ_10_25.pdf,High,2026-07-03
EXP_12002,MAT_3224,researched_by,0.5,False,,Uzbekistan,,Confirmed,ГЖ_10_25.pdf,High,2026-07-03
MAT_9943,MAT_12004,uses_material,0.5,False,,Worldwide,,Confirmed,ГЖ_10_25.pdf,High,2026-07-03
MAT_9943,MAT_12005,uses_material,0.5,False,,Worldwide,,Confirmed,ГЖ_10_25.pdf,High,2026-07-03
PRO_7347,MAT_9943,produces_output,0.5,False,,Worldwide,,Confirmed,ГЖ_10_25.pdf,High,2026-07-03
MAT_3224,PRO_6494,uses_material,0.5,False,,Worldwide,,Confirmed,ГЖ_10_25.pdf,High,2026-07-03
MAT_3224,PRO_2382,produces_output,0.5,False,"температура 20±5 °C, относительная влажность воздуха 95±5 %",Worldwide,,Confirmed,ГЖ_10_25.pdf,High,2026-07-03
MAT_3224,EXP_12007,validated_by,0.5,False,использование пресса ИП-1А-1000,Worldwide,,Confirmed,ГЖ_10_25.pdf,High,2026-07-03
MAT_3224,PUB_896,described_in,0.5,False,,Worldwide,,Confirmed,ГЖ_10_25.pdf,High,2026-07-03
MAT_3224,EXP_12008,researched_by,0.5,False,,Worldwide,,Confirmed,ГЖ_10_25.pdf,High,2026-07-03
FAC_12010,PRO_12011,uses_material,0.5,False,,Russia,,Confirmed,ГЖ_10_25.pdf,High,2026-07-03
PRO_12011,MAT_12009,produces_output,0.5,False,,Russia,,Confirmed,ГЖ_10_25.pdf,High,2026-07-03
FAC_12012,MAT_1275,produces_output,0.5,False,,Russia,,Confirmed,ГЖ_10_25.pdf,High,2026-07-03
FAC_12012,PRO_11466,uses_material,0.5,False,до 1968 г. и с 1994 по 2001 г.,Russia,,Confirmed,ГЖ_10_25.pdf,High,2026-07-03
FAC_12012,PRO_12013,uses_material,0.5,False,до 1993 г.,Russia,,Confirmed,ГЖ_10_25.pdf,High,2026-07-03
FAC_12014,MAT_1275,produces_output,0.5,False,,Russia,,Confirmed,ГЖ_10_25.pdf,High,2026-07-03
FAC_12012,PRO_12015,uses_material,0.5,False,,Russia,,Confirmed,ГЖ_10_25.pdf,High,2026-07-03
FAC_12012,PRO_12016,uses_material,0.5,False,,Russia,,Confirmed,ГЖ_10_25.pdf,High,2026-07-03
FAC_12012,PRO_12017,uses_material,0.5,False,,Russia,,Confirmed,ГЖ_10_25.pdf,High,2026-07-03
FAC_12012,MAT_12009,produces_output,0.5,False,,Russia,,Confirmed,ГЖ_10_25.pdf,High,2026-07-03
FAC_12019,MAT_12018,contains,0.5,False,,Russia,,Confirmed,ГЖ_10_25.pdf,High,2026-07-03
FAC_12019,PRO_12020,uses_process,0.5,False,,Russia,,Confirmed,ГЖ_10_25.pdf,High,2026-07-03
PRO_12023,MAT_12022,uses_material,0.5,False,,Worldwide,,Confirmed,ГЖ_10_25.pdf,High,2026-07-03
EXP_12026,PRO_12023,researched_by,0.5,False,В лабораторных условиях,Worldwide,,Confirmed,ГЖ_10_25.pdf,High,2026-07-03
EQU_12024,EXP_12026,operates_at_condition,0.5,False,"Соотношение Ж:Т = 10:1, время обработки 24 ч, комнатная температура, постоянное перемешивание",Worldwide,,Confirmed,ГЖ_10_25.pdf,High,2026-07-03
FAC_12028,EXP_12030,researched_by,0.5,False,,Russia,,Confirmed,ГЖ_10_25.pdf,High,2026-07-03
FAC_12029,EXP_12030,researched_by,0.5,False,,Russia,,Confirmed,ГЖ_10_25.pdf,High,2026-07-03
MAT_12031,PRO_12023,uses_material,0.5,False,,Worldwide,,Confirmed,ГЖ_10_25.pdf,High,2026-07-03
MAT_5868,PRO_12023,uses_material,0.5,False,,Worldwide,,Confirmed,ГЖ_10_25.pdf,High,2026-07-03
EXP_12032,PRO_12023,validated_by,0.5,False,"соотношение Ж:Т = 10:1, время выдержки 24 ч",Worldwide,,Confirmed,ГЖ_10_25.pdf,High,2026-07-03
MAT_12033,PRO_12023,uses_material,0.5,False,,Worldwide,,Confirmed,ГЖ_10_25.pdf,High,2026-07-03
PRO_12023,EXP_12035,researched_by,0.5,False,,Worldwide,,Confirmed,ГЖ_10_25.pdf,High,2026-07-03
PRO_12034,PRO_12023,operates_at_condition,0.5,False,концентрация Cl– 0–30 г/дм3,Worldwide,0–30 г/дм3,Confirmed,ГЖ_10_25.pdf,High,2026-07-03
PUB_896,PRO_1153,described_in,0.5,False,,Russia,,Confirmed,ГЖ_10_25.pdf,High,2026-07-03
PRO_1153,MAT_12036,uses_material,0.5,False,,Russia,,Confirmed,ГЖ_10_25.pdf,High,2026-07-03
PRO_12041,MAT_12042,uses_material,0.5,False,,Worldwide,,Confirmed,ГЖ_10_25.pdf,High,2026-07-03
PRO_12041,PRO_7702,produces_output,0.5,False,,Worldwide,,Confirmed,ГЖ_10_25.pdf,High,2026-07-03
PRO_7702,MAT_3493,produces_output,0.5,False,При взаимодействии раствора серной кислоты с кальцитом или доломитом,Worldwide,,Confirmed,ГЖ_10_25.pdf,High,2026-07-03
PRO_4402,MAT_3493,uses_material,0.5,False,,Worldwide,,Confirmed,ГЖ_10_25.pdf,High,2026-07-03
PRO_4402,MAT_2557,uses_material,0.5,False,,Worldwide,,Confirmed,ГЖ_10_25.pdf,High,2026-07-03
PRO_4402,MAT_12043,uses_material,0.5,False,,Worldwide,,Confirmed,ГЖ_10_25.pdf,High,2026-07-03
PRO_4402,MAT_12031,uses_material,0.5,False,,Worldwide,,Confirmed,ГЖ_10_25.pdf,High,2026-07-03
PRO_12046,MAT_12045,produces_output,0.5,False,,Worldwide,,Confirmed,ГЖ_10_25.pdf,High,2026-07-03
EXP_12047,MAT_12045,uses_material,0.5,False,,Russia,,Confirmed,ГЖ_10_25.pdf,High,2026-07-03
EQU_12049,PRO_12048,produces_output,0.5,False,При сгорании топлива,Worldwide,,Confirmed,ГЖ_10_25.pdf,High,2026-07-03
PRO_12048,EQU_9578,uses_material,0.5,False,Для преобразования тепловой энергии в электрическую,Worldwide,,Confirmed,ГЖ_10_25.pdf,High,2026-07-03
EXP_12050,EQU_12051,researched_by,0.5,False,,Worldwide,,Confirmed,ГЖ_10_25.pdf,High,2026-07-03
EQU_12051,PRO_12052,operates_at_condition,0.5,False,"Различные нагрузки на двигатель, расход теплоносителя",Worldwide,,Confirmed,ГЖ_10_25.pdf,High,2026-07-03
EQU_12053,EXP_5738,used_in,0.5,False,"при различных давлениях воздуха, подаваемого от компрессора",Worldwide,,Confirmed,ГЖ_10_25.pdf,High,2026-07-03
EXP_5738,PRO_11770,measured,0.5,False,при различных нагрузках двигателя,Worldwide,,Confirmed,ГЖ_10_25.pdf,High,2026-07-03
PRO_6594,EQU_12058,uses_material,0.5,False,В труднодоступных районах,Worldwide,,Confirmed,ГЖ_10_25.pdf,High,2026-07-03
EQU_12058,PRO_12059,operates_at_condition,0.5,False,КПД не превышает 30–40%,Worldwide,30–40%,Confirmed,ГЖ_10_25.pdf,High,2026-07-03
EXP_12060,PRO_6594,researched_by,0.5,False,,Worldwide,,Confirmed,ГЖ_10_25.pdf,High,2026-07-03
PRO_12048,EQU_9546,uses_material,0.5,False,,Worldwide,,Confirmed,ГЖ_10_25.pdf,High,2026-07-03
PRO_12048,EQU_9574,produces_output,0.5,False,"Снижение сопротивления движению выхлопных газов, создаваемое теплообменником",Worldwide,,Confirmed,ГЖ_10_25.pdf,High,2026-07-03
EXP_12076,PRO_12048,validated_by,0.5,False,Увеличение КПД до 45% при использовании предлагаемого устройства по утилизации тепла,Worldwide,,Confirmed,ГЖ_10_25.pdf,High,2026-07-03
FAC_12077,EXP_12079,researched_by,0.5,False,,Worldwide,,Confirmed,ГЖ_10_25.pdf,High,2026-07-03
FAC_12077,PRO_10517,researched_by,0.5,False,,Worldwide,,Confirmed,ГЖ_10_25.pdf,High,2026-07-03
EXP_12081,FAC_12080,researched_by,0.5,False,,Russia,,Confirmed,ГЖ_10_25.pdf,High,2026-07-03
EXP_12082,FAC_12080,researched_by,0.5,False,,Russia,,Confirmed,ГЖ_10_25.pdf,High,2026-07-03
EXP_12083,FAC_12080,researched_by,0.5,False,,Russia,,Confirmed,ГЖ_10_25.pdf,High,2026-07-03
EXP_12084,FAC_12080,researched_by,0.5,False,,Russia,,Confirmed,ГЖ_10_25.pdf,High,2026-07-03
EXP_12088,FAC_12089,researched_by,0.5,False,,СССР,,Confirmed,ГЖ_10_25.pdf,High,2026-07-03
FAC_12096,PUB_896,described_in,0.5,False,,Russia,,Confirmed,ГЖ_10_25.pdf,High,2026-07-03
FAC_12096,EXP_12097,researched_by,0.5,False,,Syria,,Confirmed,ГЖ_10_25.pdf,High,2026-07-03
FAC_12096,EXP_12098,researched_by,0.5,False,,China,,Confirmed,ГЖ_10_25.pdf,High,2026-07-03
EXP_12087,FAC_12099,researched_by,0.5,False,,Russia,,Confirmed,ГЖ_10_25.pdf,High,2026-07-03
FAC_12099,PUB_12100,described_in,0.5,False,,Russia,,Confirmed,ГЖ_10_25.pdf,High,2026-07-03
PUB_12112,FAC_12113,described_in,0.5,False,,Russia,,Confirmed,ГЖ_10_25.pdf,High,2026-07-03
FAC_12099,EXP_12114,researched_by,0.5,False,,Russia,,Confirmed,ГЖ_10_25.pdf,High,2026-07-03
FAC_12099,PUB_896,described_in,0.5,False,,Russia,,Confirmed,ГЖ_10_25.pdf,High,2026-07-03
FAC_12099,PUB_896,described_in,0.5,False,,Russia,,Confirmed,ГЖ_10_25.pdf,High,2026-07-03
FAC_12119,EXP_12079,researched_by,0.5,False,,Russia,,Confirmed,ГЖ_10_25.pdf,High,2026-07-03
FAC_12119,EXP_12120,researched_by,0.5,False,,Worldwide,,Confirmed,ГЖ_10_25.pdf,High,2026-07-03
FAC_12119,EXP_12121,researched_by,0.5,False,,Russia,,Confirmed,ГЖ_10_25.pdf,High,2026-07-03
FAC_12128,MAT_12127,produces_output,0.5,False,,Азербайджан,,Confirmed,ГЖ_10_25.pdf,High,2026-07-03
EXP_12129,PUB_896,researched_by,0.5,False,,Azerbaijan,,Unverified,ГЖ_10_25.pdf,High,2026-07-03
ORG_12130,FAC_8157,operates_at_condition,0.5,False,,Worldwide,,Confirmed,ГЖ_10_25.pdf,High,2026-07-03
ORG_12131,FAC_8165,operates_at_condition,0.5,False,Проектная мощность предприятия составляла 3 млн т в год,Worldwide,,Confirmed,ГЖ_10_25.pdf,High,2026-07-03
FAC_12119,EXP_12132,researched_by,0.5,False,,Russia,,Confirmed,ГЖ_10_25.pdf,High,2026-07-03
FAC_12119,PRO_12133,developed_by,0.5,False,,Russia,,Confirmed,ГЖ_10_25.pdf,High,2026-07-03
EXP_12105,PUB_12134,researched_by,0.5,False,,Worldwide,,Confirmed,ГЖ_10_25.pdf,High,2026-07-03
EXP_12135,PUB_12136,researched_by,0.5,False,,Worldwide,,Confirmed,ГЖ_10_25.pdf,High,2026-07-03
MAT_1399,PRO_2791,uses_material,0.5,False,,Azerbaijan,,Confirmed,ГЖ_10_25.pdf,High,2026-07-03
MAT_9630,PRO_12138,uses_material,0.5,False,,Azerbaijan,,Confirmed,ГЖ_10_25.pdf,High,2026-07-03
MAT_12137,PRO_12139,uses_material,0.5,False,,Azerbaijan,,Confirmed,ГЖ_10_25.pdf,High,2026-07-03
EQU_12140,MAT_12141,uses_material,0.5,False,,Worldwide,,Confirmed,ГЖ_10_25.pdf,High,2026-07-03
PRO_2673,FAC_12142,operates_at_condition,0.5,False,Глубина бурения 121 м,Worldwide,,Confirmed,ГЖ_10_25.pdf,High,2026-07-03
PRO_6594,MAT_12143,operates_at_condition,0.5,False,Присутствие неустойчивых пород,Worldwide,,Confirmed,ГЖ_10_25.pdf,High,2026-07-03
EQU_12144,PRO_6594,uses_material,0.5,False,,Worldwide,,Confirmed,ГЖ_10_25.pdf,High,2026-07-03
EXP_12145,EQU_12144,validated_by,0.5,False,Усовершенствованная конструкция,Кыргызская Республика,,Confirmed,ГЖ_10_25.pdf,High,2026-07-03
PRO_6594,EQU_12144,uses_material,0.5,False,,Worldwide,,Confirmed,ГЖ_10_25.pdf,High,2026-07-03
PRO_6594,EQU_6118,uses_material,0.5,False,,Worldwide,,Confirmed,ГЖ_10_25.pdf,High,2026-07-03
PRO_2673,EQU_12146,uses_material,0.5,False,,Worldwide,,Confirmed,ГЖ_10_25.pdf,High,2026-07-03
PUB_11921,PRO_2673,described_in,0.5,False,,Worldwide,,Confirmed,ГЖ_10_25.pdf,High,2026-07-03
EQU_12147,MAT_12148,uses_material,0.5,False,,Worldwide,,Confirmed,ГЖ_10_25.pdf,High,2026-07-03
EQU_12147,MAT_12149,uses_material,0.5,False,,Worldwide,,Confirmed,ГЖ_10_25.pdf,High,2026-07-03
EQU_12147,MAT_12150,uses_material,0.5,False,Повышенная коррозионная стойкость,Worldwide,,Confirmed,ГЖ_10_25.pdf,High,2026-07-03
EXP_12154,MAT_12151,produces_output,0.5,False,,Russia,,Confirmed,ГЖ_10_25.pdf,High,2026-07-03
EXP_12154,EQU_12152,uses_material,0.5,False,,Russia,,Confirmed,ГЖ_10_25.pdf,High,2026-07-03
FAC_12153,MAT_12151,operates_at_condition,0.5,False,"Внедрены ультрасовременные роботизированные линии, уникальные системы управления и новые IT-решения",Russia,,Confirmed,ГЖ_10_25.pdf,High,2026-07-03
EXP_12155,PUB_896,described_in,0.5,False,,Russia,,Confirmed,ГЖ_11_25.pdf,High,2026-07-03
FAC_1794,EXP_12155,operates_at_condition,0.5,False,27-31 мая 2025 года,Russia,,Confirmed,ГЖ_11_25.pdf,High,2026-07-03
ORG_6414,PUB_896,described_in,0.5,False,,Russia,,Confirmed,ГЖ_11_25.pdf,High,2026-07-03
FAC_12156,PUB_896,described_in,0.5,False,,Worldwide,,Confirmed,ГЖ_10_25.pdf,High,2026-07-03
PUB_896,ORG_6663,described_in,0.5,False,,Russia,,Confirmed,ГЖ_11_25.pdf,High,2026-07-03
ORG_6401,PUB_896,publisher,0.5,False,,Russia,,Confirmed,ГЖ_11_25.pdf,High,2026-07-03
EXP_12159,PUB_896,researched_by,0.5,False,,Russia,,Confirmed,ГЖ_11_25.pdf,High,2026-07-03
EXP_12160,PUB_896,researched_by,0.5,False,,Russia,,Confirmed,ГЖ_11_25.pdf,High,2026-07-03
EXP_12161,PUB_896,researched_by,0.5,False,,Russia,,Confirmed,ГЖ_11_25.pdf,High,2026-07-03
EXP_12162,PUB_896,researched_by,0.5,False,,Russia,,Confirmed,ГЖ_11_25.pdf,High,2026-07-03
FAC_12165,MAT_2289,produces_output,0.5,False,,Worldwide,,Confirmed,ГЖ_10_25.pdf,High,2026-07-03
FAC_12166,MAT_12163,produces_output,0.5,False,,Worldwide,,Confirmed,ГЖ_10_25.pdf,High,2026-07-03
FAC_12167,MAT_1294,produces_output,0.5,False,,Worldwide,,Confirmed,ГЖ_10_25.pdf,High,2026-07-03
EXP_12155,FAC_1794,operates_at_condition,0.5,False,С 27 по 31 мая 2025 г.,Russia,,Confirmed,ГЖ_11_25.pdf,High,2026-07-03
PRO_3250,MAT_6495,uses_material,0.5,False,,Russia,,Confirmed,ГЖ_11_25.pdf,High,2026-07-03
EXP_12168,MAT_6495,researched_by,0.5,False,,Russia,,Confirmed,ГЖ_11_25.pdf,High,2026-07-03
EQU_959,MAT_12170,uses_material,0.5,False,,Worldwide,,Confirmed,ГЖ_10_25.pdf,High,2026-07-03
EQU_959,PRO_12171,produces_output,0.5,False,"Максимальная глубина копания 3,2 м, высота 14,5 м при радиусе копания 13,3 м.",Worldwide,,Confirmed,ГЖ_10_25.pdf,High,2026-07-03
PRO_12173,MAT_3234,uses_material,0.5,False,,Worldwide,,Confirmed,ГЖ_11_25.pdf,High,2026-07-03
PRO_12173,MAT_12172,uses_material,0.5,False,,Worldwide,,Confirmed,ГЖ_11_25.pdf,High,2026-07-03
EXP_12174,PRO_12173,validated_by,0.5,False,,Worldwide,,Confirmed,ГЖ_11_25.pdf,High,2026-07-03
PRO_3250,MAT_12172,uses_material,0.5,False,,Worldwide,,Confirmed,ГЖ_11_25.pdf,High,2026-07-03
PRO_3250,MAT_3234,uses_material,0.5,False,,Worldwide,,Confirmed,ГЖ_11_25.pdf,High,2026-07-03
EXP_12176,PRO_449,produces_output,0.5,False,,Worldwide,,Confirmed,ГЖ_11_25.pdf,High,2026-07-03
MAT_6495,PRO_12177,uses_material,0.5,False,При различных процентах заполнения камеры,Worldwide,,Confirmed,ГЖ_11_25.pdf,High,2026-07-03
MAT_6495,EXP_12178,researched_by,0.5,False,,Worldwide,,Confirmed,ГЖ_11_25.pdf,High,2026-07-03
MAT_6490,PRO_12179,uses_material,0.5,False,,Worldwide,,Confirmed,ГЖ_11_25.pdf,High,2026-07-03
PRO_12179,EQU_12180,operates_at_condition,0.5,False,Вертикальное давление от 32 до 35 МПа,Worldwide,,Confirmed,ГЖ_11_25.pdf,High,2026-07-03
PRO_12179,PRO_3461,produces_output,0.5,False,,Worldwide,,Confirmed,ГЖ_11_25.pdf,High,2026-07-03
EXP_6828,PUB_896,described_in,0.5,False,,Worldwide,,Confirmed,ГЖ_11_25.pdf,High,2026-07-03
PRO_7347,MAT_12181,uses_material,0.5,False,,Worldwide,,Confirmed,ГЖ_11_25.pdf,High,2026-07-03
PUB_12169,PRO_7347,described_in,0.5,False,,Worldwide,,Confirmed,ГЖ_11_25.pdf,High,2026-07-03
MAT_12181,EXP_12184,used_in,0.5,False,degree of occupancy of stopes with backfill material from 50 to 100%,Worldwide,,Confirmed,ГЖ_11_25.pdf,High,2026-07-03
PRO_12183,PUB_12182,described_in,0.5,False,,Worldwide,,Confirmed,ГЖ_11_25.pdf,High,2026-07-03
PRO_12185,EQU_12186,uses_material,0.5,False,,Worldwide,,Confirmed,ГЖ_11_25.pdf,High,2026-07-03
PRO_12185,EQU_12187,uses_material,0.5,False,,Worldwide,,Confirmed,ГЖ_11_25.pdf,High,2026-07-03
PRO_12185,EQU_12188,uses_material,0.5,False,,Worldwide,,Confirmed,ГЖ_11_25.pdf,High,2026-07-03
PRO_12185,EQU_11133,uses_material,0.5,False,,Worldwide,,Confirmed,ГЖ_11_25.pdf,High,2026-07-03
PRO_12189,EQU_12190,uses_material,0.5,False,,Worldwide,,Confirmed,ГЖ_11_25.pdf,High,2026-07-03
PRO_12189,EQU_12191,uses_material,0.5,False,,Worldwide,,Confirmed,ГЖ_11_25.pdf,High,2026-07-03
MAT_6495,PRO_12192,uses_material,0.5,False,Заполнение испытательной камеры на 50% и более,Worldwide,,Confirmed,ГЖ_11_25.pdf,High,2026-07-03
MAT_6495,EXP_6828,researched_by,0.5,False,,Worldwide,,Confirmed,ГЖ_11_25.pdf,High,2026-07-03
PRO_12193,EQU_12194,uses_material,0.5,False,,Worldwide,,Confirmed,ГЖ_11_25.pdf,High,2026-07-03
EXP_12196,PRO_12193,researched_by,0.5,False,,Uzbekistan,,Confirmed,ГЖ_11_25.pdf,High,2026-07-03
EXP_12196,EQU_12194,operates_at_condition,0.5,False,Высокая точность маркшейдерских работ,Uzbekistan,"Отклонения от проектной оси: в плане – до ±50 мм, по высоте – до ±30 мм",Confirmed,ГЖ_11_25.pdf,High,2026-07-03
PRO_12197,EQU_12198,uses_material,0.5,False,,Worldwide,,Confirmed,ГЖ_11_25.pdf,High,2026-07-03
PRO_12197,EQU_12199,validated_by,0.5,False,,Worldwide,,Confirmed,ГЖ_11_25.pdf,High,2026-07-03
PRO_12197,PRO_12200,contradicts,0.5,False,При создании планово-высотного обоснования,Worldwide,,Partially_Confirmed,ГЖ_11_25.pdf,High,2026-07-03
EQU_12201,EQU_12202,uses_material,0.5,False,,Worldwide,,Confirmed,ГЖ_11_25.pdf,High,2026-07-03
EQU_12201,EQU_12203,uses_material,0.5,False,,Worldwide,,Confirmed,ГЖ_11_25.pdf,High,2026-07-03
EQU_12201,EQU_12204,uses_material,0.5,False,,Worldwide,,Confirmed,ГЖ_11_25.pdf,High,2026-07-03
PRO_12205,MAT_3184,uses_material,0.5,False,,Worldwide,,Confirmed,ГЖ_11_25.pdf,High,2026-07-03
EQU_12206,PRO_12205,operates_at_condition,0.5,False,Более низкие капитальные затраты за счёт замены стадий среднего и мелкого дробления и стадии стержневого измельчения,Worldwide,,Confirmed,ГЖ_11_25.pdf,High,2026-07-03
PRO_12208,MAT_5868,uses_material,0.5,False,концентрация 5%,Worldwide,,Confirmed,ГЖ_11_25.pdf,High,2026-07-03
PRO_12208,MAT_12207,uses_material,0.5,False,"концентрация 0,1%",Worldwide,,Confirmed,ГЖ_11_25.pdf,High,2026-07-03
EXP_12209,PRO_12208,validated_by,0.5,False,,Worldwide,,Confirmed,ГЖ_11_25.pdf,High,2026-07-03
PUB_12210,FAC_12211,researched_by,0.5,False,,Uzbekistan,,Confirmed,ГЖ_11_25.pdf,High,2026-07-03
PUB_12210,EQU_12212,uses_material,0.5,False,,Uzbekistan,,Confirmed,ГЖ_11_25.pdf,High,2026-07-03
PUB_12210,EQU_12213,uses_material,0.5,False,,Uzbekistan,,Confirmed,ГЖ_11_25.pdf,High,2026-07-03
PUB_12210,EQU_12214,uses_material,0.5,False,,Uzbekistan,,Confirmed,ГЖ_11_25.pdf,High,2026-07-03
PRO_1064,MAT_3184,uses_material,0.5,False,,Worldwide,,Confirmed,ГЖ_11_25.pdf,High,2026-07-03
PRO_12215,MAT_3184,uses_material,0.5,False,Применение гидроксида натрия и смеси алифатических аминов,Worldwide,,Confirmed,ГЖ_11_25.pdf,High,2026-07-03
EQU_12216,PRO_1064,operates_at_condition,0.5,False,,Worldwide,,Confirmed,ГЖ_11_25.pdf,High,2026-07-03
EXP_12218,EQU_12216,described_in,0.5,False,,Worldwide,,Confirmed,ГЖ_11_25.pdf,High,2026-07-03
PRO_12222,EQU_12223,uses_material,0.5,False,,Worldwide,,Confirmed,ГЖ_11_25.pdf,High,2026-07-03
PRO_12222,EQU_12224,uses_material,0.5,False,,Worldwide,,Confirmed,ГЖ_11_25.pdf,High,2026-07-03
PRO_12222,EQU_12225,uses_material,0.5,False,,Worldwide,,Confirmed,ГЖ_11_25.pdf,High,2026-07-03
MAT_5868,PRO_12226,uses_material,0.5,False,,Worldwide,,Confirmed,ГЖ_11_25.pdf,High,2026-07-03
MAT_12207,PRO_12226,uses_material,0.5,False,,Worldwide,,Confirmed,ГЖ_11_25.pdf,High,2026-07-03
PRO_12226,PRO_12227,produces_output,0.5,False,при применении гидроксида натрия,Worldwide,"2,35 мм",Confirmed,ГЖ_11_25.pdf,High,2026-07-03
PRO_12226,PRO_12228,produces_output,0.5,False,при применении гидроксида натрия,Worldwide,"0,43 мм",Confirmed,ГЖ_11_25.pdf,High,2026-07-03
PRO_12229,MAT_12230,uses_material,0.5,False,,Worldwide,,Confirmed,ГЖ_11_25.pdf,High,2026-07-03
PRO_12229,EQU_12231,described_in,0.5,False,,Worldwide,,Confirmed,ГЖ_11_25.pdf,High,2026-07-03
MAT_3184,PRO_12232,uses_material,0.5,False,,Worldwide,,Unverified,ГЖ_11_25.pdf,High,2026-07-03
EXP_12233,PRO_12232,researched_by,0.5,False,,Russia,,Confirmed,ГЖ_11_25.pdf,High,2026-07-03
FAC_12234,PRO_12235,researched_by,0.5,False,,Worldwide,,Confirmed,ГЖ_11_25.pdf,High,2026-07-03
ORG_12237,FAC_12238,researched_by,0.5,False,,Russia,,Confirmed,ГЖ_11_25.pdf,High,2026-07-03
ORG_12239,EQU_1892,researched_by,0.5,False,,Russia,,Unverified,ГЖ_11_25.pdf,High,2026-07-03
FAC_12238,EQU_1892,researched_by,0.5,False,,Russia,,Unverified,ГЖ_11_25.pdf,High,2026-07-03
EXP_12240,MAT_12241,researched_by,0.5,False,Период с 2022 по 2023 год,Russia,,Confirmed,ГЖ_11_25.pdf,High,2026-07-03
MAT_12241,FAC_3225,used_at,0.5,False,,Russia,,Confirmed,ГЖ_11_25.pdf,High,2026-07-03
PRO_12242,MAT_12241,validated_by,0.5,False,,Russia,,Partially_Confirmed,ГЖ_11_25.pdf,High,2026-07-03
EQU_9252,PRO_1220,used_for,0.5,False,,Worldwide,,Confirmed,ГЖ_11_25.pdf,High,2026-07-03
EQU_9252,PUB_896,described_in,0.5,False,,Worldwide,,Confirmed,ГЖ_11_25.pdf,High,2026-07-03
PRO_2673,MAT_3238,uses_material,0.5,False,,Worldwide,,Unverified,ГЖ_11_25.pdf,High,2026-07-03
PRO_2673,MAT_12244,uses_material,0.5,False,,Worldwide,,Unverified,ГЖ_11_25.pdf,High,2026-07-03
FAC_12245,EQU_12249,uses_material,0.5,False,,Worldwide,,Confirmed,ГЖ_11_25.pdf,High,2026-07-03
FAC_12245,EQU_12250,uses_material,0.5,False,,Worldwide,,Confirmed,ГЖ_11_25.pdf,High,2026-07-03
PRO_979,EQU_704,uses_material,0.5,False,,Worldwide,,Confirmed,ГЖ_11_25.pdf,High,2026-07-03
PRO_12254,EQU_12255,uses_material,0.5,False,,Worldwide,,Confirmed,ГЖ_11_25.pdf,High,2026-07-03
PRO_12254,MAT_332,produces_output,0.5,False,,Worldwide,,Confirmed,ГЖ_11_25.pdf,High,2026-07-03
EQU_1344,EQU_2855,uses_material,0.5,False,В условиях карьера,Worldwide,,Confirmed,ГЖ_11_25.pdf,High,2026-07-03
EQU_1344,EQU_2425,operates_at_condition,0.5,False,При производственной мощности карьера около 100 млн м3 горной массы,Worldwide,,Confirmed,ГЖ_11_25.pdf,High,2026-07-03
EQU_1344,EQU_304,operates_at_condition,0.5,False,При использовании в комплексе с другими видами горной техники,Worldwide,,Confirmed,ГЖ_11_25.pdf,High,2026-07-03
EXP_12256,PUB_12169,researched_by,0.5,False,,Russia,,Confirmed,ГЖ_11_25.pdf,High,2026-07-03
EQU_4178,PRO_12262,researched_by,0.5,False,,Worldwide,,Confirmed,ГЖ_11_25.pdf,High,2026-07-03
EXP_12264,PUB_12169,researched_by,0.5,False,,Russia,,Confirmed,ГЖ_11_25.pdf,High,2026-07-03
EXP_12265,PUB_12169,researched_by,0.5,False,,Russia,,Confirmed,ГЖ_11_25.pdf,High,2026-07-03
EXP_12266,PUB_12169,researched_by,0.5,False,,Russia,,Confirmed,ГЖ_11_25.pdf,High,2026-07-03
FAC_12268,PUB_12169,described_in,0.5,False,,Russia,,Unverified,ГЖ_11_25.pdf,High,2026-07-03
EXP_12269,EQU_10258,uses_material,0.5,False,,Russia,,Confirmed,ГЖ_11_25.pdf,High,2026-07-03
FAC_1794,PUB_896,researched_by,0.5,False,,Russia,,Confirmed,ГЖ_11_25.pdf,High,2026-07-03
EXP_12270,PUB_896,described_in,0.5,False,,Russia,,Confirmed,ГЖ_11_25.pdf,High,2026-07-03
EXP_12271,PUB_12169,described_in,0.5,False,,Worldwide,,Unverified,ГЖ_11_25.pdf,High,2026-07-03
EQU_10258,EXP_12272,used_in,0.5,False,,Russia,,Confirmed,ГЖ_11_25.pdf,High,2026-07-03
PUB_12169,EXP_10373,described_in,0.5,False,,Worldwide,,Unverified,ГЖ_11_25.pdf,High,2026-07-03
PUB_896,EXP_12273,researched_by,0.5,False,,Russia,,Confirmed,ГЖ_11_25.pdf,High,2026-07-03
PUB_896,EXP_12274,researched_by,0.5,False,,Russia,,Confirmed,ГЖ_11_25.pdf,High,2026-07-03
PUB_896,EXP_12275,researched_by,0.5,False,,Russia,,Confirmed,ГЖ_11_25.pdf,High,2026-07-03
PUB_896,EXP_12276,researched_by,0.5,False,,Russia,,Confirmed,ГЖ_11_25.pdf,High,2026-07-03
PUB_896,EXP_12277,researched_by,0.5,False,,Russia,,Confirmed,ГЖ_11_25.pdf,High,2026-07-03
EXP_12279,PUB_12278,researched_by,0.5,False,,Russia,,Confirmed,ГЖ_11_25.pdf,High,2026-07-03
EXP_12280,EQU_10258,uses_material,0.5,False,,Russia,,Confirmed,ГЖ_11_25.pdf,High,2026-07-03
EXP_10373,PRO_3367,researched_by,0.5,False,Данные разделены на обучающие и тестовые датасеты в соотношении 70% и 30%,Worldwide,,Unverified,ГЖ_11_25.pdf,High,2026-07-03
FAC_12238,FAC_11979,researched_by,0.5,False,,Russia,,Confirmed,ГЖ_11_25.pdf,High,2026-07-03
FAC_12238,FAC_12281,researched_by,0.5,False,,Russia,,Confirmed,ГЖ_11_25.pdf,High,2026-07-03
FAC_12238,FAC_12282,researched_by,0.5,False,,Russia,,Confirmed,ГЖ_11_25.pdf,High,2026-07-03
FAC_12238,FAC_12283,researched_by,0.5,False,,Belarus,,Confirmed,ГЖ_11_25.pdf,High,2026-07-03
PRO_12284,MET_12285,described_in,0.5,False,,Worldwide,,Confirmed,ГЖ_11_25.pdf,High,2026-07-03
EXP_12286,PUB_12169,researched_by,0.5,False,,Worldwide,,Confirmed,ГЖ_11_25.pdf,High,2026-07-03
EXP_12287,PUB_12169,researched_by,0.5,False,,Worldwide,,Confirmed,ГЖ_11_25.pdf,High,2026-07-03
EXP_12288,PUB_12169,researched_by,0.5,False,,Worldwide,,Confirmed,ГЖ_11_25.pdf,High,2026-07-03
EXP_12289,PUB_12169,researched_by,0.5,False,,Worldwide,,Confirmed,ГЖ_11_25.pdf,High,2026-07-03
FAC_12295,PRO_2891,researched_by,0.5,False,,Worldwide,,Confirmed,ГЖ_11_25.pdf,High,2026-07-03
PRO_2891,PRO_12296,operates_at_condition,0.5,False,Оценка напряженного состояния крупных участков шахтных полей,Worldwide,,Confirmed,ГЖ_11_25.pdf,High,2026-07-03
EXP_12297,PRO_12296,produces_output,0.5,False,Определение ориентировки осей напряжений,Worldwide,,Confirmed,ГЖ_11_25.pdf,High,2026-07-03
EXP_12298,PUB_896,researched_by,0.5,False,,Russia,,Confirmed,ГЖ_11_25.pdf,High,2026-07-03
EXP_12299,PUB_896,researched_by,0.5,False,,Russia,,Confirmed,ГЖ_11_25.pdf,High,2026-07-03
EXP_12300,PUB_896,researched_by,0.5,False,,Russia,,Confirmed,ГЖ_11_25.pdf,High,2026-07-03
FAC_6334,PRO_12301,researched_by,0.5,False,,Russia,,Confirmed,ГЖ_11_25.pdf,High,2026-07-03
PRO_12301,EQU_1695,uses_material,0.5,False,,Russia,,Confirmed,ГЖ_11_25.pdf,High,2026-07-03
PRO_12301,FAC_6334,operates_at_condition,0.5,False,В условиях низких температур и распространения многолетнемерзлых пород,Russia,,Confirmed,ГЖ_11_25.pdf,High,2026-07-03
PRO_12301,EQU_12302,uses_material,0.5,False,,Russia,,Confirmed,ГЖ_11_25.pdf,High,2026-07-03
PRO_12301,EQU_12303,uses_material,0.5,False,,Worldwide,,Unverified,ГЖ_11_25.pdf,High,2026-07-03
PRO_12304,PUB_895,operates_at_condition,0.5,False,В условиях высокого давления и температуры,Worldwide,,Confirmed,ГЖ_11_25.pdf,High,2026-07-03
PUB_895,PRO_4430,produces_output,0.5,False,,Worldwide,,Confirmed,ГЖ_11_25.pdf,High,2026-07-03
EXP_12306,EQU_12307,uses_material,0.5,False,,Russia,,Confirmed,ГЖ_11_25.pdf,High,2026-07-03
PRO_12305,EXP_12306,researched_by,0.5,False,,Russia,,Confirmed,ГЖ_11_25.pdf,High,2026-07-03
PRO_12301,EQU_12308,uses_material,0.5,False,,Russia,,Confirmed,ГЖ_11_25.pdf,High,2026-07-03
PRO_12301,EQU_12309,uses_material,0.5,False,,Russia,,Confirmed,ГЖ_11_25.pdf,High,2026-07-03
EQU_12309,EQU_12303,operates_at_condition,0.5,False,Высота снежного покрова 2 м и более,Russia,,Confirmed,ГЖ_11_25.pdf,High,2026-07-03
MAT_2123,PRO_5369,operates_at_condition,0.5,False,"Зависит от микроструктуры угля (трещиноватости, характеристики и генезиса пористости)",Worldwide,,Confirmed,ГЖ_11_25.pdf,High,2026-07-03
PRO_5369,PRO_3343,produces_output,0.5,False,,Worldwide,,Confirmed,ГЖ_11_25.pdf,High,2026-07-03
MAT_2123,EXP_12310,researched_by,0.5,False,В зонах тектонических нарушений и геодинамически активных зонах,Russia,,Confirmed,ГЖ_11_25.pdf,High,2026-07-03
PRO_12311,EQU_11889,uses_material,0.5,False,,Worldwide,,Confirmed,ГЖ_11_25.pdf,High,2026-07-03
PRO_12311,PRO_5369,produces_output,0.5,False,,Worldwide,,Confirmed,ГЖ_11_25.pdf,High,2026-07-03
EXP_12312,PRO_5369,validated_by,0.5,False,,Worldwide,,Confirmed,ГЖ_11_25.pdf,High,2026-07-03
PRO_12313,PRO_5367,researched_by,0.5,False,,Worldwide,,Confirmed,ГЖ_11_25.pdf,High,2026-07-03
PRO_12305,PUB_12169,described_in,0.5,False,,Worldwide,,Confirmed,ГЖ_11_25.pdf,High,2026-07-03
PUB_895,PRO_4430,operates_at_condition,0.5,False,Извилистость влияет на проницаемость угля.,Worldwide,,Confirmed,ГЖ_11_25.pdf,High,2026-07-03
PUB_895,PRO_12316,operates_at_condition,0.5,False,"Чем выше значение извилистости, тем более извилистыми и искривлёнными являются поровые каналы.",Worldwide,,Confirmed,ГЖ_11_25.pdf,High,2026-07-03
PUB_895,PRO_6529,operates_at_condition,0.5,False,Пористость влияет на проницаемость угля.,Worldwide,,Confirmed,ГЖ_11_25.pdf,High,2026-07-03
PRO_3343,PUB_895,produces_output,0.5,False,,Worldwide,,Confirmed,ГЖ_11_25.pdf,High,2026-07-03
EXP_12317,PUB_895,researched_by,0.5,False,,Russia,,Confirmed,ГЖ_11_25.pdf,High,2026-07-03
PRO_12324,PRO_8323,operates_at_condition,0.5,False,Высокая открытая пористость способствует интенсивному газовыделению,Worldwide,,Confirmed,ГЖ_11_25.pdf,High,2026-07-03
PRO_12324,PRO_12325,operates_at_condition,0.5,False,Высокое газовое давление способствует внезапным выбросам газа,Worldwide,,Confirmed,ГЖ_11_25.pdf,High,2026-07-03
EXP_12326,PRO_12324,researched_by,0.5,False,,Worldwide,,Confirmed,ГЖ_11_25.pdf,High,2026-07-03
PUB_12330,MAT_9472,researched_by,0.5,False,,Worldwide,,Confirmed,ГЖ_11_25.pdf,High,2026-07-03
MAT_9472,PRO_3343,uses_material,0.5,False,,Worldwide,,Confirmed,ГЖ_11_25.pdf,High,2026-07-03
FAC_12331,FAC_1243,researched_by,0.5,False,,Russia,,Confirmed,ГЖ_11_25.pdf,High,2026-07-03
EXP_11054,EQU_9357,uses_material,0.5,False,,Russia,,Confirmed,ГЖ_11_25.pdf,High,2026-07-03
FAC_12331,PRO_12332,researched_by,0.5,False,,Russia,,Confirmed,ГЖ_11_25.pdf,High,2026-07-03
PRO_12332,PUB_896,described_in,0.5,False,,Russia,,Confirmed,ГЖ_11_25.pdf,High,2026-07-03
EXP_12333,PRO_12334,researched_by,0.5,False,,Russia,,Partially_Confirmed,ГЖ_11_25.pdf,High,2026-07-03
PRO_12334,MAT_961,operates_at_condition,0.5,False,σmax достигает 70–80 МПа,Russia,70–80 МПа,Confirmed,ГЖ_11_25.pdf,High,2026-07-03
EXP_12336,PUB_12335,researched_by,0.5,False,,Russia,,Confirmed,ГЖ_11_25.pdf,High,2026-07-03
EXP_12337,PUB_12335,researched_by,0.5,False,,Russia,,Confirmed,ГЖ_11_25.pdf,High,2026-07-03
EXP_12338,PUB_12335,researched_by,0.5,False,,Russia,,Confirmed,ГЖ_11_25.pdf,High,2026-07-03
FAC_12331,MAT_1923,uses_material,0.5,False,,Russia,,Confirmed,ГЖ_11_25.pdf,High,2026-07-03
FAC_12331,MAT_4443,uses_material,0.5,False,,Russia,,Confirmed,ГЖ_11_25.pdf,High,2026-07-03
FAC_12331,MAT_12339,uses_material,0.5,False,Район разрезов Рю-24 – Рю-25,Russia,,Confirmed,ГЖ_11_25.pdf,High,2026-07-03
EXP_6828,MAT_12340,validated_by,0.5,False,,Russia,,Confirmed,ГЖ_11_25.pdf,High,2026-07-03
PRO_9767,MAT_12341,uses_material,0.5,False,,Worldwide,,Confirmed,ГЖ_11_25.pdf,High,2026-07-03
PRO_9767,EQU_12342,operates_at_condition,0.5,False,"учет изменения прочностных и деформационных характеристик во времени, деформационное упрочнение и разупрочнение материала",Worldwide,,Confirmed,ГЖ_11_25.pdf,High,2026-07-03
PRO_12343,PRO_12344,operates_at_condition,0.5,False,JRC варьируется от 0 до 20,Worldwide,,Confirmed,ГЖ_11_25.pdf,High,2026-07-03
EXP_12346,PRO_12345,researched_by,0.5,False,,Worldwide,,Confirmed,ГЖ_11_25.pdf,High,2026-07-03
FAC_12347,MAT_2044,produces_output,0.5,False,,Russia,,Confirmed,ГЖ_11_25.pdf,High,2026-07-03
EXP_12348,MAT_12341,researched_by,0.5,False,,Worldwide,,Confirmed,ГЖ_11_25.pdf,High,2026-07-03
MAT_12341,PRO_862,operates_at_condition,0.5,False,"угол внутреннего трения 30°, сцепление 8000 кПа, угол дилатансии 5°",Worldwide,,Confirmed,ГЖ_11_25.pdf,High,2026-07-03
PRO_12349,FAC_12350,researched_by,0.5,False,,Russia,,Confirmed,ГЖ_11_25.pdf,High,2026-07-03
EXP_12351,FAC_12350,operates_at_condition,0.5,False,"учет геологического строения участка Гакман, физико-механических свойств пород и действия в массиве тектонических напряжений",Russia,,Confirmed,ГЖ_11_25.pdf,High,2026-07-03
PUB_12352,MAT_12353,uses_material,0.5,False,,Worldwide,,Confirmed,ГЖ_11_25.pdf,High,2026-07-03
PRO_4228,MAT_12354,uses_material,0.5,False,,Worldwide,,Confirmed,ГЖ_11_25.pdf,High,2026-07-03
EXP_12355,MAT_12354,operates_at_condition,0.5,False,,Worldwide,,Confirmed,ГЖ_11_25.pdf,High,2026-07-03
FAC_1794,PUB_896,described_in,0.5,False,,Russia,,Confirmed,ГЖ_11_25.pdf,High,2026-07-03
PUB_12357,PRO_12358,described_in,0.5,False,,Worldwide,,Confirmed,ГЖ_11_25.pdf,High,2026-07-03
PUB_12359,FAC_1794,described_in,0.5,False,Мероприятие пройдет с 27 по 30 мая 2026 года,Russia,,Confirmed,ГЖ_11_25.pdf,High,2026-07-03
FAC_12360,EQU_12361,researched_by,0.5,False,,Russia,,Confirmed,ГЖ_11_25.pdf,High,2026-07-03
FAC_12360,EQU_12362,researched_by,0.5,False,,Russia,,Confirmed,ГЖ_11_25.pdf,High,2026-07-03
EXP_12366,FAC_12367,researched_by,0.5,False,,Worldwide,,Unverified,ГЖ_11_25.pdf,High,2026-07-03
ORG_8877,FAC_12367,operates_at_condition,0.5,False,Создание условий для самостоятельного развития стран-партнёров,Africa,,Unverified,ГЖ_11_25.pdf,High,2026-07-03
EXP_6682,ORG_8877,researched_by,0.5,False,,Russia,,Unverified,ГЖ_11_25.pdf,High,2026-07-03
ORG_11687,PUB_896,described_in,0.5,False,,Russia,,Confirmed,ГЖ_12_25.pdf,High,2026-07-03
FAC_12370,FAC_12371,influences,0.5,False,,Worldwide,,Confirmed,ГЖ_12_25.pdf,High,2026-07-03
FAC_12372,MAT_5781,produces_output,0.5,False,,Russia,,Confirmed,ГЖ_12_25.pdf,High,2026-07-03
FAC_12372,PRO_1740,uses_material,0.5,False,С 1990-х годов по настоящее время,Russia,,Confirmed,ГЖ_12_25.pdf,High,2026-07-03
FAC_11514,PUB_12373,researched_by,0.5,False,,Russia,,Confirmed,ГЖ_12_25.pdf,High,2026-07-03
PUB_12373,EXP_12374,described_in,0.5,False,,Russia,,Confirmed,ГЖ_12_25.pdf,High,2026-07-03
PUB_12373,EXP_12375,described_in,0.5,False,,Russia,,Confirmed,ГЖ_12_25.pdf,High,2026-07-03
ORG_12377,FAC_12376,operates_at_condition,0.5,False,,Russia,,Confirmed,ГЖ_12_25.pdf,High,2026-07-03
MAT_12378,MAT_6228,contains,0.5,False,,Worldwide,,Confirmed,ГЖ_12_25.pdf,High,2026-07-03
MAT_12378,MAT_6227,contains,0.5,False,,Worldwide,,Confirmed,ГЖ_12_25.pdf,High,2026-07-03
MAT_12378,MAT_2443,contains,0.5,False,,Worldwide,,Confirmed,ГЖ_12_25.pdf,High,2026-07-03
FAC_12379,MAT_65,contains,0.5,False,,Russia,,Confirmed,ГЖ_12_25.pdf,High,2026-07-03
FAC_12379,FAC_12376,contains,0.5,False,,Russia,,Confirmed,ГЖ_12_25.pdf,High,2026-07-03
EXP_6690,PUB_6400,researched_by,0.5,False,,Worldwide,,Confirmed,ГЖ_12_25.pdf,High,2026-07-03
FAC_12376,FAC_9380,produces_output,0.5,False,,Russia,,Confirmed,ГЖ_12_25.pdf,High,2026-07-03
FAC_12376,MAT_2443,contains,0.5,False,Содержание от первых процентов до 60–70%,Russia,,Confirmed,ГЖ_12_25.pdf,High,2026-07-03
FAC_12376,MAT_6228,contains,0.5,False,,Russia,,Confirmed,ГЖ_12_25.pdf,High,2026-07-03
FAC_12376,MAT_2441,contains,0.5,False,Замещает пирротин,Russia,,Confirmed,ГЖ_12_25.pdf,High,2026-07-03
PRO_12384,MAT_12382,operates_at_condition,0.5,False,Дистанция 70 м,Worldwide,,Confirmed,ГЖ_12_25.pdf,High,2026-07-03
PRO_12384,MAT_8706,operates_at_condition,0.5,False,Дистанция 70 м,Worldwide,,Confirmed,ГЖ_12_25.pdf,High,2026-07-03
PRO_12384,MAT_12383,operates_at_condition,0.5,False,Дистанция 70 м,Worldwide,,Confirmed,ГЖ_12_25.pdf,High,2026-07-03
EQU_9151,PRO_12386,uses_material,0.5,False,"Глубина скважин: 0,5 м, шаг между точками установки: 2 м, расстояние между профилями: 2 м.",Worldwide,,Confirmed,ГЖ_12_25.pdf,High,2026-07-03
PRO_12386,EQU_11851,described_in,0.5,False,,Worldwide,,Confirmed,ГЖ_12_25.pdf,High,2026-07-03
EXP_12390,EQU_12388,uses_material,0.5,False,,Russia,,Confirmed,ГЖ_12_25.pdf,High,2026-07-03
EXP_12390,EQU_12389,uses_material,0.5,False,,Russia,,Confirmed,ГЖ_12_25.pdf,High,2026-07-03
PRO_12392,EQU_12393,uses_material,0.5,False,,Worldwide,,Confirmed,ГЖ_12_25.pdf,High,2026-07-03
PRO_12392,PRO_12394,operates_at_condition,0.5,False,"Короткие апертуры, наклонные отражения, сильная анизотропия массива",Worldwide,,Confirmed,ГЖ_12_25.pdf,High,2026-07-03
PRO_12392,PRO_12395,produces_output,0.5,False,,Worldwide,,Confirmed,ГЖ_12_25.pdf,High,2026-07-03
PRO_12392,PRO_12396,produces_output,0.5,False,,Worldwide,,Confirmed,ГЖ_12_25.pdf,High,2026-07-03
PRO_10259,PRO_12392,researched_by,0.5,False,,Worldwide,,Confirmed,ГЖ_12_25.pdf,High,2026-07-03
EXP_12401,PUB_12397,researched_by,0.5,False,,Worldwide,,Confirmed,ГЖ_12_25.pdf,High,2026-07-03
EXP_12402,PUB_12398,researched_by,0.5,False,,Russia,,Confirmed,ГЖ_12_25.pdf,High,2026-07-03
EXP_12403,FAC_12404,researched_by,0.5,False,,Worldwide,,Unverified,ГЖ_12_25.pdf,High,2026-07-03
PRO_12405,PUB_12406,described_in,0.5,False,,Worldwide,,Confirmed,ГЖ_12_25.pdf,High,2026-07-03
PRO_12407,PRO_12405,researched_by,0.5,False,,Worldwide,,Confirmed,ГЖ_12_25.pdf,High,2026-07-03
FAC_12404,MAT_12408,uses_material,0.5,False,,Worldwide,,Confirmed,ГЖ_12_25.pdf,High,2026-07-03
PRO_8632,FAC_12404,operates_at_condition,0.5,False,Изменение уровня Мирового океана в мессинское время,Worldwide,,Unverified,ГЖ_12_25.pdf,High,2026-07-03
EQU_6505,PRO_12410,uses_material,0.5,False,,Russia,,Confirmed,ГЖ_12_25.pdf,High,2026-07-03
EQU_6505,FAC_12411,operates_at_condition,0.5,False,для уточнения структуры и параметров горного массива,Russia,,Confirmed,ГЖ_12_25.pdf,High,2026-07-03
EXP_9142,PUB_12412,researched_by,0.5,False,,Worldwide,,Confirmed,ГЖ_12_25.pdf,High,2026-07-03
FAC_3903,PRO_12413,researched_by,0.5,False,,Russia,,Unverified,ГЖ_12_25.pdf,High,2026-07-03
EQU_1485,EQU_5159,produces_output,0.5,False,,Worldwide,,Confirmed,ГЖ_12_25.pdf,High,2026-07-03
EQU_1485,MAT_12414,produces_output,0.5,False,,Russia,,Confirmed,ГЖ_12_25.pdf,High,2026-07-03
PRO_12415,FAC_12404,operates_at_condition,0.5,False,формирование продуктивно-красноцветной толщи,Worldwide,,Confirmed,ГЖ_12_25.pdf,High,2026-07-03
EXP_12403,FAC_12404,researched_by,0.5,False,,Worldwide,,Confirmed,ГЖ_12_25.pdf,High,2026-07-03
PUB_12416,PRO_12417,described_in,0.5,False,,Worldwide,,Confirmed,ГЖ_12_25.pdf,High,2026-07-03
PRO_12418,EXP_12419,used_in,0.5,False,,Worldwide,,Confirmed,ГЖ_12_25.pdf,High,2026-07-03
FAC_12422,PRO_9953,operates_at_condition,0.5,False,Стационарная и нестационарная постановка,Russia,,Confirmed,ГЖ_12_25.pdf,High,2026-07-03
PRO_12423,EQU_12424,uses_material,0.5,False,,Worldwide,,Confirmed,ГЖ_12_25.pdf,High,2026-07-03
EXP_12425,EQU_12424,validated_by,0.5,False,,Russia,,Confirmed,ГЖ_12_25.pdf,High,2026-07-03
PRO_12426,EQU_8013,uses_material,0.5,False,,Worldwide,,Unverified,ГЖ_12_25.pdf,High,2026-07-03
PRO_12426,FAC_12427,operates_at_condition,0.5,False,50-метровая зона за контуром взрываемого технологического блока,Russia,,Unverified,ГЖ_12_25.pdf,High,2026-07-03
PRO_12418,FAC_3903,researched_by,0.5,False,,Russia,,Confirmed,ГЖ_12_25.pdf,High,2026-07-03
FAC_11839,PRO_12418,uses_material,0.5,False,,Russia,,Confirmed,ГЖ_12_25.pdf,High,2026-07-03
PRO_1496,MAT_961,uses_material,0.5,False,,Worldwide,,Confirmed,ГЖ_12_25.pdf,High,2026-07-03
PRO_1496,PRO_12428,produces_output,0.5,False,При ведении взрывных работ в горных массивах,Worldwide,,Confirmed,ГЖ_12_25.pdf,High,2026-07-03
PRO_1961,PUB_742,validated_by,0.5,False,Интервалы замедления 100 мс между скважинными зарядами в ряду и 67 мс между рядами скважин,Worldwide,,Confirmed,ГЖ_12_25.pdf,High,2026-07-03
PRO_8952,PRO_1961,researched_by,0.5,False,,Worldwide,,Confirmed,ГЖ_12_25.pdf,High,2026-07-03
FAC_12430,PRO_1961,operates_at_condition,0.5,False,Схема взрывания 150–200 мс НСИ,Russia,2012–2020 гг.,Confirmed,ГЖ_12_25.pdf,High,2026-07-03
MAT_8468,PRO_12431,uses_material,0.5,False,,Worldwide,,Unverified,ГЖ_12_25.pdf,High,2026-07-03
PRO_12432,FAC_12433,operates_at_condition,0.5,False,Схема замедления 150–200 мс подтвердила практическую эффективность,Russia,,Confirmed,ГЖ_12_25.pdf,High,2026-07-03
PRO_12434,MAT_2088,uses_material,0.5,False,,Worldwide,,Unverified,ГЖ_12_25.pdf,High,2026-07-03
PRO_12435,PRO_12436,produces_output,0.5,False,Интервал замедления от стартового заряда,Worldwide,,Confirmed,ГЖ_12_25.pdf,High,2026-07-03
EXP_12437,PRO_12436,researched_by,0.5,False,Схемы взрывания 400-200 мс и 150-200 мс,Worldwide,,Confirmed,ГЖ_12_25.pdf,High,2026-07-03
PRO_12438,MAT_9218,uses_material,0.5,False,,Worldwide,,Confirmed,ГЖ_12_25.pdf,High,2026-07-03
PRO_12443,MAT_9218,uses_material,0.5,False,,Worldwide,,Confirmed,ГЖ_12_25.pdf,High,2026-07-03
PRO_12443,EQU_12444,uses_equipment,0.5,False,,Worldwide,,Confirmed,ГЖ_12_25.pdf,High,2026-07-03
MAT_9218,PRO_4433,operates_at_condition,0.5,False,,Worldwide,,Confirmed,ГЖ_12_25.pdf,High,2026-07-03
FAC_7478,MAT_5681,produces_output,0.5,False,,Russia,,Confirmed,ГЖ_12_25.pdf,High,2026-07-03
PRO_1573,PRO_12446,produces_output,0.5,False,,Worldwide,,Confirmed,ГЖ_12_25.pdf,High,2026-07-03
PRO_1573,PRO_12447,produces_output,0.5,False,,Worldwide,,Confirmed,ГЖ_12_25.pdf,High,2026-07-03
EXP_12448,PRO_12446,researched_by,0.5,False,,Worldwide,,Confirmed,ГЖ_12_25.pdf,High,2026-07-03
EXP_12448,PRO_12447,researched_by,0.5,False,,Worldwide,,Confirmed,ГЖ_12_25.pdf,High,2026-07-03
MAT_12449,FAC_12451,uses_material,0.5,False,Транспортировка никелевого концентрата из Красноярского края требует наличия больших транспортных мощностей.,Russia,,Confirmed,ГЖ_12_25.pdf,High,2026-07-03
MAT_12450,FAC_12451,produces_output,0.5,False,Трудности и ограничения по транспортированию файнштейна из порта Дудинка ледокольным флотом на запад связаны с климатическими условиями.,Russia,,Confirmed,ГЖ_12_25.pdf,High,2026-07-03
EQU_353,PRO_12453,operates_at_condition,0.5,False,В условиях подземной разработки с вероятным обрушением руды и пород,Worldwide,,Confirmed,ГЖ_12_25.pdf,High,2026-07-03
EQU_12452,PRO_12453,validated_by,0.5,False,Используется для мониторинга состояния очистного пространства,Worldwide,,Confirmed,ГЖ_12_25.pdf,High,2026-07-03
FAC_7478,MAT_5681,uses_material,0.5,False,,Russia,,Confirmed,ГЖ_12_25.pdf,High,2026-07-03
PUB_12455,PRO_1496,described_in,0.5,False,,Worldwide,,Confirmed,ГЖ_12_25.pdf,High,2026-07-03
PUB_12456,PRO_1496,described_in,0.5,False,,Worldwide,,Confirmed,ГЖ_12_25.pdf,High,2026-07-03
PUB_12457,PRO_1496,described_in,0.5,False,,Russia,,Confirmed,ГЖ_12_25.pdf,High,2026-07-03
EQU_353,PRO_12458,operates_at_condition,0.5,False,В режиме дистанционного управления или с элементами автономного функционирования,Worldwide,,Confirmed,ГЖ_12_25.pdf,High,2026-07-03
PRO_12459,EQU_12460,uses_material,0.5,False,В режиме реального времени,Worldwide,,Confirmed,ГЖ_12_25.pdf,High,2026-07-03
EQU_12460,PRO_12461,produces_output,0.5,False,При обнаружении потенциально опасных признаков,Worldwide,,Confirmed,ГЖ_12_25.pdf,High,2026-07-03
PRO_12462,EQU_12463,operates_at_condition,0.5,False,В режиме реального времени,Worldwide,,Confirmed,ГЖ_12_25.pdf,High,2026-07-03
PRO_12462,EQU_12464,uses_material,0.5,False,,Worldwide,,Confirmed,ГЖ_12_25.pdf,High,2026-07-03
PRO_12462,EQU_12465,uses_material,0.5,False,,Worldwide,,Confirmed,ГЖ_12_25.pdf,High,2026-07-03
PRO_12462,EQU_12466,uses_material,0.5,False,,Worldwide,,Confirmed,ГЖ_12_25.pdf,High,2026-07-03
PRO_12471,EQU_12472,uses_material,0.5,False,,Worldwide,,Confirmed,ГЖ_12_25.pdf,High,2026-07-03
PRO_12471,EQU_12473,uses_material,0.5,False,,Worldwide,,Confirmed,ГЖ_12_25.pdf,High,2026-07-03
PRO_12471,EQU_12474,uses_material,0.5,False,,Worldwide,,Confirmed,ГЖ_12_25.pdf,High,2026-07-03
PRO_12471,PRO_5356,uses_material,0.5,False,,Worldwide,,Confirmed,ГЖ_12_25.pdf,High,2026-07-03
EXP_12478,PUB_12477,researched_by,0.5,False,,Russia,,Confirmed,ГЖ_12_25.pdf,High,2026-07-03
EXP_12478,PUB_12475,researched_by,0.5,False,,Worldwide,,Confirmed,ГЖ_12_25.pdf,High,2026-07-03
EQU_353,PRO_12462,operates_at_condition,0.5,False,В условиях подземных горных работ,Worldwide,,Confirmed,ГЖ_12_25.pdf,High,2026-07-03
EQU_353,PRO_12480,operates_at_condition,0.5,False,В условиях подземных горных работ,Worldwide,,Confirmed,ГЖ_12_25.pdf,High,2026-07-03
EQU_12481,PRO_12482,produces_output,0.5,False,В условиях севера и АЗРФ,Worldwide,,Unverified,ГЖ_12_25.pdf,High,2026-07-03
PRO_12482,MAT_5171,produces_output,0.5,False,,,,Unverified,ГЖ_12_25.pdf,High,2026-07-03
EQU_12484,MAT_12486,uses_material,0.5,False,,Russia,,Confirmed,ГЖ_12_25.pdf,High,2026-07-03
EQU_12488,PRO_12489,operates_at_condition,0.5,False,При переходе с низкого давления на более высокое,Worldwide,,Confirmed,ГЖ_12_25.pdf,High,2026-07-03
EQU_12490,MAT_5185,uses_material,0.5,False,,Worldwide,,Unverified,ГЖ_12_25.pdf,High,2026-07-03
EQU_12491,MAT_5185,uses_material,0.5,False,,Russia,,Confirmed,ГЖ_12_25.pdf,High,2026-07-03
EQU_12492,MAT_5185,uses_material,0.5,False,,Russia,,Confirmed,ГЖ_12_25.pdf,High,2026-07-03
EQU_12493,MAT_5185,uses_material,0.5,False,,Russia,,Confirmed,ГЖ_12_25.pdf,High,2026-07-03
EQU_12494,MAT_5171,uses_material,0.5,False,В условиях Севера и Арктической зоны,Russia,,Confirmed,ГЖ_12_25.pdf,High,2026-07-03
PRO_12495,EQU_12494,operates_at_condition,0.5,False,В условиях низких температур,Russia,,Confirmed,ГЖ_12_25.pdf,High,2026-07-03
EQU_12483,MAT_5171,produces_output,0.5,False,В условиях сурового климата,Russia,,Confirmed,ГЖ_12_25.pdf,High,2026-07-03
MAT_5185,PRO_12497,uses_material,0.5,False,Экстремальные климатические условия,Worldwide,,Unverified,ГЖ_12_25.pdf,High,2026-07-03
EQU_12504,PRO_12505,uses_material,0.5,False,,Worldwide,,Confirmed,ГЖ_12_25.pdf,High,2026-07-03
EQU_12504,PRO_6260,operates_at_condition,0.5,False,Увеличение КПД за счет частотных преобразователей,Worldwide,,Confirmed,ГЖ_12_25.pdf,High,2026-07-03
EQU_12507,PRO_12508,operates_at_condition,0.5,False,При определенных условиях эксплуатации,Worldwide,,Confirmed,ГЖ_12_25.pdf,High,2026-07-03
EQU_12507,PUB_12506,described_in,0.5,False,,Worldwide,,Confirmed,ГЖ_12_25.pdf,High,2026-07-03
EXP_12516,FAC_8592,researched_by,0.5,False,,Russia,,Confirmed,ГЖ_12_25.pdf,High,2026-07-03
FAC_12511,FAC_8592,researched_by,0.5,False,,Russia,,Confirmed,ГЖ_12_25.pdf,High,2026-07-03
EXP_12517,FAC_12518,researched_by,0.5,False,,Worldwide,,Confirmed,ГЖ_12_25.pdf,High,2026-07-03
EQU_12519,PRO_12520,produces_output,0.5,False,,Worldwide,,Unverified,ГЖ_12_25.pdf,High,2026-07-03
EQU_12519,EXP_12521,researched_by,0.5,False,,Worldwide,,Unverified,ГЖ_12_25.pdf,High,2026-07-03
PRO_2673,EQU_12522,uses_material,0.5,False,,Worldwide,,Confirmed,ГЖ_12_25.pdf,High,2026-07-03
PRO_2673,EQU_12523,uses_material,0.5,False,,Worldwide,,Confirmed,ГЖ_12_25.pdf,High,2026-07-03
FAC_12524,PRO_12525,researched_by,0.5,False,,Russia,,Confirmed,ГЖ_12_25.pdf,High,2026-07-03
PRO_12526,MAT_12527,uses_material,0.5,False,С глубины 800 м,Worldwide,,Unverified,ГЖ_12_25.pdf,High,2026-07-03
FAC_12524,FAC_12528,researched_by,0.5,False,,Worldwide,,Confirmed,ГЖ_12_25.pdf,High,2026-07-03
FAC_12524,EXP_12529,researched_by,0.5,False,,Russia,,Confirmed,ГЖ_12_25.pdf,High,2026-07-03
FAC_12524,EXP_12530,researched_by,0.5,False,,Russia,,Confirmed,ГЖ_12_25.pdf,High,2026-07-03
FAC_12524,EXP_12531,researched_by,0.5,False,,Russia,,Confirmed,ГЖ_12_25.pdf,High,2026-07-03
FAC_12524,EXP_12532,researched_by,0.5,False,,Russia,,Confirmed,ГЖ_12_25.pdf,High,2026-07-03
PRO_9109,FAC_12533,produces_output,0.5,False,,Turkmenistan,,Unverified,ГЖ_12_25.pdf,High,2026-07-03
EXP_12534,FAC_12533,researched_by,0.5,False,,Turkmenistan,,Confirmed,ГЖ_12_25.pdf,High,2026-07-03
FAC_12535,PRO_12536,uses_material,0.5,False,,Worldwide,,Confirmed,ГЖ_12_25.pdf,High,2026-07-03
PRO_12536,MAT_961,operates_at_condition,0.5,False,"Чередование мягких, твёрдых и средней крепости пород",Worldwide,,Confirmed,ГЖ_12_25.pdf,High,2026-07-03
PRO_12537,EQU_9071,uses_material,0.5,False,,Worldwide,,Unverified,ГЖ_12_25.pdf,High,2026-07-03
EXP_7573,PUB_12538,researched_by,0.5,False,,Russia,,Confirmed,ГЖ_12_25.pdf,High,2026-07-03
EXP_12541,PUB_12540,researched_by,0.5,False,,Turkmenistan,,Confirmed,ГЖ_12_25.pdf,High,2026-07-03
PRO_12543,MAT_12542,uses_material,0.5,False,,Worldwide,,Confirmed,ГЖ_12_25.pdf,High,2026-07-03
PRO_12543,EQU_12544,operates_at_condition,0.5,False,В режиме реального времени,Worldwide,,Confirmed,ГЖ_12_25.pdf,High,2026-07-03
EXP_12545,PUB_12546,researched_by,0.5,False,,Worldwide,,Confirmed,ГЖ_12_25.pdf,High,2026-07-03
EXP_12551,PUB_12550,researched_by,0.5,False,,Worldwide,,Unverified,ГЖ_12_25.pdf,High,2026-07-03
EXP_12552,PUB_12550,researched_by,0.5,False,,Worldwide,,Unverified,ГЖ_12_25.pdf,High,2026-07-03
EXP_12553,PUB_12550,researched_by,0.5,False,,Worldwide,,Unverified,ГЖ_12_25.pdf,High,2026-07-03
FAC_12561,FAC_12559,researched_by,0.5,False,,Russia,,Confirmed,ГЖ_12_25.pdf,High,2026-07-03
FAC_12562,EXP_12563,researched_by,0.5,False,,Russia,,Confirmed,Гж 01_26.pdf,High,2026-07-03
FAC_12562,PUB_896,described_in,0.5,False,,Russia,,Confirmed,Гж 01_26.pdf,High,2026-07-03
EXP_12565,FAC_12564,researched_by,0.5,False,,Worldwide,,Confirmed,ГЖ_12_25.pdf,High,2026-07-03
EXP_12566,FAC_12564,researched_by,0.5,False,,Worldwide,,Confirmed,ГЖ_12_25.pdf,High,2026-07-03
EXP_12567,FAC_12564,researched_by,0.5,False,,Worldwide,,Confirmed,ГЖ_12_25.pdf,High,2026-07-03
ORG_6414,PUB_896,published_by,0.5,False,,Russia,,Confirmed,Гж 01_26.pdf,High,2026-07-03
ORG_6401,PUB_6400,publisher,0.5,False,,Russia,,Confirmed,Гж 01_26.pdf,High,2026-07-03
PRO_12573,EQU_12574,uses_material,0.5,False,"Для сохранения необходимой площади сечения, предотвращения обрушения горных пород и управления горным давлением",Russia,,Confirmed,Гж 01_26.pdf,High,2026-07-03
PRO_12575,EQU_12577,uses_material,0.5,False,,Russia,,Confirmed,Гж 01_26.pdf,High,2026-07-03
PRO_12576,EQU_12577,uses_material,0.5,False,,Russia,,Confirmed,Гж 01_26.pdf,High,2026-07-03
FAC_12579,PUB_896,described_in,0.5,False,,Russia,,Confirmed,ГЖ_12_25.pdf,High,2026-07-03
PRO_9662,PRO_12580,operates_at_condition,0.5,False,В зависимости от категории устойчивости выбирается тип крепления,Worldwide,,Unverified,Гж 01_26.pdf,High,2026-07-03
PRO_12581,PRO_1305,uses_material,0.5,False,,Worldwide,,Unverified,Гж 01_26.pdf,High,2026-07-03
PRO_12581,PUB_12582,described_in,0.5,False,,Worldwide,,Unverified,Гж 01_26.pdf,High,2026-07-03
EQU_12583,PRO_2137,противодействует,0.5,False,"Динамическая крепь способна выдержать нагрузку, создаваемую динамическими проявлениями горного давления",Worldwide,,Confirmed,Гж 01_26.pdf,High,2026-07-03
PRO_12593,MAT_961,uses_material,0.5,False,,Worldwide,,Confirmed,Гж 01_26.pdf,High,2026-07-03
PRO_12593,EQU_12594,operates_at_condition,0.5,False,,Worldwide,,Confirmed,Гж 01_26.pdf,High,2026-07-03
EXP_12595,PRO_2564,produces_output,0.5,False,,Worldwide,,Confirmed,Гж 01_26.pdf,High,2026-07-03
PRO_4054,EQU_12596,uses_material,0.5,False,,Worldwide,,Confirmed,Гж 01_26.pdf,High,2026-07-03
PRO_4054,PRO_12597,operates_at_condition,0.5,False,"Превышение допустимых значений смещений, резкий рост трещин или смещений, повышение уровня водопритоков или порового давления в массиве",Worldwide,,Confirmed,Гж 01_26.pdf,High,2026-07-03
PRO_9836,PRO_12601,uses_material,0.5,False,,Worldwide,,Confirmed,ГЖ_12_25.pdf,High,2026-07-03
EQU_12598,PRO_12601,uses_material,0.5,False,,Worldwide,,Confirmed,ГЖ_12_25.pdf,High,2026-07-03
EQU_12599,PRO_12601,uses_material,0.5,False,,Worldwide,,Confirmed,ГЖ_12_25.pdf,High,2026-07-03
EQU_12600,PRO_12601,uses_material,0.5,False,,Worldwide,,Confirmed,ГЖ_12_25.pdf,High,2026-07-03
EXP_12606,PRO_12607,uses_material,0.5,False,,Worldwide,,Unverified,Гж 01_26.pdf,High,2026-07-03
PRO_12608,PRO_12611,produces_output,0.5,False,,Worldwide,,Confirmed,Гж 01_26.pdf,High,2026-07-03
PRO_12609,PRO_12611,produces_output,0.5,False,,Worldwide,,Confirmed,Гж 01_26.pdf,High,2026-07-03
PRO_12610,PRO_12611,produces_output,0.5,False,Для категориальных данных,Worldwide,,Confirmed,Гж 01_26.pdf,High,2026-07-03
PRO_12614,EXP_12615,researched_by,0.5,False,,Russia,,Unverified,Гж 01_26.pdf,High,2026-07-03
EXP_12615,PUB_12616,described_in,0.5,False,,Russia,,Confirmed,Гж 01_26.pdf,High,2026-07-03
EXP_12618,PUB_12617,researched_by,0.5,False,,Russia,,Confirmed,Гж 01_26.pdf,High,2026-07-03
EXP_12619,PUB_12617,researched_by,0.5,False,,Russia,,Confirmed,Гж 01_26.pdf,High,2026-07-03
EXP_9709,PUB_12617,researched_by,0.5,False,,Russia,,Confirmed,Гж 01_26.pdf,High,2026-07-03
EXP_9711,PUB_12617,researched_by,0.5,False,,Russia,,Confirmed,Гж 01_26.pdf,High,2026-07-03
PRO_4054,MAT_12620,researched_by,0.5,False,,Worldwide,,Unverified,Гж 01_26.pdf,High,2026-07-03
MAT_12620,EQU_1306,uses_material,0.5,False,,Worldwide,,Unverified,Гж 01_26.pdf,High,2026-07-03
PRO_12621,MAT_2123,operates_at_condition,0.5,False,В зависимости от уровня напряжений в угольном пласте,Worldwide,,Confirmed,Гж 01_26.pdf,High,2026-07-03
PRO_12621,EQU_12622,uses_material,0.5,False,,Worldwide,,Confirmed,Гж 01_26.pdf,High,2026-07-03
PRO_12623,EQU_12624,uses_material,0.5,False,В условиях высоких напряжений,Worldwide,,Confirmed,Гж 01_26.pdf,High,2026-07-03
PRO_12625,EQU_9071,uses_material,0.5,False,,Russia,,Confirmed,Гж 01_26.pdf,High,2026-07-03
PRO_12625,PUB_895,operates_at_condition,0.5,False,"Коэффициент концентрации напряжений k > 1,4",Russia,,Confirmed,Гж 01_26.pdf,High,2026-07-03
PRO_12632,MAT_2123,operates_at_condition,0.5,False,"Сейсмоакустическая активность, трещины, толчки, повышенный выход буровой мелочи, затягивание и зажатие бурового инструмента, выход крупного класса буровой мелочи",Worldwide,,Confirmed,Гж 01_26.pdf,High,2026-07-03
PRO_12633,MAT_2123,operates_at_condition,0.5,False,,Worldwide,,Confirmed,Гж 01_26.pdf,High,2026-07-03
EQU_12634,PRO_12635,used_for,0.5,False,,Worldwide,,Confirmed,Гж 01_26.pdf,High,2026-07-03
EXP_12637,PRO_12636,researched_by,0.5,False,,Worldwide,,Confirmed,Гж 01_26.pdf,High,2026-07-03
PRO_12639,EQU_12640,uses_material,0.5,False,,Worldwide,,Partially_Confirmed,Гж 01_26.pdf,High,2026-07-03
PRO_12639,PUB_12641,validated_by,0.5,False,,China,,Confirmed,Гж 01_26.pdf,High,2026-07-03
PUB_12642,PRO_12643,described_in,0.5,False,,Worldwide,,Confirmed,Гж 01_26.pdf,High,2026-07-03
PRO_12643,EQU_12644,uses_material,0.5,False,,Worldwide,,Confirmed,Гж 01_26.pdf,High,2026-07-03
PRO_4148,MAT_6519,uses_material,0.5,False,,Worldwide,,Unverified,Гж 01_26.pdf,High,2026-07-03
PRO_1573,MAT_2416,uses_material,0.5,False,,Worldwide,,Confirmed,Гж 01_26.pdf,High,2026-07-03
PRO_1573,EQU_528,operates_at_condition,0.5,False,,Worldwide,,Confirmed,Гж 01_26.pdf,High,2026-07-03
PRO_1496,MAT_4576,uses_material,0.5,False,,Worldwide,,Unverified,Гж 01_26.pdf,High,2026-07-03
PRO_1496,PRO_152,operates_at_condition,0.5,False,,Worldwide,,Unverified,Гж 01_26.pdf,High,2026-07-03
PRO_12645,FAC_1904,researched_by,0.5,False,,Russia,,Confirmed,Гж 01_26.pdf,High,2026-07-03
PUB_12646,EXP_12648,researched_by,0.5,False,,Russia,,Confirmed,Гж 01_26.pdf,High,2026-07-03
PUB_12647,EXP_12649,researched_by,0.5,False,,Russia,,Confirmed,Гж 01_26.pdf,High,2026-07-03
PRO_12254,PRO_12651,operates_at_condition,0.5,False,применение экономически эффективных параметров,Worldwide,,Confirmed,Гж 01_26.pdf,High,2026-07-03
PRO_1654,EQU_12650,uses_material,0.5,False,,Russia,,Confirmed,Гж 01_26.pdf,High,2026-07-03
EXP_12653,PUB_12652,researched_by,0.5,False,,Russia,,Confirmed,Гж 01_26.pdf,High,2026-07-03
EXP_9709,PUB_12652,researched_by,0.5,False,,Russia,,Confirmed,Гж 01_26.pdf,High,2026-07-03
EQU_12654,EQU_12655,uses_material,0.5,False,,Worldwide,,Unverified,Гж 01_26.pdf,High,2026-07-03
EQU_12654,EQU_12656,operates_at_condition,0.5,False,,Worldwide,,Unverified,Гж 01_26.pdf,High,2026-07-03
EQU_12654,EQU_12657,produces_output,0.5,False,,Worldwide,,Unverified,Гж 01_26.pdf,High,2026-07-03
PRO_12658,EQU_12659,uses_material,0.5,False,,Russia,,Confirmed,Гж 01_26.pdf,High,2026-07-03
EXP_12660,FAC_12661,operates_at_condition,0.5,False,,Russia,,Confirmed,Гж 01_26.pdf,High,2026-07-03
FAC_12662,PRO_5309,operates_at_condition,0.5,False,Сложные и опасные горно-геологические условия,Russia,,Confirmed,Гж 01_26.pdf,High,2026-07-03
PRO_5309,EQU_375,uses_material,0.5,False,,Russia,,Confirmed,Гж 01_26.pdf,High,2026-07-03
EQU_375,EXP_12663,validated_by,0.5,False,,Russia,,Confirmed,Гж 01_26.pdf,High,2026-07-03
PRO_12668,MAT_12664,uses_material,0.5,False,,Worldwide,,Confirmed,Гж 01_26.pdf,High,2026-07-03
PRO_12668,MAT_12665,uses_material,0.5,False,,Worldwide,,Confirmed,Гж 01_26.pdf,High,2026-07-03
PRO_12668,EQU_12666,operates_at_condition,0.5,False,,Worldwide,,Confirmed,Гж 01_26.pdf,High,2026-07-03
PRO_12668,EQU_12667,operates_at_condition,0.5,False,,Worldwide,,Confirmed,Гж 01_26.pdf,High,2026-07-03
EXP_12670,PUB_12669,researched_by,0.5,False,,Russia,,Confirmed,Гж 01_26.pdf,High,2026-07-03
FAC_12671,PUB_12669,described_in,0.5,False,,Russia,,Confirmed,Гж 01_26.pdf,High,2026-07-03
PRO_12672,PRO_12673,produces_output,0.5,False,Развитие необратимых деформаций в литосфере,Worldwide,Не указано,Unverified,Гж 01_26.pdf,High,2026-07-03
PUB_12674,EXP_12678,researched_by,0.5,False,,Russia,,Confirmed,Гж 01_26.pdf,High,2026-07-03
PUB_12675,EXP_12678,researched_by,0.5,False,,Russia,,Confirmed,Гж 01_26.pdf,High,2026-07-03
PUB_12676,EXP_12678,researched_by,0.5,False,,Russia,,Confirmed,Гж 01_26.pdf,High,2026-07-03
PUB_12677,EXP_12678,researched_by,0.5,False,,Russia,,Confirmed,Гж 01_26.pdf,High,2026-07-03
PRO_12679,EQU_12680,uses_material,0.5,False,,Russia,,Confirmed,Гж 01_26.pdf,High,2026-07-03
PRO_12679,MAT_12681,uses_material,0.5,False,,Russia,,Confirmed,Гж 01_26.pdf,High,2026-07-03
EXP_12682,FAC_12683,operates_at_condition,0.5,False,,Russia,,Confirmed,Гж 01_26.pdf,High,2026-07-03
MAT_12684,PRO_12686,uses_material,0.5,False,,Russia,,Confirmed,Гж 01_26.pdf,High,2026-07-03
MAT_12685,PRO_12686,uses_material,0.5,False,,Russia,,Confirmed,Гж 01_26.pdf,High,2026-07-03
EQU_12687,PRO_12686,operates_at_condition,0.5,False,натяжение анкера,Russia,,Confirmed,Гж 01_26.pdf,High,2026-07-03
PRO_12688,PRO_12689,produces_output,0.5,False,,Worldwide,,Unverified,Гж 01_26.pdf,High,2026-07-03
PRO_12690,PRO_12691,operates_at_condition,0.5,False,Техногенное изменение литосферы,Worldwide,,Confirmed,Гж 01_26.pdf,High,2026-07-03
FAC_1793,PRO_12690,researched_by,0.5,False,,Russia,,Confirmed,Гж 01_26.pdf,High,2026-07-03
PRO_12692,MAT_6495,uses_material,0.5,False,,Worldwide,,Unverified,Гж 01_26.pdf,High,2026-07-03
PRO_12692,EQU_12693,produces_output,0.5,False,,Worldwide,,Unverified,Гж 01_26.pdf,High,2026-07-03
EXP_12670,PUB_12694,researched_by,0.5,False,,Russia,,Confirmed,Гж 01_26.pdf,High,2026-07-03
FAC_12695,EXP_12670,affiliated_with,0.5,False,,Russia,,Confirmed,Гж 01_26.pdf,High,2026-07-03
PRO_3839,PRO_12696,operates_at_condition,0.5,False,Изменение свойств материала при добыче,Worldwide,,Unverified,Гж 01_26.pdf,High,2026-07-03
PRO_3839,PRO_12697,operates_at_condition,0.5,False,Изменение плотности материала при добыче,Worldwide,,Unverified,Гж 01_26.pdf,High,2026-07-03
PRO_3839,PRO_12698,operates_at_condition,0.5,False,Изменение скорости распространения волн при добыче,Worldwide,,Unverified,Гж 01_26.pdf,High,2026-07-03
PRO_3839,PRO_12699,operates_at_condition,0.5,False,Изменение свойств материала при добыче,Worldwide,,Unverified,Гж 01_26.pdf,High,2026-07-03
EQU_12700,PRO_12701,uses_material,0.5,False,,Worldwide,,Confirmed,Гж 01_26.pdf,High,2026-07-03
FAC_6982,PRO_12701,researched_by,0.5,False,,Russia,,Confirmed,Гж 01_26.pdf,High,2026-07-03
PRO_12702,PRO_12703,uses_material,0.5,False,Применяется при контроле качества массивов в подземных горных выработках,Worldwide,,Confirmed,Гж 01_26.pdf,High,2026-07-03
PUB_12704,EQU_12705,uses_material,0.5,False,,Russia,,Confirmed,Гж 01_26.pdf,High,2026-07-03
PUB_12704,PRO_12706,uses_material,0.5,False,,Russia,,Confirmed,Гж 01_26.pdf,High,2026-07-03
EQU_12705,PRO_12707,uses_material,0.5,False,"Центральная частота 400 МГц, шаг сканирования 50 мм на профилях 1–2 и 5 мм на профилях 3–4",Worldwide,,Confirmed,Гж 01_26.pdf,High,2026-07-03
PRO_12707,MAT_9218,researched_by,0.5,False,Обследование закрепного пространства ствола,Worldwide,,Confirmed,Гж 01_26.pdf,High,2026-07-03
PRO_6269,MAT_9218,operates_at_condition,0.5,False,Наличие трещин и разрывов в породе,Worldwide,,Confirmed,Гж 01_26.pdf,High,2026-07-03
PRO_12708,FAC_11048,operates_at_condition,0.5,False,"Высокая помеховая нагрузка, высокая степень затухания сигнала, слабая контрастность границ раздела сред",Russia,,Confirmed,Гж 01_26.pdf,High,2026-07-03
PRO_12709,EQU_12710,uses_material,0.5,False,,Worldwide,,Unverified,Гж 01_26.pdf,High,2026-07-03
FAC_12711,PRO_12712,contains_data,0.5,False,,Worldwide,,Confirmed,Гж 01_26.pdf,High,2026-07-03
PRO_12713,FAC_12714,researched_by,0.5,False,,Russia,,Partially_Confirmed,Гж 01_26.pdf,High,2026-07-03
EXP_12715,PRO_12716,operates_at_condition,0.5,False,,Worldwide,,Unverified,Гж 01_26.pdf,High,2026-07-03
EXP_12715,PRO_12717,operates_at_condition,0.5,False,,Worldwide,,Unverified,Гж 01_26.pdf,High,2026-07-03
PRO_12718,FAC_12714,researched_by,0.5,False,Адаптация и калибровка методики для условий отработки месторождения,Russia,,Confirmed,Гж 01_26.pdf,High,2026-07-03
PRO_12719,FAC_12714,operates_at_condition,0.5,False,Различие горно-геологических и геомеханических условий по рудным зонам,Russia,,Partially_Confirmed,Гж 01_26.pdf,High,2026-07-03
EXP_12720,FAC_12714,validated_by,0.5,False,,Russia,,Confirmed,Гж 01_26.pdf,High,2026-07-03
PRO_12721,EXP_12722,researched_by,0.5,False,,Worldwide,,Confirmed,Гж 01_26.pdf,High,2026-07-03
EXP_12722,PUB_5962,published_in,0.5,False,,Worldwide,,Confirmed,Гж 01_26.pdf,High,2026-07-03
PRO_12723,MAT_12724,produces_output,0.5,False,,Russia,,Confirmed,Гж 01_26.pdf,High,2026-07-03
PRO_12723,FAC_12714,operates_at_condition,0.5,False,,Russia,,Confirmed,Гж 01_26.pdf,High,2026-07-03
EQU_12725,PRO_12726,operates_at_condition,0.5,False,ГОСТ 50910–96,Russia,,Confirmed,Гж 01_26.pdf,High,2026-07-03
EQU_12728,MAT_12729,uses_material,0.5,False,,Worldwide,,Confirmed,Гж 01_26.pdf,High,2026-07-03
EQU_12731,PRO_12732,uses_material,0.5,False,Частота 400 МГц,Russia,,Confirmed,Гж 01_26.pdf,High,2026-07-03
PRO_1496,MAT_4576,uses_material,0.5,False,Диаметр зарядов ВВ: 105 и 160 мм,Worldwide,,Confirmed,Гж 01_26.pdf,High,2026-07-03
PRO_1496,EQU_12733,operates_at_condition,0.5,False,,Worldwide,,Confirmed,Гж 01_26.pdf,High,2026-07-03
EQU_12734,EQU_2633,uses_material,0.5,False,"Рабочее давление 18 МПа, максимальное давление 25 МПа",Worldwide,,Confirmed,Гж 01_26.pdf,High,2026-07-03
EQU_12734,EQU_12735,uses_material,0.5,False,,Worldwide,,Confirmed,Гж 01_26.pdf,High,2026-07-03
EQU_12734,EQU_12736,uses_material,0.5,False,,Worldwide,,Confirmed,Гж 01_26.pdf,High,2026-07-03
EQU_12734,EQU_12737,uses_material,0.5,False,,Worldwide,,Confirmed,Гж 01_26.pdf,High,2026-07-03
PRO_12738,PRO_12739,uses_material,0.5,False,,Worldwide,,Confirmed,Гж 01_26.pdf,High,2026-07-03
PRO_12739,EXP_12740,operates_at_condition,0.5,False,После массовых взрывов,Worldwide,,Confirmed,Гж 01_26.pdf,High,2026-07-03
PUB_12741,PRO_5270,researched_by,0.5,False,,Worldwide,,Confirmed,Гж 01_26.pdf,High,2026-07-03
PUB_12741,PRO_12742,researched_by,0.5,False,,Worldwide,,Confirmed,Гж 01_26.pdf,High,2026-07-03
PUB_12741,PRO_12743,researched_by,0.5,False,,Worldwide,,Confirmed,Гж 01_26.pdf,High,2026-07-03
PRO_12745,MAT_12744,uses_material,0.5,False,,Russia,,Confirmed,Гж 01_26.pdf,High,2026-07-03
PRO_9849,MAT_12744,uses_material,0.5,False,,Russia,,Confirmed,Гж 01_26.pdf,High,2026-07-03
PRO_12746,MAT_12744,uses_material,0.5,False,,Russia,,Confirmed,Гж 01_26.pdf,High,2026-07-03
PRO_6518,MAT_12744,uses_material,0.5,False,диаметр зарядов ВВ: 89–160 мм,Russia,,Confirmed,Гж 01_26.pdf,High,2026-07-03
EQU_12748,PUB_12750,described_in,0.5,False,,Russia,,Confirmed,Гж 01_26.pdf,High,2026-07-03
EQU_12751,PRO_9601,operates_at_condition,0.5,False,Учет фактической неоднородности свойств среды,Worldwide,,Confirmed,Гж 01_26.pdf,High,2026-07-03
EQU_12752,PRO_12753,uses_material,0.5,False,,Worldwide,,Unverified,Гж 01_26.pdf,High,2026-07-03
EXP_12757,FAC_12758,operates_at_condition,0.5,False,,Russia,,Confirmed,Гж 01_26.pdf,High,2026-07-03
EXP_12757,PRO_12759,uses_material,0.5,False,,Russia,,Confirmed,Гж 01_26.pdf,High,2026-07-03
FAC_6705,PRO_12760,uses_material,0.5,False,,Russia,,Confirmed,Гж 01_26.pdf,High,2026-07-03
FAC_6705,EQU_12761,researched_by,0.5,False,адаптация под горно-геологические условия,Russia,,Confirmed,Гж 01_26.pdf,High,2026-07-03
PRO_12762,EQU_12751,uses_material,0.5,False,,Worldwide,,Confirmed,Гж 01_26.pdf,High,2026-07-03
EXP_10136,FAC_12758,operates_at_condition,0.5,False,Масштабирующий коэффициент для показателя трещиноватости RQD,Russia,,Confirmed,Гж 01_26.pdf,High,2026-07-03
PRO_1573,PRO_4573,produces_output,0.5,False,,Worldwide,,Confirmed,Гж 01_26.pdf,High,2026-07-03
EQU_12761,PRO_12764,uses_material,0.5,False,,Russia,,Confirmed,Гж 01_26.pdf,High,2026-07-03
FAC_12758,PRO_12764,operates_at_condition,0.5,False,сложное геологическое строение,Russia,,Confirmed,Гж 01_26.pdf,High,2026-07-03
EQU_4699,EQU_12765,uses_material,0.5,False,,Worldwide,,Confirmed,Гж 01_26.pdf,High,2026-07-03
EQU_4699,EQU_12766,operates_at_condition,0.5,False,При проведении взрывных работ,Worldwide,,Confirmed,Гж 01_26.pdf,High,2026-07-03
PRO_12767,EQU_12768,uses_material,0.5,False,,Worldwide,,Unverified,Гж 01_26.pdf,High,2026-07-03
EXP_12769,PRO_12770,researched_by,0.5,False,"Взрывные работы, температурные колебания",Worldwide,,Confirmed,Гж 01_26.pdf,High,2026-07-03
EQU_12771,PRO_12770,operates_at_condition,0.5,False,Измерение деформаций в конструкции здания,Worldwide,,Confirmed,Гж 01_26.pdf,High,2026-07-03
EQU_12768,MAT_961,analyzes,0.5,False,,Worldwide,,Confirmed,Гж 01_26.pdf,High,2026-07-03
EXP_12773,FAC_12775,researched_by,0.5,False,Расстояние от объекта до карьера составляет 250 м,Russia,,Confirmed,Гж 01_26.pdf,High,2026-07-03
EXP_12773,EQU_4699,uses_material,0.5,False,,Russia,,Confirmed,Гж 01_26.pdf,High,2026-07-03
PUB_12774,EXP_12773,described_in,0.5,False,,Russia,,Confirmed,Гж 01_26.pdf,High,2026-07-03
PUB_12776,PRO_1496,researched_by,0.5,False,,Worldwide,,Confirmed,Гж 01_26.pdf,High,2026-07-03
PRO_1496,PRO_12777,operates_at_condition,0.5,False,PPV at the bottom of an object,Worldwide,,Confirmed,Гж 01_26.pdf,High,2026-07-03
PRO_12778,EQU_12779,uses_material,0.5,False,,Worldwide,,Confirmed,Гж 01_26.pdf,High,2026-07-03
EXP_12781,MAT_12780,uses_material,0.5,False,,Worldwide,,Confirmed,Гж 01_26.pdf,High,2026-07-03
FAC_12782,MAT_5670,uses_material,0.5,False,,Worldwide,,Confirmed,Гж 01_26.pdf,High,2026-07-03
FAC_12783,MAT_5670,uses_material,0.5,False,,Worldwide,,Confirmed,Гж 01_26.pdf,High,2026-07-03
PRO_979,EQU_12784,uses_material,0.5,False,,Worldwide,,Confirmed,Гж 01_26.pdf,High,2026-07-03
PRO_12785,PRO_7198,uses_material,0.5,False,Гор. –175 м,Worldwide,,Confirmed,Гж 01_26.pdf,High,2026-07-03
PRO_12786,MAT_6669,uses_material,0.5,False,Гор. –175 м,Worldwide,,Confirmed,Гж 01_26.pdf,High,2026-07-03
PRO_12786,PRO_7198,uses_material,0.5,False,Гор. ±0 м,Worldwide,,Partially_Confirmed,Гж 01_26.pdf,High,2026-07-03
PRO_12787,MAT_12788,operates_at_condition,0.5,False,"Неустойчивый, отличающийся по прочностным и деформационным характеристикам",Worldwide,,Confirmed,Гж 01_26.pdf,High,2026-07-03
PRO_12787,EQU_12789,uses_material,0.5,False,,Russia,,Confirmed,Гж 01_26.pdf,High,2026-07-03
EXP_6169,FAC_12790,validated_by,0.5,False,На опытных участках длиной 30 м,Russia,,Confirmed,Гж 01_26.pdf,High,2026-07-03
PRO_12461,MAT_12791,uses_material,0.5,False,,Worldwide,,Confirmed,Гж 01_26.pdf,High,2026-07-03
EXP_6828,MAT_12791,uses_material,0.5,False,,Worldwide,,Confirmed,Гж 01_26.pdf,High,2026-07-03
PRO_7198,EQU_12795,uses_material,0.5,False,Сложные горно-геологические условия,Worldwide,,Confirmed,Гж 01_26.pdf,High,2026-07-03
PRO_7198,PUB_895,described_in,0.5,False,,Worldwide,,Confirmed,Гж 01_26.pdf,High,2026-07-03
PRO_150,PRO_12,operates_at_condition,0.5,False,Эффект неоднородности не обеспечен,Worldwide,,Unverified,Гж 01_26.pdf,High,2026-07-03
EQU_12796,EQU_12797,uses_material,0.5,False,,Russia,,Unverified,Гж 01_26.pdf,High,2026-07-03
EQU_12797,MAT_12798,uses_material,0.5,False,Полное заполнение шпура,Russia,,Unverified,Гж 01_26.pdf,High,2026-07-03
EQU_12796,EQU_12799,uses_material,0.5,False,,Russia,,Unverified,Гж 01_26.pdf,High,2026-07-03
EQU_12800,EQU_12799,uses_material,0.5,False,,Russia,,Unverified,Гж 01_26.pdf,High,2026-07-03
PRO_12,MAT_961,uses_material,0.5,False,,Worldwide,,Confirmed,Гж 01_26.pdf,High,2026-07-03
MAT_961,PRO_150,operates_at_condition,0.5,False,Модуль упругости влияет на деформационные свойства горных пород,Worldwide,,Confirmed,Гж 01_26.pdf,High,2026-07-03
PRO_12801,MAT_2376,uses_material,0.5,False,,Worldwide,,Unverified,Гж 01_26.pdf,High,2026-07-03
PRO_12801,MAT_12802,uses_material,0.5,False,,Worldwide,,Unverified,Гж 01_26.pdf,High,2026-07-03
PRO_12801,MAT_7152,uses_material,0.5,False,,Worldwide,,Unverified,Гж 01_26.pdf,High,2026-07-03
PRO_1,PRO_12803,operates_at_condition,0.5,False,при ремасштабировании,Worldwide,,Unverified,Гж 01_26.pdf,High,2026-07-03
EXP_12805,PUB_12804,researched_by,0.5,False,,Worldwide,,Confirmed,Гж 01_26.pdf,High,2026-07-03
EXP_12806,PUB_12804,researched_by,0.5,False,,Worldwide,,Confirmed,Гж 01_26.pdf,High,2026-07-03
EXP_12807,PUB_6652,researched_by,0.5,False,,Russia,,Confirmed,Гж 01_26.pdf,High,2026-07-03
FAC_12808,EXP_12807,organization,0.5,False,,Russia,,Confirmed,Гж 01_26.pdf,High,2026-07-03
PRO_12809,PRO_118,uses_material,0.5,False,,Worldwide,,Unverified,Гж 01_26.pdf,High,2026-07-03
PRO_1,PRO_12810,researched_by,0.5,False,,Worldwide,,Unverified,Гж 01_26.pdf,High,2026-07-03
PRO_12811,PRO_12812,produces_output,0.5,False,,Worldwide,,Confirmed,Гж 01_26.pdf,High,2026-07-03
PRO_12811,PRO_12813,produces_output,0.5,False,,Worldwide,,Confirmed,Гж 01_26.pdf,High,2026-07-03
EQU_12249,PRO_12814,operates_at_condition,0.5,False,,Russia,,Confirmed,Гж 01_26.pdf,High,2026-07-03
PUB_12815,EQU_6653,uses_material,0.5,False,,Russia,,Confirmed,Гж 01_26.pdf,High,2026-07-03
PRO_12819,EQU_12820,uses_material,0.5,False,,Worldwide,,Confirmed,Гж 01_26.pdf,High,2026-07-03
PRO_12819,MAT_961,operates_at_condition,0.5,False,Водонасыщенное и сухое состояние,Worldwide,,Confirmed,Гж 01_26.pdf,High,2026-07-03
PRO_12827,EQU_12828,uses_material,0.5,False,,Worldwide,,Unverified,Гж 01_26.pdf,High,2026-07-03
ORG_6414,PUB_896,described_in,0.5,False,,Russia,,Confirmed,Гж 02_26.pdf,High,2026-07-03
FAC_12832,PUB_6400,described_in,0.5,False,,Russia,,Confirmed,Гж 02_26.pdf,High,2026-07-03
FAC_12833,FAC_12834,researched_by,0.5,False,"В условиях мерзлоты, высоких газодинамических и гидрогеологических рисков",Russia,,Confirmed,Гж 02_26.pdf,High,2026-07-03
FAC_12833,FAC_12835,researched_by,0.5,False,"В условиях мерзлоты, высоких газодинамических и гидрогеологических рисков",Russia,,Confirmed,Гж 02_26.pdf,High,2026-07-03
FAC_12833,FAC_12836,researched_by,0.5,False,"В условиях мерзлоты, высоких газодинамических и гидрогеологических рисков",Russia,,Confirmed,Гж 02_26.pdf,High,2026-07-03
FAC_12833,FAC_12837,researched_by,0.5,False,"В условиях мерзлоты, высоких газодинамических и гидрогеологических рисков",Russia,,Confirmed,Гж 02_26.pdf,High,2026-07-03
FAC_12833,PRO_12838,researched_by,0.5,False,,Russia,,Confirmed,Гж 02_26.pdf,High,2026-07-03
EXP_12839,PUB_12373,researched_by,0.5,False,,Russia,,Unverified,Гж 02_26.pdf,High,2026-07-03
EXP_12840,PUB_12373,researched_by,0.5,False,,Russia,,Unverified,Гж 02_26.pdf,High,2026-07-03
EXP_12841,PUB_12373,researched_by,0.5,False,,Russia,,Unverified,Гж 02_26.pdf,High,2026-07-03
EXP_12842,PUB_12373,researched_by,0.5,False,,Russia,,Unverified,Гж 02_26.pdf,High,2026-07-03
ORG_6694,FAC_12845,researched_by,0.5,False,,Russia,,Confirmed,Гж 02_26.pdf,High,2026-07-03
FAC_12846,PRO_979,researched_by,0.5,False,,Russia,,Confirmed,Гж 02_26.pdf,High,2026-07-03
FAC_12846,EQU_12847,produces_output,0.5,False,,Russia,,Confirmed,Гж 02_26.pdf,High,2026-07-03
EQU_12848,EQU_12849,uses_material,0.5,False,"Глубина скважин 90 м, шаг между ними 10–15 м, угол заложения скважин 60°",Russia,Объем откачиваемой воды 1000 м³/ч,Confirmed,Гж 02_26.pdf,High,2026-07-03
PRO_1573,PRO_8781,validated_by,0.5,False,,Russia,,Confirmed,Гж 02_26.pdf,High,2026-07-03
EQU_12851,MAT_2784,uses_material,0.5,False,,Worldwide,,Confirmed,Гж 02_26.pdf,High,2026-07-03
EQU_12851,PRO_12852,operates_at_condition,0.5,False,Импульсный режим работы рентгеновской трубки,Worldwide,,Confirmed,Гж 02_26.pdf,High,2026-07-03
FAC_12854,PRO_12254,uses_material,0.5,False,,Russia,,Confirmed,Гж 02_26.pdf,High,2026-07-03
FAC_12855,PRO_12254,uses_material,0.5,False,,Russia,,Confirmed,Гж 02_26.pdf,High,2026-07-03
FAC_6892,PRO_12254,uses_material,0.5,False,,Russia,,Confirmed,Гж 02_26.pdf,High,2026-07-03
FAC_12856,PRO_12254,uses_material,0.5,False,,Russia,,Confirmed,Гж 02_26.pdf,High,2026-07-03
FAC_12857,FAC_12858,researched_by,0.5,False,,Russia,,Confirmed,Гж 02_26.pdf,High,2026-07-03
EQU_12859,PRO_12860,uses_material,0.5,False,,Russia,,Confirmed,Гж 02_26.pdf,High,2026-07-03
PRO_12860,EXP_12861,produces_output,0.5,False,,Russia,,Confirmed,Гж 02_26.pdf,High,2026-07-03
EXP_12862,EQU_6829,validated_by,0.5,False,Для идентификации алмазов в кимберлите,Russia,,Confirmed,Гж 02_26.pdf,High,2026-07-03
FAC_12854,EQU_12864,uses_material,0.5,False,,Russia,,Confirmed,Гж 02_26.pdf,High,2026-07-03
FAC_12863,EQU_12865,uses_material,0.5,False,,Russia,,Confirmed,Гж 02_26.pdf,High,2026-07-03
FAC_12863,EQU_12866,uses_material,0.5,False,,Russia,,Confirmed,Гж 02_26.pdf,High,2026-07-03
FAC_12868,EXP_12869,researched_by,0.5,False,,Russia,,Confirmed,Гж 02_26.pdf,High,2026-07-03
FAC_12868,PUB_12870,described_in,0.5,False,,Russia,,Confirmed,Гж 02_26.pdf,High,2026-07-03
FAC_12871,EXP_12872,researched_by,0.5,False,,Russia,,Confirmed,Гж 02_26.pdf,High,2026-07-03
ORG_12876,FAC_12875,researched_by,0.5,False,,Russia,,Confirmed,Гж 02_26.pdf,High,2026-07-03
FAC_8521,FAC_12875,researched_by,0.5,False,,Russia,,Confirmed,Гж 02_26.pdf,High,2026-07-03
FAC_12877,EQU_12878,uses_material,0.5,False,,Russia,,Confirmed,Гж 02_26.pdf,High,2026-07-03
FAC_12877,EQU_12879,uses_material,0.5,False,,Russia,,Confirmed,Гж 02_26.pdf,High,2026-07-03
FAC_12877,PRO_12880,researched_by,0.5,False,,Russia,,Confirmed,Гж 02_26.pdf,High,2026-07-03
FAC_12877,PRO_12881,researched_by,0.5,False,,Russia,,Confirmed,Гж 02_26.pdf,High,2026-07-03
FAC_12882,FAC_11670,researched_by,0.5,False,,Russia,,Confirmed,Гж 02_26.pdf,High,2026-07-03
FAC_12883,EXP_12884,researched_by,0.5,False,,Russia,,Confirmed,Гж 02_26.pdf,High,2026-07-03
EXP_12884,PUB_12885,described_in,0.5,False,,Russia,,Confirmed,Гж 02_26.pdf,High,2026-07-03
EXP_12874,PUB_896,researched_by,0.5,False,,Russia,,Confirmed,Гж 02_26.pdf,High,2026-07-03
EQU_2842,MAT_961,uses_material,0.5,False,В условиях криолитозоны,Russia,,Confirmed,Гж 02_26.pdf,High,2026-07-03
FAC_12887,MAT_961,operates_at_condition,0.5,False,Мерзлое состояние пород,Russia,,Confirmed,Гж 02_26.pdf,High,2026-07-03
PRO_979,EQU_3156,uses_material,0.5,False,В условиях криолитозоны,Russia,,Confirmed,Гж 02_26.pdf,High,2026-07-03
FAC_12888,EQU_3156,operates_at_condition,0.5,False,,Russia,,Confirmed,Гж 02_26.pdf,High,2026-07-03
FAC_12889,EQU_3156,operates_at_condition,0.5,False,,Russia,,Confirmed,Гж 02_26.pdf,High,2026-07-03
MAT_7852,PRO_12890,uses_material,0.5,False,,Russia,,Confirmed,Гж 02_26.pdf,High,2026-07-03
PRO_12890,EXP_12891,produces_output,0.5,False,,Russia,,Confirmed,Гж 02_26.pdf,High,2026-07-03
PRO_28,MAT_12892,produces_output,0.5,False,"Извлечение Pb: 85,52%, Zn: 86,79%",Worldwide,,Confirmed,Гж 02_26.pdf,High,2026-07-03
PRO_28,MAT_12893,produces_output,0.5,False,"Потери Pb: 67,75%, Zn: 52,63% в классе –0,040+0,00 мм",Worldwide,,Confirmed,Гж 02_26.pdf,High,2026-07-03
MAT_7852,PRO_1858,uses_material,0.5,False,,Worldwide,,Confirmed,Гж 02_26.pdf,High,2026-07-03
PRO_1858,PRO_12890,produces_output,0.5,False,Тонка вкрапленность минералов,Worldwide,,Confirmed,Гж 02_26.pdf,High,2026-07-03
EQU_1849,PRO_1858,operates_at_condition,0.5,False,Переработка свинцово-цинковой руды,Worldwide,,Confirmed,Гж 02_26.pdf,High,2026-07-03
EXP_12895,PRO_12896,researched_by,0.5,False,,Russia,,Confirmed,Гж 02_26.pdf,High,2026-07-03
EXP_12895,PRO_12897,researched_by,0.5,False,,Russia,,Confirmed,Гж 02_26.pdf,High,2026-07-03
EXP_12895,PRO_12898,researched_by,0.5,False,,Russia,,Confirmed,Гж 02_26.pdf,High,2026-07-03
EXP_12895,PRO_12899,researched_by,0.5,False,,Russia,,Confirmed,Гж 02_26.pdf,High,2026-07-03
MAT_1210,MAT_2443,replaces,0.5,False,,Worldwide,,Confirmed,Гж 02_26.pdf,High,2026-07-03
MAT_1209,MAT_7507,contains,0.5,False,в ячейках сложных форм выделения,Worldwide,,Confirmed,Гж 02_26.pdf,High,2026-07-03
MAT_7852,PRO_12890,uses_material,0.5,False,,Worldwide,,Confirmed,Гж 02_26.pdf,High,2026-07-03
PRO_12890,EQU_12901,operates_at_condition,0.5,False,,Worldwide,,Confirmed,Гж 02_26.pdf,High,2026-07-03
MAT_12915,PRO_28,uses_material,0.5,False,,Russia,,Confirmed,Гж 02_26.pdf,High,2026-07-03
MAT_12921,PRO_12922,uses_material,0.5,False,,Worldwide,,Confirmed,Гж 02_26.pdf,High,2026-07-03
PRO_12922,PUB_12923,described_in,0.5,False,,Worldwide,,Confirmed,Гж 02_26.pdf,High,2026-07-03
MAT_12924,PRO_12926,researched_by,0.5,False,,Russia,,Confirmed,Гж 02_26.pdf,High,2026-07-03
MAT_12925,PRO_12926,researched_by,0.5,False,,Russia,,Confirmed,Гж 02_26.pdf,High,2026-07-03
MAT_12921,FAC_12928,uses_material,0.5,False,,Russia,,Confirmed,Гж 02_26.pdf,High,2026-07-03
MAT_12935,MAT_12924,uses_material,0.5,False,"Содержание глин от 0,5 до 50 массовых частей",Russia,,Confirmed,Гж 02_26.pdf,High,2026-07-03
MAT_12935,MAT_12936,uses_material,0.5,False,"Содержание глин от 0,5 до 50 массовых частей",Russia,,Confirmed,Гж 02_26.pdf,High,2026-07-03
MAT_12937,MAT_12938,uses_material,0.5,False,,Russia,,Confirmed,Гж 02_26.pdf,High,2026-07-03
MAT_12937,MAT_12927,uses_material,0.5,False,,Russia,,Confirmed,Гж 02_26.pdf,High,2026-07-03
MAT_12940,MAT_12936,uses_material,0.5,False,"на стадии смешения композиции в количестве от 0,5 до 50 массовых частей на 100 массовых частей каучука",Worldwide,,Confirmed,Гж 02_26.pdf,High,2026-07-03
MAT_12940,MAT_12941,uses_material,0.5,False,"на стадии смешения композиции в количестве от 0,5 до 50 массовых частей на 100 массовых частей каучука",Worldwide,,Confirmed,Гж 02_26.pdf,High,2026-07-03
PRO_12942,EQU_12944,operates_at_condition,0.5,False,при 40 °C и скорости вращения валков 40 мин–1,Worldwide,,Confirmed,Гж 02_26.pdf,High,2026-07-03
PRO_12943,EQU_12945,operates_at_condition,0.5,False,,Worldwide,,Confirmed,Гж 02_26.pdf,High,2026-07-03
EQU_2408,PRO_12947,operates_at_condition,0.5,False,В условиях высокоабразивных и агрессивных рассолов,Worldwide,,Unverified,Гж 02_26.pdf,High,2026-07-03
PRO_2407,EQU_2408,uses_material,0.5,False,"Перекачивание водопритоков с физико-химическими характеристиками, удовлетворяющими требования ТУ 3631-008-56634509–2010",Russia,,Confirmed,Гж 02_26.pdf,High,2026-07-03
EQU_2408,MAT_12949,operates_at_condition,0.5,False,Высокая концентрация взвешенных частиц (1–17 г/л),Russia,,Confirmed,Гж 02_26.pdf,High,2026-07-03
PRO_12952,EQU_12951,produces_output,0.5,False,,Worldwide,,Confirmed,Гж 02_26.pdf,High,2026-07-03
EQU_12953,PRO_12954,uses_material,0.5,False,концентрация частиц > 10 г/л,Worldwide,,Unverified,Гж 02_26.pdf,High,2026-07-03
PRO_12955,EQU_12956,uses_material,0.5,False,,Worldwide,,Confirmed,Гж 02_26.pdf,High,2026-07-03
EQU_12956,MAT_12957,operates_at_condition,0.5,False,highly abrasive and aggressive conditions,Russia,,Confirmed,Гж 02_26.pdf,High,2026-07-03
EQU_2392,PRO_2407,uses_material,0.5,False,Концентрация твёрдых частиц не более 4 г/л,Worldwide,,Confirmed,Гж 02_26.pdf,High,2026-07-03
EQU_2392,PRO_12958,operates_at_condition,0.5,False,Производительность 65% от номинальной при условии надёжной защиты ротора,Worldwide,1–17 г/л,Confirmed,Гж 02_26.pdf,High,2026-07-03
PRO_12959,EQU_12960,uses_material,0.5,False,,Worldwide,,Confirmed,Гж 02_26.pdf,High,2026-07-03
PRO_12959,MAT_961,operates_at_condition,0.5,False,"Учёт геологического строения, геометрических параметров горных работ, технологических схем добычи и заоткоски откосов уступов, устойчивости бортов карьера",Worldwide,,Confirmed,Гж 02_26.pdf,High,2026-07-03
PRO_5144,EQU_12961,uses_material,0.5,False,,Worldwide,,Confirmed,Гж 02_26.pdf,High,2026-07-03
PRO_5144,EQU_12962,uses_material,0.5,False,,Worldwide,,Confirmed,Гж 02_26.pdf,High,2026-07-03
PRO_5144,MAT_1145,researched_by,0.5,False,,Kazakhstan,,Confirmed,Гж 02_26.pdf,High,2026-07-03
FAC_12963,EQU_12964,uses_material,0.5,False,,Worldwide,,Confirmed,Гж 02_26.pdf,High,2026-07-03
FAC_12963,MAT_993,produces_output,0.5,False,,Worldwide,,Confirmed,Гж 02_26.pdf,High,2026-07-03
FAC_12963,PRO_12965,researched_by,0.5,False,,Worldwide,,Confirmed,Гж 02_26.pdf,High,2026-07-03
PRO_12966,MAT_12967,operates_at_condition,0.5,False,Устойчивое состояние,Worldwide,,Confirmed,Гж 02_26.pdf,High,2026-07-03
PRO_12966,MAT_8222,operates_at_condition,0.5,False,"Коэффициент запаса устойчивости от 1 до 1,2",Worldwide,,Confirmed,Гж 02_26.pdf,High,2026-07-03
EQU_12968,PRO_12966,uses_material,0.5,False,,Worldwide,,Confirmed,Гж 02_26.pdf,High,2026-07-03
MAT_12969,PRO_12971,uses_material,0.5,False,,Worldwide,,Confirmed,Гж 02_26.pdf,High,2026-07-03
MAT_12970,PRO_12971,uses_material,0.5,False,At dosages of up to 3 parts by weight of minerals,Russia,,Confirmed,Гж 02_26.pdf,High,2026-07-03
PRO_12973,EQU_12974,uses_material,0.5,False,,Worldwide,,Confirmed,Гж 02_26.pdf,High,2026-07-03
EQU_12974,PRO_2427,operates_at_condition,0.5,False,,Worldwide,,Confirmed,Гж 02_26.pdf,High,2026-07-03
PRO_12973,EXP_12975,produces_output,0.5,False,,Worldwide,,Confirmed,Гж 02_26.pdf,High,2026-07-03
FAC_12978,EQU_12976,uses_material,0.5,False,,Worldwide,,Confirmed,Гж 02_26.pdf,High,2026-07-03
FAC_12978,EQU_12977,uses_material,0.5,False,,Worldwide,,Confirmed,Гж 02_26.pdf,High,2026-07-03
FAC_12978,EQU_12964,uses_material,0.5,False,"Март – июль – сентябрь 2021 г., март 2022 г.",Worldwide,,Confirmed,Гж 02_26.pdf,High,2026-07-03
PUB_12979,EXP_12980,researched_by,0.5,False,,Worldwide,,Confirmed,Гж 02_26.pdf,High,2026-07-03
PUB_12979,EXP_12981,researched_by,0.5,False,,Worldwide,,Confirmed,Гж 02_26.pdf,High,2026-07-03
PUB_12979,EXP_12982,researched_by,0.5,False,,Worldwide,,Confirmed,Гж 02_26.pdf,High,2026-07-03
PRO_12983,MAT_10376,uses_material,0.5,False,,Worldwide,,Confirmed,Гж 02_26.pdf,High,2026-07-03
PRO_12983,EQU_44,operates_at_condition,0.5,False,,Worldwide,,Confirmed,Гж 02_26.pdf,High,2026-07-03
EQU_12987,EQU_8901,uses_material,0.5,False,,Worldwide,,Unverified,Гж 02_26.pdf,High,2026-07-03
EQU_8901,EQU_12988,uses_material,0.5,False,,Worldwide,,Unverified,Гж 02_26.pdf,High,2026-07-03
EQU_12989,PRO_12990,uses_material,0.5,False,,Worldwide,,Confirmed,Гж 02_26.pdf,High,2026-07-03
FAC_12991,FAC_12992,researched_by,0.5,False,Синхронизация деятельности,Russia,,Unverified,Гж 02_26.pdf,High,2026-07-03
PRO_1496,MAT_8004,uses_material,0.5,False,,Worldwide,,Confirmed,Гж 02_26.pdf,High,2026-07-03
PRO_1496,EQU_12993,operates_at_condition,0.5,False,"Сейсмический эффект меньше, чем у НСИ",Worldwide,,Confirmed,Гж 02_26.pdf,High,2026-07-03
PRO_1496,EQU_12994,operates_at_condition,0.5,False,"Сейсмический эффект больше, чем у ЭСИ 'Нефрит'",Worldwide,,Confirmed,Гж 02_26.pdf,High,2026-07-03
FAC_12995,EQU_12989,uses_material,0.5,False,,Russia,,Confirmed,Гж 02_26.pdf,High,2026-07-03
FAC_12995,EQU_12996,operates_at_condition,0.5,False,Для контроля уровня сейсмического воздействия взрывных работ,Russia,,Confirmed,Гж 02_26.pdf,High,2026-07-03
FAC_12995,MAT_12997,uses_material,0.5,False,,Russia,,Confirmed,Гж 02_26.pdf,High,2026-07-03
FAC_12995,MAT_12998,uses_material,0.5,False,,Russia,,Confirmed,Гж 02_26.pdf,High,2026-07-03
PUB_12999,FAC_13000,researched_by,0.5,False,,Russia,,Confirmed,Гж 02_26.pdf,High,2026-07-03
PRO_7186,EQU_13002,uses_material,0.5,False,,Worldwide,,Confirmed,Гж 02_26.pdf,High,2026-07-03
PRO_7186,EQU_13003,uses_material,0.5,False,,Worldwide,,Confirmed,Гж 02_26.pdf,High,2026-07-03
PRO_13004,PRO_13005,uses_material,0.5,False,,Worldwide,,Unverified,Гж 02_26.pdf,High,2026-07-03
PRO_399,FAC_7558,operates_at_condition,0.5,False,"Вскрывающие выработки, скиповой подъём, клетевой подъём",Worldwide,,Confirmed,Гж 02_26.pdf,High,2026-07-03
PRO_2218,EQU_13011,uses_material,0.5,False,,Worldwide,,Unverified,Гж 02_26.pdf,High,2026-07-03
PRO_2218,MAT_333,produces_output,0.5,False,,Worldwide,,Unverified,Гж 02_26.pdf,High,2026-07-03
EXP_13013,PUB_13012,researched_by,0.5,False,,Russia,,Confirmed,Гж 02_26.pdf,High,2026-07-03
EXP_13014,PUB_13012,researched_by,0.5,False,,Russia,,Confirmed,Гж 02_26.pdf,High,2026-07-03
FAC_7558,PRO_13018,operates_at_condition,0.5,False,"Глубина расположения запасов, срок обеспеченности запасами 32–36 лет",Worldwide,,Unverified,Гж 02_26.pdf,High,2026-07-03
PRO_13019,MAT_1145,uses_material,0.5,False,,Worldwide,,Confirmed,Гж 02_26.pdf,High,2026-07-03
FAC_7558,MAT_1145,produces_output,0.5,False,,Worldwide,,Confirmed,Гж 02_26.pdf,High,2026-07-03
PRO_13021,PRO_13020,researched_by,0.5,False,подземные горные работы,Worldwide,,Partially_Confirmed,Гж 02_26.pdf,High,2026-07-03
PUB_13022,MOD_10458,described_in,0.5,False,,Worldwide,,Confirmed,Гж 02_26.pdf,High,2026-07-03
PRO_13020,PRO_2808,produces_output,0.5,False,Подземные горные работы,Worldwide,,Partially_Confirmed,Гж 02_26.pdf,High,2026-07-03
EXP_13023,PRO_2808,validated_by,0.5,False,,Worldwide,,Confirmed,Гж 02_26.pdf,High,2026-07-03
PRO_1573,PRO_2808,produces_output,0.5,False,,Worldwide,,Unverified,Гж 02_26.pdf,High,2026-07-03
PRO_1578,PRO_2808,researched_by,0.5,False,,Worldwide,,Unverified,Гж 02_26.pdf,High,2026-07-03
PRO_13026,EQU_13027,uses_material,0.5,False,,Worldwide,,Confirmed,Гж 02_26.pdf,High,2026-07-03
EXP_13028,PRO_13026,researched_by,0.5,False,,Worldwide,,Confirmed,Гж 02_26.pdf,High,2026-07-03
EQU_13029,PRO_2457,uses_material,0.5,False,Крупность руды –35 мм,Worldwide,,Confirmed,Гж 02_26.pdf,High,2026-07-03
FAC_13031,PRO_2457,researched_by,0.5,False,,Worldwide,,Confirmed,Гж 02_26.pdf,High,2026-07-03
MAT_3103,EQU_13033,uses_material,0.5,False,,Worldwide,,Confirmed,Гж 02_26.pdf,High,2026-07-03
PRO_13032,EQU_13033,operates_at_condition,0.5,False,,Worldwide,,Confirmed,Гж 02_26.pdf,High,2026-07-03
EQU_2573,MAT_13038,uses_material,0.5,False,,Worldwide,,Confirmed,Гж 02_26.pdf,High,2026-07-03
EQU_2573,MAT_1848,uses_material,0.5,False,,Worldwide,,Confirmed,Гж 02_26.pdf,High,2026-07-03
EQU_13039,EQU_13029,uses_material,0.5,False,,Russia,,Confirmed,Гж 02_26.pdf,High,2026-07-03
EQU_13029,PRO_1858,operates_at_condition,0.5,False,С шарами диаметром 100 мм,Russia,,Confirmed,Гж 02_26.pdf,High,2026-07-03
EXP_13041,EQU_13039,validated_by,0.5,False,,Russia,,Confirmed,Гж 02_26.pdf,High,2026-07-03
PRO_1578,PRO_13020,researched_by,0.5,False,,Worldwide,,Confirmed,Гж 02_26.pdf,High,2026-07-03
PRO_13020,EXP_10441,described_in,0.5,False,,Worldwide,,Confirmed,Гж 02_26.pdf,High,2026-07-03
PRO_13020,MOD_13042,contradicts,0.5,False,,Worldwide,,Unverified,Гж 02_26.pdf,High,2026-07-03
PRO_13020,MOD_13043,contradicts,0.5,False,,Worldwide,,Unverified,Гж 02_26.pdf,High,2026-07-03
PRO_13020,MOD_13044,contradicts,0.5,False,,Worldwide,,Unverified,Гж 02_26.pdf,High,2026-07-03
PRO_13020,MOD_13045,contradicts,0.5,False,,Worldwide,,Unverified,Гж 02_26.pdf,High,2026-07-03
PRO_13020,MOD_13046,contradicts,0.5,False,,Worldwide,,Unverified,Гж 02_26.pdf,High,2026-07-03
PRO_13020,MOD_13047,contradicts,0.5,False,,Worldwide,,Unverified,Гж 02_26.pdf,High,2026-07-03
PRO_13020,MOD_13048,contradicts,0.5,False,,Worldwide,,Unverified,Гж 02_26.pdf,High,2026-07-03
MAT_3103,PRO_13049,operates_at_condition,0.5,False,,Worldwide,,Confirmed,Гж 02_26.pdf,High,2026-07-03
EQU_13050,MAT_3103,uses_material,0.5,False,,Russia,,Confirmed,Гж 02_26.pdf,High,2026-07-03
MAT_3103,PRO_9555,produces_output,0.5,False,,Worldwide,,Confirmed,Гж 02_26.pdf,High,2026-07-03
EXP_13051,MAT_3103,validated_by,0.5,False,,Russia,,Confirmed,Гж 02_26.pdf,High,2026-07-03
EQU_2454,MAT_13053,uses_material,0.5,False,,Worldwide,,Confirmed,Гж 02_26.pdf,High,2026-07-03
FAC_3685,MAT_13053,validated_by,0.5,False,Испытания с 22 декабря 1983 г. до 10 ноября 1985 г.,Russia,,Confirmed,Гж 02_26.pdf,High,2026-07-03
FAC_13054,MAT_13053,contradicts,0.5,False,Отказ от проведения испытаний,Ukraine,,Contradicted,Гж 02_26.pdf,High,2026-07-03
EQU_13057,MAT_13058,produces_output,0.5,False,,Russia,,Confirmed,Гж 02_26.pdf,High,2026-07-03
MAT_13063,PRO_13064,uses_material,0.5,False,,Worldwide,,Confirmed,Гж 02_26.pdf,High,2026-07-03
PRO_13064,EQU_13065,operates_at_condition,0.5,False,,Worldwide,,Confirmed,Гж 02_26.pdf,High,2026-07-03
EXP_13066,FAC_13067,researched_by,0.5,False,,Russia,,Confirmed,Гж 02_26.pdf,High,2026-07-03
EXP_13061,FAC_13068,researched_by,0.5,False,,Russia,,Confirmed,Гж 02_26.pdf,High,2026-07-03
EXP_13061,FAC_13062,researched_by,0.5,False,,Russia,,Confirmed,Гж 02_26.pdf,High,2026-07-03
EXP_13061,EXP_13069,researched_by,0.5,False,1957–1958 гг.,Russia,,Confirmed,Гж 02_26.pdf,High,2026-07-03
EXP_13069,PUB_13070,validated_by,0.5,False,,Russia,,Confirmed,Гж 02_26.pdf,High,2026-07-03
EXP_13071,PUB_13072,researched_by,0.5,False,,Russia,,Confirmed,Гж 02_26.pdf,High,2026-07-03
EXP_13073,PUB_13074,researched_by,0.5,False,,Russia,,Confirmed,Гж 02_26.pdf,High,2026-07-03
EXP_13073,PUB_13075,researched_by,0.5,False,,Russia,,Confirmed,Гж 02_26.pdf,High,2026-07-03
ORG_6414,PUB_896,described_in,0.5,False,,Russia,,Confirmed,Гж 03_26.pdf,High,2026-07-03
EXP_13061,PUB_13080,researched_by,0.5,False,,Worldwide,,Confirmed,Гж 02_26.pdf,High,2026-07-03
EXP_13061,PUB_13081,researched_by,0.5,False,,Worldwide,,Confirmed,Гж 02_26.pdf,High,2026-07-03
EXP_13061,PUB_13082,researched_by,0.5,False,,Worldwide,,Confirmed,Гж 02_26.pdf,High,2026-07-03
EXP_13061,PUB_13083,researched_by,0.5,False,,Worldwide,,Confirmed,Гж 02_26.pdf,High,2026-07-03
EXP_13061,PUB_13084,researched_by,0.5,False,,Worldwide,,Confirmed,Гж 02_26.pdf,High,2026-07-03
PUB_6400,EXP_13085,described_in,0.5,False,,Worldwide,,Confirmed,Гж 03_26.pdf,High,2026-07-03
PUB_6400,EXP_13086,described_in,0.5,False,,Worldwide,,Confirmed,Гж 03_26.pdf,High,2026-07-03
PUB_6400,EXP_13087,described_in,0.5,False,,Uzbekistan,,Confirmed,Гж 03_26.pdf,High,2026-07-03
ORG_13089,ORG_13090,researched_by,0.5,False,,Russia,,Confirmed,Гж 03_26.pdf,High,2026-07-03
ORG_13089,FAC_13088,operates_at_condition,0.5,False,,Russia,,Confirmed,Гж 03_26.pdf,High,2026-07-03
ORG_13091,ORG_13089,researched_by,0.5,False,,Russia,,Confirmed,Гж 03_26.pdf,High,2026-07-03
EQU_13093,MAT_13092,uses_material,0.5,False,"парлифтная технология, температура 285 °C",Russia,,Confirmed,Гж 03_26.pdf,High,2026-07-03
PRO_9055,MAT_13092,produces_output,0.5,False,"предельное пластовое давление 27 бар, температура 228 °C",Russia,,Confirmed,Гж 03_26.pdf,High,2026-07-03
PUB_896,FAC_7821,researched_by,0.5,False,,Russia,,Confirmed,Гж 03_26.pdf,High,2026-07-03
PUB_896,ORG_9190,researched_by,0.5,False,,Russia,,Confirmed,Гж 03_26.pdf,High,2026-07-03
PUB_896,FAC_13095,researched_by,0.5,False,,Russia,,Confirmed,Гж 03_26.pdf,High,2026-07-03
PUB_896,FAC_13096,researched_by,0.5,False,,Russia,,Confirmed,Гж 03_26.pdf,High,2026-07-03
PUB_896,FAC_13097,researched_by,0.5,False,,Russia,,Confirmed,Гж 03_26.pdf,High,2026-07-03
PRO_13106,MAT_13107,produces_output,0.5,False,,Worldwide,,Confirmed,Гж 03_26.pdf,High,2026-07-03
FAC_13088,MAT_13107,uses_material,0.5,False,98% энергии содержится в твердых породах,Russia,,Confirmed,Гж 03_26.pdf,High,2026-07-03
MAT_13108,PRO_13109,operates_at_condition,0.5,False,,Russia,,Confirmed,Гж 03_26.pdf,High,2026-07-03
EXP_13110,MAT_13108,researched_by,0.5,False,,Russia|Worldwide,,Confirmed,Гж 03_26.pdf,High,2026-07-03
PRO_13111,PRO_13112,contradicts,0.5,False,Обратная корреляционная зависимость между цветностью и электропроводностью,Worldwide,,Confirmed,Гж 03_26.pdf,High,2026-07-03
PRO_13111,EXP_13114,validated_by,0.5,False,,Worldwide,,Confirmed,Гж 03_26.pdf,High,2026-07-03
FAC_13116,EXP_13115,researched_by,0.5,False,,Russia,,Confirmed,Гж 03_26.pdf,High,2026-07-03
EXP_13115,MAT_13108,uses_material,0.5,False,,Russia,,Confirmed,Гж 03_26.pdf,High,2026-07-03
MAT_13118,PRO_13119,operates_at_condition,0.5,False,Поступление болотных вод,Russia,,Confirmed,Гж 03_26.pdf,High,2026-07-03
EQU_13120,EXP_13121,produces_output,0.5,False,,Russia,,Confirmed,Гж 03_26.pdf,High,2026-07-03
PRO_13111,EXP_13121,described_in,0.5,False,,Russia,,Confirmed,Гж 03_26.pdf,High,2026-07-03
EXP_13126,PUB_13122,researched_by,0.5,False,,Worldwide,,Confirmed,Гж 03_26.pdf,High,2026-07-03
EXP_13127,PUB_13123,researched_by,0.5,False,,Worldwide,,Confirmed,Гж 03_26.pdf,High,2026-07-03
EXP_13128,EQU_13129,uses_material,0.5,False,,Russia,,Confirmed,Гж 03_26.pdf,High,2026-07-03
EXP_13128,FAC_13130,operates_at_condition,0.5,False,,Russia,,Confirmed,Гж 03_26.pdf,High,2026-07-03
EQU_13129,MAT_1732,produces_output,0.5,False,,Russia,,Confirmed,Гж 03_26.pdf,High,2026-07-03
MAT_13118,PRO_13111,operates_at_condition,0.5,False,Влияние болотных стоков,Worldwide,,Confirmed,Гж 03_26.pdf,High,2026-07-03
MAT_13118,PRO_13131,operates_at_condition,0.5,False,Тип водного питания,Worldwide,,Confirmed,Гж 03_26.pdf,High,2026-07-03
MAT_13118,PRO_13132,operates_at_condition,0.5,False,Минерализация воды,Worldwide,,Confirmed,Гж 03_26.pdf,High,2026-07-03
PRO_13134,MAT_441,uses_material,0.5,False,,Worldwide,,Confirmed,Гж 03_26.pdf,High,2026-07-03
EXP_13136,PRO_13111,researched_by,0.5,False,,Russia,,Confirmed,Гж 03_26.pdf,High,2026-07-03
EXP_13136,PRO_13135,researched_by,0.5,False,,Russia,,Confirmed,Гж 03_26.pdf,High,2026-07-03
FAC_13137,PRO_13138,uses_material,0.5,False,,Узбекистан,,Confirmed,Гж 03_26.pdf,High,2026-07-03
PRO_13138,EQU_13139,operates_at_condition,0.5,False,,Worldwide,,Confirmed,Гж 03_26.pdf,High,2026-07-03
EXP_13140,MAT_13141,operates_at_condition,0.5,False,2000-2022,Worldwide,,Confirmed,Гж 03_26.pdf,High,2026-07-03
MAT_13141,PRO_13142,has_property,0.5,False,,Worldwide,,Confirmed,Гж 03_26.pdf,High,2026-07-03
MAT_13141,PRO_13143,has_property,0.5,False,,Worldwide,,Confirmed,Гж 03_26.pdf,High,2026-07-03
MAT_13141,PRO_13144,has_property,0.5,False,,Worldwide,,Confirmed,Гж 03_26.pdf,High,2026-07-03
FAC_13145,EXP_13146,researched_by,0.5,False,,Russia,,Confirmed,Гж 03_26.pdf,High,2026-07-03
EQU_13148,FAC_13147,uses_material,0.5,False,для оценки прогнозного притока подземных вод,Worldwide,,Confirmed,Гж 03_26.pdf,High,2026-07-03
EXP_13146,PUB_896,researched_by,0.5,False,,Worldwide,,Confirmed,Гж 03_26.pdf,High,2026-07-03
EXP_13150,FAC_13137,researched_by,0.5,False,,Worldwide,,Confirmed,Гж 03_26.pdf,High,2026-07-03
EXP_13151,FAC_13137,researched_by,0.5,False,,Worldwide,,Confirmed,Гж 03_26.pdf,High,2026-07-03
EQU_13139,PRO_13153,uses_material,0.5,False,,Worldwide,,Confirmed,Гж 03_26.pdf,High,2026-07-03
PRO_13154,EQU_13155,uses_material,0.5,False,,Worldwide,,Confirmed,Гж 03_26.pdf,High,2026-07-03
EQU_13155,PRO_9949,operates_at_condition,0.5,False,Мощность слоя 400 м,Worldwide,,Confirmed,Гж 03_26.pdf,High,2026-07-03
FAC_13137,FAC_13156,operates_at_condition,0.5,False,Сейсмо- и карстоопасный регион,Worldwide,,Confirmed,Гж 03_26.pdf,High,2026-07-03
FAC_13137,FAC_13157,operates_at_condition,0.5,False,Активная разработка,Worldwide,,Confirmed,Гж 03_26.pdf,High,2026-07-03
FAC_13137,FAC_13158,operates_at_condition,0.5,False,Вскрышные работы,Worldwide,,Confirmed,Гж 03_26.pdf,High,2026-07-03
PRO_13159,PRO_13160,produces_output,0.5,False,"E1E/E0E = 2250; ν1 = 0,2; R1/R0 = 0,9",Worldwide,"KуK > 1,50",Confirmed,Гж 03_26.pdf,High,2026-07-03
MAT_1597,PRO_13161,uses_material,0.5,False,,Worldwide,,Unverified,Гж 03_26.pdf,High,2026-07-03
EQU_2431,PRO_13161,operates_at_condition,0.5,False,"β = 20°; H/H R0 = 3; γ = 0,026 МН/м3; E0E = 20 МПа, ν0 = 0,3, E1/E0E = 1350, ν1 = 0,3; R1/R0 = 0,9",Worldwide,,Unverified,Гж 03_26.pdf,High,2026-07-03
PRO_13164,MET_13165,researched_by,0.5,False,,Worldwide,,Unverified,Гж 03_26.pdf,High,2026-07-03
MET_13165,EXP_13166,validated_by,0.5,False,,Worldwide,,Unverified,Гж 03_26.pdf,High,2026-07-03
EXP_13167,PUB_9851,researched_by,0.5,False,,Russia,,Confirmed,Гж 03_26.pdf,High,2026-07-03
FAC_8380,MAT_2288,produces_output,0.5,False,,Russia,,Confirmed,Гж 03_26.pdf,High,2026-07-03
MAT_2288,PRO_13168,operates_at_condition,0.5,False,,Worldwide,,Unverified,Гж 03_26.pdf,High,2026-07-03
PRO_13169,PRO_13170,operates_at_condition,0.5,False,С применением критериев прочности Кулона – Мора или Хука – Брауна,Worldwide,,Confirmed,Гж 03_26.pdf,High,2026-07-03
PRO_13169,PRO_13171,uses_material,0.5,False,,Worldwide,,Confirmed,Гж 03_26.pdf,High,2026-07-03
PRO_13169,PRO_13172,uses_material,0.5,False,,Worldwide,,Confirmed,Гж 03_26.pdf,High,2026-07-03
MAT_2288,PRO_13175,operates_at_condition,0.5,False,,Worldwide,,Unverified,Гж 03_26.pdf,High,2026-07-03
MAT_2288,PRO_13176,operates_at_condition,0.5,False,,Worldwide,,Unverified,Гж 03_26.pdf,High,2026-07-03
PUB_13177,MAT_2288,described_in,0.5,False,,Russia,,Confirmed,Гж 03_26.pdf,High,2026-07-03
EXP_13178,MAT_2288,researched_by,0.5,False,,Russia,,Confirmed,Гж 03_26.pdf,High,2026-07-03
MAT_2288,MAT_13179,operates_at_condition,0.5,False,Влияние на качество волокна,Worldwide,,Confirmed,Гж 03_26.pdf,High,2026-07-03
MAT_2288,MAT_13180,contradicts,0.5,False,Замещение хризотил-асбеста офитом,Worldwide,,Confirmed,Гж 03_26.pdf,High,2026-07-03
MAT_2288,MAT_13181,produces_output,0.5,False,Появление брусита в значительном количестве,Worldwide,,Confirmed,Гж 03_26.pdf,High,2026-07-03
PRO_2597,MAT_1399,uses_material,0.5,False,,Worldwide,,Confirmed,Гж 03_26.pdf,High,2026-07-03
PRO_13183,MAT_1399,uses_material,0.5,False,,Worldwide,,Confirmed,Гж 03_26.pdf,High,2026-07-03
PRO_13184,MAT_8432,uses_material,0.5,False,,Worldwide,,Confirmed,Гж 03_26.pdf,High,2026-07-03
FAC_13186,PRO_13184,researched_by,0.5,False,,Armenia,,Confirmed,Гж 03_26.pdf,High,2026-07-03
FAC_13186,MAT_13185,produces_output,0.5,False,,Armenia,,Confirmed,Гж 03_26.pdf,High,2026-07-03
PUB_13188,PRO_13187,described_in,0.5,False,,Russia,,Unverified,Гж 03_26.pdf,High,2026-07-03
PRO_13192,EXP_13194,researched_by,0.5,False,,Worldwide,,Unverified,Гж 03_26.pdf,High,2026-07-03
PRO_13193,EXP_13194,researched_by,0.5,False,,Worldwide,,Unverified,Гж 03_26.pdf,High,2026-07-03
EXP_13195,PUB_13188,described_in,0.5,False,,Russia,,Confirmed,Гж 03_26.pdf,High,2026-07-03
MAT_8432,PRO_13197,uses_material,0.5,False,,Worldwide,,Confirmed,Гж 03_26.pdf,High,2026-07-03
MAT_8432,PRO_13198,uses_material,0.5,False,оптимальная глубина карьера до уровня 1990 м,Worldwide,,Confirmed,Гж 03_26.pdf,High,2026-07-03
EXP_13208,PRO_13209,researched_by,0.5,False,,Worldwide,,Confirmed,Гж 03_26.pdf,High,2026-07-03
EXP_13208,PRO_13210,researched_by,0.5,False,,Worldwide,,Confirmed,Гж 03_26.pdf,High,2026-07-03
PRO_13209,PRO_13211,produces_output,0.5,False,Kвыт = (Kн.н – Kн.о) / Kн.н,Worldwide,,Confirmed,Гж 03_26.pdf,High,2026-07-03
EQU_13213,EQU_13212,uses_material,0.5,False,,Russia,,Confirmed,Гж 03_26.pdf,High,2026-07-03
PRO_13214,EQU_13213,operates_at_condition,0.5,False,"Интегрированная обработка сигналов от металлодетектора, конвейерных весов и токовых датчиков электропривода",Russia,,Confirmed,Гж 03_26.pdf,High,2026-07-03
PRO_13214,MAT_1145,produces_output,0.5,False,Классификация металлических фрагментов по массе и потенциальной опасности,Russia,,Confirmed,Гж 03_26.pdf,High,2026-07-03
PRO_13216,EQU_13217,uses_material,0.5,False,Равномерная подача концентрата,Worldwide,,Confirmed,Гж 03_26.pdf,High,2026-07-03
EXP_13218,EQU_13217,operates_at_condition,0.5,False,"Экстремальная перегрузка, ток до 160 А",Worldwide,120-180 с,Confirmed,Гж 03_26.pdf,High,2026-07-03
PUB_13219,FAC_13220,researched_by,0.5,False,,Russia,,Confirmed,Гж 03_26.pdf,High,2026-07-03
EQU_13221,PRO_13222,operates_at_condition,0.5,False,Дробилка не функционирует или остановилась,Worldwide,,Confirmed,Гж 03_26.pdf,High,2026-07-03
EQU_13221,PRO_13223,operates_at_condition,0.5,False,"Масса достигает значения 0,2 т/с или ток превышает 130 А",Worldwide,,Confirmed,Гж 03_26.pdf,High,2026-07-03
EQU_13221,PRO_13224,operates_at_condition,0.5,False,Сигнал тока 6 мА или выше,Worldwide,,Confirmed,Гж 03_26.pdf,High,2026-07-03
EQU_13225,EXP_13226,researched_by,0.5,False,,Worldwide,,Confirmed,Гж 03_26.pdf,High,2026-07-03
EXP_13226,MAT_1399,uses_material,0.5,False,,Worldwide,,Confirmed,Гж 03_26.pdf,High,2026-07-03
EXP_13226,MAT_13227,uses_material,0.5,False,,Worldwide,,Confirmed,Гж 03_26.pdf,High,2026-07-03
EQU_13228,EQU_13229,uses_material,0.5,False,,Worldwide,,Confirmed,Гж 03_26.pdf,High,2026-07-03
PRO_13230,EQU_13229,operates_at_condition,0.5,False,Integration of diagnostic channels,Worldwide,,Confirmed,Гж 03_26.pdf,High,2026-07-03
EXP_13231,PRO_5872,researched_by,0.5,False,Изучены условия труда умерших работников,Russia,,Confirmed,Гж 03_26.pdf,High,2026-07-03
EQU_13232,EQU_13233,uses_material,0.5,False,,Worldwide,,Confirmed,Гж 03_26.pdf,High,2026-07-03
EQU_13232,EQU_13234,uses_material,0.5,False,,Worldwide,,Confirmed,Гж 03_26.pdf,High,2026-07-03
EQU_13232,EQU_13235,protects,0.5,False,Предотвращение попадания критических металлических объектов,Worldwide,,Confirmed,Гж 03_26.pdf,High,2026-07-03
EXP_13237,PUB_13236,researched_by,0.5,False,,Russia,,Confirmed,Гж 03_26.pdf,High,2026-07-03
EQU_13233,MAT_5742,operates_at_condition,0.5,False,,Worldwide,,Confirmed,Гж 03_26.pdf,High,2026-07-03
EQU_13239,MAT_5742,operates_at_condition,0.5,False,,Worldwide,,Confirmed,Гж 03_26.pdf,High,2026-07-03
PUB_13241,ORG_6663,described_in,0.5,False,,Russia,,Confirmed,Гж 03_26.pdf,High,2026-07-03
PRO_13242,MAT_13243,uses_material,0.5,False,,Worldwide,,Confirmed,Гж 03_26.pdf,High,2026-07-03
PRO_13244,MAT_13243,uses_material,0.5,False,"На хвостохранилище 'Лебяжье', расход реагента 30–40 г/м2, рабочая концентрация 3%",Russia,,Confirmed,Гж 03_26.pdf,High,2026-07-03
EXP_13245,MAT_13243,researched_by,0.5,False,,Russia,,Confirmed,Гж 03_26.pdf,High,2026-07-03
MAT_13248,FAC_13250,uses_material,0.5,False,интенсивная ветровая эрозия,Russia,,Confirmed,Гж 03_26.pdf,High,2026-07-03
PUB_13247,PRO_13249,described_in,0.5,False,,Russia,,Confirmed,Гж 03_26.pdf,High,2026-07-03
MAT_1126,PRO_13253,produces_output,0.5,False,Скорость ветра 4–5 м/с и более,Worldwide,,Confirmed,Гж 03_26.pdf,High,2026-07-03
PRO_13251,PRO_13253,operates_at_condition,0.5,False,,Worldwide,,Confirmed,Гж 03_26.pdf,High,2026-07-03
EQU_13252,PRO_13253,uses_material,0.5,False,,Worldwide,,Confirmed,Гж 03_26.pdf,High,2026-07-03
PRO_13254,FAC_369,operates_at_condition,0.5,False,Высота хвостохранилища 20–30 м и более,Worldwide,,Confirmed,Гж 03_26.pdf,High,2026-07-03
PRO_13255,FAC_369,operates_at_condition,0.5,False,"Недействующие хвостохранилища, техническая рекультивация",Worldwide,,Confirmed,Гж 03_26.pdf,High,2026-07-03
PRO_13256,FAC_369,uses_material,0.5,False,,Worldwide,,Confirmed,Гж 03_26.pdf,High,2026-07-03
MAT_13257,FAC_369,uses_material,0.5,False,Скорость ветра 10 м/с и более,Russia,,Partially_Confirmed,Гж 03_26.pdf,High,2026-07-03
MAT_13258,FAC_369,uses_material,0.5,False,,Worldwide,,Confirmed,Гж 03_26.pdf,High,2026-07-03
MAT_13243,PRO_13259,used_in,0.5,False,,Russia,,Confirmed,Гж 03_26.pdf,High,2026-07-03
EQU_13260,PRO_13259,used_in,0.5,False,,Russia,,Confirmed,Гж 03_26.pdf,High,2026-07-03
MAT_13243,EXP_13262,tested_in,0.5,False,"Расход 30–40 г/м2, рабочая концентрация 3%",Russia,,Confirmed,Гж 03_26.pdf,High,2026-07-03
PUB_13263,EXP_13264,researched_by,0.5,False,,Worldwide,,Confirmed,Гж 03_26.pdf,High,2026-07-03
PUB_13263,EXP_13265,researched_by,0.5,False,,Worldwide,,Confirmed,Гж 03_26.pdf,High,2026-07-03
MAT_13243,PRO_13266,used_in,0.5,False,"расчетная скорость ветра 16 м/с, площадь исследуемого образца 140 см2, естественная влажность 5%",Worldwide,,Confirmed,Гж 03_26.pdf,High,2026-07-03
EQU_13267,PRO_13266,used_in,0.5,False,,Worldwide,,Confirmed,Гж 03_26.pdf,High,2026-07-03
MAT_7957,PRO_6529,operates_at_condition,0.5,False,Пористость колеблется в пределах 3–22%,Worldwide,3–22%,Confirmed,Гж 03_26.pdf,High,2026-07-03
MAT_7955,PRO_6529,operates_at_condition,0.5,False,Пористость колеблется в пределах 1–3%,Worldwide,1–3%,Confirmed,Гж 03_26.pdf,High,2026-07-03
MAT_7957,PRO_4430,operates_at_condition,0.5,False,Проницаемость колеблется в пределах 10–15 м2,Worldwide,10–15 м2,Confirmed,Гж 03_26.pdf,High,2026-07-03
MAT_7955,PRO_4430,operates_at_condition,0.5,False,"Проницаемость низкая, большинство пород непроницаемы",Worldwide,,Confirmed,Гж 03_26.pdf,High,2026-07-03
MAT_13268,FAC_13269,produces_output,0.5,False,,Worldwide,,Confirmed,Гж 03_26.pdf,High,2026-07-03
MAT_13270,MAT_13268,produces_output,0.5,False,,Worldwide,,Confirmed,Гж 03_26.pdf,High,2026-07-03
PRO_13271,MAT_13268,produces_output,0.5,False,,Worldwide,,Confirmed,Гж 03_26.pdf,High,2026-07-03
PRO_13275,MAT_13276,uses_material,0.5,False,,Worldwide,,Confirmed,Гж 03_26.pdf,High,2026-07-03
PRO_13275,MAT_13277,produces_output,0.5,False,,Worldwide,,Confirmed,Гж 03_26.pdf,High,2026-07-03
EQU_13281,FAC_13282,uses_material,0.5,False,,Tajikistan,,Confirmed,Гж 03_26.pdf,High,2026-07-03
EQU_13281,MAT_13276,produces_output,0.5,False,температура более 900 °C,Tajikistan,900-1200 °C,Confirmed,Гж 03_26.pdf,High,2026-07-03
EQU_13281,MAT_13277,produces_output,0.5,False,металлургический передел,Tajikistan,,Confirmed,Гж 03_26.pdf,High,2026-07-03
MAT_13283,PRO_4481,uses_material,0.5,False,,Worldwide,,Confirmed,Гж 03_26.pdf,High,2026-07-03
MAT_13283,PRO_7796,uses_material,0.5,False,температура: 1150-1350 °C,Worldwide,,Confirmed,Гж 03_26.pdf,High,2026-07-03
PRO_7796,EQU_9335,operates_at_condition,0.5,False,температура: 1150-1350 °C,Worldwide,,Confirmed,Гж 03_26.pdf,High,2026-07-03
MAT_13285,PUB_6400,described_in,0.5,False,,Worldwide,,Confirmed,Гж 03_26.pdf,High,2026-07-03
EXP_13286,PUB_6400,researched_by,0.5,False,,Tajikistan,,Confirmed,Гж 03_26.pdf,High,2026-07-03
FAC_2104,MAT_7955,uses_material,0.5,False,,Worldwide,,Confirmed,Гж 03_26.pdf,High,2026-07-03
FAC_2104,MAT_13287,uses_material,0.5,False,,Worldwide,,Confirmed,Гж 03_26.pdf,High,2026-07-03
PRO_13288,PRO_6529,operates_at_condition,0.5,False,Изменение карбонатности влияет на пористость горных пород,Worldwide,,Confirmed,Гж 03_26.pdf,High,2026-07-03
FAC_13289,PRO_6529,produces_output,0.5,False,При снижении карбонатности на 40% пористость увеличивается на 10%,Worldwide,650–800 м,Confirmed,Гж 03_26.pdf,High,2026-07-03
FAC_13290,PRO_6529,produces_output,0.5,False,При снижении карбонатности на 80% пористость увеличивается на 4%,Worldwide,1000–1150 м,Confirmed,Гж 03_26.pdf,High,2026-07-03
FAC_13291,PRO_6529,produces_output,0.5,False,При увеличении карбонатности на 80% пористость уменьшается на 10%,Worldwide,500–2000 м,Confirmed,Гж 03_26.pdf,High,2026-07-03
FAC_13292,PRO_6529,produces_output,0.5,False,При увеличении карбонатности на 80% пористость уменьшается на 6%,Worldwide,1600–2000 м,Confirmed,Гж 03_26.pdf,High,2026-07-03
FAC_13293,PRO_6529,produces_output,0.5,False,При снижении карбонатности на 60% пористость увеличивается на 13%,Worldwide,800–1000 м,Confirmed,Гж 03_26.pdf,High,2026-07-03
FAC_13294,PRO_13295,operates_at_condition,0.5,False,"Глубина карьера, угол наклона бортов, физико-механические свойства пород",Узбекистан,,Confirmed,Гж 03_26.pdf,High,2026-07-03
FAC_13294,PRO_13296,produces_output,0.5,False,,Узбекистан,,Confirmed,Гж 03_26.pdf,High,2026-07-03
FAC_2104,PRO_13297,operates_at_condition,0.5,False,Наблюдения проводятся с использованием тахеометра LeicaTS06,Worldwide,,Confirmed,Гж 03_26.pdf,High,2026-07-03
PRO_13297,EQU_13298,uses_material,0.5,False,,Worldwide,,Confirmed,Гж 03_26.pdf,High,2026-07-03
FAC_13299,MAT_11266,uses_material,0.5,False,,Russia,,Unverified,Гж 03_26.pdf,High,2026-07-03
EXP_13301,FAC_13300,researched_by,0.5,False,,Russia,,Confirmed,Гж 03_26.pdf,High,2026-07-03
FAC_3685,MAT_3184,uses_material,0.5,False,,Russia,,Confirmed,Гж 03_26.pdf,High,2026-07-03
FAC_3685,PRO_13305,operates_at_condition,0.5,False,,Russia,,Confirmed,Гж 03_26.pdf,High,2026-07-03
FAC_13307,EQU_13308,uses_material,0.5,False,,Worldwide,,Confirmed,Гж 03_26.pdf,High,2026-07-03
FAC_13307,EQU_13309,uses_material,0.5,False,,Worldwide,,Confirmed,Гж 03_26.pdf,High,2026-07-03
FAC_13294,EQU_13310,uses_material,0.5,False,,Worldwide,,Confirmed,Гж 03_26.pdf,High,2026-07-03
FAC_13294,EQU_13311,uses_material,0.5,False,для деформационного мониторинга,Worldwide,,Confirmed,Гж 03_26.pdf,High,2026-07-03
EQU_13312,FAC_2104,operates_at_condition,0.5,False,Круглосуточный мониторинг деформаций,Worldwide,,Confirmed,Гж 03_26.pdf,High,2026-07-03
EQU_13312,EQU_13310,produces_output,0.5,False,Импорт данных о контрольных точках и векторах смещения,Worldwide,,Confirmed,Гж 03_26.pdf,High,2026-07-03
FAC_3685,PRO_13313,operates_at_condition,0.5,False,,Russia,,Confirmed,Гж 03_26.pdf,High,2026-07-03
FAC_3685,MAT_13314,produces_output,0.5,False,,Russia,,Partially_Confirmed,Гж 03_26.pdf,High,2026-07-03
FAC_3685,EQU_13315,uses_material,0.5,False,,Russia,,Confirmed,Гж 03_26.pdf,High,2026-07-03
EXP_13301,FAC_6203,researched_by,0.5,False,,Russia,,Confirmed,Гж 03_26.pdf,High,2026-07-03
PUB_13317,FAC_13318,described_in,0.5,False,,Russia,,Confirmed,Гж 03_26.pdf,High,2026-07-03
ORG_6414,PUB_896,described_in,0.5,False,,Russia,,Confirmed,Гж 04_26.pdf,High,2026-07-03
FAC_13319,PRO_13320,operates_at_condition,0.5,False,Соблюдение правил и регламентов завода-изготовителя,Russia,,Confirmed,Гж 03_26.pdf,High,2026-07-03
FAC_13321,PUB_13322,described_in,0.5,False,,Russia,,Confirmed,Гж 04_26.pdf,High,2026-07-03
FAC_13323,EQU_11090,operates_at_condition,0.5,False,Текущий и капитальный ремонт,Russia,,Confirmed,Гж 03_26.pdf,High,2026-07-03
FAC_13323,EQU_13325,operates_at_condition,0.5,False,Профессиональный ремонт и испытания,Russia,,Confirmed,Гж 03_26.pdf,High,2026-07-03
FAC_13323,EQU_5287,operates_at_condition,0.5,False,Профессиональный ремонт и испытания,Russia,,Confirmed,Гж 03_26.pdf,High,2026-07-03
FAC_13326,FAC_3685,operates_at_condition,0.5,False,,Russia,,Confirmed,Гж 03_26.pdf,High,2026-07-03
EQU_1816,PRO_13330,uses_material,0.5,False,,Russia,,Confirmed,Гж 03_26.pdf,High,2026-07-03
EQU_1816,PRO_13331,operates_at_condition,0.5,False,В режиме реального времени,Russia,,Confirmed,Гж 03_26.pdf,High,2026-07-03
FAC_13332,ORG_6692,researched_by,0.5,False,,Russia,,Confirmed,Гж 04_26.pdf,High,2026-07-03
FAC_13332,ORG_13333,researched_by,0.5,False,,Russia,,Confirmed,Гж 04_26.pdf,High,2026-07-03
FAC_13332,ORG_13334,researched_by,0.5,False,,Russia,,Confirmed,Гж 04_26.pdf,High,2026-07-03
FAC_13316,PUB_896,researched_by,0.5,False,,Russia,,Confirmed,Гж 04_26.pdf,High,2026-07-03
FAC_13335,FAC_13332,researched_by,0.5,False,,Russia,,Confirmed,Гж 04_26.pdf,High,2026-07-03
EXP_13336,PUB_6400,researched_by,0.5,False,,Russia,,Unverified,Гж 04_26.pdf,High,2026-07-03
EXP_13337,PUB_6400,researched_by,0.5,False,,Russia,,Unverified,Гж 04_26.pdf,High,2026-07-03
EXP_13338,PUB_6400,researched_by,0.5,False,,Russia,,Unverified,Гж 04_26.pdf,High,2026-07-03
FAC_13339,EXP_13340,researched_by,0.5,False,,Russia,,Confirmed,Гж 04_26.pdf,High,2026-07-03
FAC_13339,EXP_13341,researched_by,0.5,False,,Russia,,Confirmed,Гж 04_26.pdf,High,2026-07-03
FAC_13342,PUB_13343,described_in,0.5,False,,Russia,,Confirmed,Гж 04_26.pdf,High,2026-07-03
FAC_13349,ORG_1897,researched_by,0.5,False,,Russia,,Confirmed,Гж 04_26.pdf,High,2026-07-03
FAC_13349,FAC_2034,researched_by,0.5,False,,Russia,,Confirmed,Гж 04_26.pdf,High,2026-07-03
FAC_13349,ORG_13350,researched_by,0.5,False,,Russia,,Confirmed,Гж 04_26.pdf,High,2026-07-03
FAC_13351,ORG_6692,researched_by,0.5,False,,Russia,,Confirmed,Гж 04_26.pdf,High,2026-07-03
FAC_13351,FAC_7478,researched_by,0.5,False,,Russia,,Confirmed,Гж 04_26.pdf,High,2026-07-03
FAC_13351,FAC_2034,researched_by,0.5,False,,Russia,,Confirmed,Гж 04_26.pdf,High,2026-07-03
FAC_13351,ORG_13352,researched_by,0.5,False,,Russia,,Confirmed,Гж 04_26.pdf,High,2026-07-03
FAC_13351,ORG_13353,researched_by,0.5,False,,Russia,,Confirmed,Гж 04_26.pdf,High,2026-07-03
FAC_13351,ORG_13354,researched_by,0.5,False,,Russia,,Confirmed,Гж 04_26.pdf,High,2026-07-03
EXP_13359,MAT_4443,researched_by,0.5,False,,Worldwide,,Unverified,Гж 04_26.pdf,High,2026-07-03
PRO_13360,PRO_13361,researched_by,0.5,False,,Worldwide,,Confirmed,Гж 04_26.pdf,High,2026-07-03
PRO_13362,PRO_13363,researched_by,0.5,False,,Worldwide,,Confirmed,Гж 04_26.pdf,High,2026-07-03
PRO_13364,PRO_13363,contradicts,0.5,False,,Worldwide,,Confirmed,Гж 04_26.pdf,High,2026-07-03
FAC_13366,ORG_13367,researched_by,0.5,False,,Russia,,Confirmed,Гж 04_26.pdf,High,2026-07-03
FAC_13366,ORG_13368,operates_at_condition,0.5,False,Производственная практика студентов,Russia,,Confirmed,Гж 04_26.pdf,High,2026-07-03
FAC_13366,ORG_13369,operates_at_condition,0.5,False,Производственная практика студентов,Russia,,Confirmed,Гж 04_26.pdf,High,2026-07-03
FAC_13366,ORG_13370,operates_at_condition,0.5,False,Производственная практика студентов,Russia,,Confirmed,Гж 04_26.pdf,High,2026-07-03
PRO_13371,PRO_13360,uses_material,0.5,False,,Russia,,Confirmed,Гж 04_26.pdf,High,2026-07-03
PRO_13371,PRO_13361,uses_material,0.5,False,,Russia,,Confirmed,Гж 04_26.pdf,High,2026-07-03
PRO_13371,PRO_13372,uses_material,0.5,False,,Russia,,Confirmed,Гж 04_26.pdf,High,2026-07-03
PRO_13373,PRO_13374,researched_by,0.5,False,,Worldwide,,Confirmed,Гж 04_26.pdf,High,2026-07-03
PRO_13375,MAT_13376,uses_material,0.5,False,,Worldwide,,Confirmed,Гж 04_26.pdf,High,2026-07-03
PRO_13375,MAT_1233,uses_material,0.5,False,,Worldwide,,Confirmed,Гж 04_26.pdf,High,2026-07-03
EXP_13377,MAT_13376,uses_material,0.5,False,,Worldwide,,Confirmed,Гж 04_26.pdf,High,2026-07-03
EXP_13377,MAT_1863,uses_material,0.5,False,,Worldwide,,Confirmed,Гж 04_26.pdf,High,2026-07-03
EXP_13379,MAT_1863,uses_material,0.5,False,,Russia,,Confirmed,Гж 04_26.pdf,High,2026-07-03
EXP_13379,MAT_10113,uses_material,0.5,False,,Russia,,Confirmed,Гж 04_26.pdf,High,2026-07-03
EXP_13379,MAT_3486,uses_material,0.5,False,,Russia,,Confirmed,Гж 04_26.pdf,High,2026-07-03
EXP_13379,MAT_13380,uses_material,0.5,False,,Russia,,Confirmed,Гж 04_26.pdf,High,2026-07-03
EXP_13379,MAT_13376,uses_material,0.5,False,,Russia,,Confirmed,Гж 04_26.pdf,High,2026-07-03
PRO_13381,MAT_961,uses_material,0.5,False,,Worldwide,,Unverified,Гж 04_26.pdf,High,2026-07-03
EXP_13382,PRO_13381,researched_by,0.5,False,,Worldwide,,Unverified,Гж 04_26.pdf,High,2026-07-03
PUB_13383,PRO_13381,described_in,0.5,False,,Worldwide,,Confirmed,Гж 04_26.pdf,High,2026-07-03
PUB_13384,PRO_13381,described_in,0.5,False,,Worldwide,,Confirmed,Гж 04_26.pdf,High,2026-07-03
PUB_13385,PRO_13381,described_in,0.5,False,,Worldwide,,Confirmed,Гж 04_26.pdf,High,2026-07-03
EQU_13386,PRO_13387,uses_material,0.5,False,мощность песков 15–20 м,Worldwide,глубина черпания до 12 м,Unverified,Гж 04_26.pdf,High,2026-07-03
EQU_10097,PRO_13387,operates_at_condition,0.5,False,вскрышные работы,Worldwide,,Unverified,Гж 04_26.pdf,High,2026-07-03
PRO_13388,MAT_424,uses_material,0.5,False,,Russia,,Confirmed,Гж 04_26.pdf,High,2026-07-03
EQU_13389,PRO_13388,operates_at_condition,0.5,False,максимальная глубина черпания 12 м,Russia,,Confirmed,Гж 04_26.pdf,High,2026-07-03
EQU_13390,PRO_13388,operates_at_condition,0.5,False,глубина черпания до 30 м,Russia,,Confirmed,Гж 04_26.pdf,High,2026-07-03
MAT_1863,PRO_13392,operates_at_condition,0.5,False,"влажность от 0,10 до 0,020",Worldwide,,Confirmed,Гж 04_26.pdf,High,2026-07-03
MAT_3486,PRO_13392,operates_at_condition,0.5,False,"влажность от 0,010 до 0,019",Worldwide,,Confirmed,Гж 04_26.pdf,High,2026-07-03
MAT_13380,PRO_13392,operates_at_condition,0.5,False,"влажность от 0,045 до 0,097",Worldwide,,Confirmed,Гж 04_26.pdf,High,2026-07-03
MAT_10113,PRO_13392,operates_at_condition,0.5,False,"влажность от 0,011 до 0,018",Worldwide,,Confirmed,Гж 04_26.pdf,High,2026-07-03
MAT_1863,PRO_13393,uses_material,0.5,False,,Worldwide,,Confirmed,Гж 04_26.pdf,High,2026-07-03
PUB_13394,PRO_13395,researched_by,0.5,False,,Russia,,Confirmed,Гж 04_26.pdf,High,2026-07-03
PRO_13395,MAT_13396,uses_material,0.5,False,,Russia,,Confirmed,Гж 04_26.pdf,High,2026-07-03
PRO_13395,MAT_13397,uses_material,0.5,False,,Russia,,Confirmed,Гж 04_26.pdf,High,2026-07-03
PRO_13395,MAT_13398,uses_material,0.5,False,,Russia,,Confirmed,Гж 04_26.pdf,High,2026-07-03
PRO_13395,MAT_13399,uses_material,0.5,False,,Russia,,Confirmed,Гж 04_26.pdf,High,2026-07-03
PRO_13395,MAT_13400,uses_material,0.5,False,,Russia,,Confirmed,Гж 04_26.pdf,High,2026-07-03
PRO_13401,EQU_13402,uses_material,0.5,False,,Russia,,Confirmed,Гж 04_26.pdf,High,2026-07-03
PRO_13401,FAC_13403,operates_at_condition,0.5,False,"Глубина залегания 25,6 м, средняя мощность драгируемых песков 17,6 м, ширина промышленного контура 142 м",Russia,,Confirmed,Гж 04_26.pdf,High,2026-07-03
PRO_13387,MAT_13404,uses_material,0.5,False,,Russia,,Confirmed,Гж 04_26.pdf,High,2026-07-03
EQU_13402,PRO_13387,operates_at_condition,0.5,False,,Russia,,Confirmed,Гж 04_26.pdf,High,2026-07-03
EXP_13406,PUB_13405,researched_by,0.5,False,,Russia,,Confirmed,Гж 04_26.pdf,High,2026-07-03
EXP_13407,PUB_13405,researched_by,0.5,False,,Russia,,Confirmed,Гж 04_26.pdf,High,2026-07-03
PUB_13405,PRO_13408,uses_material,0.5,False,,Russia,,Confirmed,Гж 04_26.pdf,High,2026-07-03
PUB_13409,PRO_13410,described_in,0.5,False,,Worldwide,,Confirmed,Гж 04_26.pdf,High,2026-07-03
PUB_13411,PRO_13360,described_in,0.5,False,,Worldwide,,Confirmed,Гж 04_26.pdf,High,2026-07-03
PUB_13411,PRO_13412,described_in,0.5,False,,Worldwide,,Confirmed,Гж 04_26.pdf,High,2026-07-03
PUB_13411,PRO_13413,described_in,0.5,False,,Worldwide,,Confirmed,Гж 04_26.pdf,High,2026-07-03
PRO_13414,EXP_13415,researched_by,0.5,False,,Worldwide,,Confirmed,Гж 04_26.pdf,High,2026-07-03
EXP_13415,PUB_11519,described_in,0.5,False,,Russia,,Confirmed,Гж 04_26.pdf,High,2026-07-03
PRO_81,MAT_1146,uses_material,0.5,False,,Worldwide,,Confirmed,Гж 04_26.pdf,High,2026-07-03
EQU_13416,PRO_81,operates_at_condition,0.5,False,,Worldwide,,Confirmed,Гж 04_26.pdf,High,2026-07-03
EXP_13417,PRO_8010,produces_output,0.5,False,при комбинированной электрохимической сульфидизации,Worldwide,95%,Confirmed,Гж 04_26.pdf,High,2026-07-03
PRO_81,EQU_13418,uses_material,0.5,False,,Worldwide,,Confirmed,Гж 04_26.pdf,High,2026-07-03
PRO_81,MAT_1146,operates_at_condition,0.5,False,,Worldwide,,Confirmed,Гж 04_26.pdf,High,2026-07-03
PRO_81,MAT_13419,operates_at_condition,0.5,False,,Worldwide,,Confirmed,Гж 04_26.pdf,High,2026-07-03
EQU_13420,PRO_81,uses_material,0.5,False,,Worldwide,,Confirmed,Гж 04_26.pdf,High,2026-07-03
PRO_81,MAT_13421,produces_output,0.5,False,,Worldwide,,Confirmed,Гж 04_26.pdf,High,2026-07-03
PUB_13422,PRO_81,described_in,0.5,False,,Worldwide,,Confirmed,Гж 04_26.pdf,High,2026-07-03
PUB_13423,PRO_81,researched_by,0.5,False,,Worldwide,,Confirmed,Гж 04_26.pdf,High,2026-07-03
PUB_13424,EQU_13420,described_in,0.5,False,,Worldwide,,Confirmed,Гж 04_26.pdf,High,2026-07-03
MAT_5735,PRO_13425,uses_material,0.5,False,,Worldwide,,Confirmed,Гж 04_26.pdf,High,2026-07-03
EQU_13426,PRO_13425,operates_at_condition,0.5,False,"ускорение ротора 60 G, плотность питания (Т:Ж) 1:0,5, расход флюидизационной воды 3,5 л/мин, производительность по питанию 100 кг/ч",Worldwide,,Confirmed,Гж 04_26.pdf,High,2026-07-03
PRO_81,PUB_13437,described_in,0.5,False,,Worldwide,,Confirmed,Гж 04_26.pdf,High,2026-07-03
MAT_13438,PRO_13440,uses_material,0.5,False,Крупность –2 мм,Worldwide,,Confirmed,Гж 04_26.pdf,High,2026-07-03
MAT_13439,PRO_13440,uses_material,0.5,False,Крупность –2 мм,Worldwide,,Confirmed,Гж 04_26.pdf,High,2026-07-03
MAT_13442,PRO_13440,uses_material,0.5,False,"Крупность -2 мм, выход продукта 0,19 %, исходное содержание золота 1,08 г/т",Worldwide,,Confirmed,Гж 04_26.pdf,High,2026-07-03
PRO_13440,EQU_13426,operates_at_condition,0.5,False,,Worldwide,,Confirmed,Гж 04_26.pdf,High,2026-07-03
PRO_13440,PRO_9448,produces_output,0.5,False,Высокое извлечение золота в концентрат,Worldwide,,Confirmed,Гж 04_26.pdf,High,2026-07-03
PRO_13449,EQU_13450,uses_material,0.5,False,,Worldwide,,Confirmed,Гж 04_26.pdf,High,2026-07-03
PRO_13449,PRO_13451,produces_output,0.5,False,"Выход концентрата 0,19–0,26 %, содержание золота 48,9–527 г/т",Worldwide,"92,7–100 %",Confirmed,Гж 04_26.pdf,High,2026-07-03
EQU_13453,MAT_7953,uses_material,0.5,False,,Russia,,Unverified,Гж 04_26.pdf,High,2026-07-03
EQU_13453,PRO_13452,produces_output,0.5,False,,Russia,,Unverified,Гж 04_26.pdf,High,2026-07-03
EQU_13455,MAT_7953,uses_material,0.5,False,,Worldwide,,Unverified,Гж 04_26.pdf,High,2026-07-03
EQU_13455,PRO_13454,operates_at_condition,0.5,False,"Замкнутый цикл, мобильная установка",Worldwide,,Unverified,Гж 04_26.pdf,High,2026-07-03
EQU_13458,PRO_13457,uses_material,0.5,False,,Worldwide,,Unverified,Гж 04_26.pdf,High,2026-07-03
PRO_13457,MAT_13456,operates_at_condition,0.5,False,,Russia,,Unverified,Гж 04_26.pdf,High,2026-07-03
PRO_13459,PRO_13460,produces_output,0.5,False,,Worldwide,,Unverified,Гж 04_26.pdf,High,2026-07-03
PRO_13459,PRO_13461,produces_output,0.5,False,,Worldwide,,Unverified,Гж 04_26.pdf,High,2026-07-03
PRO_13462,MAT_13463,researched_by,0.5,False,,Worldwide,,Unverified,Гж 04_26.pdf,High,2026-07-03
PRO_8237,MAT_13464,researched_by,0.5,False,,Worldwide,,Unverified,Гж 04_26.pdf,High,2026-07-03
PRO_8237,MAT_13465,researched_by,0.5,False,,Worldwide,,Unverified,Гж 04_26.pdf,High,2026-07-03
EQU_13426,MAT_424,uses_material,0.5,False,,Russia,,Confirmed,Гж 04_26.pdf,High,2026-07-03
PRO_13466,EQU_13426,operates_at_condition,0.5,False,,Russia,,Confirmed,Гж 04_26.pdf,High,2026-07-03
PRO_13466,MAT_424,produces_output,0.5,False,эффективное извлечение мелкого и тонкого золота,Russia,,Confirmed,Гж 04_26.pdf,High,2026-07-03
FAC_13467,PRO_13468,researched_by,0.5,False,,Russia,,Confirmed,Гж 04_26.pdf,High,2026-07-03
EXP_13469,FAC_13467,validated_by,0.5,False,,Russia,,Confirmed,Гж 04_26.pdf,High,2026-07-03
PRO_13470,PRO_13471,uses_material,0.5,False,"Анализ данных о геологических структурах, разломах, зонах денудации и других признаках.",Worldwide,,Unverified,Гж 04_26.pdf,High,2026-07-03
PRO_13472,EQU_13473,uses_material,0.5,False,,Worldwide,,Unverified,Гж 04_26.pdf,High,2026-07-03
PRO_13472,MAT_7953,operates_at_condition,0.5,False,,Worldwide,,Unverified,Гж 04_26.pdf,High,2026-07-03
PRO_13472,PRO_13474,produces_output,0.5,False,"Остаточное содержание примеси нефтепродукта в пределах ПДК (≤0,3 мг/л)",Worldwide,"≤0,3 мг/л",Unverified,Гж 04_26.pdf,High,2026-07-03
FAC_13467,PRO_13476,researched_by,0.5,False,,Russia,,Confirmed,Гж 04_26.pdf,High,2026-07-03
PUB_13478,FAC_13479,researched_by,0.5,False,,Russia,,Confirmed,Гж 04_26.pdf,High,2026-07-03
FAC_4831,PRO_13480,operates_at_condition,0.5,False,"сложное геологическое строение, наличие соленосных толщ",Central Asia,,Confirmed,Гж 04_26.pdf,High,2026-07-03
PRO_13480,MAT_13481,produces_output,0.5,False,бурение скважин,Central Asia,,Confirmed,Гж 04_26.pdf,High,2026-07-03
FAC_13482,MAT_541,contains,0.5,False,,Worldwide,,Confirmed,Гж 04_26.pdf,High,2026-07-03
PRO_13483,PRO_13484,uses,0.5,False,,Worldwide,,Confirmed,Гж 04_26.pdf,High,2026-07-03
PRO_13485,MAT_3479,researched_by,0.5,False,С крутизной крыльев более 2–3° на глубинах свыше 2500–3000 м,Worldwide,,Confirmed,Гж 04_26.pdf,High,2026-07-03
PRO_13485,FAC_4831,operates_at_condition,0.5,False,Наличие коллекторов в подсолевых отложениях и мощность соленосной толщи более 500 м,Worldwide,,Confirmed,Гж 04_26.pdf,High,2026-07-03
EXP_13489,MAT_13481,researched_by,0.5,False,,Worldwide,,Unverified,Гж 04_26.pdf,High,2026-07-03
EXP_13489,PRO_13490,uses_material,0.5,False,,Worldwide,,Unverified,Гж 04_26.pdf,High,2026-07-03
EXP_13489,PRO_13491,uses_material,0.5,False,,Worldwide,,Unverified,Гж 04_26.pdf,High,2026-07-03
EXP_13489,PRO_4834,uses_material,0.5,False,,Worldwide,,Unverified,Гж 04_26.pdf,High,2026-07-03
EXP_13489,PRO_13492,uses_material,0.5,False,,Worldwide,,Unverified,Гж 04_26.pdf,High,2026-07-03
EXP_12541,PUB_13493,researched_by,0.5,False,,Worldwide,,Confirmed,Гж 04_26.pdf,High,2026-07-03
PUB_13493,FAC_13494,operates_at_condition,0.5,False,,Worldwide,,Confirmed,Гж 04_26.pdf,High,2026-07-03
PRO_13495,MAT_3479,operates_at_condition,0.5,False,"Мощность эвапоритовой формации более 450–500 м, уровень пластовой энергии выше 1,1",Worldwide,,Confirmed,Гж 04_26.pdf,High,2026-07-03
PRO_13495,EQU_1695,uses_material,0.5,False,,Worldwide,,Confirmed,Гж 04_26.pdf,High,2026-07-03
FAC_13497,PRO_13496,uses_material,0.5,False,,Russia,,Unverified,Гж 04_26.pdf,High,2026-07-03
FAC_13498,PRO_13496,uses_material,0.5,False,,Russia,,Unverified,Гж 04_26.pdf,High,2026-07-03
FAC_13499,MAT_622,uses_material,0.5,False,,Russia,,Confirmed,Гж 04_26.pdf,High,2026-07-03
FAC_13505,MAT_13500,contains,0.5,False,,Russia,,Confirmed,Гж 04_26.pdf,High,2026-07-03
FAC_13505,MAT_13504,contains,0.5,False,,Russia,,Confirmed,Гж 04_26.pdf,High,2026-07-03
FAC_13505,MAT_13501,contains,0.5,False,,Russia,,Confirmed,Гж 04_26.pdf,High,2026-07-03
MAT_3604,PRO_13507,uses_material,0.5,False,,Worldwide,,Confirmed,Гж 04_26.pdf,High,2026-07-03
MAT_11197,PRO_13508,uses_material,0.5,False,,Worldwide,,Confirmed,Гж 04_26.pdf,High,2026-07-03
MAT_622,FAC_13499,uses_material,0.5,False,,Russia,,Confirmed,Гж 04_26.pdf,High,2026-07-03
MAT_13511,FAC_13499,uses_material,0.5,False,Можно подшихтовывать в какой-либо пропорции к нефелиновым рудам,Russia,,Partially_Confirmed,Гж 04_26.pdf,High,2026-07-03
PRO_13512,MAT_622,operates_at_condition,0.5,False,,Worldwide,,Confirmed,Гж 04_26.pdf,High,2026-07-03
PRO_13512,MAT_13511,operates_at_condition,0.5,False,,Worldwide,,Partially_Confirmed,Гж 04_26.pdf,High,2026-07-03
FAC_13517,FAC_13498,uses_material,0.5,False,,Russia,,Unverified,Гж 04_26.pdf,High,2026-07-03
FAC_13517,FAC_13499,uses_material,0.5,False,,Russia,,Unverified,Гж 04_26.pdf,High,2026-07-03
FAC_9997,PRO_7551,uses_material,0.5,False,,Russia,,Confirmed,Гж 04_26.pdf,High,2026-07-03
PRO_7551,PRO_13519,researched_by,0.5,False,,Russia,,Confirmed,Гж 04_26.pdf,High,2026-07-03
MAT_13520,PRO_9828,uses_material,0.5,False,,Worldwide,,Unverified,Гж 04_26.pdf,High,2026-07-03
EQU_13521,EXP_13522,operates_at_condition,0.5,False,Обработка данных о породах массива,Worldwide,,Unverified,Гж 04_26.pdf,High,2026-07-03
PRO_4433,EXP_13522,produces_output,0.5,False,,Worldwide,,Unverified,Гж 04_26.pdf,High,2026-07-03
MAT_622,MAT_2368,uses_material,0.5,False,Добавление боксита в количестве 10–20% для повышения содержания Al2O3,Russia,,Confirmed,Гж 04_26.pdf,High,2026-07-03
MAT_622,PRO_13496,operates_at_condition,0.5,False,,Russia,,Confirmed,Гж 04_26.pdf,High,2026-07-03
PRO_13496,PRO_13523,produces_output,0.5,False,,Russia,,Confirmed,Гж 04_26.pdf,High,2026-07-03
PRO_13523,PRO_13524,produces_output,0.5,False,,Russia,,Confirmed,Гж 04_26.pdf,High,2026-07-03
PRO_13524,MAT_13525,produces_output,0.5,False,,Russia,,Confirmed,Гж 04_26.pdf,High,2026-07-03
PRO_13524,MAT_13526,produces_output,0.5,False,,Russia,,Confirmed,Гж 04_26.pdf,High,2026-07-03
PRO_13527,PRO_13528,operates_at_condition,0.5,False,Отсутствие постоянных границ выработанного пространства,Worldwide,,Unverified,Гж 04_26.pdf,High,2026-07-03
PRO_13530,MAT_13529,researched_by,0.5,False,,Russia,,Confirmed,Гж 04_26.pdf,High,2026-07-03
PRO_13530,MAT_8232,researched_by,0.5,False,,Russia,,Confirmed,Гж 04_26.pdf,High,2026-07-03
PRO_9828,EXP_13532,researched_by,0.5,False,,Worldwide,,Unverified,Гж 04_26.pdf,High,2026-07-03
EXP_13522,PUB_13533,described_in,0.5,False,,Worldwide,,Unverified,Гж 04_26.pdf,High,2026-07-03
EXP_13522,PUB_13534,described_in,0.5,False,,Worldwide,,Unverified,Гж 04_26.pdf,High,2026-07-03
PUB_13535,PRO_13536,described_in,0.5,False,,Russia,,Confirmed,Гж 04_26.pdf,High,2026-07-03
PRO_13536,PRO_13537,operates_at_condition,0.5,False,,Russia,,Confirmed,Гж 04_26.pdf,High,2026-07-03
PRO_13536,PRO_13538,operates_at_condition,0.5,False,,Russia,,Confirmed,Гж 04_26.pdf,High,2026-07-03
PRO_13536,PRO_13539,operates_at_condition,0.5,False,,Russia,,Confirmed,Гж 04_26.pdf,High,2026-07-03
PRO_13536,PRO_13540,operates_at_condition,0.5,False,,Russia,,Confirmed,Гж 04_26.pdf,High,2026-07-03
PRO_13536,PRO_13541,operates_at_condition,0.5,False,,Russia,,Confirmed,Гж 04_26.pdf,High,2026-07-03
PRO_13542,MAT_13543,operates_at_condition,0.5,False,"Применяется для осветления воды, увеличения крупности взвешенных частиц и повышения скорости их осаждения.",Russia,,Confirmed,Гж 04_26.pdf,High,2026-07-03
PRO_13542,MAT_13544,operates_at_condition,0.5,False,"Применяется для осветления воды, сгущения и уплотнения осадка.",Russia,,Confirmed,Гж 04_26.pdf,High,2026-07-03
PRO_13545,EQU_13546,uses_material,0.5,False,"параллельная работа двух идентичных отстойников, в одном из которых сточную воду дополнительно обрабатывают с использованием КАМ",Russia,,Confirmed,Гж 04_26.pdf,High,2026-07-03
EQU_13549,PRO_13550,operates_at_condition,0.5,False,"Температура нагрева лезвия вставки достигает 359 °C, а паяного соединения — 355 °C",Worldwide,,Confirmed,Гж 04_26.pdf,High,2026-07-03
PRO_13548,EQU_13549,uses_material,0.5,False,,Worldwide,,Confirmed,Гж 04_26.pdf,High,2026-07-03
MAT_5472,EQU_13556,uses_material,0.5,False,,Worldwide,,Confirmed,Гж 04_26.pdf,High,2026-07-03
EQU_13556,PRO_6122,operates_at_condition,0.5,False,Температура нагрева паяного шва между режущей вставкой и державкой резца при бурении должна быть значительно выше 355 °C,Worldwide,,Confirmed,Гж 04_26.pdf,High,2026-07-03
EQU_13559,EQU_13560,uses_material,0.5,False,бурение без промывки,Worldwide,,Confirmed,Гж 04_26.pdf,High,2026-07-03
PRO_6122,EQU_13559,operates_at_condition,0.5,False,"усилие подачи резца 9,8 кН, частота вращения бурового става 335 мин–1",Worldwide,,Confirmed,Гж 04_26.pdf,High,2026-07-03
EQU_13559,MAT_13561,uses_material,0.5,False,,Worldwide,,Confirmed,Гж 04_26.pdf,High,2026-07-03
EQU_13559,MAT_13562,uses_material,0.5,False,,Worldwide,,Confirmed,Гж 04_26.pdf,High,2026-07-03
EQU_13559,MAT_13563,uses_material,0.5,False,,Worldwide,,Confirmed,Гж 04_26.pdf,High,2026-07-03
EQU_13559,MAT_13564,uses_material,0.5,False,,Worldwide,,Confirmed,Гж 04_26.pdf,High,2026-07-03
PRO_13565,MAT_13543,produces_output,0.5,False,эффективен для крупнодисперсных частиц класса +50 мкм,Worldwide,,Confirmed,Гж 04_26.pdf,High,2026-07-03
PRO_13545,MAT_13543,produces_output,0.5,False,эффективен в период ледостава на хвостохранилищах и в прудах-отстойниках,Russia,,Confirmed,Гж 04_26.pdf,High,2026-07-03
EQU_13546,PRO_13565,uses_material,0.5,False,,Worldwide,,Confirmed,Гж 04_26.pdf,High,2026-07-03
PRO_13542,MAT_13567,produces_output,0.5,False,в контролируемых условиях алмазодобывающего предприятия,Russia,,Confirmed,Гж 04_26.pdf,High,2026-07-03
MAT_13567,EQU_13568,uses_material,0.5,False,,Russia,,Confirmed,Гж 04_26.pdf,High,2026-07-03
PRO_13570,MAT_13543,uses_material,0.5,False,,Russia,,Confirmed,Гж 04_26.pdf,High,2026-07-03
PRO_13571,MAT_13543,uses_material,0.5,False,,Russia,,Confirmed,Гж 04_26.pdf,High,2026-07-03
PRO_13542,MAT_13573,uses_material,0.5,False,период ледостава,Russia,,Confirmed,Гж 04_26.pdf,High,2026-07-03
EQU_13574,PRO_13542,operates_at_condition,0.5,False,энергопотребление не более 5–10 Вт/м³,Russia,5–10 Вт/м³,Confirmed,Гж 04_26.pdf,High,2026-07-03
PRO_13575,EQU_13576,uses_material,0.5,False,,Worldwide,,Confirmed,Гж 04_26.pdf,High,2026-07-03
PRO_13575,PRO_13577,produces_output,0.5,False,В акустическом поле с амплитудой акустического давления 10 Па,Worldwide,,Confirmed,Гж 04_26.pdf,High,2026-07-03
EQU_13582,MAT_13580,uses_material,0.5,False,,Worldwide,,Confirmed,Гж 04_26.pdf,High,2026-07-03
EXP_13583,EQU_13582,operates_at_condition,0.5,False,"режим бурения, характерный для самоходной буровой машины Fletcher",Worldwide,,Confirmed,Гж 04_26.pdf,High,2026-07-03
MAT_7859,PRO_8148,uses_material,0.5,False,,Worldwide,,Unverified,Гж 04_26.pdf,High,2026-07-03
PRO_8148,PRO_13584,produces_output,0.5,False,,Worldwide,,Unverified,Гж 04_26.pdf,High,2026-07-03
MAT_13585,PRO_28,uses_material,0.5,False,При переработке руды,Worldwide,,Confirmed,Гж 04_26.pdf,High,2026-07-03
PRO_28,FAC_369,produces_output,0.5,False,При хранении отходов,Worldwide,,Confirmed,Гж 04_26.pdf,High,2026-07-03
EQU_13587,PRO_13586,uses_material,0.5,False,Effective for coarse suspended particles of +50 μm,Worldwide,,Confirmed,Гж 04_26.pdf,High,2026-07-03
PRO_13588,PRO_13586,produces_output,0.5,False,Improves quality and efficiency of clarifying large volumes of recycled and waste water,Russia,"Far North, Siberia, Far East",Confirmed,Гж 04_26.pdf,High,2026-07-03
MAT_13591,PRO_8148,uses_material,0.5,False,,Worldwide,,Unverified,Гж 04_26.pdf,High,2026-07-03
PRO_8148,MAT_13591,produces_output,0.5,False,,Worldwide,,Unverified,Гж 04_26.pdf,High,2026-07-03
PRO_13594,MAT_13543,operates_at_condition,0.5,False,,Russia,,Confirmed,Гж 04_26.pdf,High,2026-07-03
EXP_13596,FAC_9867,researched_by,0.5,False,,Russia,,Confirmed,Гж 04_26.pdf,High,2026-07-03
EXP_13596,PUB_896,described_in,0.5,False,,Russia,,Confirmed,Гж 04_26.pdf,High,2026-07-03
PUB_13597,EXP_13598,researched_by,0.5,False,,Worldwide,,Confirmed,Гж 04_26.pdf,High,2026-07-03
PUB_13597,EXP_13599,researched_by,0.5,False,,Worldwide,,Confirmed,Гж 04_26.pdf,High,2026-07-03
MAT_13591,PRO_13600,uses_material,0.5,False,,Worldwide,,Confirmed,Гж 04_26.pdf,High,2026-07-03
PUB_13602,MAT_13585,researched_by,0.5,False,,Worldwide,,Confirmed,Гж 04_26.pdf,High,2026-07-03
PUB_11575,PRO_13603,described_in,0.5,False,,Russia,,Confirmed,ОР 01_18.pdf,High,2026-07-03
PUB_11575,PRO_13604,described_in,0.5,False,,Russia,,Confirmed,ОР 01_18.pdf,High,2026-07-03
FAC_13606,PRO_13605,uses_material,0.5,False,,Russia,,Confirmed,ОР 01_18.pdf,High,2026-07-03
PRO_13608,PUB_13607,described_in,0.5,False,,Worldwide,,Unverified,ОР 01_18.pdf,High,2026-07-03
PRO_13609,PUB_13607,described_in,0.5,False,,Worldwide,,Unverified,ОР 01_18.pdf,High,2026-07-03
PRO_13610,PUB_13607,described_in,0.5,False,,Worldwide,,Unverified,ОР 01_18.pdf,High,2026-07-03
PRO_13603,EQU_13611,uses_material,0.5,False,,Worldwide,,Confirmed,ОР 01_18.pdf,High,2026-07-03
EQU_13611,MAT_961,operates_at_condition,0.5,False,Комбинированное виброимпульсное сжатие с одновременным сдвигом,Worldwide,,Confirmed,ОР 01_18.pdf,High,2026-07-03
FAC_13612,PRO_13603,researched_by,0.5,False,,Russia,,Confirmed,ОР 01_18.pdf,High,2026-07-03
PRO_13616,MAT_13618,uses_material,0.5,False,,Worldwide,,Confirmed,ОР 01_18.pdf,High,2026-07-03
EQU_13617,MAT_13618,operates_at_condition,0.5,False,Измельчение лиственной щепы в бумажную массу,Worldwide,,Confirmed,ОР 01_18.pdf,High,2026-07-03
EQU_13617,PRO_13616,produces_output,0.5,False,Получение кормов с высоким содержанием моносахаридов,Worldwide,,Confirmed,ОР 01_18.pdf,High,2026-07-03
MAT_13619,PRO_13620,uses_material,0.5,False,,Worldwide,,Confirmed,ОР 01_18.pdf,High,2026-07-03
PRO_13620,EQU_13621,operates_at_condition,0.5,False,Использование криогенной техники и защитной среды,Worldwide,,Confirmed,ОР 01_18.pdf,High,2026-07-03
MAT_9443,EQU_13626,uses_material,0.5,False,,Worldwide,,Confirmed,ОР 01_18.pdf,High,2026-07-03
MAT_13624,EQU_13626,uses_material,0.5,False,,Worldwide,,Confirmed,ОР 01_18.pdf,High,2026-07-03
MAT_13625,EQU_13626,uses_material,0.5,False,,Worldwide,,Confirmed,ОР 01_18.pdf,High,2026-07-03
EQU_13626,EQU_13627,produces_output,0.5,False,крупность продукта мельче 35 мм,Worldwide,,Confirmed,ОР 01_18.pdf,High,2026-07-03
EQU_13626,EQU_13628,produces_output,0.5,False,крупность продукта мельче 35 мм,Worldwide,,Confirmed,ОР 01_18.pdf,High,2026-07-03
EQU_13629,EQU_13627,produces_output,0.5,False,крупность продукта 3 или 5 мм,Worldwide,,Confirmed,ОР 01_18.pdf,High,2026-07-03
EQU_13630,EQU_13627,produces_output,0.5,False,крупность продукта 3 или 5 мм,Worldwide,,Confirmed,ОР 01_18.pdf,High,2026-07-03
MAT_13633,PRO_13634,uses_material,0.5,False,,Worldwide,,Confirmed,ОР 01_18.pdf,High,2026-07-03
EQU_13635,MAT_13633,operates_at_condition,0.5,False,Крупность куска 6 мм,Russia,Производительность 2–3 кг/ч,Confirmed,ОР 01_18.pdf,High,2026-07-03
PRO_13634,EQU_13635,produces_output,0.5,False,Порошок крупностью менее 40 мкм,Russia,Производительность 2–3 кг/ч,Confirmed,ОР 01_18.pdf,High,2026-07-03
PRO_13608,EQU_13639,uses_material,0.5,False,,Worldwide,,Confirmed,ОР 01_18.pdf,High,2026-07-03
EQU_13639,PUB_13638,described_in,0.5,False,,Worldwide,,Confirmed,ОР 01_18.pdf,High,2026-07-03
MAT_13640,EQU_10119,uses_material,0.5,False,,Worldwide,,Confirmed,ОР 01_18.pdf,High,2026-07-03
MAT_13640,EQU_13643,uses_material,0.5,False,,Worldwide,,Confirmed,ОР 01_18.pdf,High,2026-07-03
MAT_13640,EQU_11647,uses_material,0.5,False,мокрое измельчение,Worldwide,,Confirmed,ОР 01_18.pdf,High,2026-07-03
MAT_13640,EQU_13644,uses_material,0.5,False,,Russia,,Confirmed,ОР 01_18.pdf,High,2026-07-03
MAT_13640,EQU_13645,uses_material,0.5,False,,Russia,,Confirmed,ОР 01_18.pdf,High,2026-07-03
MAT_13640,EQU_13646,uses_material,0.5,False,квазирезонансный режим,Russia,,Confirmed,ОР 01_18.pdf,High,2026-07-03
PRO_7677,EQU_2660,uses_material,0.5,False,Режим непрерывного процесса грохочения,Worldwide,,Confirmed,ОР 01_18.pdf,High,2026-07-03
MAT_13647,PRO_13650,uses_material,0.5,False,,Worldwide,,Confirmed,ОР 01_18.pdf,High,2026-07-03
MAT_13648,PRO_13650,uses_material,0.5,False,,Worldwide,,Confirmed,ОР 01_18.pdf,High,2026-07-03
MAT_13649,PRO_13650,uses_material,0.5,False,,Worldwide,,Confirmed,ОР 01_18.pdf,High,2026-07-03
PRO_13650,EQU_13651,operates_at_condition,0.5,False,,Worldwide,,Confirmed,ОР 01_18.pdf,High,2026-07-03
PRO_13650,EQU_13652,operates_at_condition,0.5,False,,Worldwide,,Confirmed,ОР 01_18.pdf,High,2026-07-03
MAT_13647,EQU_13653,operates_at_condition,0.5,False,Крупность исходного куска 20 мм,Worldwide,,Confirmed,ОР 01_18.pdf,High,2026-07-03
PRO_13656,MAT_13657,uses_material,0.5,False,,Worldwide,,Confirmed,ОР 01_18.pdf,High,2026-07-03
PRO_13656,EQU_2660,operates_at_condition,0.5,False,,Worldwide,,Confirmed,ОР 01_18.pdf,High,2026-07-03
EQU_6802,PRO_13658,uses_material,0.5,False,,Worldwide,,Confirmed,ОР 01_18.pdf,High,2026-07-03
PRO_13658,PRO_13659,operates_at_condition,0.5,False,Изменение энтропии системы при вибрационной классификации,Worldwide,,Confirmed,ОР 01_18.pdf,High,2026-07-03
EQU_13660,EQU_13661,uses_material,0.5,False,,Worldwide,,Confirmed,ОР 01_18.pdf,High,2026-07-03
PRO_13667,EQU_13668,uses_material,0.5,False,,Worldwide,,Confirmed,ОР 01_18.pdf,High,2026-07-03
PRO_13667,MAT_13669,operates_at_condition,0.5,False,"частота колебаний — 14 Гц, соотношение массы крупной и мелкой дроби — 1 : 1, полное время разделения — 6 с",Worldwide,,Confirmed,ОР 01_18.pdf,High,2026-07-03
PRO_13667,MAT_1863,operates_at_condition,0.5,False,"время достижения 98-процентной эффективности разделения по заданному классу 2,4 мм",Worldwide,,Confirmed,ОР 01_18.pdf,High,2026-07-03
PRO_13667,MAT_7604,operates_at_condition,0.5,False,"время достижения 98-процентной эффективности разделения по заданному классу 2,4 мм",Worldwide,,Confirmed,ОР 01_18.pdf,High,2026-07-03
PRO_13667,MAT_7488,operates_at_condition,0.5,False,"время достижения 98-процентной эффективности разделения по заданному классу 2,4 мм",Worldwide,,Confirmed,ОР 01_18.pdf,High,2026-07-03
PRO_13671,MAT_13670,uses_material,0.5,False,"температура 20 °С, продолжительность 48 и 96 ч",Worldwide,,Confirmed,ОР 01_18.pdf,High,2026-07-03
PRO_13671,PRO_13672,produces_output,0.5,False,,Worldwide,снижение зольности с 20–25 до 3%,Confirmed,ОР 01_18.pdf,High,2026-07-03
PRO_13673,EQU_10560,uses_material,0.5,False,,Worldwide,,Confirmed,ОР 01_18.pdf,High,2026-07-03
EXP_13674,PRO_13673,researched_by,0.5,False,,Russia,,Confirmed,ОР 01_18.pdf,High,2026-07-03
EXP_13675,PRO_13673,researched_by,0.5,False,,Russia,,Confirmed,ОР 01_18.pdf,High,2026-07-03
MAT_5679,PRO_13676,uses_material,0.5,False,"Продолжительность 48 ч, температура 80 °С",Worldwide,,Confirmed,ОР 01_18.pdf,High,2026-07-03
EQU_13677,MAT_5679,operates_at_condition,0.5,False,,Worldwide,,Confirmed,ОР 01_18.pdf,High,2026-07-03
EQU_13678,MAT_5679,operates_at_condition,0.5,False,,Worldwide,,Confirmed,ОР 01_18.pdf,High,2026-07-03
PRO_13676,PRO_13679,produces_output,0.5,False,Снижение зольности с 21 до 14 % (АГО-2) и до 7 % (РВМ-45),Worldwide,,Confirmed,ОР 01_18.pdf,High,2026-07-03
MAT_5679,PRO_13604,uses_material,0.5,False,"Продолжительность обработки 48 и 96 ч, температура 20 и 80 °С",Russia,,Confirmed,ОР 01_18.pdf,High,2026-07-03
EQU_13681,MAT_5679,operates_at_condition,0.5,False,,Russia,,Confirmed,ОР 01_18.pdf,High,2026-07-03
EQU_13678,MAT_5679,operates_at_condition,0.5,False,,Russia,,Confirmed,ОР 01_18.pdf,High,2026-07-03
PRO_13604,MAT_5679,produces_output,0.5,False,Снижение зольности с 20–25 до 8–10 %,Russia,,Confirmed,ОР 01_18.pdf,High,2026-07-03
PRO_13683,MAT_12892,produces_output,0.5,False,,Worldwide,,Confirmed,ОР 01_18.pdf,High,2026-07-03
PRO_13683,MAT_13684,produces_output,0.5,False,,Worldwide,,Confirmed,ОР 01_18.pdf,High,2026-07-03
PRO_13683,MAT_13685,produces_output,0.5,False,,Worldwide,,Confirmed,ОР 01_18.pdf,High,2026-07-03
EXP_13686,PRO_13683,researched_by,0.5,False,,Russia,,Confirmed,ОР 01_18.pdf,High,2026-07-03
MAT_5679,PRO_13687,uses_material,0.5,False,,Worldwide,,Confirmed,ОР 01_18.pdf,High,2026-07-03
PRO_13687,PUB_13688,described_in,0.5,False,,Worldwide,,Confirmed,ОР 01_18.pdf,High,2026-07-03
EXP_13689,MAT_13690,produces_output,0.5,False,,Worldwide,,Confirmed,ОР 01_18.pdf,High,2026-07-03
EXP_13689,MAT_13691,produces_output,0.5,False,,Worldwide,,Confirmed,ОР 01_18.pdf,High,2026-07-03
EXP_13689,PRO_81,uses_material,0.5,False,,Worldwide,,Confirmed,ОР 01_18.pdf,High,2026-07-03
MAT_13692,PRO_13683,uses_material,0.5,False,,Russia,,Confirmed,ОР 01_18.pdf,High,2026-07-03
PRO_13683,EQU_13693,operates_at_condition,0.5,False,,Russia,,Confirmed,ОР 01_18.pdf,High,2026-07-03
PRO_13683,PRO_13694,produces_output,0.5,False,массовая доля меди 6–7 %,Russia,6–7,Confirmed,ОР 01_18.pdf,High,2026-07-03
PRO_13696,MAT_13697,produces_output,0.5,False,"измельчение руды до 80 % класса –0,125 мм и до 85–87 % класса –0,071 мм",Worldwide,,Confirmed,ОР 01_18.pdf,High,2026-07-03
PRO_13696,MAT_13698,produces_output,0.5,False,"измельчение руды до 80 % класса –0,125 мм и до 85–87 % класса –0,071 мм",Worldwide,,Confirmed,ОР 01_18.pdf,High,2026-07-03
EXP_13699,PRO_13696,uses_material,0.5,False,,Worldwide,,Confirmed,ОР 01_18.pdf,High,2026-07-03
PUB_11575,MAT_13702,operates_at_condition,0.5,False,,Russia,,Confirmed,ОР 01_18.pdf,High,2026-07-03
PUB_11575,EQU_13703,uses_material,0.5,False,"скорость потока пульпы 1 м/с, объемная плотность твердого в пульпе 0,25 тв",Worldwide,,Confirmed,ОР 01_18.pdf,High,2026-07-03
FAC_13705,PRO_13605,uses_material,0.5,False,,Armenia,,Confirmed,ОР 01_18.pdf,High,2026-07-03
FAC_13705,PRO_13706,uses_material,0.5,False,,Armenia,,Confirmed,ОР 01_18.pdf,High,2026-07-03
PRO_13605,EQU_13707,uses_material,0.5,False,,Armenia,,Confirmed,ОР 01_18.pdf,High,2026-07-03
FAC_13705,MAT_13690,operates_at_condition,0.5,False,Переработка хвостов флотации и окисленных остатков от процесса Albion ProcessTM,Armenia,,Confirmed,ОР 01_18.pdf,High,2026-07-03
PRO_13708,EQU_13709,uses_material,0.5,False,,Russia,,Confirmed,ОР 01_18.pdf,High,2026-07-03
PRO_13708,PUB_11575,described_in,0.5,False,,Russia,,Confirmed,ОР 01_18.pdf,High,2026-07-03
PRO_13710,MAT_1146,uses_material,0.5,False,,Worldwide,,Unverified,ОР 01_18.pdf,High,2026-07-03
PRO_13710,MAT_13711,uses_material,0.5,False,,Worldwide,,Unverified,ОР 01_18.pdf,High,2026-07-03
PRO_13710,MAT_4016,uses_material,0.5,False,,Worldwide,,Unverified,ОР 01_18.pdf,High,2026-07-03
EXP_13713,PUB_11575,researched_by,0.5,False,,Russia,,Confirmed,ОР 01_18.pdf,High,2026-07-03
EXP_13714,PUB_11575,researched_by,0.5,False,,Russia,,Confirmed,ОР 01_18.pdf,High,2026-07-03
PRO_13712,PUB_11575,described_in,0.5,False,,Russia,,Confirmed,ОР 01_18.pdf,High,2026-07-03
PUB_11575,PUB_13715,described_in,0.5,False,,Worldwide,,Confirmed,ОР 01_18.pdf,High,2026-07-03
PUB_11575,EQU_13709,uses_material,0.5,False,при использовании анализаторов АР-31н о = 15 мин,Worldwide,,Confirmed,ОР 01_18.pdf,High,2026-07-03
PUB_11575,EQU_13716,uses_material,0.5,False,при использовании анализаторов 'Курьер' о = 15 мин,Worldwide,,Confirmed,ОР 01_18.pdf,High,2026-07-03
PUB_11575,MAT_2445,uses_material,0.5,False,,Worldwide,,Confirmed,ОР 01_18.pdf,High,2026-07-03
PUB_11575,MAT_8990,uses_material,0.5,False,,Worldwide,,Confirmed,ОР 01_18.pdf,High,2026-07-03
PUB_11575,MAT_8191,produces_output,0.5,False,,Worldwide,,Confirmed,ОР 01_18.pdf,High,2026-07-03
PUB_11575,EQU_13717,operates_at_condition,0.5,False,Тестовые испытания материала исходной крупности,Worldwide,,Confirmed,ОР 01_18.pdf,High,2026-07-03
EXP_13720,PRO_13605,researched_by,0.5,False,,Russia,,Confirmed,ОР 01_18.pdf,High,2026-07-03
EXP_13721,PRO_13605,validated_by,0.5,False,,Worldwide,,Confirmed,ОР 01_18.pdf,High,2026-07-03
FAC_13719,PRO_13605,uses_material,0.5,False,,Russia,,Confirmed,ОР 01_18.pdf,High,2026-07-03
MAT_13722,PRO_13723,uses_material,0.5,False,,Worldwide,,Confirmed,ОР 01_18.pdf,High,2026-07-03
PRO_13723,EQU_13724,operates_at_condition,0.5,False,Использование центробежного ускорения для разделения минеральных частиц,Worldwide,,Confirmed,ОР 01_18.pdf,High,2026-07-03
EXP_13725,MAT_13722,researched_by,0.5,False,,Russia,,Confirmed,ОР 01_18.pdf,High,2026-07-03
PRO_4088,EQU_13727,uses_material,0.5,False,,Worldwide,,Confirmed,ОР 01_18.pdf,High,2026-07-03
PRO_4088,EQU_13728,uses_material,0.5,False,,Worldwide,,Confirmed,ОР 01_18.pdf,High,2026-07-03
PRO_4088,EQU_13729,uses_material,0.5,False,,Worldwide,,Confirmed,ОР 01_18.pdf,High,2026-07-03
PRO_4088,EQU_13730,uses_material,0.5,False,,Worldwide,,Confirmed,ОР 01_18.pdf,High,2026-07-03
PRO_4088,EQU_13731,uses_material,0.5,False,,Worldwide,,Confirmed,ОР 01_18.pdf,High,2026-07-03
MAT_13732,PRO_13733,uses_material,0.5,False,,Worldwide,,Confirmed,ОР 01_18.pdf,High,2026-07-03
PRO_13733,EQU_13734,operates_at_condition,0.5,False,,Worldwide,,Confirmed,ОР 01_18.pdf,High,2026-07-03
PRO_4088,EQU_13717,uses_material,0.5,False,,Worldwide,,Confirmed,ОР 01_18.pdf,High,2026-07-03
PRO_4088,MAT_13735,operates_at_condition,0.5,False,"класс крупности -0,01 мм",Worldwide,,Confirmed,ОР 01_18.pdf,High,2026-07-03
PRO_4088,MAT_13736,operates_at_condition,0.5,False,"оптимальная крупность ~81,5% класса -0,074 мм",Worldwide,,Confirmed,ОР 01_18.pdf,High,2026-07-03
PRO_4088,PRO_13737,produces_output,0.5,False,,Worldwide,"31,6%",Confirmed,ОР 01_18.pdf,High,2026-07-03
EXP_13738,PRO_4088,researched_by,0.5,False,,Worldwide,,Confirmed,ОР 01_18.pdf,High,2026-07-03
PRO_13739,MAT_13740,produces_output,0.5,False,"температура: 800 °С, скорость охлаждения: 5–10 °С/ч",Worldwide,,Confirmed,ОР 01_18.pdf,High,2026-07-03
EQU_3693,MAT_13740,uses_material,0.5,False,,Russia,,Confirmed,ОР 01_18.pdf,High,2026-07-03
EXP_13741,MAT_13740,researched_by,0.5,False,рН пульпы: 7–8,Russia,,Confirmed,ОР 01_18.pdf,High,2026-07-03
PRO_13739,MAT_13743,uses_material,0.5,False,температурный режим 1080–880 °С,Russia,,Confirmed,ОР 01_18.pdf,High,2026-07-03
PRO_13744,MAT_13743,uses_material,0.5,False,,Russia,,Confirmed,ОР 01_18.pdf,High,2026-07-03
EQU_13745,PRO_13744,operates_at_condition,0.5,False,,Russia,,Confirmed,ОР 01_18.pdf,High,2026-07-03
MAT_13747,PRO_8057,uses_material,0.5,False,,Worldwide,,Confirmed,ОР 01_18.pdf,High,2026-07-03
PRO_13751,MAT_13752,uses_material,0.5,False,,Worldwide,,Confirmed,ОР 01_18.pdf,High,2026-07-03
PRO_13751,EQU_2454,operates_at_condition,0.5,False,измельчение,Worldwide,,Confirmed,ОР 01_18.pdf,High,2026-07-03
PRO_13751,PRO_1559,optimal_parameter,0.5,False,,Worldwide,,Confirmed,ОР 01_18.pdf,High,2026-07-03
MAT_13754,PRO_81,uses_material,0.5,False,,Worldwide,,Confirmed,ОР 01_18.pdf,High,2026-07-03
MAT_13755,PRO_81,uses_material,0.5,False,,Worldwide,,Confirmed,ОР 01_18.pdf,High,2026-07-03
MAT_13756,PRO_81,uses_material,0.5,False,Расход модификатора 40 г/т,Worldwide,,Confirmed,ОР 01_18.pdf,High,2026-07-03
MAT_13757,MAT_13758,uses_material,0.5,False,при флотации,Worldwide,,Confirmed,ОР 01_18.pdf,High,2026-07-03
MAT_13757,PRO_81,operates_at_condition,0.5,False,с использованием модификатора ПАВ-2,Worldwide,,Confirmed,ОР 01_18.pdf,High,2026-07-03
MAT_13758,PRO_81,produces_output,0.5,False,повышение эффективности флотации,Worldwide,,Confirmed,ОР 01_18.pdf,High,2026-07-03
MAT_13756,MAT_13757,uses_material,0.5,False,При флотации,Worldwide,,Confirmed,ОР 01_18.pdf,High,2026-07-03
MAT_13756,PRO_81,operates_at_condition,0.5,False,Оптимальный расход ПАВ-2 зависит от типа флотируемой углеродсодержащей частицы и состояния ее поверхности,Worldwide,,Confirmed,ОР 01_18.pdf,High,2026-07-03
MAT_13757,PRO_81,produces_output,0.5,False,Эффективность флотации зависит от активности собирателя и расхода модификатора,Worldwide,,Confirmed,ОР 01_18.pdf,High,2026-07-03
MAT_13759,EQU_2454,uses_material,0.5,False,класс крупности –71 мкм,Worldwide,,Confirmed,ОР 01_18.pdf,High,2026-07-03
MAT_13759,EQU_13745,uses_material,0.5,False,класс крупности –20 мкм,Worldwide,,Confirmed,ОР 01_18.pdf,High,2026-07-03
MAT_13760,EQU_2454,uses_material,0.5,False,класс крупности –71 мкм,Russia,,Confirmed,ОР 01_18.pdf,High,2026-07-03
MAT_13760,EQU_13745,uses_material,0.5,False,класс крупности –20 мкм,Russia,,Confirmed,ОР 01_18.pdf,High,2026-07-03
PRO_1858,PRO_81,produces_output,0.5,False,,Worldwide,,Confirmed,ОР 01_18.pdf,High,2026-07-03
MAT_13761,PRO_81,uses_material,0.5,False,,Worldwide,,Confirmed,ОР 01_18.pdf,High,2026-07-03
PRO_81,EQU_13762,operates_at_condition,0.5,False,Перед флотацией проводят оттирку угольных частиц в скруббере,Worldwide,,Confirmed,ОР 01_18.pdf,High,2026-07-03
PRO_81,PRO_13763,produces_output,0.5,False,"Концентрат перечистной флотации при выходе от 2,5 до 7,5 % содержал от 67 до 75 % углерода",Worldwide,67-75%,Confirmed,ОР 01_18.pdf,High,2026-07-03
EXP_13764,PRO_81,validated_by,0.5,False,Была подтверждена возможность получения качественного углеродного концентрата при использовании традиционных реагентов,Russia,,Confirmed,ОР 01_18.pdf,High,2026-07-03
MAT_13765,PRO_81,uses_material,0.5,False,,Worldwide,,Confirmed,ОР 01_18.pdf,High,2026-07-03
MAT_13756,PRO_81,uses_material,0.5,False,подача перед собирателем,Worldwide,,Confirmed,ОР 01_18.pdf,High,2026-07-03
PRO_13775,MAT_13772,uses_material,0.5,False,,Worldwide,,Confirmed,ОР 01_18.pdf,High,2026-07-03
PRO_13775,MAT_13773,uses_material,0.5,False,,Worldwide,,Confirmed,ОР 01_18.pdf,High,2026-07-03
PRO_13775,MAT_13774,uses_material,0.5,False,"Начальная концентрация серной кислоты 1,0 моль/дм3",Worldwide,,Confirmed,ОР 01_18.pdf,High,2026-07-03
EXP_13777,PRO_13775,researched_by,0.5,False,"Скорость вращения мешалки 400 мин–1, температура поддерживается ультратермостатом UTU-2",Worldwide,,Confirmed,ОР 01_18.pdf,High,2026-07-03
MAT_13778,PRO_13779,uses_material,0.5,False,,Worldwide,,Confirmed,ОР 01_18.pdf,High,2026-07-03
MAT_13781,PRO_13782,uses_material,0.5,False,В сернокислой среде в присутствии восстановителя,Worldwide,,Confirmed,ОР 01_18.pdf,High,2026-07-03
PRO_13782,EQU_13783,operates_at_condition,0.5,False,Катодная поляризация магнетита в потенциодинамическом режиме,Worldwide,Скорость развертки 5 мВ/с,Confirmed,ОР 01_18.pdf,High,2026-07-03
PRO_13782,PRO_13784,produces_output,0.5,False,Увеличение скорости растворения с сдвигом потенциала в катодную область,Worldwide,"Кислотность раствора 50–200 г/л H2SO4, температура 25–80 °С",Confirmed,ОР 01_18.pdf,High,2026-07-03
MAT_13786,PRO_13787,uses_material,0.5,False,,Worldwide,,Confirmed,ОР 01_18.pdf,High,2026-07-03
MAT_13786,EQU_13788,researched_by,0.5,False,,Worldwide,,Confirmed,ОР 01_18.pdf,High,2026-07-03
MAT_13786,EQU_13789,researched_by,0.5,False,,Worldwide,,Confirmed,ОР 01_18.pdf,High,2026-07-03
MAT_13792,PRO_13793,uses_material,0.5,False,,Worldwide,,Unverified,ОР 01_18.pdf,High,2026-07-03
MAT_13792,PRO_13794,uses_material,0.5,False,,Worldwide,,Unverified,ОР 01_18.pdf,High,2026-07-03
PUB_11575,MAT_13795,uses_material,0.5,False,,Worldwide,,Unverified,ОР 01_18.pdf,High,2026-07-03
PRO_13796,MAT_13795,operates_at_condition,0.5,False,зависит от концентрации твёрдых частиц хвостов обогащения и диаметра трубопровода,Worldwide,,Unverified,ОР 01_18.pdf,High,2026-07-03
FAC_13797,PRO_13798,uses_material,0.5,False,,Russia,,Confirmed,ОР 01_18.pdf,High,2026-07-03
PRO_13798,MAT_1126,produces_output,0.5,False,Массовая доля твердой фазы от 30 до 70%,Russia,,Confirmed,ОР 01_18.pdf,High,2026-07-03
MAT_13799,PRO_13800,produces_output,0.5,False,при течении по трубопроводу,Worldwide,,Confirmed,ОР 01_18.pdf,High,2026-07-03
PRO_28,MAT_13799,produces_output,0.5,False,,Worldwide,,Confirmed,ОР 01_18.pdf,High,2026-07-03
MAT_13801,PRO_13802,uses_material,0.5,False,,Worldwide,,Confirmed,ОР 01_18.pdf,High,2026-07-03
EQU_13803,PRO_13802,operates_at_condition,0.5,False,Q = 400 м³/ч,Worldwide,,Confirmed,ОР 01_18.pdf,High,2026-07-03
EXP_6169,PRO_13802,validated_by,0.5,False,,Worldwide,,Confirmed,ОР 01_18.pdf,High,2026-07-03
EXP_6169,EQU_13804,uses_material,0.5,False,,Worldwide,,Confirmed,ОР 01_18.pdf,High,2026-07-03
EXP_6169,EQU_13805,uses_material,0.5,False,,Worldwide,,Confirmed,ОР 01_18.pdf,High,2026-07-03
FAC_13807,PUB_11575,researched_by,0.5,False,,Russia,,Confirmed,ОР 01_18.pdf,High,2026-07-03
EQU_13806,MAT_1126,uses_material,0.5,False,"Производительность 12,5 м³/ч",Russia,,Confirmed,ОР 01_18.pdf,High,2026-07-03
EXP_13808,MAT_1126,operates_at_condition,0.5,False,Массовая доля твёрдой фазы от 30 до 70%,Russia,,Confirmed,ОР 01_18.pdf,High,2026-07-03
EXP_13809,PUB_13810,researched_by,0.5,False,,Russia|Ukraine|Kazakhstan,,Confirmed,ОР 01_18.pdf,High,2026-07-03
EQU_13812,MAT_13811,uses_material,0.5,False,Для гидротранспорта сгущенных хвостов,Russia,,Confirmed,ОР 01_18.pdf,High,2026-07-03
EXP_13813,EQU_13812,validated_by,0.5,False,,Russia,,Confirmed,ОР 01_18.pdf,High,2026-07-03
PUB_11575,PRO_13821,described_in,0.5,False,,Russia,,Unverified,ОР 02_18.pdf,High,2026-07-03
PUB_11575,PRO_13822,described_in,0.5,False,,Russia,,Unverified,ОР 02_18.pdf,High,2026-07-03
PUB_11575,PRO_13823,described_in,0.5,False,,Russia,,Unverified,ОР 02_18.pdf,High,2026-07-03
PUB_11575,PRO_13824,described_in,0.5,False,,Russia,,Unverified,ОР 02_18.pdf,High,2026-07-03
EQU_13825,MAT_5557,uses_material,0.5,False,,Worldwide,,Confirmed,ОР 02_18.pdf,High,2026-07-03
PRO_13826,EQU_13825,operates_at_condition,0.5,False,"Крупность готовых фракций больше 0,5 мм",Worldwide,,Confirmed,ОР 02_18.pdf,High,2026-07-03
EQU_7368,PRO_13827,researched_by,0.5,False,,Worldwide,,Confirmed,ОР 02_18.pdf,High,2026-07-03
PRO_13827,EQU_13829,uses_material,0.5,False,,Worldwide,,Confirmed,ОР 02_18.pdf,High,2026-07-03
EXP_13828,EQU_7368,operates_at_condition,0.5,False,С использованием оригинальной низкочастотной щековой дробилки со сложным качанием щек,Russia,,Confirmed,ОР 02_18.pdf,High,2026-07-03
PRO_13826,EQU_7368,uses_material,0.5,False,,Worldwide,,Confirmed,ОР 02_18.pdf,High,2026-07-03
PRO_13826,EXP_13830,validated_by,0.5,False,,Worldwide,,Confirmed,ОР 02_18.pdf,High,2026-07-03
PUB_11575,PRO_81,described_in,0.5,False,,Worldwide,,Confirmed,ОР 02_18.pdf,High,2026-07-03
PUB_11575,PRO_13831,described_in,0.5,False,,Worldwide,,Confirmed,ОР 02_18.pdf,High,2026-07-03
MAT_7603,PRO_13832,uses_material,0.5,False,"оптимальные параметры вскрытия: кислотность раствора — 200 г/л, двукратный избыток металлического железа от теоретически необходимого, температура — 70 °С, продолжительность — 1,5 ч, Ж : Т = 10 : 1",Worldwide,,Confirmed,ОР 01_18.pdf,High,2026-07-03
PRO_13832,EQU_13833,operates_at_condition,0.5,False,,Worldwide,,Confirmed,ОР 01_18.pdf,High,2026-07-03
PRO_13832,PRO_7292,produces_output,0.5,False,,Worldwide,,Confirmed,ОР 01_18.pdf,High,2026-07-03
EXP_13834,MAT_7603,researched_by,0.5,False,,Russia,,Confirmed,ОР 01_18.pdf,High,2026-07-03
EXP_13834,PUB_11575,described_in,0.5,False,,Russia,,Confirmed,ОР 01_18.pdf,High,2026-07-03
PRO_10118,EQU_13835,uses_material,0.5,False,,Worldwide,,Confirmed,ОР 02_18.pdf,High,2026-07-03
EXP_13675,PRO_10118,researched_by,0.5,False,,Russia,,Confirmed,ОР 02_18.pdf,High,2026-07-03
MAT_13837,MAT_13836,produces_output,0.5,False,,Worldwide,,Confirmed,ОР 02_18.pdf,High,2026-07-03
PRO_13838,MAT_13837,uses_material,0.5,False,Минимальное переизмельчение достигается при применении виброконусной дробилки,Russia,,Confirmed,ОР 02_18.pdf,High,2026-07-03
PRO_13656,MAT_13837,uses_material,0.5,False,"Эффективность грохочения на стальных просеивающих поверхностях выше, чем на полиуретановых",Russia,,Confirmed,ОР 02_18.pdf,High,2026-07-03
EQU_7368,PRO_7367,operates_at_condition,0.5,False,"Нижней границей крупности дробленых частиц был установлен размер 0,5 мм",Worldwide,,Confirmed,ОР 02_18.pdf,High,2026-07-03
EXP_13839,MAT_5557,uses_material,0.5,False,,Worldwide,,Confirmed,ОР 02_18.pdf,High,2026-07-03
EXP_13839,PRO_7367,validated_by,0.5,False,,Worldwide,,Confirmed,ОР 02_18.pdf,High,2026-07-03
MAT_13842,EQU_13844,uses_material,0.5,False,,Worldwide,,Confirmed,ОР 02_18.pdf,High,2026-07-03
MAT_13842,EQU_13617,uses_material,0.5,False,,Worldwide,,Confirmed,ОР 02_18.pdf,High,2026-07-03
PRO_13843,PRO_13845,produces_output,0.5,False,,Worldwide,,Confirmed,ОР 02_18.pdf,High,2026-07-03
MAT_13842,EQU_13617,uses_material,0.5,False,,Worldwide,,Confirmed,ОР 02_18.pdf,High,2026-07-03
EQU_13617,MAT_13842,produces_output,0.5,False,минимальное переизмельчение материала и высокая производительность,Worldwide,,Confirmed,ОР 02_18.pdf,High,2026-07-03
MAT_13842,PRO_7367,operates_at_condition,0.5,False,,Worldwide,,Confirmed,ОР 02_18.pdf,High,2026-07-03
EXP_13849,MAT_13842,researched_by,0.5,False,на продукте первичного дробления на инерционном грохоте ГИЛ-051,Worldwide,,Confirmed,ОР 02_18.pdf,High,2026-07-03
MAT_13850,PRO_13851,uses_material,0.5,False,,Russia,,Confirmed,ОР 02_18.pdf,High,2026-07-03
PRO_13851,EQU_13852,operates_at_condition,0.5,False,,Russia,,Confirmed,ОР 02_18.pdf,High,2026-07-03
PRO_13851,EQU_13853,operates_at_condition,0.5,False,,Russia,,Confirmed,ОР 02_18.pdf,High,2026-07-03
MAT_13842,EQU_7368,uses_material,0.5,False,,Worldwide,,Confirmed,ОР 02_18.pdf,High,2026-07-03
MAT_13842,EQU_13855,uses_material,0.5,False,,Worldwide,,Confirmed,ОР 02_18.pdf,High,2026-07-03
MAT_13842,EQU_13856,uses_material,0.5,False,,Worldwide,,Confirmed,ОР 02_18.pdf,High,2026-07-03
MAT_13842,EQU_13857,uses_material,0.5,False,,Worldwide,,Confirmed,ОР 02_18.pdf,High,2026-07-03
PRO_13854,MAT_13842,produces_output,0.5,False,,Worldwide,,Confirmed,ОР 02_18.pdf,High,2026-07-03
PRO_13860,EQU_13861,uses_material,0.5,False,,Russia,,Confirmed,ОР 02_18.pdf,High,2026-07-03
PRO_13860,PRO_13862,produces_output,0.5,False,,Russia,,Confirmed,ОР 02_18.pdf,High,2026-07-03
EQU_13864,PRO_1604,uses_material,0.5,False,,Worldwide,,Confirmed,ОР 02_18.pdf,High,2026-07-03
EQU_2660,PRO_1604,uses_material,0.5,False,,Worldwide,,Confirmed,ОР 02_18.pdf,High,2026-07-03
PRO_1604,MAT_1145,operates_at_condition,0.5,False,замкнутый цикл мельница—гидроциклон—грохот,Worldwide,,Confirmed,ОР 02_18.pdf,High,2026-07-03
PRO_13865,MAT_993,uses_material,0.5,False,,Russia,,Confirmed,ОР 02_18.pdf,High,2026-07-03
PRO_13868,MAT_993,uses_material,0.5,False,,Worldwide,,Confirmed,ОР 02_18.pdf,High,2026-07-03
PRO_13868,EQU_13869,operates_at_condition,0.5,False,Стадиальное измельчение и магнитная сепарация,Worldwide,,Confirmed,ОР 02_18.pdf,High,2026-07-03
EXP_13870,MAT_993,researched_by,0.5,False,Двухстадиальная схема измельчения,Russia,,Confirmed,ОР 02_18.pdf,High,2026-07-03
MAT_13871,PRO_8057,uses_material,0.5,False,,Worldwide,,Confirmed,ОР 02_18.pdf,High,2026-07-03
PRO_8057,EQU_13872,operates_at_condition,0.5,False,Объем камеры 4 л,Worldwide,,Confirmed,ОР 02_18.pdf,High,2026-07-03
PUB_11575,MAT_13874,described_in,0.5,False,,Worldwide,,Confirmed,ОР 02_18.pdf,High,2026-07-03
PUB_11575,MAT_13875,described_in,0.5,False,,Worldwide,,Confirmed,ОР 02_18.pdf,High,2026-07-03
MAT_13875,PRO_1858,uses_material,0.5,False,,Worldwide,,Confirmed,ОР 02_18.pdf,High,2026-07-03
PRO_1858,EQU_2454,operates_at_condition,0.5,False,,Worldwide,,Confirmed,ОР 02_18.pdf,High,2026-07-03
PRO_13876,MAT_13875,uses_material,0.5,False,,Worldwide,,Confirmed,ОР 02_18.pdf,High,2026-07-03
PRO_13877,MAT_13875,uses_material,0.5,False,,Worldwide,,Confirmed,ОР 02_18.pdf,High,2026-07-03
EQU_13878,PRO_13876,operates_at_condition,0.5,False,,Worldwide,,Confirmed,ОР 02_18.pdf,High,2026-07-03
EQU_13879,PRO_13876,operates_at_condition,0.5,False,,Worldwide,,Confirmed,ОР 02_18.pdf,High,2026-07-03
EQU_13880,PRO_13876,operates_at_condition,0.5,False,,Worldwide,,Confirmed,ОР 02_18.pdf,High,2026-07-03
PRO_81,MAT_13881,uses_material,0.5,False,,Worldwide,,Confirmed,ОР 02_18.pdf,High,2026-07-03
PRO_81,MAT_4508,uses_material,0.5,False,,Worldwide,,Confirmed,ОР 02_18.pdf,High,2026-07-03
PRO_81,MAT_13882,uses_material,0.5,False,,Worldwide,,Confirmed,ОР 02_18.pdf,High,2026-07-03
PRO_81,MAT_13883,uses_material,0.5,False,,Worldwide,,Confirmed,ОР 02_18.pdf,High,2026-07-03
EXP_13886,PRO_81,researched_by,0.5,False,,Worldwide,,Unverified,ОР 02_18.pdf,High,2026-07-03
PUB_13887,MAT_13888,described_in,0.5,False,,Worldwide,,Confirmed,ОР 02_18.pdf,High,2026-07-03
PUB_13887,MAT_13889,described_in,0.5,False,,Worldwide,,Confirmed,ОР 02_18.pdf,High,2026-07-03
PRO_81,MAT_6227,uses_material,0.5,False,,Russia,,Confirmed,ОР 02_18.pdf,High,2026-07-03
MAT_13890,PRO_28,uses_material,0.5,False,,Worldwide,,Confirmed,ОР 02_18.pdf,High,2026-07-03
PRO_28,EQU_13891,operates_at_condition,0.5,False,Оптимальная крупность руды для первичного гравитационного обогащения,Worldwide,,Confirmed,ОР 02_18.pdf,High,2026-07-03
PRO_28,EQU_6824,operates_at_condition,0.5,False,Оптимальная крупность руды для первичного гравитационного обогащения,Worldwide,,Confirmed,ОР 02_18.pdf,High,2026-07-03
PRO_4088,EQU_13893,uses_material,0.5,False,,Worldwide,,Confirmed,ОР 02_18.pdf,High,2026-07-03
EQU_13898,PRO_13897,uses_material,0.5,False,,Worldwide,,Confirmed,ОР 02_18.pdf,High,2026-07-03
MAT_13899,PRO_13897,uses_material,0.5,False,расход флокулянта 5–10 г/т,Worldwide,,Confirmed,ОР 02_18.pdf,High,2026-07-03
EXP_13900,PRO_10323,researched_by,0.5,False,,Russia,,Confirmed,ОР 02_18.pdf,High,2026-07-03
PUB_11575,MAT_1399,uses_material,0.5,False,,Worldwide,,Confirmed,ОР 02_18.pdf,High,2026-07-03
PUB_11575,MAT_13901,produces_output,0.5,False,,Worldwide,,Confirmed,ОР 02_18.pdf,High,2026-07-03
PUB_11575,MAT_13902,produces_output,0.5,False,,Worldwide,,Confirmed,ОР 02_18.pdf,High,2026-07-03
EXP_13903,MAT_13902,researched_by,0.5,False,,Russia,,Confirmed,ОР 02_18.pdf,High,2026-07-03
MAT_13904,PRO_13905,uses_material,0.5,False,,Russia,,Confirmed,ОР 02_18.pdf,High,2026-07-03
MAT_13904,PRO_13906,uses_material,0.5,False,,Russia,,Confirmed,ОР 02_18.pdf,High,2026-07-03
MAT_13904,PRO_4023,uses_material,0.5,False,,Russia,,Confirmed,ОР 02_18.pdf,High,2026-07-03
MAT_13908,PRO_13733,uses_material,0.5,False,,Russia,,Confirmed,ОР 02_18.pdf,High,2026-07-03
MAT_13908,PRO_11595,uses_material,0.5,False,,Russia,,Confirmed,ОР 02_18.pdf,High,2026-07-03
MAT_13908,PRO_13909,uses_material,0.5,False,,Russia,,Confirmed,ОР 02_18.pdf,High,2026-07-03
MAT_13910,PRO_13911,uses_material,0.5,False,,Worldwide,,Confirmed,ОР 02_18.pdf,High,2026-07-03
MAT_13910,PRO_13912,uses_material,0.5,False,,Worldwide,,Confirmed,ОР 02_18.pdf,High,2026-07-03
MAT_13910,PRO_13913,uses_material,0.5,False,,Worldwide,,Confirmed,ОР 02_18.pdf,High,2026-07-03
MAT_13914,EQU_13916,uses_material,0.5,False,,Worldwide,,Confirmed,ОР 02_18.pdf,High,2026-07-03
PRO_13915,EQU_13916,researched_by,0.5,False,,Worldwide,,Confirmed,ОР 02_18.pdf,High,2026-07-03
EQU_13918,PRO_13917,operates_at_condition,0.5,False,"Содержание твердого в пульпе, содержание тяжелого компонента в питании, диаметры песковой и сливной насадок",Russia,,Confirmed,ОР 02_18.pdf,High,2026-07-03
PRO_13917,MAT_6753,uses_material,0.5,False,,Russia,,Confirmed,ОР 02_18.pdf,High,2026-07-03
EQU_13919,EXP_13920,used_in,0.5,False,,Russia,,Confirmed,ОР 02_18.pdf,High,2026-07-03
MAT_13921,EXP_13920,used_as_material,0.5,False,,Russia,,Confirmed,ОР 02_18.pdf,High,2026-07-03
EXP_13922,PUB_11575,validated_by,0.5,False,,Russia,,Confirmed,ОР 02_18.pdf,High,2026-07-03
EXP_13922,EQU_10599,uses_material,0.5,False,Соотношение диаметров сливной к песковой насадок 14 мм/8 мм,Russia,Массовая доля твёрдого в питании 20–25%,Confirmed,ОР 02_18.pdf,High,2026-07-03
EQU_8116,MAT_10750,uses_material,0.5,False,,Worldwide,,Confirmed,ОР 02_18.pdf,High,2026-07-03
EXP_13924,EQU_8116,researched_by,0.5,False,при флотации калийной руды,Worldwide,,Confirmed,ОР 02_18.pdf,High,2026-07-03
EQU_13926,PRO_13925,uses_material,0.5,False,,Russia,,Confirmed,ОР 02_18.pdf,High,2026-07-03
MAT_13927,PRO_13925,used_in,0.5,False,,Russia,,Confirmed,ОР 02_18.pdf,High,2026-07-03
MAT_13914,PRO_13925,used_in,0.5,False,,Russia,,Confirmed,ОР 02_18.pdf,High,2026-07-03
PUB_11575,PRO_81,described_in,0.5,False,,Worldwide,,Unverified,ОР 02_18.pdf,High,2026-07-03
PRO_81,EQU_13928,uses_material,0.5,False,,Worldwide,,Confirmed,ОР 02_18.pdf,High,2026-07-03
PRO_81,EQU_13929,operates_at_condition,0.5,False,высота волны 50–70 мм,Worldwide,,Confirmed,ОР 02_18.pdf,High,2026-07-03
PRO_13930,MAT_13931,produces_output,0.5,False,образуются 'розовые' хвосты,Worldwide,,Unverified,ОР 02_18.pdf,High,2026-07-03
PRO_13930,EQU_13932,uses_material,0.5,False,,Worldwide,,Unverified,ОР 02_18.pdf,High,2026-07-03
PUB_13933,PRO_13934,researched_by,0.5,False,,Worldwide,,Confirmed,ОР 02_18.pdf,High,2026-07-03
EQU_13935,PRO_13934,uses_material,0.5,False,,Worldwide,,Confirmed,ОР 02_18.pdf,High,2026-07-03
PRO_81,EQU_13936,operates_at_condition,0.5,False,оптимальный порог бинаризации,Worldwide,,Confirmed,ОР 02_18.pdf,High,2026-07-03
EQU_13936,PRO_81,produces_output,0.5,False,изменение количества пузырьков,Worldwide,±6–7%,Confirmed,ОР 02_18.pdf,High,2026-07-03
EQU_13937,MAT_1399,uses_material,0.5,False,"Расход воздуха: 0,25 м³/ч, объем камеры: 0,5 л, площадь поверхности: 0,15×0,2 м",Russia,,Confirmed,ОР 02_18.pdf,High,2026-07-03
EXP_13922,EQU_13937,operates_at_condition,0.5,False,"Подача реагентов без последующего добавления, использование видеоизображения низкого качества",Russia,,Confirmed,ОР 02_18.pdf,High,2026-07-03
FAC_2205,MAT_4401,produces_output,0.5,False,,Russia,,Confirmed,ОР 02_18.pdf,High,2026-07-03
MAT_4401,MAT_1294,contains,0.5,False,Концентрация молибдена в сточных водах может превышать предельно допустимые концентрации,Russia,,Confirmed,ОР 02_18.pdf,High,2026-07-03
PRO_5839,MAT_1294,removes,0.5,False,Использование активированной стальной стружки в качестве сорбента,Russia,,Confirmed,ОР 02_18.pdf,High,2026-07-03
PRO_28,MAT_1294,produces_output,0.5,False,,Worldwide,,Confirmed,ОР 02_18.pdf,High,2026-07-03
FAC_369,MAT_1294,uses_material,0.5,False,в составе пульпы,Russia,,Confirmed,ОР 02_18.pdf,High,2026-07-03
MAT_1294,PRO_13939,operates_at_condition,0.5,False,в широком Eh–pH диапазоне,Worldwide,,Confirmed,ОР 02_18.pdf,High,2026-07-03
PRO_10323,MAT_1294,validated_by,0.5,False,,Russia,,Confirmed,ОР 02_18.pdf,High,2026-07-03
MAT_13940,PRO_13941,uses_material,0.5,False,,Worldwide,,Confirmed,ОР 02_18.pdf,High,2026-07-03
PRO_13944,MAT_13942,uses_material,0.5,False,"pH: 3-9, температура: 19 °C",Worldwide,,Confirmed,ОР 02_18.pdf,High,2026-07-03
PRO_13944,MAT_13943,uses_material,0.5,False,"скорость перемешивания: 300 мин–1, время: 20 ч",Worldwide,,Confirmed,ОР 02_18.pdf,High,2026-07-03
PRO_13945,MAT_13943,operates_at_condition,0.5,False,ультразвуковая ванна,Worldwide,,Confirmed,ОР 02_18.pdf,High,2026-07-03
MAT_13948,PRO_13950,uses_material,0.5,False,,Worldwide,,Confirmed,ОР 02_18.pdf,High,2026-07-03
MAT_13949,PRO_13950,uses_material,0.5,False,,Worldwide,,Confirmed,ОР 02_18.pdf,High,2026-07-03
PRO_13950,EQU_13946,operates_at_condition,0.5,False,скорость перемешивания — 300 мин–1,Worldwide,,Confirmed,ОР 02_18.pdf,High,2026-07-03
MAT_13948,PRO_13951,produces_output,0.5,False,25 см2/г,Worldwide,,Confirmed,ОР 02_18.pdf,High,2026-07-03
EXP_13952,PRO_13950,validated_by,0.5,False,,Worldwide,,Confirmed,ОР 02_18.pdf,High,2026-07-03
MAT_13953,PRO_5839,uses_material,0.5,False,"Температура воды 45 °С, время 120 мин",Russia,,Confirmed,ОР 02_18.pdf,High,2026-07-03
PRO_5839,PRO_13954,operates_at_condition,0.5,False,"Скорость коррозии стали 0,0031 г/(м2·ч)",Russia,,Confirmed,ОР 02_18.pdf,High,2026-07-03
MAT_13957,PRO_13958,uses_material,0.5,False,,Worldwide,,Confirmed,ОР 02_18.pdf,High,2026-07-03
PRO_13958,EQU_13959,produces_output,0.5,False,,Worldwide,,Confirmed,ОР 02_18.pdf,High,2026-07-03
EXP_13960,EQU_13959,researched_by,0.5,False,,Russia,,Confirmed,ОР 02_18.pdf,High,2026-07-03
PRO_13961,EQU_13962,uses_material,0.5,False,,Worldwide,,Confirmed,ОР 02_18.pdf,High,2026-07-03
EQU_13962,MAT_1126,produces_output,0.5,False,,Worldwide,,Confirmed,ОР 02_18.pdf,High,2026-07-03
EXP_13964,MAT_1126,researched_by,0.5,False,,Russia,,Confirmed,ОР 02_18.pdf,High,2026-07-03
MAT_13965,PRO_13966,uses_material,0.5,False,,Russia,,Confirmed,ОР 02_18.pdf,High,2026-07-03
EQU_13967,PRO_13966,operates_at_condition,0.5,False,Пробы хвостов обогащения содержали 132 г твердого на литр,Russia,,Confirmed,ОР 02_18.pdf,High,2026-07-03
MAT_13965,PRO_13968,produces_output,0.5,False,При обработке хвостов обогащения полимерами Rheomax ETD достигаются следующие показатели: угол растекания осадка — 7–20 град.,Russia,7–20 град.,Confirmed,ОР 02_18.pdf,High,2026-07-03
EXP_13969,EQU_13967,researched_by,0.5,False,,Russia,,Confirmed,ОР 02_18.pdf,High,2026-07-03
EXP_13969,PUB_11575,described_in,0.5,False,,Russia,,Confirmed,ОР 02_18.pdf,High,2026-07-03
MAT_13970,PRO_13973,uses_material,0.5,False,Дозировка 60–121 г/т,Worldwide,,Confirmed,ОР 02_18.pdf,High,2026-07-03
MAT_13971,PRO_13973,uses_material,0.5,False,Дозировка 60–152 г/т,Worldwide,,Confirmed,ОР 02_18.pdf,High,2026-07-03
MAT_13972,PRO_13973,uses_material,0.5,False,Дозировка 60–152 г/т,Worldwide,,Confirmed,ОР 02_18.pdf,High,2026-07-03
PRO_13973,EQU_13967,operates_at_condition,0.5,False,Проблемы дренажа вод и отставания сроков намыва пляжа,Russia,,Confirmed,ОР 02_18.pdf,High,2026-07-03
PRO_13973,FAC_13974,operates_at_condition,0.5,False,Пробы хвостов содержали 174 г твердого на литр,Russia,,Confirmed,ОР 02_18.pdf,High,2026-07-03
PRO_13975,MAT_13976,operates_at_condition,0.5,False,Концентрация твердого в пульпе может достигать 1000 г/л и выше,Worldwide,,Confirmed,ОР 02_18.pdf,High,2026-07-03
EQU_13977,MAT_13976,produces_output,0.5,False,,Worldwide,,Confirmed,ОР 02_18.pdf,High,2026-07-03
PUB_13979,FAC_369,researched_by,0.5,False,,Russia,,Confirmed,ОР 02_18.pdf,High,2026-07-03
FAC_369,MAT_13965,uses_material,0.5,False,,Worldwide,,Confirmed,ОР 02_18.pdf,High,2026-07-03
PRO_13981,PRO_13982,operates_at_condition,0.5,False,Определенные условия,Worldwide,,Confirmed,ОР 02_18.pdf,High,2026-07-03
PRO_13981,PRO_13983,operates_at_condition,0.5,False,Определенные условия,Worldwide,,Confirmed,ОР 02_18.pdf,High,2026-07-03
MAT_13970,PRO_13973,uses_material,0.5,False,Дозировка 105–152 г/т,Worldwide,,Confirmed,ОР 02_18.pdf,High,2026-07-03
EQU_13984,EXP_13985,operates_at_condition,0.5,False,,Russia,,Confirmed,ОР 02_18.pdf,High,2026-07-03
PRO_13986,MAT_13965,uses_material,0.5,False,,Worldwide,,Confirmed,ОР 02_18.pdf,High,2026-07-03
EXP_13989,PRO_13986,validated_by,0.5,False,,Russia,,Confirmed,ОР 02_18.pdf,High,2026-07-03
PRO_5587,MAT_9398,uses_material,0.5,False,,Worldwide,,Confirmed,ОР 02_18.pdf,High,2026-07-03
PUB_11575,PRO_5587,described_in,0.5,False,,Worldwide,,Confirmed,ОР 02_18.pdf,High,2026-07-03
PUB_11575,PRO_13991,described_in,0.5,False,,Worldwide,,Confirmed,ОР 02_18.pdf,High,2026-07-03
PRO_13991,PRO_13992,operates_at_condition,0.5,False,,Worldwide,,Confirmed,ОР 02_18.pdf,High,2026-07-03
PRO_13993,PRO_13994,optimal_parameter,0.5,False,Зона II,Worldwide,8–14 % объемной доли твердой фазы,Confirmed,ОР 02_18.pdf,High,2026-07-03
PRO_13993,PRO_13995,operates_at_condition,0.5,False,,Worldwide,,Confirmed,ОР 02_18.pdf,High,2026-07-03
PRO_13996,PRO_13995,contradicts,0.5,False,Высокий электрокинетический потенциал препятствует коагуляции,Worldwide,,Confirmed,ОР 02_18.pdf,High,2026-07-03
PRO_5587,PRO_13995,contradicts,0.5,False,Высокий электрокинетический потенциал снижает эффективность флокуляции,Worldwide,,Confirmed,ОР 02_18.pdf,High,2026-07-03
MAT_13997,PRO_13998,uses_material,0.5,False,нормальная организация подачи реагентов,Worldwide,,Confirmed,ОР 02_18.pdf,High,2026-07-03
EXP_13999,PRO_13998,researched_by,0.5,False,,Worldwide,,Confirmed,ОР 02_18.pdf,High,2026-07-03
