parameter_id,node_id,parameter_name,unit,value,min_value,max_value,context,confidence_level,source_document,extraction_date
PAR_1,EQU_4,Содержание ДМ,%,,5,7,Сумма ДМ в 5-7 раз больше,High,Доклад_Вязовой О.Н.pdf,2026-07-03
PAR_2,PRO_6,размеры модели,относительные единицы,,3,5,размеры модели должны превышать размеры анализируемой области в 3-5 раз для соблюдения условия Сен-Венана,High,Доклад_Румянцев А.Е.pdf,2026-07-03
PAR_3,EQU_9,Влияние на массив,,,,,Негативное влияние на массив горных пород в прикровельной зоне ВТС,High,Доклад_Румянцев А.Е.pdf,2026-07-03
PAR_4,EQU_13,Тип исполнения,,,,,Беспроводной или проводной,High,Доклад_Румянцев А.Е.pdf,2026-07-03
PAR_5,PRO_24,состав,% масс.,,,,анализ шлака,High,Доклад_Новожилова О.С.pdf,2026-07-03
PAR_6,PRO_31,Глубина скважины,м,10.0,,,Оптимальная глубина для начала проведения измерений на глубине 750 м,High,НДС Комсомольский.pdf,2026-07-03
PAR_7,PRO_31,Диаметр скважины,мм,96.0,,,,High,НДС Комсомольский.pdf,2026-07-03
PAR_8,PRO_34,Пиковая скорость смещения,см/с,,,,"Зависит от применяемого подхода (VСАД, PVSmax, PPVx, PPVy, PPVz)",High,Доклад_Федосеев А.В.pdf,2026-07-03
PAR_9,PRO_34,Коэффициент сейсмичности,,,,,Зависит от условий взрывания и физико-механических характеристик среды,High,Доклад_Федосеев А.В.pdf,2026-07-03
PAR_10,PRO_34,Показатель затухания сейсмовзрывной волны,,,,,Отражает характер преобладающего типа волны,High,Доклад_Федосеев А.В.pdf,2026-07-03
PAR_11,PRO_34,Приведенное расстояние,м,,,,,High,Доклад_Федосеев А.В.pdf,2026-07-03
PAR_12,PRO_38,Минимальное расстояние от трещины до датчика,радиусы шпура,,6,11,Общие рекомендации по параметрам установки датчика при оверкоринге,High,НДС Комсомольский.pdf,2026-07-03
PAR_13,PRO_38,Минимальная длина измерительного шпура,радиусы шпура и скважины,,5r + 5R,10r + 10R,Общие рекомендации по параметрам установки датчика при оверкоринге,High,НДС Комсомольский.pdf,2026-07-03
PAR_14,EQU_55,скорость смещения,мм/с,,,,,High,Доклад_Федосеев А.В.pdf,2026-07-03
PAR_15,EQU_56,ускорение,м/с²,,,,,High,Доклад_Федосеев А.В.pdf,2026-07-03
PAR_16,EQU_57,частота,Гц,,3,5,,High,Доклад_Федосеев А.В.pdf,2026-07-03
PAR_17,EQU_58,деформация,,,,,,High,Доклад_Федосеев А.В.pdf,2026-07-03
PAR_18,EQU_59,ударно-воздушная волна,,,,,,High,Доклад_Федосеев А.В.pdf,2026-07-03
PAR_19,EQU_60,кадровая частота,кадров/с,2000.0,,,,High,Доклад_Федосеев А.В.pdf,2026-07-03
PAR_20,PRO_67,крупность питания,мм,,,,оптимизация крупности питания коллективной флотации для максимального раскрытия частиц МПГ,High,Презентация для  научного совета.pptx,2026-07-03
PAR_21,PRO_62,температура,°C,,,,влияет на вязкость и другие свойства шлака,High,Презентация для  научного совета.pptx,2026-07-03
PAR_22,PRO_78,температура,°C,,900,,обжиг МПГ промпродукта,High,Презентация для  научного совета.pptx,2026-07-03
PAR_23,PRO_84,угол поворота тензора,град,,,,,High,Презентация Измерение НДС Техсовет.pdf,2026-07-03
PAR_24,PRO_84,напряжение,МПа,,,,,High,Презентация Измерение НДС Техсовет.pdf,2026-07-03
PAR_25,PRO_90,Время мониторинга,Месяцы,3,,,Набор уровня воды в плотине,High,Презентация Измерение НДС Техсовет.pdf,2026-07-03
PAR_26,EQU_93,Глубина применения,м,-1800,,,Рудник Скалистый шахта Глубокая,High,Презентация Измерение НДС Техсовет.pdf,2026-07-03
PAR_27,PRO_31,Минимальное расстояние от трещины до датчика,радиусы шпура,не менее 6,6,11,При установке датчика,High,Презентация Измерение НДС Техсовет.pdf,2026-07-03
PAR_28,PRO_31,Минимальная длина измерительного шпура,радиусы шпура и скважины,5r + 5R,5r + 5R,10r + 10R,При бурении измерительной скважины,High,Презентация Измерение НДС Техсовет.pdf,2026-07-03
PAR_29,PRO_31,Диаметр скважины,мм,,92,112,При бурении основной скважины,High,Презентация Измерение НДС Техсовет.pdf,2026-07-03
PAR_30,PRO_31,Глубина скважины,м,,"1,5 диаметра выработки",,При бурении основной скважины,High,Презентация Измерение НДС Техсовет.pdf,2026-07-03
PAR_31,EQU_96,Тип,,Радиальный 6 компонентный,,,,High,Презентация Измерение НДС Техсовет.pdf,2026-07-03
PAR_32,PRO_98,Скорость распространения продольных волн,м/с,,6000,,Используется для прогнозирования участков концентрации напряжений в горном массиве,High,Прогнозирование_участков_концентрации_напряжений_в_массиве_горных.pptx,2026-07-03
PAR_33,EQU_102,рабочий диапазон,Гц,,3,150,,High,Презентация Тяпкина ПА.pptx,2026-07-03
PAR_34,EQU_102,шаг дискретизации,мс,1,,,,High,Презентация Тяпкина ПА.pptx,2026-07-03
PAR_35,EQU_2,плотность исходных данных,,,,,Необходима высокая плотность исходных данных для качественной интерполяции,High,Трофимов А.В. Опыт создания блочных геомеханических моделей в ГГИС.pdf,2026-07-03
PAR_36,EQU_2,качество исходных данных,,,,,"Существенная зависимость от качества исходных данных, требуется верификация с реальностью",High,Трофимов А.В. Опыт создания блочных геомеханических моделей в ГГИС.pdf,2026-07-03
PAR_37,PRO_98,Количество спрогнозированных сейсмособытий,штуки,7 из 11,,,Прогноз за день до проявления сейсмособытий,High,Прогнозирование_участков_концентрации_напряжений_в_массиве_горных.pptx,2026-07-03
PAR_38,PRO_98,Дата сейсмособытия,дата,1 мая 2024 года,,,Крупное сейсмособытие,High,Прогнозирование_участков_концентрации_напряжений_в_массиве_горных.pptx,2026-07-03
PAR_39,EQU_111,Частота кадров,кадров в секунду,2000,,,,High,Презентация Тяпкина ПА.pptx,2026-07-03
PAR_40,PRO_113,Скорость записи,м/ч,,250,,Для получения детальных изображений требуется низкая скорость записи,High,Трофимов А.В. Опыт создания блочных геомеханических моделей в ГГИС.pdf,2026-07-03
PAR_41,PRO_113,Устойчивость стенок скважины,,,,,Требуются устойчивые стенки скважины для проведения исследований в открытом стволе,High,Трофимов А.В. Опыт создания блочных геомеханических моделей в ГГИС.pdf,2026-07-03
PAR_42,PRO_114,Тип породы,,,,,Определяется при физико-механических испытаниях керна.,High,Трофимов А.В. Опыт создания блочных геомеханических моделей в ГГИС.pdf,2026-07-03
PAR_43,PRO_115,Размер блока,м,,,,Используется при построении блочной модели.,High,Трофимов А.В. Опыт создания блочных геомеханических моделей в ГГИС.pdf,2026-07-03
PAR_44,PRO_118,Радиус интерполяции,,,,,,High,Трофимов А.В. Опыт создания блочных геомеханических моделей в ГГИС.pdf,2026-07-03
PAR_45,PRO_118,Количество точек,,,,,,High,Трофимов А.В. Опыт создания блочных геомеханических моделей в ГГИС.pdf,2026-07-03
PAR_46,PRO_118,Количество секторов,,,,,,High,Трофимов А.В. Опыт создания блочных геомеханических моделей в ГГИС.pdf,2026-07-03
PAR_47,FAC_122,Размер ячейки,м,,2,50,Зависит от детализации и поставленных задач,High,Трофимов А.В. Опыт создания блочных геомеханических моделей в ГГИС.pdf,2026-07-03
PAR_48,FAC_122,Глубина блока,м,,,,Рассчитывается от центра блока до топоповерхности,High,Трофимов А.В. Опыт создания блочных геомеханических моделей в ГГИС.pdf,2026-07-03
PAR_49,PRO_124,ELOS,,,,,Используется для определения устойчивых параметров очистных камер,High,Трофимов А.В. Опыт создания блочных геомеханических моделей в ГГИС.pdf,2026-07-03
PAR_50,EQU_126,Высота борта камеры,м,,,,Зависит от параметров 8/60 и 8/120,High,Трофимов А.В. Опыт создания блочных геомеханических моделей в ГГИС.pdf,2026-07-03
PAR_51,PRO_128,Рейтинг Jn,,,,,Оценка устойчивости массива горных пород,High,Трофимов А.В. Опыт создания блочных геомеханических моделей в ГГИС.pdf,2026-07-03
PAR_52,PRO_128,Параметр шероховатости Jr,,,,,Определение с использованием профилометра,High,Трофимов А.В. Опыт создания блочных геомеханических моделей в ГГИС.pdf,2026-07-03
PAR_53,PRO_132,Предел прочности,,,,,Определение для образцов горных пород,High,Трофимов А.В. Опыт создания блочных геомеханических моделей в ГГИС.pdf,2026-07-03
PAR_54,EQU_112,Шаг записи,м,"0,003",,,Оптимальный параметр для проведения каротажа,High,Трофимов А.В. Опыт создания блочных геомеханических моделей в ГГИС.pdf,2026-07-03
PAR_55,EQU_112,Скорость записи,м/ч,120,,,Оптимальный параметр для проведения каротажа,High,Трофимов А.В. Опыт создания блочных геомеханических моделей в ГГИС.pdf,2026-07-03
PAR_56,EQU_112,Горизонтальный шаг,°,"2,5",,,Оптимальный параметр для проведения каротажа,High,Трофимов А.В. Опыт создания блочных геомеханических моделей в ГГИС.pdf,2026-07-03
PAR_57,EXP_137,частотный диапазон,Гц,,,,рабочий диапазон сейсмозаписывающего оборудования,High,Тяпкина ПА_Пермь_Зимняя школа.pdf,2026-07-03
PAR_58,EXP_137,порядок тренда,,,0,3,выделение трендов для последующего исключения,High,Тяпкина ПА_Пермь_Зимняя школа.pdf,2026-07-03
PAR_59,PRO_146,Значение,МПа,,,,В образце,High,Трофимов А.В. Опыт создания блочных геомеханических моделей в ГГИС.pdf,2026-07-03
PAR_60,PRO_147,Значение,МПа,,,,В образце,High,Трофимов А.В. Опыт создания блочных геомеханических моделей в ГГИС.pdf,2026-07-03
PAR_61,PRO_148,Значение,г/см3,,,,В образце,High,Трофимов А.В. Опыт создания блочных геомеханических моделей в ГГИС.pdf,2026-07-03
PAR_62,PRO_149,Значение,МПа*104,,,,В образце,High,Трофимов А.В. Опыт создания блочных геомеханических моделей в ГГИС.pdf,2026-07-03
PAR_63,PRO_150,Значение,МПа*104,,,,В образце,High,Трофимов А.В. Опыт создания блочных геомеханических моделей в ГГИС.pdf,2026-07-03
PAR_64,PRO_151,Значение,мм/мм,,,,В образце,High,Трофимов А.В. Опыт создания блочных геомеханических моделей в ГГИС.pdf,2026-07-03
PAR_65,PRO_152,Значение,мм/мм,,,,В образце,High,Трофимов А.В. Опыт создания блочных геомеханических моделей в ГГИС.pdf,2026-07-03
PAR_66,PRO_171,Скорость движения,км/ч,,,,Оптимальная скорость движения техники в зависимости от характеристик горной породы.,High,ГП № 1-2024.pdf,2026-07-03
PAR_67,EQU_172,время продувки,минуты,20,,,,High,ГП № 1-2024.pdf,2026-07-03
PAR_68,EQU_172,тип обдува,,двусторонний,,,,High,ГП № 1-2024.pdf,2026-07-03
PAR_69,EQU_181,масса,кг,112100,,,с рыхлителем,High,ГП № 1-2024.pdf,2026-07-03
PAR_70,EQU_182,мощность,кВт,708,,,,High,ГП № 1-2024.pdf,2026-07-03
PAR_71,EQU_181,тяговое усилие,кН,1400,,,,High,ГП № 1-2024.pdf,2026-07-03
PAR_72,EQU_181,объем отвала,м³,28,,,(ISO 9246:1988),High,ГП № 1-2024.pdf,2026-07-03
PAR_73,MAT_192,прочность,,,,,при использовании в строительстве объектов,High,ГП № 1-2024.pdf,2026-07-03
PAR_74,EQU_196,масса,кг,70630,,,с рыхлителем,High,ГП № 1-2024.pdf,2026-07-03
PAR_75,EQU_196,мощность,кВт,450,,,,High,ГП № 1-2024.pdf,2026-07-03
PAR_76,EQU_196,тяговое усилие,кН,1018,,,,High,ГП № 1-2024.pdf,2026-07-03
PAR_77,MAT_198,òåìïåðàòóðà,°C,,0,55,äèàïàçîí ïðèìåíåíèÿ,High,ГП № 1-2024.pdf,2026-07-03
PAR_78,MAT_198,ñðîê õðàíåíèÿ,äíè,21,,,íà ìåñòå ïðèìåíåíèÿ áåç ïîòåðè òåõíîëîãè÷åñêèõ ñâîéñòâ,High,ГП № 1-2024.pdf,2026-07-03
PAR_79,EQU_201,Ширина ленточного полотна,мм,,800,1200,,High,ГП № 1-2024.pdf,2026-07-03
PAR_80,EQU_201,Шаг перемещения,мм,1000,,,,High,ГП № 1-2024.pdf,2026-07-03
PAR_81,EQU_201,Усилие перемещения,кН,500,,,,High,ГП № 1-2024.pdf,2026-07-03
PAR_82,EQU_201,Мощность эл/двигателя маслостанции,кВт,,37,55,,High,ГП № 1-2024.pdf,2026-07-03
PAR_83,EQU_201,Подача рабочей жидкости,л/мин,,134,182,,High,ГП № 1-2024.pdf,2026-07-03
PAR_84,EQU_201,Рабочее давление гидросистемы,МПа,16,,,,High,ГП № 1-2024.pdf,2026-07-03
PAR_85,EQU_201,Мощность приводной секции,кВт,,320,630,,High,ГП № 1-2024.pdf,2026-07-03
PAR_86,EQU_201,Телескопичность ленточного полотна,м,до 200,,,,High,ГП № 1-2024.pdf,2026-07-03
PAR_87,EQU_201,Ход натяжной каретки,м,20,,,,High,ГП № 1-2024.pdf,2026-07-03
PAR_88,MAT_203,Диаметр трубы,мм,,200,800,Различные диаметры труб используются для анализа их влияния на вес и жёсткость стенки,High,ГП № 1-2024.pdf,2026-07-03
PAR_89,MAT_203,Толщина стенки,мм,,8,15,Толщина стенки влияет на жёсткость и вес трубы,High,ГП № 1-2024.pdf,2026-07-03
PAR_90,MAT_207,Диаметр,мм,,200,800,,High,ГП № 1-2024.pdf,2026-07-03
PAR_91,MAT_207,Толщина стенки,мм,,8,15,,High,ГП № 1-2024.pdf,2026-07-03
PAR_92,MAT_207,Масса,кг/п·м,,"9,4","72,1",,High,ГП № 1-2024.pdf,2026-07-03
PAR_93,MAT_207,EJ,МПа·м²,,"0,6",174,,High,ГП № 1-2024.pdf,2026-07-03
PAR_94,MAT_210,Прочность на растяжение,МПа,,124,134,,High,ГП № 1-2024.pdf,2026-07-03
PAR_95,MAT_211,Прочность на растяжение,МПа,,148,150,,High,ГП № 1-2024.pdf,2026-07-03
PAR_96,MAT_210,Вес,кг/п.м,,"8,2","27,5",,High,ГП № 1-2024.pdf,2026-07-03
PAR_97,MAT_211,Вес,кг/п.м,,"1,5","2,4",,High,ГП № 1-2024.pdf,2026-07-03
PAR_98,MAT_217,Толщина,мм,40,,,,High,ГП № 1-2024.pdf,2026-07-03
PAR_99,MAT_217,Эффективность,%,50,,,Увеличение выгрузки материала,High,ГП № 1-2024.pdf,2026-07-03
PAR_100,EQU_220,высота выброса,м,,18,30,при добыче полезных ископаемых,High,ГП № 1-2024.pdf,2026-07-03
PAR_101,EQU_232,высота,м,,20,30,для удобства оператора,High,ГП № 1-2024.pdf,2026-07-03
PAR_102,EQU_240,дальность пути,км,,менее 1,более 1,выбор типа протектора шины,High,ГП № 1-2024.pdf,2026-07-03
PAR_103,MAT_244,ТКВЧ,тонно-километры в час,,,,"Показатель, определяющий производительность шины",High,ГП № 1-2024.pdf,2026-07-03
PAR_104,EQU_245,Тип шин,,Пневматические шины,,,Для подземных самоходных горных машин,High,ГП № 1-2024.pdf,2026-07-03
PAR_105,PRO_262,Содержание сероводорода,% об.,,,,В ёмкости с пробой руды,High,ГП № 1-2024.pdf,2026-07-03
PAR_106,PRO_262,Объём ёмкости,см3,,,,"За вычетом объёма, занятого рудой",High,ГП № 1-2024.pdf,2026-07-03
PAR_107,PRO_262,Вес пробы,кг,2,,,,High,ГП № 1-2024.pdf,2026-07-03
PAR_108,EQU_269,средняя скорость,км/ч,до 5,,5,короткие дистанции пути,High,ГП № 1-2024.pdf,2026-07-03
PAR_109,EQU_270,средняя скорость,км/ч,до 6,,6,короткие дистанции пути,High,ГП № 1-2024.pdf,2026-07-03
PAR_110,EQU_271,средняя скорость,км/ч,до 16,,16,большая дистанция пути,High,ГП № 1-2024.pdf,2026-07-03
PAR_111,PRO_272,Энергоёмкость процесса,не указана,снижена,,,При выборе оборудования для бульдозерной технологии,High,ГП № 1-2024.pdf,2026-07-03
PAR_112,MAT_276,Содержание,%,до 10%,,10%,"В соляных породах, например, Второго Березниковского калийного рудника",High,ГП № 1-2024.pdf,2026-07-03
PAR_113,PRO_283,концентрация сероводорода,мг/л,,,,при определении мест скопления опасных серосодержащих газов,High,ГП № 1-2024.pdf,2026-07-03
PAR_114,PRO_283,содержание хлористого магния,,,,,при определении мест скопления опасных серосодержащих газов,High,ГП № 1-2024.pdf,2026-07-03
PAR_115,PRO_292,concentration,mg/l,,,,In potash mines,High,ГП № 1-2024.pdf,2026-07-03
PAR_116,MAT_273,Влажность,%,,не более 65,,При добыче сырья повышенной влажности,High,ГП № 1-2024.pdf,2026-07-03
PAR_117,PRO_303,Производительность,т/год,,20,40,,High,ГП № 1-2024.pdf,2026-07-03
PAR_118,PRO_309,Интервал наработки до отказа,Единицы времени,,,,Для элементов подвески карьерных автосамосвалов,High,ГП № 1-2024.pdf,2026-07-03
PAR_119,EQU_307,Наработка до отказа,Единицы времени,,,,Динамически изменяющиеся условия эксплуатации,High,ГП № 1-2024.pdf,2026-07-03
PAR_120,EQU_304,Объём ковша/отвала/кузова,м³,"9,7",,,,High,ГП № 1-2024.pdf,2026-07-03
PAR_121,PRO_317,Средняя наработка на отказ,,,,,"Учитывает различные виды экономических затрат и коэффициент, отражающий связь влияния горнотехнических условий эксплуатации на среднюю наработку до отказа.",High,ГП № 1-2024.pdf,2026-07-03
PAR_122,EQU_307,Межремонтный период,моточас,,,,Для каждой модели карьерных автосамосвалов можно скорректировать межремонтный период,High,ГП № 1-2024.pdf,2026-07-03
PAR_123,PRO_327,граничный коэффициент вскрыши,,,,,Увеличение граничного коэффициента вскрыши при переходе на циклично-поточную технологию.,High,ГП № 1-2024.pdf,2026-07-03
PAR_124,PRO_330,Мощность залежей,м,,"0,5",6,Примеры параметра кондиций по мощности залежей для открытой разработки месторождений твердых полезных ископаемых различных видов,High,ГП № 1-2024.pdf,2026-07-03
PAR_125,PRO_330,Коэффициент вскрыши,,,,,Зависит от класса и группы технологической схемы управления качеством потоков горной массы,High,ГП № 1-2024.pdf,2026-07-03
PAR_126,PRO_330,Объем некондиционных по мощности рудных тел,,,,,Зависит от класса и группы технологической схемы управления качеством потоков горной массы,High,ГП № 1-2024.pdf,2026-07-03
PAR_127,PRO_330,Количество линий,шт.,,,,Оптимизация количества линий поточной технологии в карьере,High,ГП № 1-2024.pdf,2026-07-03
PAR_128,MAT_338,Содержание полезного ископаемого,%,,,,Прогнозирование возможности идентификации в общем потоке отвальной горной массы,High,ГП № 1-2024.pdf,2026-07-03
PAR_129,PRO_327,производительность,тонн в час,,,,зависит от конкретных условий применения,High,ГП № 1-2024.pdf,2026-07-03
PAR_130,PRO_327,капитальные затраты,рубли,,,,зависят от конкретных условий применения,High,ГП № 1-2024.pdf,2026-07-03
PAR_131,PRO_327,эксплуатационные затраты,рубли,,,,зависят от конкретных условий применения,High,ГП № 1-2024.pdf,2026-07-03
PAR_132,PRO_343,Линейный размер кусков,мм,,1000,1400,До ввода ЦПТ,High,ГП № 1-2024.pdf,2026-07-03
PAR_133,PRO_345,Линейный размер куска,мм,,100,350,После ввода ЦПТ,High,ГП № 1-2024.pdf,2026-07-03
PAR_134,EQU_348,Точность,%,,1,6,Контроль перевезённой горной массы для каждого рейса,High,ГП № 1-2024.pdf,2026-07-03
PAR_135,EQU_348,Точность,%,,0.5,1,Контроль перевезённой горной массы конкретной ПДМ за смену,High,ГП № 1-2024.pdf,2026-07-03
PAR_136,PRO_352,Точность взвешивания,%,,5,8,Для ПДМ,High,ГП № 1-2024.pdf,2026-07-03
PAR_137,EQU_355,Количество отсчётов,отсчёты,,75,130,За время движения ПДМ груженой или пустой (100–200 с),High,ГП № 1-2024.pdf,2026-07-03
PAR_138,PRO_354,Статистическая ошибка,%,,15,25,При измерении в одной точке (в один момент времени),High,ГП № 1-2024.pdf,2026-07-03
PAR_139,PRO_356,Калибровочный коэффициент,тонн/mA,,,,Используется для пересчета показаний давления в массу перевозимой руды.,High,ГП № 1-2024.pdf,2026-07-03
PAR_140,EQU_353,Среднее время между погрузкой и выгрузкой,секунды,,несколько десятков секунд,несколько минут,Вариации времени в зависимости от расстояния перевозки (краткое и длинное плечо).,High,ГП № 1-2024.pdf,2026-07-03
PAR_141,PRO_362,точность измерения,%,±6,,,контроль перевезённой горной массы для каждого рейса,High,ГП № 1-2024.pdf,2026-07-03
PAR_142,PRO_362,количество рейсов за смену,рейсы,60,,,контроль перевезённой горной массы конкретной погрузочно-доставочной машиной за смену,High,ГП № 1-2024.pdf,2026-07-03
PAR_143,PRO_368,Коэффициент поперечной фильтрации,,,,,Изменение коэффициента поперечной фильтрации влияет на результаты моделирования,High,ГП № 1-2024.pdf,2026-07-03
PAR_144,PRO_371,Коэффициент поперечной фильтрации,м/сут,,10,1000,Изменение коэффициента поперечной фильтрации Кx при постоянных значениях продольного Ky и вертикального Kz коэффициентов,High,ГП № 1-2024.pdf,2026-07-03
PAR_145,PRO_371,Объем фильтрации воды,м³/сут,,4.7,660,Объем фильтрации воды сквозь тело дамбы,High,ГП № 1-2024.pdf,2026-07-03
PAR_146,PRO_374,pH,,< 7,,,Условия эксплуатации анкерной крепи,High,ГП № 1-2024.pdf,2026-07-03
PAR_147,PRO_374,Скорость коррозии,не указана,,,,зависит от pH воды,High,ГП № 1-2024.pdf,2026-07-03
PAR_148,EQU_379,Экономический эффект,млн руб/км,"6,6",,,применение анкеров с антикоррозионным покрытием,High,ГП № 1-2024.pdf,2026-07-03
PAR_149,EQU_387,длина,м,"2,2",,,,High,ГП № 1-2024.pdf,2026-07-03
PAR_150,MAT_385,толщина антикоррозионного покрытия,мкм,500,,,,High,ГП № 1-2024.pdf,2026-07-03
PAR_151,PRO_397,производительность,не указана,повышенная,,,при использовании в условиях неустойчивых вмещающих пород,High,ГП № 1-2024.pdf,2026-07-03
PAR_152,PRO_396,Коэффициент фильтрации,м/сут,,10,1000,Проницаемость грунтов ограждающей дамбы,High,ГП № 1-2024.pdf,2026-07-03
PAR_153,PRO_396,Объем фильтрации,м³/сут,,5,650,Проницаемость грунтов ограждающей дамбы,High,ГП № 1-2024.pdf,2026-07-03
PAR_154,PRO_396,Перемещения грунтов,м,,0.13,0.23,Проницаемость грунтов ограждающей дамбы,High,ГП № 1-2024.pdf,2026-07-03
PAR_155,PRO_401,Процентное содержание,%,,,,В руде на каждом этапе разработки месторождения,High,ГП № 1-2024.pdf,2026-07-03
PAR_156,PRO_405,Направление отработки,,,,,Зависит от принятой нормативной прочности закладочного массива укрепленного слоя,High,ГП № 1-2024.pdf,2026-07-03
PAR_157,PRO_405,Длина блока,,,,,"Должна быть определена таким образом, чтобы обнажение защитного слоя в вертикальной стенке камеры оставалось устойчивым",High,ГП № 1-2024.pdf,2026-07-03
PAR_158,PRO_405,Расположение камер,,,,,По простиранию рудного тела,High,ГП № 1-2024.pdf,2026-07-03
PAR_159,FAC_417,добыча золота,унции,более 17 млн,,,период совместной эксплуатации месторождения 1997–2020 гг.,High,ГП № 1-2024.pdf,2026-07-03
PAR_160,FAC_417,валовая рентабельность,%,"-2,6",-55,57,оценка уровня формирования горной ренты для шести месторождений на разнице валовой прибыли с учётом и без учёта налогового режима,High,ГП № 1-2024.pdf,2026-07-03
PAR_161,FAC_418,Средние годовые операционные затраты,млн долл.,,,,"При моделировании затрат на расширение, модернизацию и поддержание производства",High,ГП № 1-2024.pdf,2026-07-03
PAR_162,FAC_418,Дифференциальная рента II,%,29,,,Оценка прироста ренты за счет геотехнологических и технологических производств,High,ГП № 1-2024.pdf,2026-07-03
PAR_163,PRO_421,Нормирование прибыли,%,,10,30,Привлечение квалифицированных операционных компаний для разработки месторождений,High,ГП № 1-2024.pdf,2026-07-03
PAR_164,PRO_421,Горная рента II,%,,"1,6",40,Безусловная собственность инвестиционного капитала и/или операциониста,High,ГП № 1-2024.pdf,2026-07-03
PAR_165,PRO_422,Содержание золота в эквиваленте,г/т,,"1,01","9,19",Оценка горной ренты ряда месторождений,High,ГП № 1-2024.pdf,2026-07-03
PAR_166,PRO_422,Прибыль при действующем налоговом режиме,млн долл.,,"-1166,08","1330,09",Оценка горной ренты ряда месторождений,High,ГП № 1-2024.pdf,2026-07-03
PAR_167,PRO_422,Валовая рентабельность,%,,"-55,32","75,46",Оценка горной ренты ряда месторождений,High,ГП № 1-2024.pdf,2026-07-03
PAR_168,MAT_424,Содержание золота в руде,г/т,,до 2,>5,Распределение золоторудных объектов по содержаниям золота,High,ГП № 1-2024.pdf,2026-07-03
PAR_169,EXP_432,Содержание меди в биомассе растений,мг/кг,,40,235,второй и третий год проведения исследований,High,ГП № 1-2024.pdf,2026-07-03
PAR_170,EXP_432,Содержание цинка в биомассе растений,мг/кг,,473,510,второй и третий год проведения исследований,High,ГП № 1-2024.pdf,2026-07-03
PAR_171,MAT_434,pH,,,6.0,6.5,Характеристики ТДМ,High,ГП № 1-2024.pdf,2026-07-03
PAR_172,MAT_434,Содержание K,мг/кг,2269,,,Характеристики ТДМ,High,ГП № 1-2024.pdf,2026-07-03
PAR_173,MAT_434,Содержание Mg,мг/кг,3147.15,,,Характеристики ТДМ,High,ГП № 1-2024.pdf,2026-07-03
PAR_174,MAT_434,Содержание Cu,мг/кг,2.75,,,Характеристики ТДМ,High,ГП № 1-2024.pdf,2026-07-03
PAR_175,MAT_434,Насыпная плотность,кг/м3,,680,700,Характеристики ТДМ,High,ГП № 1-2024.pdf,2026-07-03
PAR_176,MAT_443,Удельная поверхность,м²/кг,,20,50,,High,ГП № 1-2024.pdf,2026-07-03
PAR_177,MAT_443,Ионообменная способность,г-экв/кг,,"0,8","1,2",,High,ГП № 1-2024.pdf,2026-07-03
PAR_178,EXP_450,скорость нагружения,кН/с,,"0,01",50,одноосное сжатие,High,ГП № 1-2024.pdf,2026-07-03
PAR_179,MAT_458,Прочность при сжатии,МПа,,226,297,"Скорость нагружения: 0,01–30 кН/с",High,ГП № 1-2024.pdf,2026-07-03
PAR_180,MAT_459,Прочность при сжатии,МПа,,61,82,"Скорость нагружения: 0,01–50 кН/с",High,ГП № 1-2024.pdf,2026-07-03
PAR_181,PRO_460,Скорость нагружения,кН/с,,"0,01",50,,High,ГП № 1-2024.pdf,2026-07-03
PAR_182,PRO_462,Тип модели,,трехмерная модель,,,"для анализа доступности объектов инфраструктуры, определения потенциальных угроз и планирования будущего развития районов освоения",High,ГП № 1-2024.pdf,2026-07-03
PAR_183,MAT_458,прочность,МПа,276,269,300,скорость нагружения: 3-7 кН/с,High,ГП № 1-2024.pdf,2026-07-03
PAR_184,MAT_459,прочность,МПа,65,66,78,скорость нагружения: 3-10 кН/с,High,ГП № 1-2024.pdf,2026-07-03
PAR_185,PRO_465,Скорость нагружения,МПа/с,,1,5,ГОСТ 21153.2–84,High,ГП № 1-2024.pdf,2026-07-03
PAR_186,MAT_463,Предел прочности при сжатии,МПа,,100,,,High,ГП № 1-2024.pdf,2026-07-03
PAR_187,MAT_464,Предел прочности при сжатии,МПа,,40,90,,High,ГП № 1-2024.pdf,2026-07-03
PAR_188,PRO_469,эффективность использования,,,,,В контексте развития районов освоения,High,ГП № 1-2024.pdf,2026-07-03
PAR_189,FAC_475,Антропогенная нагрузка,условные единицы,,,,Оценка антропогенной нагрузки административных образований Республики Тыва,High,ГП № 1-2024.pdf,2026-07-03
PAR_190,MAT_458,прочность,МПа,284,,,скорость нагружения от 1 до 5 МПа/с,High,ГП № 1-2024.pdf,2026-07-03
PAR_191,MAT_459,прочность,МПа,67,,,скорость нагружения от 1 до 5 МПа/с,High,ГП № 1-2024.pdf,2026-07-03
PAR_192,PUB_476,скорость деформации,,,,,исследование влияния на механическое поведение песчаников,High,ГП № 1-2024.pdf,2026-07-03
PAR_193,PUB_477,скорость нагружения,,,,,исследование влияния на трещиностойкость горных пород,High,ГП № 1-2024.pdf,2026-07-03
PAR_194,PUB_478,скорость нагружения,,,,,экспериментальное исследование влияния на прочность и трещиностойкость горных пород,High,ГП № 1-2024.pdf,2026-07-03
PAR_195,PUB_479,скорость нагружения,,,,,новое объяснение влияния на прочность горных пород при сжатии,High,ГП № 1-2024.pdf,2026-07-03
PAR_196,FAC_480,Запасы угля,тыс. т,2 287 368,,,Балансовые запасы по чистым угольным пачкам в технических границах отработки разреза,High,ГП № 1-2024.pdf,2026-07-03
PAR_197,FAC_480,Средний коэффициент вскрыши,м³/т,"4,4",,,,High,ГП № 1-2024.pdf,2026-07-03
PAR_198,FAC_480,Срок разработки участка,год,51,,,,High,ГП № 1-2024.pdf,2026-07-03
PAR_199,MAT_484,Влажность,%,"1,7",,,,High,ГП № 1-2024.pdf,2026-07-03
PAR_200,MAT_484,Прочность на сжатие,МПа,"7,6",,,,High,ГП № 1-2024.pdf,2026-07-03
PAR_201,MAT_485,Прочность на сжатие,МПа,,10,55,,High,ГП № 1-2024.pdf,2026-07-03
PAR_202,EQU_489,техническая производительность,не указана,не указано,не указано,не указано,применение на Эльгинском разрезе,High,ГП № 1-2024.pdf,2026-07-03
PAR_203,EQU_500,Усилие резания,,,,,позволяет разрабатывать различные типы геоматериалов без предварительного разупрочнения,High,ГП № 1-2024.pdf,2026-07-03
PAR_204,PRO_508,Распределение компонент тензора напряжений,,,,,Для различных направлений силового воздействия и других граничных условий,High,ГП № 1-2024.pdf,2026-07-03
PAR_205,PRO_508,Напряженно-деформированное состояние,,,,,Оценка устойчивости породного массива,High,ГП № 1-2024.pdf,2026-07-03
PAR_206,PRO_516,Процент потерь,%,,"0,15","8,7",Зависит от метода разработки (селективная или валовая),High,ГП № 1-2024.pdf,2026-07-03
PAR_207,PRO_517,Процент разубоживания,%,,"3,9","24,8",Зависит от метода разработки (селективная или валовая),High,ГП № 1-2024.pdf,2026-07-03
PAR_208,PRO_518,Процент зольности,%,,"21,9",39,Зависит от метода разработки (селективная или валовая),High,ГП № 1-2024.pdf,2026-07-03
PAR_209,EQU_520,Размер загрузочной щели,мм,,180,260,Параметры работы дробилки,High,ГП № 1-2024.pdf,2026-07-03
PAR_210,EQU_531,Год ввода в эксплуатацию,,2023,,,Разрез 'Распадский',High,ГП № 2-2024.pdf,2026-07-03
PAR_211,EQU_539,Мощность,кВт,1194,,,,High,ГП № 2-2024.pdf,2026-07-03
PAR_212,EQU_539,Мощность,л.с.,1624,,,,High,ГП № 2-2024.pdf,2026-07-03
PAR_213,EQU_542,Мощность двигателя,л.с.,1068,,,Характеристики газового самосвала БЕЛАЗ-7558H,High,ГП № 2-2024.pdf,2026-07-03
PAR_214,EQU_542,Грузоподъёмность,тонн,,30,45,Характеристики газовых самосвалов БЕЛАЗ,High,ГП № 2-2024.pdf,2026-07-03
PAR_215,EQU_545,производительность,не указана,,,,при использовании в Лаборатории новых методов флотационных процессов,High,ГП № 2-2024.pdf,2026-07-03
PAR_216,FAC_551,Время работы,Режим работы,24/7,,,Монтаж и демонтаж шин,High,ГП № 2-2024.pdf,2026-07-03
PAR_217,PRO_548,Пробег,км,,50000,85000,Тестовая эксплуатация на самосвалах,High,ГП № 2-2024.pdf,2026-07-03
PAR_218,PRO_548,Остаточная глубина протектора,%,24,,,После пробега 69576 км,High,ГП № 2-2024.pdf,2026-07-03
PAR_219,MAT_556,Рабочая температура,°C,,-50,50,Для гидравлических экскаваторов и другой карьерной техники,High,ГП № 2-2024.pdf,2026-07-03
PAR_220,PRO_563,Метод подсчета,,,,,"Метод сечения, метод параллельных срезов",High,ГП № 2-2024.pdf,2026-07-03
PAR_221,PRO_564,Точность моделирования,Не применимо,,,,При создании профиля дороги в Micromine,High,ГП № 2-2024.pdf,2026-07-03
PAR_222,PRO_574,Метод подсчёта,,,,,Выбор метода подсчёта объёма в зависимости от типа модели и задачи,High,ГП № 2-2024.pdf,2026-07-03
PAR_223,PRO_574,Размер палетки,м,20 x 20,,,Метод палетки,High,ГП № 2-2024.pdf,2026-07-03
PAR_224,PRO_574,Шаг сечения,м,5,,,Метод вертикальных сечений,High,ГП № 2-2024.pdf,2026-07-03
PAR_225,EQU_575,Стоимость,процент,,12,,Стоимость оборудования выше на 12% по сравнению со стандартным исполнением,High,ГП № 2-2024.pdf,2026-07-03
PAR_226,EQU_578,объём флотокамер,м³,70,,,,High,ГП № 2-2024.pdf,2026-07-03
PAR_227,EQU_579,объём флотокамер,м³,25,,,,High,ГП № 2-2024.pdf,2026-07-03
PAR_228,PRO_583,Время разработки,лет,,5,,Долгосрочное планирование,High,ГП № 2-2024.pdf,2026-07-03
PAR_229,ORG_562,Срок поставки,дни,,10,21,Сроки поставки оборудования из Турции,High,ГП № 2-2024.pdf,2026-07-03
PAR_230,ORG_562,Срок доставки,дни,,35,,Доставка оборудования из Европы в Санкт-Петербург,High,ГП № 2-2024.pdf,2026-07-03
PAR_231,MAT_586,температурный диапазон,°C,,-50,-10,зимняя техника,High,ГП № 2-2024.pdf,2026-07-03
PAR_232,MAT_587,температурный диапазон,°C,,-30,20,техника для весны/осени,High,ГП № 2-2024.pdf,2026-07-03
PAR_233,MAT_588,температурный диапазон,°C,,-10,50,летняя техника,High,ГП № 2-2024.pdf,2026-07-03
PAR_234,MAT_591,температурный диапазон,°C,,0,50,открытые зубчатые передачи,High,ГП № 2-2024.pdf,2026-07-03
PAR_235,PRO_597,Производительность,т/ч,,100,800,,High,ГП № 2-2024.pdf,2026-07-03
PAR_236,MAT_598,Количество,мм,,300,900,,High,ГП № 2-2024.pdf,2026-07-03
PAR_237,MAT_599,Количество,мм,,20,250,,High,ГП № 2-2024.pdf,2026-07-03
PAR_238,EQU_600,экономический эффект,%,,5,5,на горно-металлургических материалах,High,ГП № 2-2024.pdf,2026-07-03
PAR_239,EQU_600,экономический эффект,%,,3,3,на обслуживании и ремонте,High,ГП № 2-2024.pdf,2026-07-03
PAR_240,EQU_600,снижение операционных затрат,%,,4,4,при полном внедрении,High,ГП № 2-2024.pdf,2026-07-03
PAR_241,EQU_600,повышение производительности,%,,4,4,при полном внедрении,High,ГП № 2-2024.pdf,2026-07-03
PAR_242,EQU_600,улучшение коэффициента технической готовности оборудования,%,,5,5,,High,ГП № 2-2024.pdf,2026-07-03
PAR_243,EQU_603,Масса,тонны,,24,,Стандартная модель до недавнего времени,High,ГП № 2-2024.pdf,2026-07-03
PAR_244,EQU_604,производительность,кг/минуту,,,80,,High,ГП № 2-2024.pdf,2026-07-03
PAR_245,EQU_604,максимальная глубина заряжания,метров,,,45,,High,ГП № 2-2024.pdf,2026-07-03
PAR_246,EQU_609,Производительность,м³/ч,450,,,,High,ГП № 2-2024.pdf,2026-07-03
PAR_247,EQU_612,Доля комплектующих отечественного производства,%,95,,,,High,ГП № 2-2024.pdf,2026-07-03
PAR_248,EQU_612,Мощность двигателя,лошадиные силы,400,,,,High,ГП № 2-2024.pdf,2026-07-03
PAR_249,PRO_624,Периодичность,моточасы,,250,,,High,ГП № 2-2024.pdf,2026-07-03
PAR_250,FAC_626,Производственная мощность,млн т,,15,,Сырая руда,High,ГП № 2-2024.pdf,2026-07-03
PAR_251,FAC_626,Производственная мощность,млн т,,3,,Железо-ванадиевый концентрат,High,ГП № 2-2024.pdf,2026-07-03
PAR_252,EQU_628,масса,т,"14,7",,,,High,ГП № 2-2024.pdf,2026-07-03
PAR_253,EQU_629,модель,,ZD170G,,,,High,ГП № 2-2024.pdf,2026-07-03
PAR_254,EQU_630,модель,,240G,,,,High,ГП № 2-2024.pdf,2026-07-03
PAR_255,EQU_631,модель,,360G,,,,High,ГП № 2-2024.pdf,2026-07-03
PAR_256,EQU_632,масса,т,"17,5",,,,High,ГП № 2-2024.pdf,2026-07-03
PAR_257,MAT_633,Вязкость,сП,,25000,26000,,High,ГП № 2-2024.pdf,2026-07-03
PAR_258,MAT_633,Электроемкость,пФ,,137,144,,High,ГП № 2-2024.pdf,2026-07-03
PAR_259,MAT_633,Размер частиц,мкм,,9,11,,High,ГП № 2-2024.pdf,2026-07-03
PAR_260,MAT_633,Плотность,г/см3,,"1,311","1,318",,High,ГП № 2-2024.pdf,2026-07-03
PAR_261,EXP_640,Температура,°C,50,,,Условия проведения эксперимента по разрушению эмульсионной матрицы,High,ГП № 2-2024.pdf,2026-07-03
PAR_262,MAT_641,Объем производства,тыс. т,1150,,,ежегодный расход в Российской Федерации,High,ГП № 2-2024.pdf,2026-07-03
PAR_263,MAT_244,Ходимость,Не указано,Не указано,Не указано,Не указано,Зависит от условий эксплуатации и сервисного обслуживания,High,ГП № 2-2024.pdf,2026-07-03
PAR_264,MAT_641,Объём производства,тонны,"1,15 млн",,,Ежегодный расход промышленных эмульсионных взрывчатых веществ при добыче полезных ископаемых,High,ГП № 2-2024.pdf,2026-07-03
PAR_265,PRO_654,Объём отходов производства,тонны,"57,5 тыс.",,,Ориентировочный объём некондиционных эмульсионных полуфабрикатов промышленных взрывчатых веществ,High,ГП № 2-2024.pdf,2026-07-03
PAR_266,MAT_659,Вязкость,,,,,Для оценки физико-химической стабильности эмульсионной матрицы,High,ГП № 2-2024.pdf,2026-07-03
PAR_267,MAT_659,Электроемкость,,,,,Для оценки физико-химической стабильности эмульсионной матрицы,High,ГП № 2-2024.pdf,2026-07-03
PAR_268,MAT_659,Размер частиц эмульсионной дисперсии,,,,,Для оценки физико-химической стабильности эмульсионной матрицы,High,ГП № 2-2024.pdf,2026-07-03
PAR_269,MAT_659,Плотность,,,,,Для оценки физико-химической стабильности эмульсионной матрицы,High,ГП № 2-2024.pdf,2026-07-03
PAR_270,MAT_667,Температура хранения,°C,,-,+15–18,Перед монтажом на ободья,High,ГП № 2-2024.pdf,2026-07-03
PAR_271,PRO_668,Срок эксплуатации,,,,,Увеличение срока безотказной работы,High,ГП № 2-2024.pdf,2026-07-03
PAR_272,MAT_667,Срок службы,Часы/километры,,,,Зависит от условий эксплуатации и качества сервисного обслуживания,High,ГП № 2-2024.pdf,2026-07-03
PAR_273,PRO_670,Периодичность проверок,Дни/месяцы,,,,Определяется на основе истории использования шин и условий их эксплуатации,High,ГП № 2-2024.pdf,2026-07-03
PAR_274,PRO_678,Степень автоматизации,,,Отсутствует,Полная автоматизация,Вариации степени автоматизации на разных угольных шахтах,High,ГП № 2-2024.pdf,2026-07-03
PAR_275,EQU_692,Частота замеров,раз в секунду,1,,,В режиме реального времени,High,ГП № 2-2024.pdf,2026-07-03
PAR_276,PRO_698,Производственный риск,,,,,"Характеристика производственной среды, определяющая уровень производственной опасности и возможный размер социально-экономических потерь.",High,ГП № 2-2024.pdf,2026-07-03
PAR_277,PRO_703,Отклонения фактических параметров,,,,,Отклонения от задаваемых нормативных значений параметров,High,ГП № 2-2024.pdf,2026-07-03
PAR_278,EQU_708,рабочая частота,МГц,1000,,,,High,ГП № 2-2024.pdf,2026-07-03
PAR_279,EQU_708,ядро,,ARM Cortex-A8,,,,High,ГП № 2-2024.pdf,2026-07-03
PAR_280,PRO_710,производственный риск,,,,,Используется как критерий эффективности функционирования контуров контроля.,High,ГП № 2-2024.pdf,2026-07-03
PAR_281,PRO_715,средний уровень производственного риска,,,,,Отражает общий уровень риска в технологическом процессе,High,ГП № 2-2024.pdf,2026-07-03
PAR_282,PRO_715,количество технологических звеньев,,,,,Используется для расчета общего уровня риска,High,ГП № 2-2024.pdf,2026-07-03
PAR_283,PRO_715,производственный риск в i-м звене,,,,,Отражает риск в отдельном звене технологического процесса,High,ГП № 2-2024.pdf,2026-07-03
PAR_284,PRO_717,Температура,°C,25,25,25,Для предотвращения конденсации углеводородов в газовых баллонах,High,ГП № 2-2024.pdf,2026-07-03
PAR_285,MAT_720,Плотность,кг/м³,,130,,,High,ГП № 2-2024.pdf,2026-07-03
PAR_286,MAT_720,Максимальная температура применения,°C,1150,,,,High,ГП № 2-2024.pdf,2026-07-03
PAR_287,MAT_722,Температура,°C,,,,Экстремально низкие температуры,High,ГП № 2-2024.pdf,2026-07-03
PAR_288,EQU_724,Температура компримированного природного газа,°C,25,,,Оптимальная температура для обеспечения штатной работы двигателей внутреннего сгорания,High,ГП № 2-2024.pdf,2026-07-03
PAR_289,MAT_730,максимальное рабочее давление,бар,200,,200,газобаллонное оборудование,High,ГП № 2-2024.pdf,2026-07-03
PAR_290,PRO_731,температура эксплуатации,°C,-55 до -70,-70,-55,резина на основе фторсилоксановых каучуков,High,ГП № 2-2024.pdf,2026-07-03
PAR_291,MAT_722,Температура,°C,+25,,,Для обеспечения постоянства компонентного состава газовой смеси,High,ГП № 2-2024.pdf,2026-07-03
PAR_292,EQU_724,Метановое число,,,,,Изменяется при конденсации тяжелых углеводородов,High,ГП № 2-2024.pdf,2026-07-03
PAR_293,PRO_737,Температура конденсации,°C,-80,,,Процесс сепарации тяжелых углеводородов (С5-С7),High,ГП № 2-2024.pdf,2026-07-03
PAR_294,PRO_738,Удельные затраты электроэнергии,кВт·ч/(кг СПГ),"0,504",,,Технология SMR,High,ГП № 2-2024.pdf,2026-07-03
PAR_295,MAT_722,давление,атм,,,,при использовании в качестве топлива,High,ГП № 2-2024.pdf,2026-07-03
PAR_296,PRO_748,Величина местных сопротивлений,,Может превышать 10% от общешахтного аэродинамического сопротивления трения,10%,,Зависит от геометрических параметров горных выработок,High,ГП № 2-2024.pdf,2026-07-03
PAR_297,PRO_749,Длина горной выработки,м,,200,1100,Условие соблюдения соотношения (1),High,ГП № 2-2024.pdf,2026-07-03
PAR_298,PRO_749,Площадь сечения горной выработки,м²,,12,24,Влияние на аэродинамическое сопротивление,High,ГП № 2-2024.pdf,2026-07-03
PAR_299,EQU_753,интенсивность отказов,,,,,"эргатический, технический, климатический, организационный и технологический факторы",High,ГП № 2-2024.pdf,2026-07-03
PAR_300,PRO_754,Уровень риска,,,Низкий,Высокий,Оценка уровня риска отказов систем и их элементов для определения стратегии ТОиР.,High,ГП № 2-2024.pdf,2026-07-03
PAR_301,EQU_756,Количество внезапных отказов,%,50,,,Связано с системой ТОиР,High,ГП № 2-2024.pdf,2026-07-03
PAR_302,EQU_756,"Количество отказов, связанных с системой эксплуатации",%,36,,,,High,ГП № 2-2024.pdf,2026-07-03
PAR_303,EQU_758,Диаметр трубы,мм,50,,,,High,ГП № 2-2024.pdf,2026-07-03
PAR_304,EQU_758,Скорость воздуха,м/с,2,,,,High,ГП № 2-2024.pdf,2026-07-03
PAR_305,EQU_764,Величина риска,,,менее 20,выше 320,Оценка рисков при диагностике оборудования,High,ГП № 2-2024.pdf,2026-07-03
PAR_306,EXP_774,Расстояние между выпускными выработками,м,,9,11,Условия отрицательных температур подземной разработки рудных месторождений криолитозоны,High,ГП № 2-2024.pdf,2026-07-03
PAR_307,PRO_777,Расстояние между выпускными выработками,м,,,,Влияние на показатели потерь отбитой руды от смерзания в очистном пространстве при выпуске,High,ГП № 2-2024.pdf,2026-07-03
PAR_308,EXP_779,Влажность отбитой руды,%,3,,,Критическое значение в плане смерзания,High,ГП № 2-2024.pdf,2026-07-03
PAR_309,EXP_779,Температура массива горных пород,°C,-5,,,Условия подземной разработки месторождений криолитозоны,High,ГП № 2-2024.pdf,2026-07-03
PAR_310,PRO_782,расстояние,м,,9,11,при траншейной конструкции днища блока,High,ГП № 2-2024.pdf,2026-07-03
PAR_311,PRO_784,Расстояние между осями ортов-заездов,м,,9,12,,High,ГП № 2-2024.pdf,2026-07-03
PAR_312,PRO_784,Длина панели,м,,90,110,Определяется горно-геологическими особенностями участка опытно-промышленных испытаний,High,ГП № 2-2024.pdf,2026-07-03
PAR_313,PRO_784,Высота подэтажа,м,,15,18,,High,ГП № 2-2024.pdf,2026-07-03
PAR_314,PRO_789,температура,°C,-5,-5,-5,температура в морозильной камере,High,ГП № 2-2024.pdf,2026-07-03
PAR_315,PRO_789,высота слоя руды,см,36,36,36,высота слоя руды в стенде,High,ГП № 2-2024.pdf,2026-07-03
PAR_316,PRO_789,объем дозы выпуска,г,100,100,100,объем дозы выпуска руды,High,ГП № 2-2024.pdf,2026-07-03
PAR_317,PRO_789,предельное разубоживание,%,80,80,80,предельное разубоживание в дозе выпуска,High,ГП № 2-2024.pdf,2026-07-03
PAR_318,PRO_807,Плотность,г/см3,,"2,02","2,28",Определена методом режущего кольца,High,ГП № 2-2024.pdf,2026-07-03
PAR_319,EQU_811,Температура рабочей жидкости,°C,,,,В процессе эксплуатации,High,ГП № 2-2024.pdf,2026-07-03
PAR_320,EQU_811,Номинальное давление,МПа,"29,6",,,,High,ГП № 2-2024.pdf,2026-07-03
PAR_321,EQU_813,Объемный КПД,,,,,Уменьшается с наработкой и износом насоса,High,ГП № 2-2024.pdf,2026-07-03
PAR_322,PRO_814,Оптимальная наработка между заменами,часы,,,,Зависит от условий эксплуатации и затрат на замену,High,ГП № 2-2024.pdf,2026-07-03
PAR_323,EQU_559,Расход топлива,л/ч,,,,Зависит от параметров элементов гидросистемы и в первую очередь основных насосов,High,ГП № 2-2024.pdf,2026-07-03
PAR_324,EQU_816,Объемный КПД,%,99%,,,Начальное значение объемного КПД насоса экскаватора,High,ГП № 2-2024.pdf,2026-07-03
PAR_325,EQU_816,Скорость изменения объемного КПД,%/ч,"1,10-3 %/ч",,,,High,ГП № 2-2024.pdf,2026-07-03
PAR_326,MAT_818,Угол растекания,°,,"2,22","2,96",Измерение на вискозиметре Суттарда,High,ГП № 2-2024.pdf,2026-07-03
PAR_327,MAT_818,Вязкость,П,,"20,55","31,75",Измерение на вискозиметре Суттарда,High,ГП № 2-2024.pdf,2026-07-03
PAR_328,MAT_818,Напряжение сдвига,Па,,"43,22","57,69",Измерение на вискозиметре Суттарда,High,ГП № 2-2024.pdf,2026-07-03
PAR_329,MAT_804,Свободная водоотдача,%,,6.17,11.24,При отстаивании в мерном цилиндре,High,ГП № 2-2024.pdf,2026-07-03
PAR_330,MAT_804,Коэффициент фильтрации,м/сут,0.017,0.014,,В месте излива и в разгрузке сгустителя №2,High,ГП № 2-2024.pdf,2026-07-03
PAR_331,MAT_804,Вязкость,,,,,Определена при помощи вискозиметра Fungilab,High,ГП № 2-2024.pdf,2026-07-03
PAR_332,MAT_804,Напряжение сдвига,,,,,Определено на реометре YR-1 фирмы Brookfield,High,ГП № 2-2024.pdf,2026-07-03
PAR_333,PRO_831,Скорость уменьшения,Не указана,,,,Эксплуатация в условиях тропического климата Вьетнама при повышенной температуре рабочей жидкости и загрязненности рабочей жидкости 12-го и 13-го класса чистоты по ГОСТ 17216–2001,High,ГП № 2-2024.pdf,2026-07-03
PAR_334,EQU_829,Интервал между заменами насоса,Не указан,,,,Зависит от скорости износа и конструктивных особенностей гидравлического экскаватора,High,ГП № 2-2024.pdf,2026-07-03
PAR_335,MAT_804,Плотность,кг/м³,,,,В процессе исследования физико-механических свойств,High,ГП № 2-2024.pdf,2026-07-03
PAR_336,MAT_804,Минеральная плотность,кг/м³,,,,В процессе исследования физико-механических свойств,High,ГП № 2-2024.pdf,2026-07-03
PAR_337,MAT_804,Абсолютная влажность,%,,,,В процессе исследования физико-механических свойств,High,ГП № 2-2024.pdf,2026-07-03
PAR_338,MAT_804,Относительная влажность,%,,,,В процессе исследования физико-механических свойств,High,ГП № 2-2024.pdf,2026-07-03
PAR_339,MAT_804,Свободная водоотдача,м³/ч,,,,В процессе исследования физико-механических свойств,High,ГП № 2-2024.pdf,2026-07-03
PAR_340,MAT_804,Вязкость,Па·с,,,,В процессе исследования физико-механических свойств,High,ГП № 2-2024.pdf,2026-07-03
PAR_341,MAT_804,Напряжение сдвига,Па,,,,В процессе исследования физико-механических свойств,High,ГП № 2-2024.pdf,2026-07-03
PAR_342,MAT_804,Угол растекания,градусы,,,,В процессе исследования физико-механических свойств,High,ГП № 2-2024.pdf,2026-07-03
PAR_343,MAT_804,Коэффициент фильтрации,м/сут,,,,В процессе исследования физико-механических свойств,High,ГП № 2-2024.pdf,2026-07-03
PAR_344,PRO_835,Коэффициент теплообмена,,,0,,Влияние на воспламенение пылегазовоздушной смеси,High,ГП № 2-2024.pdf,2026-07-03
PAR_345,PRO_835,Безразмерная температура,,,"0,0663","2,466",Изменение температуры в зависимости от времени,High,ГП № 2-2024.pdf,2026-07-03
PAR_346,MAT_837,температура,°C,,,,влияет на процесс самовоспламенения,High,ГП № 2-2024.pdf,2026-07-03
PAR_347,MAT_837,концентрация кислорода,,,,,определяется экспериментально при 0°C,High,ГП № 2-2024.pdf,2026-07-03
PAR_348,MAT_837,концентрация угольной пыли,,,,,определяется экспериментально при 0°C,High,ГП № 2-2024.pdf,2026-07-03
PAR_349,MAT_840,температура самовоспламенения,°C,,,,В атмосфере горных выработок,High,ГП № 2-2024.pdf,2026-07-03
PAR_350,MAT_840,период самовоспламенения,,,,,В атмосфере горных выработок,High,ГП № 2-2024.pdf,2026-07-03
PAR_351,PRO_843,Стехиометрическое соотношение,,,0.375,0.75,Зависит от режима горения углерода,High,ГП № 2-2024.pdf,2026-07-03
PAR_352,MAT_844,Вес,кг,,12,48,В зависимости от реакции горения,High,ГП № 2-2024.pdf,2026-07-03
PAR_353,MAT_845,Вес,кг,,32,96,В зависимости от реакции горения,High,ГП № 2-2024.pdf,2026-07-03
PAR_354,PRO_851,Температура,°C,"787,61",,,Температура по шкале Цельсия,High,ГП № 2-2024.pdf,2026-07-03
PAR_355,PRO_852,Период,с,,,,"Время, необходимое для самовоспламенения смеси",High,ГП № 2-2024.pdf,2026-07-03
PAR_356,MAT_853,коэффициент хрупкости,,27,,,,High,ГП № 2-2024.pdf,2026-07-03
PAR_357,MAT_853,предел прочности при трехосном сжатии,МПа,,416,843,при различных значениях бокового давления,High,ГП № 2-2024.pdf,2026-07-03
PAR_358,MAT_853,критическое значение удельной энергии деформирования,МДж/м3,,0.92,3.73,при различных значениях бокового давления,High,ГП № 2-2024.pdf,2026-07-03
PAR_359,MAT_853,модуль деформации,ГПа,,70.31,133.06,при различных значениях бокового давления,High,ГП № 2-2024.pdf,2026-07-03
PAR_360,MAT_853,модуль спада,ГПа,,306.80,1805.00,при различных значениях бокового давления,High,ГП № 2-2024.pdf,2026-07-03
PAR_361,MAT_853,отношение модуля деформации к модулю спада,,,0.01,0.27,при различных значениях бокового давления,High,ГП № 2-2024.pdf,2026-07-03
PAR_362,PRO_460,скорость нагружения,МПа/с,"2,5",,,,High,ГП № 2-2024.pdf,2026-07-03
PAR_363,MAT_853,предел прочности,МПа,,842,,при боковом давлении 80 МПа,High,ГП № 2-2024.pdf,2026-07-03
PAR_364,MAT_853,критическое значение удельной энергии деформирования,,,,,увеличивается в 13 раз при боковом давлении 80 МПа по сравнению с одноосным сжатием,High,ГП № 2-2024.pdf,2026-07-03
PAR_365,MAT_853,модуль упругости,ГПа,"88,69",,,при одноосном сжатии,High,ГП № 2-2024.pdf,2026-07-03
PAR_366,MAT_853,предел прочности,МПа,,,,увеличивается в условиях трёхосного сжатия по сравнению с одноосным сжатием,High,ГП № 2-2024.pdf,2026-07-03
PAR_367,MAT_853,удельная энергия деформирования,,,,,увеличивается в условиях трёхосного сжатия по сравнению с одноосным сжатием,High,ГП № 2-2024.pdf,2026-07-03
PAR_368,MAT_853,предел прочности,,,,,в условиях одноосного и трёхосного сжатия,High,ГП № 2-2024.pdf,2026-07-03
PAR_369,MAT_853,критические значения удельной энергии деформирования,,,,,в условиях одноосного и трёхосного сжатия,High,ГП № 2-2024.pdf,2026-07-03
PAR_370,MAT_853,склонность к динамическому разрушению,,,,,при переходе от одноосного режима нагружения к трёхосному,High,ГП № 2-2024.pdf,2026-07-03
PAR_371,MAT_853,предел прочности при сжатии,МПа,219,,,одноосное сжатие,High,ГП № 2-2024.pdf,2026-07-03
PAR_372,MAT_853,модуль упругости,ГПа,"88,69",,,,High,ГП № 2-2024.pdf,2026-07-03
PAR_373,MAT_853,коэффициент Пуассона,,"0,22",,,,High,ГП № 2-2024.pdf,2026-07-03
PAR_374,MAT_853,коэффициент хрупкости,,27,,,,High,ГП № 2-2024.pdf,2026-07-03
PAR_375,PRO_875,Тип воздействия,,Направленный колебательный процесс,,,Для изменения трещиноватости и интенсификации метаноотдачи,High,ГП № 2-2024.pdf,2026-07-03
PAR_376,PRO_879,Частота,Гц,,,,Определённый диапазон частот для роста трещиноватости и стимулирования метаноотдачи,High,ГП № 2-2024.pdf,2026-07-03
PAR_377,FAC_882,азимут простирания,градусы,,290,50,системы протяженных блокообразующих трещин,High,ГП № 2-2024.pdf,2026-07-03
PAR_378,FAC_882,угол падения,градусы,,40,70,системы протяженных блокообразующих трещин,High,ГП № 2-2024.pdf,2026-07-03
PAR_379,PRO_875,Частота,Гц,,1,100,Вибрационное воздействие на угольный массив,High,ГП № 2-2024.pdf,2026-07-03
PAR_380,PRO_884,Проницаемость,,,,,Изменение газопроницаемости угольного массива под воздействием вибрации,High,ГП № 2-2024.pdf,2026-07-03
PAR_381,MAT_886,Трещиноватость,см,,0.1,5.0,Характеристики трещин в породном массиве,High,ГП № 2-2024.pdf,2026-07-03
PAR_382,MAT_886,Расстояние между трещинами,м,,0.05,2.0,Характеристики трещин в породном массиве,High,ГП № 2-2024.pdf,2026-07-03
PAR_383,PRO_898,Тип покрытия,,Многослойные покрытия,,,Создание покрытий на лопастях рабочих колес,High,ГП № 2-2024.pdf,2026-07-03
PAR_384,EQU_897,Наработка до капитального ремонта,Часы,,1000,6500,"Установленная производителем наработка до капитального ремонта центробежных насосов составляет 6500 часов, но фактическая наработка не превышает 1000 часов из-за интенсивных условий эксплуатации и износа деталей.",High,ГП № 2-2024.pdf,2026-07-03
PAR_385,EQU_902,ресурс,,,,,повышается при применении дополнительной обработки методом холодного газодинамического напыления,High,ГП № 2-2024.pdf,2026-07-03
PAR_386,PRO_908,Количество трещин,трещин на метр,,"1,5",30,,High,ГП № 2-2024.pdf,2026-07-03
PAR_387,PRO_909,Качество породы,%,,10,90,,High,ГП № 2-2024.pdf,2026-07-03
PAR_388,MAT_920,выбросы,млн т-экв СО2/год,"1,41",,,г. Кызыл,High,ГП № 2-2024.pdf,2026-07-03
PAR_389,PRO_922,способность к поглощению,млн т-экв СО2/год,"7,46",,,Республика Тыва,High,ГП № 2-2024.pdf,2026-07-03
PAR_390,FAC_925,Общий экономический эффект,млн долл.,4480,,,Монетизированный для собственника ресурса – горная рента и оставленная стоимость,High,ГП № 2-2024.pdf,2026-07-03
PAR_391,FAC_925,Макроэкономическое влияние проекта,%,,10,12,Влияние на ВВП Кыргызской Республики в разные годы,High,ГП № 2-2024.pdf,2026-07-03
PAR_392,FAC_418,Абсолютная рента,%,6,,,Определена на основе первого Соглашения геолого-экономической оценки 1990 г.,High,ГП № 2-2024.pdf,2026-07-03
PAR_393,FAC_418,Дифференциальная рента II,%,26.7,,,"Разница между первой и второй оценкой, выполненной инвестиционной стороной",High,ГП № 2-2024.pdf,2026-07-03
PAR_394,FAC_418,Рентабельность,%,,,,Границы абсолютной и дифференциальной II видов ренты,High,ГП № 2-2024.pdf,2026-07-03
PAR_395,MAT_926,Концентрация,млрд т,,"21,5","55,0",Глобальные выбросы с 1990 по 2018 год,High,ГП № 2-2024.pdf,2026-07-03
PAR_396,FAC_418,Запасы золота,тонны,"716,4",,,Первоначальная оценка 1989 года,High,ГП № 2-2024.pdf,2026-07-03
PAR_397,FAC_418,Объём добычи золота,тонны,953,,,На настоящий момент,High,ГП № 2-2024.pdf,2026-07-03
PAR_398,PRO_931,Средний уровень процентной ставки,,,,,Определяет границу между заработанной прибылью и рентой.,High,ГП № 2-2024.pdf,2026-07-03
PAR_399,FAC_935,Ассимиляционный потенциал,т-экв СО2/год,"1,39 млн",,,Поглощение антропогенных выбросов CO2,High,ГП № 2-2024.pdf,2026-07-03
PAR_400,FAC_936,Ассимиляционный потенциал,т-экв СО2/год,"6,07 млн",,,Поглощение антропогенных выбросов CO2,High,ГП № 2-2024.pdf,2026-07-03
PAR_401,FAC_417,Доля платежей на территории Кыргызской Республики,%,40.3,,,При 100%-ном или ином долевом распределении прибыли,High,ГП № 2-2024.pdf,2026-07-03
PAR_402,FAC_417,Доля вывода за границу прибыли,%,59.7,,,При 100%-ном или ином долевом распределении прибыли,High,ГП № 2-2024.pdf,2026-07-03
PAR_403,ORG_937,Предельный коэффициент вскрыши,,29,,,Для получения максимального и оптимального чистого денежного потока по ТЭО 2020 г.,High,ГП № 2-2024.pdf,2026-07-03
PAR_404,FAC_417,срок производства и продаж,месяцы,1,1,1,Производство и продажи золота,High,ГП № 2-2024.pdf,2026-07-03
PAR_405,FAC_417,количество продаж в год,штуки,10-12,10,12,Объем продаж золота в год,High,ГП № 2-2024.pdf,2026-07-03
PAR_406,FAC_958,доля в ВРП,%,40,,,,High,ГП № 3-2024.pdf,2026-07-03
PAR_407,FAC_958,объем производства,млн т,,,,2023 год,High,ГП № 3-2024.pdf,2026-07-03
PAR_408,EQU_959,мощность двигателя,л.с.,1167,,,,High,ГП № 3-2024.pdf,2026-07-03
PAR_409,EQU_959,максимальная глубина копания,м,3.2,,,,High,ГП № 3-2024.pdf,2026-07-03
PAR_410,EQU_959,высота,м,14.5,,,,High,ГП № 3-2024.pdf,2026-07-03
PAR_411,EQU_959,радиус копания,м,13.3,,,,High,ГП № 3-2024.pdf,2026-07-03
PAR_412,EQU_959,максимальная скорость,км/ч,2.8,,,,High,ГП № 3-2024.pdf,2026-07-03
PAR_413,EQU_959,плотность,т/м3,1.78,,,,High,ГП № 3-2024.pdf,2026-07-03
PAR_414,MAT_962,предел текучести,МПа,,550,1500,толщины менее 8 мм,High,ГП № 3-2024.pdf,2026-07-03
PAR_415,EQU_970,Мощность,л.с.,200,,,,High,ГП № 3-2024.pdf,2026-07-03
PAR_416,EQU_975,количество передач,,8,,,в каждом диапазоне,High,ГП № 3-2024.pdf,2026-07-03
PAR_417,PRO_981,Критический диаметр,мм,,32,110,Для удержания заряда в вертикальных скважинах,High,ГП № 3-2024.pdf,2026-07-03
PAR_418,MAT_987,толщина,мм,,"4,0","7,99",,High,ГП № 3-2024.pdf,2026-07-03
PAR_419,MAT_988,толщина,мм,,"2,5",20,,High,ГП № 3-2024.pdf,2026-07-03
PAR_420,MAT_989,толщина,мм,,"2,5",20,,High,ГП № 3-2024.pdf,2026-07-03
PAR_421,MAT_990,толщина,мм,,"2,5",20,,High,ГП № 3-2024.pdf,2026-07-03
PAR_422,MAT_991,толщина,мм,,3,15,,High,ГП № 3-2024.pdf,2026-07-03
PAR_423,MAT_998,объем,млрд т,,100,,на поверхности территории Российской Федерации,High,ГП № 3-2024.pdf,2026-07-03
PAR_424,MAT_998,объем,млрд т,,40,,на территории Республики Казахстан,High,ГП № 3-2024.pdf,2026-07-03
PAR_425,FAC_1000,Объем производства апатитового концентрата,т,"более 2,3 млн",,,Ежегодно,High,ГП № 3-2024.pdf,2026-07-03
PAR_426,FAC_212,Количество посетителей,человек,78 698,,,Посещаемость выставки EXPO в 2024 году,High,ГП № 3-2024.pdf,2026-07-03
PAR_427,FAC_212,Площадь проектов,м2,200 800,,,Общая площадь проектов на выставке EXPO,High,ГП № 3-2024.pdf,2026-07-03
PAR_428,EQU_1007,производительность по руде,т/ч,,,20,в зависимости от свойств руды,High,ГП № 3-2024.pdf,2026-07-03
PAR_429,EQU_1007,извлечение золота,,,,,в зависимости от свойств руды,High,ГП № 3-2024.pdf,2026-07-03
PAR_430,EQU_1007,температурный диапазон эксплуатации,°C,,-45,45,,High,ГП № 3-2024.pdf,2026-07-03
PAR_431,EQU_1007,режим работы,,"сезонный/круглогодичный, круглосуточный",,,,High,ГП № 3-2024.pdf,2026-07-03
PAR_432,EQU_1007,мобильность/возможность перевозки установки,,да,,,обслуживание автокраном,High,ГП № 3-2024.pdf,2026-07-03
PAR_433,EQU_1007,водоснабжение,м³/ч,~100,,,замкнутый водооборот,High,ГП № 3-2024.pdf,2026-07-03
PAR_434,EQU_1007,энергопотребление,МВт,"~1,5",,,в зависимости от свойств руды и комплектации,High,ГП № 3-2024.pdf,2026-07-03
PAR_435,EQU_1007,система автоматизированного управления процессом,,полная автоматизация,,,,High,ГП № 3-2024.pdf,2026-07-03
PAR_436,EQU_1007,занимаемая площадь (без учета ДСК),м²,285,,,,High,ГП № 3-2024.pdf,2026-07-03
PAR_437,EQU_1007,количество контейнеров,единиц,,7,,в зависимости от комплектации,High,ГП № 3-2024.pdf,2026-07-03
PAR_438,EQU_1007,тип контейнеров,,20” High Cube,,,"с отделяемыми стенками, утепленные/не-утепленные, комплектно с инженерными системами",High,ГП № 3-2024.pdf,2026-07-03
PAR_439,FAC_1010,температура эксплуатации,°C,,-60,-70,Арктическая зона и прилегающие экстремально холодные территории,High,ГП № 3-2024.pdf,2026-07-03
PAR_440,PRO_1014,Ток утечки,А,,,,При закорачивании повреждённой фазы сети на землю,High,ГП № 3-2024.pdf,2026-07-03
PAR_441,EQU_1015,Состояние ключа,,1 или 0,,,В зависимости от временного интервала,High,ГП № 3-2024.pdf,2026-07-03
PAR_442,PRO_1022,Напряжение,кВ,"3,3",,,Напряжение в сети при заземлении повреждённой фазы,High,ГП № 3-2024.pdf,2026-07-03
PAR_443,EQU_1024,Сопротивление утечки,Ом,100 Ом,,,При обнаружении повреждённой фазы,High,ГП № 3-2024.pdf,2026-07-03
PAR_444,EQU_1024,Напряжение сети,В,1140 В,,,,High,ГП № 3-2024.pdf,2026-07-03
PAR_445,EQU_1026,Напряжение,кВ,"3,3",,,,High,ГП № 3-2024.pdf,2026-07-03
PAR_446,EQU_1046,форма алмазных сегментов,,,,,при прочностном анализе,High,ГП № 3-2024.pdf,2026-07-03
PAR_447,MAT_1053,Максимальное напряжение,МПа,,"93,04","103,7",При распиловке камня,High,ГП № 3-2024.pdf,2026-07-03
PAR_448,EQU_1060,производительность,т/ч,7200,,,при номинальной разгрузочной щели на материале с временным сопротивлением сжатию до 250 МПа,High,ГП № 3-2024.pdf,2026-07-03
PAR_449,EQU_1060,грузоподъемность принимаемых автосамосвалов,т,,130,240,,High,ГП № 3-2024.pdf,2026-07-03
PAR_450,EQU_1060,размер куска питания,мм,,,1500,по максимальному измерению,High,ГП № 3-2024.pdf,2026-07-03
PAR_451,EQU_1060,размер максимального куска продукта,мм,300,,,"по пятипроцентному остатку на квадратной ячейке, на номинальной разгрузочной щели дробилки",High,ГП № 3-2024.pdf,2026-07-03
PAR_452,EQU_1060,температура окружающей среды,°C,,-35,39,,High,ГП № 3-2024.pdf,2026-07-03
PAR_453,EQU_1055,Часовая производительность,тонн/час,,,,"Превышает условную среднегодовую на 15–30%, а в отдельных случаях до 40%",High,ГП № 3-2024.pdf,2026-07-03
PAR_454,EQU_1055,Геометрическая вместимость приемного бункера,м3,,,,Зависит от номинальной производительности дробилки,High,ГП № 3-2024.pdf,2026-07-03
PAR_455,EQU_1055,Номинальная производительность дробилки,т/ч,,,,,High,ГП № 3-2024.pdf,2026-07-03
PAR_456,EQU_1060,Вместимость приемного бункера,%,,10,20,Относительно исходного технологического задания,High,ГП № 3-2024.pdf,2026-07-03
PAR_457,EQU_1060,Вместимость разгрузочного бункера,%,,10,35,Относительно исходного технологического задания,High,ГП № 3-2024.pdf,2026-07-03
PAR_458,EQU_1060,Надежность,%,80,,,За счет резервирования по мощности и производительности,High,ГП № 3-2024.pdf,2026-07-03
PAR_459,PRO_1072,Время простоя,часы,,,,Время простоя горнодобывающего оборудования из-за аварийных отказов,High,ГП № 3-2024.pdf,2026-07-03
PAR_460,PRO_1072,Производительность,единицы продукции/час,,,,Производительность горнодобывающего оборудования,High,ГП № 3-2024.pdf,2026-07-03
PAR_461,EQU_810,Расход топлива,,,,,Анализ статистики отказов и датчиков,High,ГП № 3-2024.pdf,2026-07-03
PAR_462,EQU_810,Обороты двигателя,,,,,Анализ статистики отказов и датчиков,High,ГП № 3-2024.pdf,2026-07-03
PAR_463,EQU_1083,Расход топлива,л/ч,,80.25,87.39,Среднемесячные значения для машины с неисправностями и без,High,ГП № 3-2024.pdf,2026-07-03
PAR_464,EQU_1084,Общее количество аварийных отказов,штук,1299,,,За время эксплуатации,High,ГП № 3-2024.pdf,2026-07-03
PAR_465,EQU_1084,Общее время простоя,часов,"13699,6",,,За время эксплуатации,High,ГП № 3-2024.pdf,2026-07-03
PAR_466,EQU_810,Время простоя,часы,,,,Показатель эффективности в горном производстве,High,ГП № 3-2024.pdf,2026-07-03
PAR_467,PRO_1092,Фрактальная размерность D,,,,,Измерение степени изрезанности сигнала,High,ГП № 3-2024.pdf,2026-07-03
PAR_468,PRO_1093,Фазовое пространство,,,,,Локальное вычисление фазы активации,High,ГП № 3-2024.pdf,2026-07-03
PAR_469,PRO_1095,Объем данных,,,,"Больше, чем для традиционных алгоритмов",Требования к объему данных для обучения,High,ГП № 3-2024.pdf,2026-07-03
PAR_470,PRO_1096,Временные диапазоны сигналов,,,,,Анализ данных с датчиков для прогнозирования отказов,High,ГП № 3-2024.pdf,2026-07-03
PAR_471,PRO_1096,Метрики сетевых структур,,,,,Выявление связи с снижением ресурса машин,High,ГП № 3-2024.pdf,2026-07-03
PAR_472,EQU_1097,Точность данных геологического опробования,,,,,"Достигается за счет инструментов проверки на ошибки в таблицах координат устьев скважин, инклинометрии и опробования.",High,ГП № 3-2024.pdf,2026-07-03
PAR_473,EQU_1101,wireframe modelling methods,,,,,"Методы каркасного моделирования, реализованные в MINEFRAME, обеспечивают возможность создания каркасных моделей пластов с высокой детализацией в зонах разломов.",High,ГП № 3-2024.pdf,2026-07-03
PAR_474,PRO_115,размеры блоков,не указаны,,,,заданные размеры блоков для создания блочной модели,High,ГП № 3-2024.pdf,2026-07-03
PAR_475,EQU_1097,Точность данных,,,,,Точность и корректность введённых данных геологического опробования при формировании БД опробования,High,ГП № 3-2024.pdf,2026-07-03
PAR_476,EQU_1097,Методы моделирования,,Триангуляция по методу Кунса и Делоне,,,"Методы каркасного моделирования, реализованные в МАЙНФРЕЙМ",High,ГП № 3-2024.pdf,2026-07-03
PAR_477,PRO_1111,Сумма баллов,баллы,,0,35,Оценка бизнес-выгод проекта цифровизации,High,ГП № 3-2024.pdf,2026-07-03
PAR_478,EQU_1113,производительность,т/год,10000,,,При полной загрузке,High,ГП № 3-2024.pdf,2026-07-03
PAR_479,PRO_1115,Сумма баллов оценки проекта,Баллы,56,35,70,Оценка потенциала проекта по цифровизации мини-завода АЗОТТЕХ,High,ГП № 3-2024.pdf,2026-07-03
PAR_480,PRO_1116,Сложность внедрения,,,,,Высокий уровень сложности внедрения и затрат на разработку и поддержку системы.,High,ГП № 3-2024.pdf,2026-07-03
PAR_481,FAC_1117,Эффективность производства,,,,,Повышение эффективности за счет внедрения автоматизированных систем и оптимизации процессов.,High,ГП № 3-2024.pdf,2026-07-03
PAR_482,PRO_1121,Продолжительность варки,часы,,,,Корректировка условий варки в зависимости от физико-химических показателей,High,ГП № 3-2024.pdf,2026-07-03
PAR_483,EQU_1122,Частота отклонений физико-химических показателей,%,4,,,Отклонения физико-химических показателей компонентов взрывчатого вещества,High,ГП № 3-2024.pdf,2026-07-03
PAR_484,EQU_1124,Состояние торцевого уплотнения,,,,,Выход из строя торцевых уплотнений,High,ГП № 3-2024.pdf,2026-07-03
PAR_485,EQU_1125,Состояние оборудования,,,,,Поломка коллоидной мельницы,High,ГП № 3-2024.pdf,2026-07-03
PAR_486,PRO_1127,Извлечение металлов,%,,60,90,При механохимической обработке хвостов обогащения,High,ГП № 3-2024.pdf,2026-07-03
PAR_487,PRO_1128,Прочность,МПа,,0.68,1.32,В зависимости от варианта активации хвостов,High,ГП № 3-2024.pdf,2026-07-03
PAR_488,PRO_1130,содержание серной кислоты,г/л,,2,10,влияет на извлечение металлов в продукционный раствор,High,ГП № 3-2024.pdf,2026-07-03
PAR_489,PRO_1130,содержание хлорида натрия,г/л,,20,160,влияет на извлечение металлов в продукционный раствор,High,ГП № 3-2024.pdf,2026-07-03
PAR_490,PRO_1130,отношение массы жидкого вещества к массе твердого,раз,,4,10,влияет на извлечение металлов в продукционный раствор,High,ГП № 3-2024.pdf,2026-07-03
PAR_491,PRO_1130,время выщелачивания,ч,,"0,25",1,влияет на извлечение металлов в продукционный раствор,High,ГП № 3-2024.pdf,2026-07-03
PAR_492,PRO_1130,частота вращения роторов дезинтегратора,Гц,,50,200,влияет на активацию минералов,High,ГП № 3-2024.pdf,2026-07-03
PAR_493,PRO_1135,извлечение металлов,%,,50,80,при механохимической активации в дезинтеграторе,High,ГП № 3-2024.pdf,2026-07-03
PAR_494,PRO_1139,Содержание H2SO4,г/дм3,6,,,Для Садонских руд,High,ГП № 3-2024.pdf,2026-07-03
PAR_495,PRO_1139,Содержание соли,г/дм3,90,,,Для Садонских руд,High,ГП № 3-2024.pdf,2026-07-03
PAR_496,PRO_1139,Соотношение жидкого и твердого,,7,,,Для Садонских руд,High,ГП № 3-2024.pdf,2026-07-03
PAR_497,PRO_1139,Время выщелачивания,ч,"0,625",,,Для Садонских руд,High,ГП № 3-2024.pdf,2026-07-03
PAR_498,PRO_1139,Скорость вращения роторов,Гц,125,,,Для Садонских руд,High,ГП № 3-2024.pdf,2026-07-03
PAR_499,PRO_1135,Время выщелачивания,время,,,,Регулируемый параметр механохимического выщелачивания,High,ГП № 3-2024.pdf,2026-07-03
PAR_500,PRO_1135,Содержание хлорида натрия,,,,,Влияние на извлечение металлов в раствор,High,ГП № 3-2024.pdf,2026-07-03
PAR_501,PRO_1135,Содержание серной кислоты,,,,,Влияние на извлечение металлов в раствор,High,ГП № 3-2024.pdf,2026-07-03
PAR_502,EQU_1136,Частота вращения роторов,,,,,Влияние на извлечение металлов в раствор,High,ГП № 3-2024.pdf,2026-07-03
PAR_503,PRO_1135,Соотношение Ж:Т,,,,,Влияние на извлечение металлов в раствор,High,ГП № 3-2024.pdf,2026-07-03
PAR_504,PRO_1152,потеря угля,%,12,,,,High,ГП № 3-2024.pdf,2026-07-03
PAR_505,PRO_1152,потеря меди,%,3,,,,High,ГП № 3-2024.pdf,2026-07-03
PAR_506,PRO_1152,потеря железа,%,4,,,,High,ГП № 3-2024.pdf,2026-07-03
PAR_507,EQU_1158,Глубина фрезерования,мм,400,,,При подготовке торфяных полей,High,ГП № 3-2024.pdf,2026-07-03
PAR_508,PRO_1165,Полнота извлечения металлов,%,,50,80,"Зависит от типа и количества реагентов, соотношения жидкой и твердой компонент и скорости обработки в дезинтеграторе",High,ГП № 3-2024.pdf,2026-07-03
PAR_509,EQU_1169,Угол наклона,Градусы,,0,90,Фрезерование в условиях реального рельефа поверхности,High,ГП № 3-2024.pdf,2026-07-03
PAR_510,EQU_1174,коэффициент сопротивления резанию,,1,,,для мерзлой торфяной залежи у плоского ножа,High,ГП № 3-2024.pdf,2026-07-03
PAR_511,PRO_81,pH,,,8,12,Значение pH при флотации,High,ГП № 3-2024.pdf,2026-07-03
PAR_512,PRO_81,Расход собирателей,г/т,100,,,Расход собирателей при флотации,High,ГП № 3-2024.pdf,2026-07-03
PAR_513,PRO_1221,Количество,штук,,"1,7 тыс.","20,2 тыс.",Количество сейсмособытий в зоне ведения горных работ и в консоли,High,ГП № 3-2024.pdf,2026-07-03
PAR_514,PRO_1221,Суммарная выделившаяся энергия,Дж,,"3,5·10^7","1,8·10^9",Суммарная выделившаяся сейсмическая энергия событий в зоне ведения горных работ и в консоли,High,ГП № 3-2024.pdf,2026-07-03
PAR_515,PRO_81,рН-фактор,,,10,12,"Условия применения купоросов меди, цинка и железа",High,ГП № 3-2024.pdf,2026-07-03
PAR_516,EXP_1225,энергетический индекс,,,,,Количественный параметр сейсмического процесса в подработанной толще пород,High,ГП № 3-2024.pdf,2026-07-03
PAR_517,EXP_1225,кумулятивный кажущийся объем,,,,,Количественный параметр сейсмического процесса в подработанной толще пород,High,ГП № 3-2024.pdf,2026-07-03
PAR_518,PRO_81,pH,,,8,12,флотация сфалерита и пирита с бутиловым ксантогенатом,High,ГП № 3-2024.pdf,2026-07-03
PAR_519,PRO_81,pH,,,8,12,влияет на флотируемость руд сложного вещественного состава,High,ГП № 3-2024.pdf,2026-07-03
PAR_520,PRO_81,расход медного купороса,г/т,200,,,максимальная активация флотации пирита,High,ГП № 3-2024.pdf,2026-07-03
PAR_521,PRO_81,расход железного купороса,г/т,,,,активирующее воздействие на флотацию пирита при pH 8 и 10,High,ГП № 3-2024.pdf,2026-07-03
PAR_522,PRO_81,расход цинкового купороса,г/т,400,,,снижение выхода ценного компонента,High,ГП № 3-2024.pdf,2026-07-03
PAR_523,MAT_1233,мощность рудного тела,метры,,40,150,Месторождение Апатитовый Цирк,High,ГП № 3-2024.pdf,2026-07-03
PAR_524,MAT_1233,угол падения залежи,градусы,,15,50,Месторождение Апатитовый Цирк,High,ГП № 3-2024.pdf,2026-07-03
PAR_525,MAT_1233,длина рудного тела,метры,2350,,,Месторождение Апатитовый Цирк,High,ГП № 3-2024.pdf,2026-07-03
PAR_526,PRO_1237,Сейсмическая энергия,Не указана,,,,Отклонение от средней энергии событий с таким же сейсмическим моментом,High,ГП № 3-2024.pdf,2026-07-03
PAR_527,PRO_1238,Объем,Не указан,,,,Интегральная оценка деформации в определенной области,High,ГП № 3-2024.pdf,2026-07-03
PAR_528,EXP_1240,Геологические погрешности,%,,5,20,Снижение ожидаемых технико-экономических показателей проекта из-за недостаточно достоверной разведки,High,ГП № 3-2024.pdf,2026-07-03
PAR_529,PRO_1241,уровень геологических погрешностей,%,,5,20,при недостаточно достоверной разведке месторождений,High,ГП № 3-2024.pdf,2026-07-03
PAR_530,PRO_1245,lg EI,,,,,Исследование сейсмической активности на месторождении Апатитовый Цирк,High,ГП № 3-2024.pdf,2026-07-03
PAR_531,PRO_1246,CAV,,,,,Исследование сейсмической активности на месторождении Апатитовый Цирк,High,ГП № 3-2024.pdf,2026-07-03
PAR_532,EXP_1263,скорость понижения добычных работ,,,,,влияет на производительность карьера,High,ГП № 3-2024.pdf,2026-07-03
PAR_533,EXP_1263,высота уступа,,,,,влияет на производительность карьера,High,ГП № 3-2024.pdf,2026-07-03
PAR_534,EXP_1263,длина экскаваторного блока,,,,,влияет на производительность карьера,High,ГП № 3-2024.pdf,2026-07-03
PAR_535,MAT_1265,Концентрация,Не указана,,,,В атмосфере,High,ГП № 3-2024.pdf,2026-07-03
PAR_536,PRO_1269,Молярная масса вещества,не указана,,,,Результаты измерений спутниковых спектрометров показывают общую молярную массу вещества по высоте атмосферного столба,High,ГП № 3-2024.pdf,2026-07-03
PAR_537,EQU_1277,пространственное разрешение,км,"7×3,5",,,,High,ГП № 3-2024.pdf,2026-07-03
PAR_538,EQU_1278,полоса обзора,градусы широты,52º с.ш. – 52º ю.ш.,52º с.ш.,52º ю.ш.,,High,ГП № 3-2024.pdf,2026-07-03
PAR_539,EQU_1278,пространственное разрешение,м,60,,,,High,ГП № 3-2024.pdf,2026-07-03
PAR_540,PRO_1289,коэффициент спектральной яркости,,,,,Используется для классификации горных пород,High,ГП № 3-2024.pdf,2026-07-03
PAR_541,EQU_1295,спектральная яркость,,,,,при дешифрировании космических снимков,High,ГП № 3-2024.pdf,2026-07-03
PAR_542,MAT_1297,Гранулометрический состав,сантиметры,,несколько,десяток,Изменение гранулометрического состава породного массива тектонической зоны,High,ГП № 3-2024.pdf,2026-07-03
PAR_543,MAT_1302,Прочность скрепления,МН на метр,"0,120",,,,High,ГП № 3-2024.pdf,2026-07-03
PAR_544,MAT_1302,Устойчивость к деформации,МН,"0,120",,,,High,ГП № 3-2024.pdf,2026-07-03
PAR_545,MAT_1303,Диаметр арматуры,мм,20,,,,High,ГП № 3-2024.pdf,2026-07-03
PAR_546,MAT_1304,Прочность на сжатие,МПа,35,,,,High,ГП № 3-2024.pdf,2026-07-03
PAR_547,MAT_1304,Коэффициент поглощения энергии RDP,Дж,450,,,на 28 день,High,ГП № 3-2024.pdf,2026-07-03
PAR_548,MAT_1304,8-часовая прочность на сжатие,МПа,5,,,,High,ГП № 3-2024.pdf,2026-07-03
PAR_549,MAT_1304,28-суточная прочность на сжатие,МПа,35,,,,High,ГП № 3-2024.pdf,2026-07-03
PAR_550,MAT_1304,Коэффициент поглощения энергии RDP на 28 сутки,Дж,450,,,,High,ГП № 3-2024.pdf,2026-07-03
PAR_551,PRO_1307,Доля низкоуглеродной генерации,%,,"33,9","56,8",В РФ к 2050 году,High,ГП № 3-2024.pdf,2026-07-03
PAR_552,PRO_1307,Доля угольных ТЭС,%,,,"4,7",В РФ к 2050 году,High,ГП № 3-2024.pdf,2026-07-03
PAR_553,FAC_1309,мощность,кВт,15,,,,High,ГП № 3-2024.pdf,2026-07-03
PAR_554,FAC_1310,мощность,кВт,165,,,приостановлена работа,High,ГП № 3-2024.pdf,2026-07-03
PAR_555,EQU_1311,суммарная мощность,кВт,550,,,введены в эксплуатацию в сёлах Мугур-Аксы и Кызыл-Хая,High,ГП № 3-2024.pdf,2026-07-03
PAR_556,MAT_1315,Объем продаж,млн долл.,,4757.7,5121.2,Мировой рынок оксида магния в период с 2019 по 2024 год,High,ГП № 3-2024.pdf,2026-07-03
PAR_557,FAC_1327,Темп роста производства,%,,3.8,7.6,Годовой темп роста производства соединений магния в разных регионах мира,High,ГП № 3-2024.pdf,2026-07-03
PAR_558,FAC_1328,количество внедрений,автоматизированные рабочие места,более 500,,,внедрение на предприятиях горной промышленности,High,ГП № 3-2024.pdf,2026-07-03
PAR_559,MAT_1315,содержание MgO,процент,,,,в зависимости от источника сырья,High,ГП № 3-2024.pdf,2026-07-03
PAR_560,EQU_1333,Угол наклона траектории движения ковша,°,,60,80,Изменение усилий в канатах подъемной лебедки,High,ГП № 3-2024.pdf,2026-07-03
PAR_561,EQU_1333,Время цикла,с,,"3,76",25,Продолжительность цикла работы экскаватора,High,ГП № 3-2024.pdf,2026-07-03
PAR_562,EQU_1340,Угол наклона траектории копания,градусы,,60,80,Определение рациональной траектории и угла отработки уступа,High,ГП № 3-2024.pdf,2026-07-03
PAR_563,EQU_1340,Усилия в канатах подъемной лебедки,,,,,Анализ полученных значений усилия в канатах подъемной лебедки при трех линейных траекториях копания,High,ГП № 3-2024.pdf,2026-07-03
PAR_564,PRO_1343,Рост объёмов производства,%,,10,15,При сокращении времени простоя технологического оборудования,High,ГП № 3-2024.pdf,2026-07-03
PAR_565,PRO_1343,Увеличение скорости процессов разработки,раз,,1.5,2,,High,ГП № 3-2024.pdf,2026-07-03
PAR_566,PRO_1343,Сокращение расходов на физические тесты продукции,%,,50,70,,High,ГП № 3-2024.pdf,2026-07-03
PAR_567,PRO_1343,Сокращение расходов на менеджмент логистических цепочек,%,,20,30,,High,ГП № 3-2024.pdf,2026-07-03
PAR_568,PRO_1343,Оптимизация технологических процессов,%,,30,,,High,ГП № 3-2024.pdf,2026-07-03
PAR_569,EQU_1344,Длительность рабочего цикла,с,"26,75",,,"Работа выполнена машинистом 8-й категории, разрабатываемая порода III категории, горная масса без негабаритов, рабочая площадка горизонтальная, климатические и погодные условия – нормальные",High,ГП № 3-2024.pdf,2026-07-03
PAR_570,EQU_1344,Угол наклона траектории отработки забоя,°,,50,90,Для III категории породы,High,ГП № 3-2024.pdf,2026-07-03
PAR_571,EQU_1344,Усилие в канатах подъёмной лебёдки,Н,342287,,,Точка разгрузки (15 с),High,ГП № 3-2024.pdf,2026-07-03
PAR_572,EQU_1344,Угол наклона траектории движения ковша,°,,60,80,,High,ГП № 3-2024.pdf,2026-07-03
PAR_573,PRO_1358,Экономический эффект,млн руб.,"434,6",,,Фактический экономический эффект от реализованных проектов за 2020–2023 гг.,High,ГП № 3-2024.pdf,2026-07-03
PAR_574,PRO_1359,Объем переработки,тонн/год,,,,Зависит от объемов добычи угля и спроса на рынке,High,ГП № 3-2024.pdf,2026-07-03
PAR_575,PRO_1359,Качество угля,,,,,Определяет возможности переработки и рынки сбыта,High,ГП № 3-2024.pdf,2026-07-03
PAR_576,PRO_1360,Количество участников,чел.,125,,,Результаты аттестации на разрезе «Бородинский»,High,ГП № 3-2024.pdf,2026-07-03
PAR_577,PRO_1360,Экономический эффект,млн руб.,более 70,,,Экономический эффект за период проведения аттестации,High,ГП № 3-2024.pdf,2026-07-03
PAR_578,MAT_1380,стабильность,,,,,Высокая стабильность эмульсионной матрицы при приготовлении смесей с ANFO.,High,ГП № 4-2024.pdf,2026-07-03
PAR_579,MAT_1382,срок хранения,месяцы,,12,,,High,ГП № 4-2024.pdf,2026-07-03
PAR_580,EQU_1383,Суммарная мощность двигателей,кВт,более 1500,1500,,,High,ГП № 4-2024.pdf,2026-07-03
PAR_581,EQU_1391,Производительность,т/ч,2500,,,,High,ГП № 4-2024.pdf,2026-07-03
PAR_582,EQU_1391,Скорость движения,м/мин,12.5,,,при максимальной нагрузке на исполнительные органы,High,ГП № 4-2024.pdf,2026-07-03
PAR_583,EQU_1403,дальность туманной струи,м,90,,,,High,ГП № 4-2024.pdf,2026-07-03
PAR_584,EQU_1403,площадь охвата,м2,15000,,,,High,ГП № 4-2024.pdf,2026-07-03
PAR_585,PRO_1409,Глубина разработки,м,,200,,Применяется на шахте «Денисовская»,High,ГП № 4-2024.pdf,2026-07-03
PAR_586,PRO_1410,Расстояние между выработками,м,,300,,Применяется на шахтах «Инаглинская» и «Западная Денисовская»,High,ГП № 4-2024.pdf,2026-07-03
PAR_587,MAT_1413,Влажность,,,,,,High,ГП № 4-2024.pdf,2026-07-03
PAR_588,MAT_1413,Зольность,,,,,,High,ГП № 4-2024.pdf,2026-07-03
PAR_589,MAT_1413,Содержание серы,,,,,,High,ГП № 4-2024.pdf,2026-07-03
PAR_590,MAT_1413,Спекаемость,,,,,,High,ГП № 4-2024.pdf,2026-07-03
PAR_591,FAC_1415,Глубина лавы,м,340,,,Действующий очистной участок,High,ГП № 4-2024.pdf,2026-07-03
PAR_592,FAC_1418,объем добычи,тонн,,5 107 000,,1985 год,High,ГП № 4-2024.pdf,2026-07-03
PAR_593,FAC_1419,объем добычи,тонн,,,,,High,ГП № 4-2024.pdf,2026-07-03
PAR_594,EQU_1425,Коэффициент технической готовности,%,,90,,Первый год работы,High,ГП № 4-2024.pdf,2026-07-03
PAR_595,EQU_1427,грузоподъёмность,тонны,,30,90,,High,ГП № 4-2024.pdf,2026-07-03
PAR_596,EQU_1430,вес,тонны,52,,,,High,ГП № 4-2024.pdf,2026-07-03
PAR_597,EQU_1430,мощность,л. с.,507,,,,High,ГП № 4-2024.pdf,2026-07-03
PAR_598,EQU_1437,объем ковша,м³,5.6,,,,High,ГП № 4-2024.pdf,2026-07-03
PAR_599,EQU_1437,уровень шума,dB,,60,72,,High,ГП № 4-2024.pdf,2026-07-03
PAR_600,MAT_1445,Твёрдость,НВ,не менее 450,450,,,High,ГП № 4-2024.pdf,2026-07-03
PAR_601,MAT_1446,Предел текучести,МПа,>690,690,,,High,ГП № 4-2024.pdf,2026-07-03
PAR_602,EQU_95,длина штанги,мм,1525,,,,High,ГП № 4-2024.pdf,2026-07-03
PAR_603,EQU_95,глубина бурения,м,,,32,,High,ГП № 4-2024.pdf,2026-07-03
PAR_604,EQU_1448,длина монтируемых анкеров,м,,,3,,High,ГП № 4-2024.pdf,2026-07-03
PAR_605,EQU_1448,количество анкеров в кассете,,15,,,,High,ГП № 4-2024.pdf,2026-07-03
PAR_606,MAT_1453,Антиокислительные свойства,,,,,По сравнению с требованиями международных производителей техники,High,ГП № 4-2024.pdf,2026-07-03
PAR_607,MAT_1453,Запас моющих свойств,,,,,По сравнению со стандартными продуктами эксплуатационного уровня АСЕА А7,High,ГП № 4-2024.pdf,2026-07-03
PAR_608,EQU_1455,Срок на рынке,лет,20,,,Время присутствия на рынке,High,ГП № 4-2024.pdf,2026-07-03
PAR_609,EQU_1463,Грузоподъёмность,тонны,,186,363,Различные модели самосвала TITAN,High,ГП № 4-2024.pdf,2026-07-03
PAR_610,EQU_1465,грузоподъёмность,т,120,,,грузоподъёмность машины с запасом прочности,High,ГП № 4-2024.pdf,2026-07-03
PAR_611,EQU_1465,мощность двигателя,кВт,1045,,,,High,ГП № 4-2024.pdf,2026-07-03
PAR_612,EQU_1465,рабочий объём двигателя,л,39.2,,,,High,ГП № 4-2024.pdf,2026-07-03
PAR_613,EQU_1465,тормозной путь,м,"18,4",,,со скорости 30 км/ч до полной остановки,High,ГП № 4-2024.pdf,2026-07-03
PAR_614,EQU_1465,объём тормозного аккумулятора,л,15,,,,High,ГП № 4-2024.pdf,2026-07-03
PAR_615,EQU_1465,ёмкость гидроаккумулятора рулевого управления,л,302,,,,High,ГП № 4-2024.pdf,2026-07-03
PAR_616,EQU_1475,Температура работы,°C,,42,50,На глубине 1000 м под землей,High,ГП № 4-2024.pdf,2026-07-03
PAR_617,MAT_1483,Срок службы,лет,,1500,,Использование в аккумуляторах,High,ГП № 4-2024.pdf,2026-07-03
PAR_618,EQU_1497,Время замедления зарядов,мс,,0,50000,Программирование времени замедления зарядов в системе Hitronic,High,ГП № 4-2024.pdf,2026-07-03
PAR_619,EQU_1498,Эффективность работы,,,,,В условиях Крайнего Севера,High,ГП № 4-2024.pdf,2026-07-03
PAR_620,EQU_1499,Эффективность работы,,,,,В условиях Крайнего Севера,High,ГП № 4-2024.pdf,2026-07-03
PAR_621,EXP_1504,диаметр бурения,мм,,130,220,изменение диаметра бурения,High,ГП № 4-2024.pdf,2026-07-03
PAR_622,PRO_1506,Качество воды,,,,,Для использования карьерных и подотвальных вод в технологических нуждах,High,ГП № 4-2024.pdf,2026-07-03
PAR_623,PRO_1521,Водоотдача,,,,,При использовании хвостов обогатительных фабрик в качестве основы для производства закладочного материала,High,ГП № 4-2024.pdf,2026-07-03
PAR_624,PRO_1521,Скорость осаждения твердых частиц,,,,,При различных условиях,High,ГП № 4-2024.pdf,2026-07-03
PAR_625,MAT_1528,Источник,,Полярные области Луны,,,Для производства ракетного топлива,High,ГП № 4-2024.pdf,2026-07-03
PAR_626,EXP_1535,Сроки реализации,год,,2025,2030,Этапы реализации проекта Artemis,High,ГП № 4-2024.pdf,2026-07-03
PAR_627,PRO_1546,Температура,°C,,-,-,Воздействие на продолжительность сезона работ и методы добычи в арктической зоне,High,ГП № 4-2024.pdf,2026-07-03
PAR_628,EXP_1555,Температура воздуха,°C,,,,Средние и экстремальные значения в арктической зоне РФ,High,ГП № 4-2024.pdf,2026-07-03
PAR_629,EXP_1555,Температура морской воды,°C,,,,Средние и экстремальные значения в арктической зоне РФ,High,ГП № 4-2024.pdf,2026-07-03
PAR_630,PRO_1559,Среднегодовая температура,°C,Не указано,Не указано,Не указано,Зависит от конкретного моря в Арктической зоне РФ,High,ГП № 4-2024.pdf,2026-07-03
PAR_631,PRO_1560,температура окружающей среды,°C,,отрицательная,,условия работы в арктическом регионе,High,ГП № 4-2024.pdf,2026-07-03
PAR_632,PRO_1563,Температура,°C,,Низкая,,Влияние низких температур на процесс добычи,High,ГП № 4-2024.pdf,2026-07-03
PAR_633,PRO_1564,Параметры кусковатости взорванной горной массы,,,,,Определены с использованием оборудования компании «Давтех»,High,ГП № 4-2024.pdf,2026-07-03
PAR_634,PRO_1573,Доля затрат на отбойку горной массы,%,,20,35,"Для горнодобывающих предприятий РФ, зависит от крепости горных пород",High,ГП № 4-2024.pdf,2026-07-03
PAR_635,MAT_1579,Содержание негабаритного куска,%,,,3,Качество дробления взорванной горной массы в забое,High,ГП № 4-2024.pdf,2026-07-03
PAR_636,MAT_1583,Длина нанотрубок,мкм,,0.5,2,В составе глинистых наночастиц,High,ГП № 4-2024.pdf,2026-07-03
PAR_637,MAT_1583,Диаметр нанотрубок,нм,200,,,В составе глинистых наночастиц,High,ГП № 4-2024.pdf,2026-07-03
PAR_638,EQU_1595,скорость ветра,м/с,,,,при проверке неизменяемости границ прямого и обратного воздушного потока,High,ГП № 4-2024.pdf,2026-07-03
PAR_639,PRO_1596,Уклон склона,градусы,,20,35,Предпосылки формирования оползней,High,ГП № 4-2024.pdf,2026-07-03
PAR_640,PRO_1596,Абсолютная высота,метры,,,1200,Предпосылки формирования оползней,High,ГП № 4-2024.pdf,2026-07-03
PAR_641,PRO_1596,Протяженность склона,метры,,200,400,Предпосылки формирования оползней,High,ГП № 4-2024.pdf,2026-07-03
PAR_642,EXP_1601,Скорость ветра,м/с,,"0,1",3,Эксперимент с разными скоростями ветра для верификации трехмерного моделирования,High,ГП № 4-2024.pdf,2026-07-03
PAR_643,PRO_1618,Количество поступающего воздуха,м³/с,,,,При прямоточной схеме проветривания,High,ГП № 4-2024.pdf,2026-07-03
PAR_644,FAC_1619,Длина карьера,м,,,,"В направлении, перпендикулярном направлению ветра",High,ГП № 4-2024.pdf,2026-07-03
PAR_645,FAC_1619,Средняя скорость ветра,м/с,,,,,High,ГП № 4-2024.pdf,2026-07-03
PAR_646,EQU_1333,угол наклона траектории движения ковша,градусы,,60,80,Отработка уступа,High,ГП № 4-2024.pdf,2026-07-03
PAR_647,EQU_1333,напорное усилие,,,,,Отработка уступа,High,ГП № 4-2024.pdf,2026-07-03
PAR_648,FAC_1623,Высота над поверхностью,Глубины карьера,Не менее семи глубин карьера,7,,Для проектирования вентиляции,High,ГП № 4-2024.pdf,2026-07-03
PAR_649,EQU_753,Угол наклона траектории движения ковша,°,,60,80,При оценке нагруженности приводов подъёма и напора,High,ГП № 4-2024.pdf,2026-07-03
PAR_650,EQU_753,Усилие подъёма,,,,,"Влияет на усилие напора, необходимое для обеспечения процесса экскавации",High,ГП № 4-2024.pdf,2026-07-03
PAR_651,EQU_753,Усилие напора,,,,,Определяется для основных и промежуточных положений рабочего органа,High,ГП № 4-2024.pdf,2026-07-03
PAR_652,EQU_1628,Угол наклона траектории движения ковша,градусы,,60,80,Различные положения траектории движения ковша относительно горизонта,High,ГП № 4-2024.pdf,2026-07-03
PAR_653,EQU_1628,Усилия в канатах подъемной лебёдки,Н,145 275,,,Точка разгрузки (15 с),High,ГП № 4-2024.pdf,2026-07-03
PAR_654,EQU_1344,Угол наклона траектории,градусы,,60,80,Влияние на усилие напора и крутящий момент,High,ГП № 4-2024.pdf,2026-07-03
PAR_655,EQU_1344,Усилие напора,,,,,Зависит от угла наклона траектории и положения траектории относительно экскаватора,High,ГП № 4-2024.pdf,2026-07-03
PAR_656,EQU_1632,непотопляемость,,,,,в условиях неосушенных торфяных месторождений,High,ГП № 4-2024.pdf,2026-07-03
PAR_657,EQU_1632,энергоэффективность,,,,,,High,ГП № 4-2024.pdf,2026-07-03
PAR_658,EQU_1632,готовность,коэффициент технического использования,,,,,High,ГП № 4-2024.pdf,2026-07-03
PAR_659,PRO_1636,эффективность,,,,,при добыче торфа,High,ГП № 4-2024.pdf,2026-07-03
PAR_660,EQU_1637,Диаметр опор,м,2,,,Для обеспечения непотопляемости платформы,High,ГП № 4-2024.pdf,2026-07-03
PAR_661,EQU_1637,Количество опор,,8,,,Для обеспечения непотопляемости платформы,High,ГП № 4-2024.pdf,2026-07-03
PAR_662,EQU_1637,Снижение давления на грунт,%,20,,,При использовании полых опор,High,ГП № 4-2024.pdf,2026-07-03
PAR_663,PRO_1658,Объем данных,МБ,,20,730000,Зависит от типа источника данных и частоты генерации данных.,High,ГП № 4-2024.pdf,2026-07-03
PAR_664,EQU_1662,Объем получаемой информации,Мб,,1,2,За одно измерение,High,ГП № 4-2024.pdf,2026-07-03
PAR_665,EQU_1663,Объем получаемых данных,Мб в сутки,5,,,От каждого приемника,High,ГП № 4-2024.pdf,2026-07-03
PAR_666,EQU_1664,Объем получаемой информации,Мб,,200,300,Для одной скважины длиной 50 м,High,ГП № 4-2024.pdf,2026-07-03
PAR_667,EQU_92,Объем получаемой информации,Мб,,2,2,В сутки,High,ГП № 4-2024.pdf,2026-07-03
PAR_668,PRO_1668,Период отработки карьера,лет,,5,,,High,ГП № 4-2024.pdf,2026-07-03
PAR_669,PRO_1670,Объем передаваемой информации,Гб,2,1.5,2,Средний объем передаваемой информации в сутки,High,ГП № 4-2024.pdf,2026-07-03
PAR_670,PRO_1672,Объем данных при фиксации одного события,Мб,20,20,20,Средний объем данных при фиксации одного события,High,ГП № 4-2024.pdf,2026-07-03
PAR_671,PRO_1673,Объем информации,Мб,,40,50,Зависит от длины полигона,High,ГП № 4-2024.pdf,2026-07-03
PAR_672,PRO_1654,объем данных,ТБ,"1,5",,,сбор данных за год,High,ГП № 4-2024.pdf,2026-07-03
PAR_673,PRO_1681,Уровень внедрения технологий Индустрии 4.0,баллы,,0,5,Оценка уровня внедрения технологий Индустрии 4.0 для предиктивного обслуживания горнодобывающего оборудования,High,ГП № 4-2024.pdf,2026-07-03
PAR_674,PRO_1684,Коэффициент технической готовности (КТГ),,,"0,85","0,96",Группа предиктивного обслуживания,High,ГП № 4-2024.pdf,2026-07-03
PAR_675,PRO_1684,Средняя наработка на отказ (СНО),ч,,5200,9800,Группа предиктивного обслуживания,High,ГП № 4-2024.pdf,2026-07-03
PAR_676,PRO_1684,Удельные затраты на техническое обслуживание и ремонт (УЗТО),долл/т,,"6,2","12,5",Группа предиктивного обслуживания,High,ГП № 4-2024.pdf,2026-07-03
PAR_677,PRO_1681,Уровень внедрения технологий Индустрии 4.0,,,,,Горнодобывающая промышленность,High,ГП № 4-2024.pdf,2026-07-03
PAR_678,PRO_1681,КПЭ,,,,,Улучшение показателей эффективности,High,ГП № 4-2024.pdf,2026-07-03
PAR_679,PRO_1681,Экономическая эффективность инвестиций,,,,,Высокая экономическая эффективность,High,ГП № 4-2024.pdf,2026-07-03
PAR_680,PRO_1681,Уровень технологической зрелости,,,,,Высокий уровень технологической и организационной зрелости характерен для группы 'Лидеры'.,High,ГП № 4-2024.pdf,2026-07-03
PAR_681,PRO_1681,Опыт успешных пилотных проектов,,,,,Опыт успешных пилотных проектов характерен для группы 'Лидеры'.,High,ГП № 4-2024.pdf,2026-07-03
PAR_682,PRO_1681,Готовность к масштабированию решений,,,,,Готовность к масштабированию решений характерна для группы 'Лидеры'.,High,ГП № 4-2024.pdf,2026-07-03
PAR_683,PRO_1681,Уровень внедрения,баллы,,"1,2","3,8",Средний уровень внедрения технологий Индустрии 4.0 для предиктивного обслуживания горнодобывающего оборудования в ведущих странах-производителях за период 2013–2023 гг.,High,ГП № 4-2024.pdf,2026-07-03
PAR_684,EQU_1683,Коэффициент технической готовности,,,,,Показатель эффективности эксплуатации горнодобывающего оборудования,High,ГП № 4-2024.pdf,2026-07-03
PAR_685,EQU_1683,Средняя наработка на отказ,,,,,Показатель эффективности эксплуатации горнодобывающего оборудования,High,ГП № 4-2024.pdf,2026-07-03
PAR_686,EQU_1683,Удельные затраты на техническое обслуживание и ремонт,,,,,Показатель эффективности эксплуатации горнодобывающего оборудования,High,ГП № 4-2024.pdf,2026-07-03
PAR_687,PRO_1681,Коэффициент технической готовности,%,,,,Улучшение показателя при внедрении систем предиктивного обслуживания,High,ГП № 4-2024.pdf,2026-07-03
PAR_688,PRO_1681,Средняя наработка на отказ,%,88%,,,Улучшение показателя при внедрении систем предиктивного обслуживания,High,ГП № 4-2024.pdf,2026-07-03
PAR_689,PRO_1681,Удельные затраты на ТОиР,%,-50%,,,Снижение затрат при внедрении систем предиктивного обслуживания,High,ГП № 4-2024.pdf,2026-07-03
PAR_690,PRO_1559,Значение температуры,°C,,,,Измерение температуры в скважинах на разных глубинах,High,ГП № 4-2024.pdf,2026-07-03
PAR_691,MAT_1702,Температура,°C,,+5,+700,Измерения температуры в отвале на разной глубине,High,ГП № 4-2024.pdf,2026-07-03
PAR_692,MAT_1702,Концентрация метана,%,"1,6",,,Анализ состава газов в скважине,High,ГП № 4-2024.pdf,2026-07-03
PAR_693,PRO_1694,Температура,°C,,+5,+14,Верхний слой породы над очагом самовозгорания при температуре окружающего воздуха 0 °C,High,ГП № 4-2024.pdf,2026-07-03
PAR_694,EXP_1704,Глубина скважин,м,"2,5",,,,High,ГП № 4-2024.pdf,2026-07-03
PAR_695,EXP_1706,Глубина поиска,лет,,250,,Время проведения аналитических исследований природной и техногенной карстовой угрозы,High,ГП № 4-2024.pdf,2026-07-03
PAR_696,PRO_1710,Температура,°C,,+70,+681,"Колебания температуры пород в скважинах на глубине до 2,5 м",High,ГП № 4-2024.pdf,2026-07-03
PAR_697,PRO_1715,"Процент территории России, пораженной карстом",%,60,,,,High,ГП № 4-2024.pdf,2026-07-03
PAR_698,FAC_1717,размеры,м,,21,26,По состоянию на 18 мая 2019 г.,High,ГП № 4-2024.pdf,2026-07-03
PAR_699,FAC_1717,глубина,м,15,,,По состоянию на 18 мая 2019 г.,High,ГП № 4-2024.pdf,2026-07-03
PAR_700,FAC_1717,Расстояние до провала 1,м,10,,,Расстояние от провала ДКП-2019 до соседнего провала,High,ГП № 4-2024.pdf,2026-07-03
PAR_701,FAC_1717,Диаметр,м,30,,,Диаметр провала ДКП-2019,High,ГП № 4-2024.pdf,2026-07-03
PAR_702,PRO_1715,Распространение карстующихся пород,%,,64,72,Европейская и азиатская части России,High,ГП № 4-2024.pdf,2026-07-03
PAR_703,FAC_1733,глубина,м,83,,,максимальная глубина провала,High,ГП № 4-2024.pdf,2026-07-03
PAR_704,FAC_1733,размеры,м,55х80,,,первоначальные размеры провала,High,ГП № 4-2024.pdf,2026-07-03
PAR_705,MAT_1737,Размерность блоков,м,,"45,2","48,5",По профилям,High,ГП № 4-2024.pdf,2026-07-03
PAR_706,MAT_1737,Коэффициент рудоносности,,,"0,2",1,,High,ГП № 4-2024.pdf,2026-07-03
PAR_707,MAT_1737,Содержание золота,%,,20,300,На блок и выделенные интервалы оруденения,High,ГП № 4-2024.pdf,2026-07-03
PAR_708,PRO_1738,концентрация золота,г/т,,0.0,48,,High,ГП № 4-2024.pdf,2026-07-03
PAR_709,PRO_1738,размерность,,,2.9,3.8,для непрерывных рудных блоков,High,ГП № 4-2024.pdf,2026-07-03
PAR_710,PRO_1738,коэффициент рудоносности,,,0.2,0.6,для дискретных блоков,High,ГП № 4-2024.pdf,2026-07-03
PAR_711,MAT_1739,Содержание золота,г/т,,1,100,В центральных сильно окварцованных участках рудных тел и в кварцевых ядрах,High,ГП № 4-2024.pdf,2026-07-03
PAR_712,PRO_1740,Глубина бурения,м,,60,120,,High,ГП № 4-2024.pdf,2026-07-03
PAR_713,EXP_1743,Среднее раскрытие трещин,метры,,1/2,2,Для определения блочности по расстоянию между разломами,High,ГП № 4-2024.pdf,2026-07-03
PAR_714,EXP_1743,Диаметр блоков i-го иерархического уровня,метры,,4.7,4.8,Логарифмированная средняя размерность блока штокверка,High,ГП № 4-2024.pdf,2026-07-03
PAR_715,PRO_1746,Размерность блоков,м,,"0,02","117,4",Для модели оруденения,High,ГП № 4-2024.pdf,2026-07-03
PAR_716,PRO_1746,LnL,,,"0,25","4,7",Для модели оруденения,High,ГП № 4-2024.pdf,2026-07-03
PAR_717,MAT_1399,масса,т,,,,Данные о массе руды представлены в таблице 8.,High,ГП № 4-2024.pdf,2026-07-03
PAR_718,MAT_424,содержание,г/т,,,,Данные о содержании золота представлены в таблице 8.,High,ГП № 4-2024.pdf,2026-07-03
PAR_719,MAT_424,концентрация,г/т,,"0,05",">48,0",исследование морфологических и концентрационных образований,High,ГП № 4-2024.pdf,2026-07-03
PAR_720,PRO_1759,Деформация,,,10–4,1,При ведении подземных горных работ,High,ГП № 4-2024.pdf,2026-07-03
PAR_721,PRO_12,стоимость выполнения исследований,не указана,"значительно дешевле, чем у физического моделирования",,,применение численного моделирования для анализа влияния технологических факторов,High,ГП № 4-2024.pdf,2026-07-03
PAR_722,PRO_1764,Уровень деформации,,,10–4,"0,001",При взрывных работах,High,ГП № 4-2024.pdf,2026-07-03
PAR_723,MAT_1766,Мощность пород,м,150,,,Условное увеличение мощности для исключения влияния граничных условий,High,ГП № 4-2024.pdf,2026-07-03
PAR_724,MAT_1767,Модуль Юнга,ГПа,,0.2,44.38,Физико-механические свойства пород,High,ГП № 4-2024.pdf,2026-07-03
PAR_725,MAT_1767,Коэффициент Пуассона,,,0.04,0.3,Физико-механические свойства пород,High,ГП № 4-2024.pdf,2026-07-03
PAR_726,MAT_1767,Плотность,кг/м3,,100,2630,Физико-механические свойства пород,High,ГП № 4-2024.pdf,2026-07-03
PAR_727,PRO_1768,Количество расчетов,количество,,,,"Значительное количество расчетов, требуемое для применения метода",High,ГП № 4-2024.pdf,2026-07-03
PAR_728,EQU_8,Размеры модели,метры,,330,2500,Размеры модели горного отвода,High,ГП № 4-2024.pdf,2026-07-03
PAR_729,PRO_1496,Радиус полости,м,,,,Определение размеров зон необратимых деформаций,High,ГП № 4-2024.pdf,2026-07-03
PAR_730,PRO_1496,Радиусы зон разрушения,м,,,,Определение размеров зон необратимых деформаций,High,ГП № 4-2024.pdf,2026-07-03
PAR_731,PRO_1496,Радиусы зон наведенной трещиноватости,м,,,,Определение размеров зон необратимых деформаций,High,ГП № 4-2024.pdf,2026-07-03
PAR_732,PRO_1774,Скорость распространения волн,м/с,,,,Снижение скорости распространения волн из-за слоистости,High,ГП № 4-2024.pdf,2026-07-03
PAR_733,PRO_1774,Деформации,с,"0,001",,,"Деформации более 0,001 с зафиксированы в период распространения и наложения затухающих и отраженных волн",High,ГП № 4-2024.pdf,2026-07-03
PAR_734,EQU_1776,Производительность,Единицы измерения не указаны,,,,В контексте цифровой трансформации,High,ГП № 4-2024.pdf,2026-07-03
PAR_735,PRO_1783,Производительность горных работ,%,,15,20,Повышение производительности при внедрении новых этапов цифровой трансформации,High,ГП № 4-2024.pdf,2026-07-03
PAR_736,PRO_1775,Снижение затрат,%,,0.5,6,Локальное применение цифровых технологий в отдельных производственных процессах,High,ГП № 4-2024.pdf,2026-07-03
PAR_737,EQU_1788,Уровень автоматизации,,,,,Полная автоматизация основных бизнес-процессов,High,ГП № 4-2024.pdf,2026-07-03
PAR_738,FAC_1790,Расположение,,Крупные города,,,Близость к научным центрам и университетским кампусам,High,ГП № 4-2024.pdf,2026-07-03
PAR_739,PRO_1791,Этап реализации,,,1,4,Последовательные этапы внедрения цифровых технологий,High,ГП № 4-2024.pdf,2026-07-03
PAR_740,EQU_1798,Уровень оптимизации,,,,,При использовании в удаленном аналитическом центре,High,ГП № 4-2024.pdf,2026-07-03
PAR_741,EQU_1801,Скорость движения автосамосвалов,км/ч,,,,Важнейший показатель производительности,High,ГП № 4-2024.pdf,2026-07-03
PAR_742,EQU_1801,Расход топлива и шин,"л/км, шт/км",,,,"В зависимости от плеча откатки, времени суток, смены, погоды, загрузки, простоев, мелких остановок, рельефа, количества самосвалов на маршруте",High,ГП № 4-2024.pdf,2026-07-03
PAR_743,EQU_1801,Время циклов работы экскаватора,мин,,,,,High,ГП № 4-2024.pdf,2026-07-03
PAR_744,EQU_1816,Увеличение ходимости шин,%,,5,10,,High,ГП № 5-2024.pdf,2026-07-03
PAR_745,EQU_1816,Сокращение аварийных сбросов,%,,30,40,,High,ГП № 5-2024.pdf,2026-07-03
PAR_746,MAT_1821,Массовая доля адсорбции,%,15 ± 3,12,18,При использовании в производстве брикета,High,ГП № 5-2024.pdf,2026-07-03
PAR_747,MAT_1821,Набухаемость,раз,"11,06",9,13,При использовании в производстве брикета,High,ГП № 5-2024.pdf,2026-07-03
PAR_748,MAT_1821,Массовая доля оксида железа,%,"0,86","0,6","1,2",При использовании в производстве брикета,High,ГП № 5-2024.pdf,2026-07-03
PAR_749,PRO_1825,Температура в топке,°C,250,,,,High,ГП № 5-2024.pdf,2026-07-03
PAR_750,PRO_1825,Нагрузка слоя,т/ч,,17,18,,High,ГП № 5-2024.pdf,2026-07-03
PAR_751,PRO_1825,Температура выходящих газов,°C,80,,,,High,ГП № 5-2024.pdf,2026-07-03
PAR_752,PRO_1825,Расход газа,м³/ч,,80,90,,High,ГП № 5-2024.pdf,2026-07-03
PAR_753,EQU_1829,Срок службы,лет,,25,30,,High,ГП № 5-2024.pdf,2026-07-03
PAR_754,MAT_1820,Влажность,%,"15,4",,,Среднее значение влажности активированной глины.,High,ГП № 5-2024.pdf,2026-07-03
PAR_755,PRO_1830,Расход газа,м³/ч,,,40,"Снижение расхода газа на 44,4% в период переработки активированной глины.",High,ГП № 5-2024.pdf,2026-07-03
PAR_756,MAT_1832,Средняя операционная интенсивность,раз,"9,68",,,,High,ГП № 5-2024.pdf,2026-07-03
PAR_757,MAT_1832,Средняя влажность,%,"3,89",,,,High,ГП № 5-2024.pdf,2026-07-03
PAR_758,MAT_1832,Массовая доля класса,%,"87,39","0,071 мм",,,High,ГП № 5-2024.pdf,2026-07-03
PAR_759,EQU_1837,производительность,,,,,высокая производительность при переработке материалов,High,ГП № 5-2024.pdf,2026-07-03
PAR_760,EQU_1838,скорость перемещения,,,,,быстрое перемещение больших объемов материала,High,ГП № 5-2024.pdf,2026-07-03
PAR_761,EQU_1839,срок службы,лет,,25,30,способность к долгой службе,High,ГП № 5-2024.pdf,2026-07-03
PAR_762,MAT_1841,абразивность,,,,,высокая абразивность приводит к износу футеровок,High,ГП № 5-2024.pdf,2026-07-03
PAR_763,MAT_1841,труднодробимость,,,,,трудность дробления требует индивидуального подхода к оптимизации процесса,High,ГП № 5-2024.pdf,2026-07-03
PAR_764,MAT_1853,прочность,,,,,при растяжении достигает более 700%,High,ГП № 5-2024.pdf,2026-07-03
PAR_765,FAC_1856,объем производства,тонн,"7,5 млн",,,,High,ГП № 5-2024.pdf,2026-07-03
PAR_766,MAT_1846,твёрдость,HRC,,58,62,,High,ГП № 5-2024.pdf,2026-07-03
PAR_767,PRO_1573,Удельный расход ВВ,кг/м³,,,,Определяется на основе прочностных свойств горных пород,High,ГП № 5-2024.pdf,2026-07-03
PAR_768,PRO_1573,Ожидаемая производительность бурового станка,м³/ч,,,,Определяется на основе прочностных свойств горных пород,High,ГП № 5-2024.pdf,2026-07-03
PAR_769,MAT_1882,Скорость детонации,м/с,,,,Измерение в условиях карьера и полигона,High,ГП № 5-2024.pdf,2026-07-03
PAR_770,MAT_1882,Плотность,г/см³,,,,Измерение в условиях карьера и полигона,High,ГП № 5-2024.pdf,2026-07-03
PAR_771,PRO_1884,Параметры процесса,,,,,Расчет параметров процесса шарошечного бурения,High,ГП № 5-2024.pdf,2026-07-03
PAR_772,PRO_1885,Скорость детонации,м/с,,,,Измерение скорости детонации эмульсионных взрывчатых веществ,High,ГП № 5-2024.pdf,2026-07-03
PAR_773,MAT_1888,Скорость детонации,м/с,,,,Зависит от плотности ЭВВ и диаметра заряда,High,ГП № 5-2024.pdf,2026-07-03
PAR_774,EQU_1889,Напряжение якоря двигателя вращателя,В,,,,Измеряется в процессе бурения скважин,High,ГП № 5-2024.pdf,2026-07-03
PAR_775,EQU_1889,Ток якоря двигателя вращателя,А,,,,Измеряется в процессе бурения скважин,High,ГП № 5-2024.pdf,2026-07-03
PAR_776,EQU_1889,Ток статора двигателя вращателя,А,,,,Измеряется в процессе бурения скважин,High,ГП № 5-2024.pdf,2026-07-03
PAR_777,EQU_1889,Давление в гидроцилиндрах,Па,,,,Измеряется в процессе бурения скважин,High,ГП № 5-2024.pdf,2026-07-03
PAR_778,EQU_1889,Глубина бурения,м,,,,Измеряется в процессе бурения скважин,High,ГП № 5-2024.pdf,2026-07-03
PAR_779,EQU_1892,Тип операционной системы,,MS Windows,,,Преобладающее применение в 1990-е годы,High,ГП № 5-2024.pdf,2026-07-03
PAR_780,PRO_1911,Величина недозаклада,м,"0,5",,,При полной отработке лент первой очереди,High,ГП № 5-2024.pdf,2026-07-03
PAR_781,PRO_1912,Ширина выработанного пространства,м,"45,0",,,,High,ГП № 5-2024.pdf,2026-07-03
PAR_782,PRO_1914,Высота слоев,м,"5,5",,,При разработке запасов верхних горизонтов трубки 'Интернациональная',High,ГП № 5-2024.pdf,2026-07-03
PAR_783,PRO_1914,Ширина очистных лент,м,"6,0",,,При разработке запасов верхних горизонтов трубки 'Интернациональная',High,ГП № 5-2024.pdf,2026-07-03
PAR_784,PRO_1914,Ширина целиков между лентами,м,"6,0",,,При разработке запасов верхних горизонтов трубки 'Интернациональная',High,ГП № 5-2024.pdf,2026-07-03
PAR_785,FAC_1917,Высота породной подсыпки,м,50,,,Для предотвращения обрушений бортов карьера,High,ГП № 5-2024.pdf,2026-07-03
PAR_786,FAC_1918,Параметры временного подкарьерного целика,,,,,Отклонение от проектных параметров привело к обрушению,High,ГП № 5-2024.pdf,2026-07-03
PAR_787,FAC_1919,Высота выемки слоя,м,9,,,Перед закладкой выработанного пространства,High,ГП № 5-2024.pdf,2026-07-03
PAR_788,FAC_1904,Глубина отработки карьером,м,300,,,Перед началом подземных горных работ,High,ГП № 5-2024.pdf,2026-07-03
PAR_789,PRO_1920,Модуль деформации,ГПа,,0.1,4.0,Для различных пород и материалов,High,ГП № 5-2024.pdf,2026-07-03
PAR_790,PRO_1920,Коэффициент Пуассона,,,0.2,0.25,Для различных пород и материалов,High,ГП № 5-2024.pdf,2026-07-03
PAR_791,PRO_1920,Плотность пород,кг/м3,,2.0,2.7,Для различных пород и материалов,High,ГП № 5-2024.pdf,2026-07-03
PAR_792,FAC_1927,Период переработки,лет,,50,100,На одном месторождении,High,ГП № 5-2024.pdf,2026-07-03
PAR_793,PRO_1932,Lx,м,"45,0",,,Моделирование НДС горного массива при отработке запасов системой с обрушением руды и вмещающих пород.,High,ГП № 5-2024.pdf,2026-07-03
PAR_794,MAT_1936,Объем образования отходов,т,138 566 065,,,Отчет об устойчивом развитии Группы АЛРОСА за 2022 г.,High,ГП № 5-2024.pdf,2026-07-03
PAR_795,MAT_1936,Класс опасности,,V,,,Отчет об устойчивом развитии Группы АЛРОСА за 2022 г.,High,ГП № 5-2024.pdf,2026-07-03
PAR_796,MAT_1937,класс опасности,,,I,V,классификация отходов по степени опасности,High,ГП № 5-2024.pdf,2026-07-03
PAR_797,FAC_369,площадь,кв. м,,,,размер хвостохранилища для складирования отходов,High,ГП № 5-2024.pdf,2026-07-03
PAR_798,PRO_1153,рост потребления,%,,,,прогнозируемый рост потребления дефицитных видов стратегического минерального сырья в России до 2050 г.,High,ГП № 5-2024.pdf,2026-07-03
PAR_799,PRO_1153,Снижение затрат,%,,30,35,Сокращение капитальных затрат при применении вторичных ресурсов,High,ГП № 5-2024.pdf,2026-07-03
PAR_800,PRO_1153,Снижение себестоимости,%,30,,,Уменьшение себестоимости выпускаемой продукции или сырья при применении вторичных ресурсов,High,ГП № 5-2024.pdf,2026-07-03
PAR_801,EXP_1945,Скорость смещения грунта,м/с,,,,Ближняя зона действия взрыва,High,ГП № 5-2024.pdf,2026-07-03
PAR_802,EXP_1945,Глубина карьера,м,,0,450,,High,ГП № 5-2024.pdf,2026-07-03
PAR_803,FAC_1623,Глубина,м,,-300,300,Разделение на области по глубине,High,ГП № 5-2024.pdf,2026-07-03
PAR_804,PRO_1573,Скорость смещения,,,,,Зависимость от приведённого расстояния,High,ГП № 5-2024.pdf,2026-07-03
PAR_805,PRO_1573,Размер зоны наведённой трещиноватости,,,,,Зависимость от допустимой скорости смещения,High,ГП № 5-2024.pdf,2026-07-03
PAR_806,PRO_1949,Сцепление пород,%,,20,50,В зоне наведенной трещиноватости,High,ГП № 5-2024.pdf,2026-07-03
PAR_807,PRO_1949,Скорость смещения породы,,,,Половина от критической скорости,В ближней зоне действия взрыва,High,ГП № 5-2024.pdf,2026-07-03
PAR_808,PRO_1951,Скорость смещения PPV,мм/с,,,,Определение скорости смещения исходя из модели Holmberg and Persson,High,ГП № 5-2024.pdf,2026-07-03
PAR_809,PRO_1952,Радиус зоны разрушения,м,,,,Расчет радиуса зоны разрушения от взрыва одиночного скважинного заряда,High,ГП № 5-2024.pdf,2026-07-03
PAR_810,PRO_1955,Скорость,м/с,,,,Для различных категорий пород по трещиноватости,High,ГП № 5-2024.pdf,2026-07-03
PAR_811,PRO_1496,Количество взрывчатого вещества,кг,,,,Зависит от размеров взрываемого блока и густоты расположения в нем взрывных скважин.,High,ГП № 5-2024.pdf,2026-07-03
PAR_812,PRO_1961,Масса заряда ВВ,кг,,,,Используется для расчета зоны наведенной трещиноватости,High,ГП № 5-2024.pdf,2026-07-03
PAR_813,PRO_1949,Размер зоны,м,,,,Зависит от глубины карьера и блочности массива,High,ГП № 5-2024.pdf,2026-07-03
PAR_814,EXP_1968,Количество участников,человек,415,,,Опрос сотрудников нефтегазовой отрасли,High,ГП № 5-2024.pdf,2026-07-03
PAR_815,EXP_1968,Количество вопросов,вопрос,63,,,Структурированные на четыре блока,High,ГП № 5-2024.pdf,2026-07-03
PAR_816,PUB_1969,Объём выборки,человек,415,,,Сотрудники нефтегазовой отрасли промышленности,High,ГП № 5-2024.pdf,2026-07-03
PAR_817,PUB_1969,Доверительная вероятность,%,95,,,,High,ГП № 5-2024.pdf,2026-07-03
PAR_818,PUB_1969,Доверительный интервал,%,5,,,,High,ГП № 5-2024.pdf,2026-07-03
PAR_819,EXP_1973,Процент мужчин,%,72.11,,,Гендерная структура участников опроса,High,ГП № 5-2024.pdf,2026-07-03
PAR_820,EXP_1973,Возрастной диапазон,лет,,21,45,Возрастные характеристики участников опроса,High,ГП № 5-2024.pdf,2026-07-03
PAR_821,EXP_1973,Уровень образования,,,,,Образовательный уровень участников опроса,High,ГП № 5-2024.pdf,2026-07-03
PAR_822,EXP_1978,Доля обрабатывающих производств,,,,,Анализ структурно-отраслевых характеристик региональных экономик,High,ГП № 5-2024.pdf,2026-07-03
PAR_823,EXP_1978,Удельная предпринимательская активность населения,,,,,Анализ структурно-отраслевых характеристик региональных экономик,High,ГП № 5-2024.pdf,2026-07-03
PAR_824,EXP_1978,Этнокультурный фактор,,,,,Анализ связи инновационности с этнокультурными характеристиками,High,ГП № 5-2024.pdf,2026-07-03
PAR_825,PRO_1980,Точность,,,,,Может быть применен на любой стадии освоения и разработки залежей с различной степенью точности.,High,ГП № 5-2024.pdf,2026-07-03
PAR_826,PRO_1982,Точность оценки запасов,%,,10,100,Диапазон точности оценки запасов может быть относительно широким – от 10 до 100% для объемных методов.,High,ГП № 5-2024.pdf,2026-07-03
PAR_827,PRO_1985,Узнаваемость,%,"84,92",,,Опрос сотрудников нефтегазовой отрасли,High,ГП № 5-2024.pdf,2026-07-03
PAR_828,PRO_1986,Узнаваемость,%,"78,14",,,Опрос сотрудников нефтегазовой отрасли,High,ГП № 5-2024.pdf,2026-07-03
PAR_829,PRO_1987,Узнаваемость,%,"43,97",,,Опрос сотрудников нефтегазовой отрасли,High,ГП № 5-2024.pdf,2026-07-03
PAR_830,PRO_1988,Узнаваемость,%,"31,66",,,Опрос сотрудников нефтегазовой отрасли,High,ГП № 5-2024.pdf,2026-07-03
PAR_831,PRO_1989,Узнаваемость,%,"66,33",,,Опрос сотрудников нефтегазовой отрасли,High,ГП № 5-2024.pdf,2026-07-03
PAR_832,PRO_1990,Узнаваемость,%,"46,48",,,Опрос сотрудников нефтегазовой отрасли,High,ГП № 5-2024.pdf,2026-07-03
PAR_833,PRO_1991,Пористость,,,,,Используется для оценки запасов нефти,High,ГП № 5-2024.pdf,2026-07-03
PAR_834,PRO_1991,Проницаемость,,,,,Используется для оценки запасов нефти,High,ГП № 5-2024.pdf,2026-07-03
PAR_835,PRO_1991,Геометрия залежей,,,,,Используется для оценки запасов нефти,High,ГП № 5-2024.pdf,2026-07-03
PAR_836,PRO_1992,Пористость,,,,,Влияние на потенциал добычи нефти,High,ГП № 5-2024.pdf,2026-07-03
PAR_837,PRO_1992,Проницаемость,,,,,Влияние на потенциал добычи нефти,High,ГП № 5-2024.pdf,2026-07-03
PAR_838,PRO_1983,Изменения в залежах,,,,,Учет изменений в залежах в процессе эксплуатации для более точной оценки запасов.,High,ГП № 5-2024.pdf,2026-07-03
PAR_839,PRO_1982,Пористость,,,,,Отсутствие точных данных о пористости в рыхлых разностях может привести к недооценке запасов.,High,ГП № 5-2024.pdf,2026-07-03
PAR_840,PRO_2003,Qo,,,,,начальные извлекаемые запасы нефти,High,ГП № 5-2024.pdf,2026-07-03
PAR_841,PRO_2003,F,,,,,площадь нефтегазоносности,High,ГП № 5-2024.pdf,2026-07-03
PAR_842,PRO_2003,h,,,,,средняя нефтенасыщенная мощность,High,ГП № 5-2024.pdf,2026-07-03
PAR_843,PRO_2003,m,,,,,коэффициент пористости,High,ГП № 5-2024.pdf,2026-07-03
PAR_844,PRO_2003,ơ,,,,,коэффициент нефтенасыщенности пор,High,ГП № 5-2024.pdf,2026-07-03
PAR_845,PRO_2003,Ƨ,,,,,"пересчетный коэффициент, показывающий объём нефти в поверхностных условиях",High,ГП № 5-2024.pdf,2026-07-03
PAR_846,PRO_2003,Ƣ,,,,,плотность нефти,High,ГП № 5-2024.pdf,2026-07-03
PAR_847,PRO_2003,Ʀ,,,,,коэффициент нефтеотдачи,High,ГП № 5-2024.pdf,2026-07-03
PAR_848,EQU_2005,мобильность,,лыжная ходовая часть,,,для перемещения по фронту работ,High,ГП № 5-2024.pdf,2026-07-03
PAR_849,PRO_1983,точность оценки,,,,,применяется в сложных геологических условиях,High,ГП № 5-2024.pdf,2026-07-03
PAR_850,PRO_2007,различия в оценках,%,,-12,12,применяется в Юго-Западном Туркменистане,High,ГП № 5-2024.pdf,2026-07-03
PAR_851,PRO_2009,Процент древесных включений,%,6,,,Месторождения торфа включают до 6% древесных включений.,High,ГП № 5-2024.pdf,2026-07-03
PAR_852,EQU_2005,Масса,кг,,,,Снижение массы на 50% по сравнению с модулем на колесном ходу и на 75% по сравнению с модулем на гусеничном ходу,High,ГП № 5-2024.pdf,2026-07-03
PAR_853,EQU_2005,Удельное давление на грунт,кПа,до 30,,30,,High,ГП № 5-2024.pdf,2026-07-03
PAR_854,EQU_1344,Максимальный радиус выемки,м,,,R1,Выемка торфяного сырья из залежи,High,ГП № 5-2024.pdf,2026-07-03
PAR_855,EQU_1344,Минимальный радиус выемки,м,,R2,,Обеспечение бермы безопасности,High,ГП № 5-2024.pdf,2026-07-03
PAR_856,EQU_2020,Уровень внедрения,%,,10,68,На горнодобывающих предприятиях России за 2015–2025 гг.,High,ГП № 5-2024.pdf,2026-07-03
PAR_857,PRO_2025,Рост производительности труда,%,,15,20,Применение АСУГП на горнодобывающих предприятиях,High,ГП № 5-2024.pdf,2026-07-03
PAR_858,PRO_2025,Снижение удельных затрат,%,,10,15,Применение АСУГП на горнодобывающих предприятиях,High,ГП № 5-2024.pdf,2026-07-03
PAR_859,PRO_2025,Сокращение несчастных случаев,%,,20,25,Применение АСУГП на горнодобывающих предприятиях,High,ГП № 5-2024.pdf,2026-07-03
PAR_860,EQU_2020,Травматизм,случаев на 1 млн т,,"5,2","8,5",Показатели безопасности работы горнодобывающих предприятий России при использовании АСУГП за 2015–2025 гг.,High,ГП № 5-2024.pdf,2026-07-03
PAR_861,EQU_2020,Аварийность,случаев на 1 млн т,,"0,5","1,5",Показатели безопасности работы горнодобывающих предприятий России при использовании АСУГП за 2015–2025 гг.,High,ГП № 5-2024.pdf,2026-07-03
PAR_862,EQU_2020,Простои из-за нарушений ТБ,%,,"2,3%","5,5%",Показатели безопасности работы горнодобывающих предприятий России при использовании АСУГП за 2015–2025 гг.,High,ГП № 5-2024.pdf,2026-07-03
PAR_863,EQU_2020,Производительность труда,т/чел.,,3 000,4 500,Сравнение с традиционными системами управления,High,ГП № 5-2024.pdf,2026-07-03
PAR_864,EQU_2020,Удельные затраты,руб/т,,740,950,Сравнение с традиционными системами управления,High,ГП № 5-2024.pdf,2026-07-03
PAR_865,EQU_2020,Производительность труда,%,,15,25,При использовании АСУГП,High,ГП № 5-2024.pdf,2026-07-03
PAR_866,EQU_2020,Удельные затраты,%,,10,18,При использовании АСУГП,High,ГП № 5-2024.pdf,2026-07-03
PAR_867,EQU_2020,Травматизм и аварийность,%,,20,60,При использовании АСУГП,High,ГП № 5-2024.pdf,2026-07-03
PAR_868,EQU_2020,рост производительности труда,%,,15,30,применение АСУГП на предприятиях,High,ГП № 5-2024.pdf,2026-07-03
PAR_869,EQU_2020,снижение затрат,%,,10,12,применение АСУГП на предприятиях,High,ГП № 5-2024.pdf,2026-07-03
PAR_870,EQU_2020,снижение травматизма,%,,16.67,36.59,применение АСУГП на предприятиях,High,ГП № 5-2024.pdf,2026-07-03
PAR_871,EQU_2020,снижение аварийности,%,,16.67,61.54,применение АСУГП на предприятиях,High,ГП № 5-2024.pdf,2026-07-03
PAR_872,FAC_2037,сейсмическая энергия,,,,,Распределение потока сейсмической энергии на глубоких горизонтах,High,ГП № 5-2024.pdf,2026-07-03
PAR_873,PRO_2046,напряжение,МПа,,30,60,на различных горизонтах Кукисвумчоррского месторождения,High,ГП № 5-2024.pdf,2026-07-03
PAR_874,FAC_2049,Размер,м,,1750,340,"Размеры участка шахтного поля рудника, используемого для исследования сейсмической активности",High,ГП № 5-2024.pdf,2026-07-03
PAR_875,PRO_2050,Уровень сейсмичности,,,,,Высокий и экстремально высокий уровень сейсмичности наблюдается в висячем боку рудной залежи и на границах выработанного пространства.,High,ГП № 5-2024.pdf,2026-07-03
PAR_876,PRO_2051,Количество сейсмических событий,событий в квартал,,200,400,"Горизонт +250 м, до конца 2022 г.",High,ГП № 5-2024.pdf,2026-07-03
PAR_877,PRO_2051,Число сейсмособытий,событий,,,,"Горизонт +170 м, постепенное увеличение",High,ГП № 5-2024.pdf,2026-07-03
PAR_878,PRO_2051,Число сейсмособытий,событий,,,,"Горизонт +90 м, резкое увеличение в начале 2022 г.",High,ГП № 5-2024.pdf,2026-07-03
PAR_879,PRO_2053,Поток сейсмической энергии,,,,,Превышение фоновых значений на горизонтах +170 м и +90 м,High,ГП № 5-2024.pdf,2026-07-03
PAR_880,EXP_2055,Изменение площади провала,%/мес,,6.7,,Первые два месяца после начала наблюдений,High,ГП № 5-2024.pdf,2026-07-03
PAR_881,PRO_2062,Изменение контура провала,метры,,6.4,7.8,"Северо-западное направление, сторона жилого строения",High,ГП № 5-2024.pdf,2026-07-03
PAR_882,FAC_1717,площадь,м2,,"407,2","727,8",Увеличение площади провала за счет эрозионно-оползневых процессов,High,ГП № 5-2024.pdf,2026-07-03
PAR_883,FAC_1717,глубина,м,,6,14,Изменение глубины провала в разных частях и во времени,High,ГП № 5-2024.pdf,2026-07-03
PAR_884,EQU_2065,Количество каналов,,4,,,,High,ГП № 5-2024.pdf,2026-07-03
PAR_885,EQU_1718,Разрешение камеры,Mpx,12,,,,High,ГП № 5-2024.pdf,2026-07-03
PAR_886,EXP_2066,Изменение площади провала,%/мес.,,0.65,3.3,Динамика изменения площади провала за четыре года,High,ГП № 5-2024.pdf,2026-07-03
PAR_887,EXP_2066,Максимальное изменение контура провала,м,,6.4,7.8,Максимальное изменение контура провала по поверхности земли в западном и северо-западном направлениях,High,ГП № 5-2024.pdf,2026-07-03
PAR_888,PRO_2072,Эффективность,,,,,По эффективности и оперативности метод не имеет аналогов в сравнении с традиционными методами неразрушающего контроля оборудования,High,ГП № 5-2024.pdf,2026-07-03
PAR_889,PRO_2074,Собственные частоты колебаний,Гц,,,,"Индивидуальная характеристика, связанная с изменением размеров, формы и качества изготовления конструкции, наличия дефектов в материале",High,ГП № 5-2024.pdf,2026-07-03
PAR_890,EQU_2071,количество датчиков,штуки,,2,16,в зависимости от конструкции,High,ГП № 5-2024.pdf,2026-07-03
PAR_891,PRO_2082,твердость материала,,,,,влияет на скорость распространения колебаний в материале,High,ГП № 5-2024.pdf,2026-07-03
PAR_892,PRO_2080,Обобщенный условный коэффициент качества,,,0,1,Оценка технического состояния трубопроводов и запорно-распределительной арматуры,High,ГП № 5-2024.pdf,2026-07-03
PAR_893,PRO_2080,Вероятность утонения стенок или снижения плотности,,,,,Анализ сигналов и спектральных составляющих,High,ГП № 5-2024.pdf,2026-07-03
PAR_894,PRO_2080,Средняя несущая резонансная частота,,,,,Анализ сигналов и спектральных составляющих,High,ГП № 5-2024.pdf,2026-07-03
PAR_895,PRO_2080,Средняя скорость затухания колебаний,,,,,Анализ сигналов и спектральных составляющих,High,ГП № 5-2024.pdf,2026-07-03
PAR_896,PRO_2090,Глубина,м,,1650,1750,Горизонты РВ-1 и РВ-2,High,ГП № 5-2024.pdf,2026-07-03
PAR_897,PRO_2093,Скорость продольной волны Vp,м/с,,,,Измерение скорости продольной волны при профилировании вдоль оси скважины,High,ГП № 5-2024.pdf,2026-07-03
PAR_898,PRO_2095,Толщина дисков,см,,менее 1,,Оценка толщины дисков при разрушении керна,High,ГП № 5-2024.pdf,2026-07-03
PAR_899,PRO_2098,Значение,км/с,,2,5.8,В призабойной зоне,High,ГП № 5-2024.pdf,2026-07-03
PAR_900,EQU_2100,целевая производительность,,,,,оценка эффективности карьерных экскаваторов,High,ГП № 5-2024.pdf,2026-07-03
PAR_901,EQU_2100,коэффициент весомости влияющего фактора,,,,,корректировка величины потерь в заданных условиях эксплуатации,High,ГП № 5-2024.pdf,2026-07-03
PAR_902,EXP_2101,Глубина скважин,м,,-1650,-1750,Исследование геомеханического состояния выработок РВ-1 и РВ-2,High,ГП № 5-2024.pdf,2026-07-03
PAR_903,PRO_2090,Глубина,м,2000,,,Глубина проходки разведочных выработок,High,ГП № 5-2024.pdf,2026-07-03
PAR_904,PRO_2090,Горизонт,м,,-1650,-1750,Горизонты проходки разведочных выработок,High,ГП № 5-2024.pdf,2026-07-03
PAR_905,PRO_2090,Протяжённость,км,2,,,Протяжённость разведочных выработок,High,ГП № 5-2024.pdf,2026-07-03
PAR_906,EQU_1344,Производительность,млн м³/год,,"5,0","5,5",средняя производительность экскаватора ЭКГ-20К на карьерах Узбекистана,High,ГП № 5-2024.pdf,2026-07-03
PAR_907,EQU_2106,Коэффициент использования оборудования во времени,,,"0,75","0,8",С момента поставки до капитального ремонта,High,ГП № 5-2024.pdf,2026-07-03
PAR_908,EQU_2106,Коэффициент разрыхления пород,,,"1,4","1,6",,High,ГП № 5-2024.pdf,2026-07-03
PAR_909,EQU_2106,Коэффициент наполнения ковша,,,"0,75","0,85",,High,ГП № 5-2024.pdf,2026-07-03
PAR_910,EQU_1344,Температура окружающей среды,°C,,-10,45,Климатические условия эксплуатации в Узбекистане,High,ГП № 5-2024.pdf,2026-07-03
PAR_911,EQU_2100,целевая производительность,тыс. м³/год,6340,,,Для условий Республики Узбекистан без изменения текущей технологии ведения горных работ,High,ГП № 5-2024.pdf,2026-07-03
PAR_912,PRO_2117,коэффициент сохранения эффективности,,,"0,21","0,4",Для эргатического фактора управления и ТОиР,High,ГП № 5-2024.pdf,2026-07-03
PAR_913,PRO_2124,Мощность угольных пачек,,,,,Невозможно установить на месте выброса,High,ГП № 5-2024.pdf,2026-07-03
PAR_914,PRO_2124,Пределы прочности на сжатие,,,,,Невозможно установить на месте выброса,High,ГП № 5-2024.pdf,2026-07-03
PAR_915,PUB_895,мощность пласта,м,,"2,16","4,20",мощность угольного пласта Е-5 в шахтном поле,High,ГП № 5-2024.pdf,2026-07-03
PAR_916,PUB_895,выход летучих,%,"32,1",,,,High,ГП № 5-2024.pdf,2026-07-03
PAR_917,PUB_895,зольность,%,"8,4","28,8",35,с учётом засорения внутрипластовым прослойком и «колчеданами»,High,ГП № 5-2024.pdf,2026-07-03
PAR_918,PUB_895,газоносность,м³/т,>25,,,на горизонте –600 м,High,ГП № 5-2024.pdf,2026-07-03
PAR_919,PRO_2131,глубина полости,м,8,,,В забойной части пласта,High,ГП № 5-2024.pdf,2026-07-03
PAR_920,PRO_2131,ширина полости,м,12,,,В забойной части пласта,High,ГП № 5-2024.pdf,2026-07-03
PAR_921,EXP_2132,длина шпура,м,"не менее 5,5",,,При ширине выработки 5 м,High,ГП № 5-2024.pdf,2026-07-03
PAR_922,MAT_2123,Глубина разгрузочных скважин,метры,30,,,Используется для предотвращения газодинамических явлений,High,ГП № 5-2024.pdf,2026-07-03
PAR_923,MAT_2123,Скорость подвигания забоя,метры в день,13,,,Максимальная скорость при использовании разгрузочных скважин глубиной 30 метров,High,ГП № 5-2024.pdf,2026-07-03
PAR_924,PRO_2137,Динамическое давление,МПа,"132,54",,,,High,ГП № 5-2024.pdf,2026-07-03
PAR_925,EQU_2138,Длина,м,,10,20,,High,ГП № 5-2024.pdf,2026-07-03
PAR_926,PRO_2145,Длина разгрузочных скважин,м,,20,30,Для увеличения темпов проведения выработки,High,ГП № 5-2024.pdf,2026-07-03
PAR_927,PRO_2146,Уровень концентрации,%,2,,,"Критический уровень, при котором необходимо принимать меры безопасности",High,ГП № 5-2024.pdf,2026-07-03
PAR_928,PRO_2149,Скорость выброса,м/с,,,превышает скорость звука,При выбросах в рудничную атмосферу,High,ГП № 5-2024.pdf,2026-07-03
PAR_929,PRO_2154,Вязкость,м²/с,,"4,44·10⁻⁴","9,04·10⁻⁴",Параметры вязкости газовоздушной смеси при различных значениях,High,ГП № 5-2024.pdf,2026-07-03
PAR_930,PRO_2154,Дисперсность,м³/с,,"8,95·10⁻³","12,78·10⁻³",Параметры дисперсности газовоздушной смеси при различных значениях,High,ГП № 5-2024.pdf,2026-07-03
PAR_931,PRO_2156,Параметр вязкости,,,,,Уравнение (7) превращается в уравнение Кортевега – де Вриза при ƫ=0,High,ГП № 5-2024.pdf,2026-07-03
PAR_932,PRO_2157,Параметр дисперсии,,,,,Уравнение (7) вырождается в уравнение Бюргерса при ơ=0,High,ГП № 5-2024.pdf,2026-07-03
PAR_933,PRO_2159,Частота волнового процесса,,,,,"Используется в уравнениях, описывающих волновое движение",High,ГП № 5-2024.pdf,2026-07-03
PAR_934,PRO_2159,Волновое число,,,,,Связано с длиной волны и используется в уравнениях,High,ГП № 5-2024.pdf,2026-07-03
PAR_935,PRO_2159,Фазовая скорость,,,,,Определяется для идеальной сплошной среды,High,ГП № 5-2024.pdf,2026-07-03
PAR_936,MAT_2172,срок хранения,месяцы,12,12,,при использовании эмульсионной матрицы,High,ГП № 5-2024.pdf,2026-07-03
PAR_937,FAC_2193,выход угольных концентратов,%,4,,,после перехода на тяжёлосредное обогащение и запуска полной флотации,High,ГП № 6-2024.pdf,2026-07-03
PAR_938,EQU_2201,Производительность,м³/ч,3675,,,Очистные сооружения на разрезе 'Междуречье',High,ГП № 6-2024.pdf,2026-07-03
PAR_939,EQU_2204,Эффективность,,,,,Производство йодированной матрицы,High,ГП № 6-2024.pdf,2026-07-03
PAR_940,FAC_2043,годовая производительность,млн тонн,24,,,,High,ГП № 6-2024.pdf,2026-07-03
PAR_941,FAC_1226,добыча с начала эксплуатации,млн тонн,270,,,,High,ГП № 6-2024.pdf,2026-07-03
PAR_942,FAC_2217,Производительность,млн т,,4,7.5,Производительность карьера по руде,High,ГП № 6-2024.pdf,2026-07-03
PAR_943,FAC_2220,Год ввода в эксплуатацию,,1963,,,,High,ГП № 6-2024.pdf,2026-07-03
PAR_944,FAC_2221,Год ввода в эксплуатацию,,1984,,,,High,ГП № 6-2024.pdf,2026-07-03
PAR_945,EQU_2230,грузоподъемность,т,,136,230,Технические характеристики карьерных самосвалов TZCO,High,ГП № 6-2024.pdf,2026-07-03
PAR_946,EQU_2231,Коэффициент наполнения,безразмерная величина,,,,Эффективность захвата грунта ковшами экскаватора,High,ГП № 6-2024.pdf,2026-07-03
PAR_947,EQU_2231,Коэффициент заполнения ковша,,,,близок к единице,"При оптимальном выборе величины подачи и параметров рабочего органа (H, R, D, z)",High,ГП № 6-2024.pdf,2026-07-03
PAR_948,PRO_2238,Величина НС,МПа,,10,"92,5","Определено виброакустическим методом на глубине 1,8–2,0 м",High,ГП № 6-2024.pdf,2026-07-03
PAR_949,PRO_2238,Величина НС,МПа,,"21,9","65,1","Определено взрывным методом на глубине 2,0–2,5 м",High,ГП № 6-2024.pdf,2026-07-03
PAR_950,PRO_2237,Диаметр зоны раздавливания,м,,,,Зависит от горного давления и физико-технических свойств массива,High,ГП № 6-2024.pdf,2026-07-03
PAR_951,MAT_2243,Коэффициент Пуассона,,,0.17,0.29,,High,ГП № 6-2024.pdf,2026-07-03
PAR_952,MAT_2243,Модуль упругости,МПа,,76945,98697,,High,ГП № 6-2024.pdf,2026-07-03
PAR_953,MAT_2243,Предел прочности на сжатие,МПа,,54,198,,High,ГП № 6-2024.pdf,2026-07-03
PAR_954,MAT_2243,Предел прочности на растяжение,МПа,,5.29,11.71,,High,ГП № 6-2024.pdf,2026-07-03
PAR_955,MAT_2243,Скорость продольной волны,м/с,,5602,5933,,High,ГП № 6-2024.pdf,2026-07-03
PAR_956,MAT_1881,Предел прочности на одноосное сжатие,Па,,,,При определении НС массива горных пород,High,ГП № 6-2024.pdf,2026-07-03
PAR_957,MAT_1881,Скорость продольной волны,м/с,,,,При определении НС массива горных пород,High,ГП № 6-2024.pdf,2026-07-03
PAR_958,MAT_2253,Напряжённо-деформированное состояние,МПа,,"17,5","92,5",На контуре выработки,High,ГП № 6-2024.pdf,2026-07-03
PAR_959,MAT_2253,Напряжённо-деформированное состояние,МПа,,10,30,"На расстоянии 1,8 м от борта выработки",High,ГП № 6-2024.pdf,2026-07-03
PAR_960,MAT_2253,Напряжённо-деформированное состояние,МПа,,"21,9","33,5",Район забоев врубовых и вспомогательных шпуров,High,ГП № 6-2024.pdf,2026-07-03
PAR_961,MAT_2253,Напряжённо-деформированное состояние,МПа,,"55,7","65,1",Район забоев отбойных и оконтуривающих шпуров,High,ГП № 6-2024.pdf,2026-07-03
PAR_962,PRO_2255,Высота препятствий,метры,,,,Моделирование циркуляции воздуха в зависимости от высоты препятствий на борту карьера,High,ГП № 6-2024.pdf,2026-07-03
PAR_963,PRO_2255,Температура,°C,,,,Учет температурных инверсий в атмосфере карьера,High,ГП № 6-2024.pdf,2026-07-03
PAR_964,PRO_2262,Градиент,К/м,"+0,01",,,Условия моделирования точечных источников загрязнения,High,ГП № 6-2024.pdf,2026-07-03
PAR_965,PRO_2263,Скорость,м/с,3,,,Условия моделирования точечных источников загрязнения,High,ГП № 6-2024.pdf,2026-07-03
PAR_966,PRO_2280,Скорость ветрового потока,м/с,,1,4,Направление моделирования с запада на восток,High,ГП № 6-2024.pdf,2026-07-03
PAR_967,PRO_2280,Температурный градиент,К/м,"+0,01",,,,High,ГП № 6-2024.pdf,2026-07-03
PAR_968,PRO_2283,Геометрические параметры,,,,,Используются для описания CFD-модели,High,ГП № 6-2024.pdf,2026-07-03
PAR_969,PRO_2283,Уравнение неразрывности,,,,,Используется в программе ANSYS Fluent,High,ГП № 6-2024.pdf,2026-07-03
PAR_970,PRO_2283,Уравнения Навье–Стокса,,,,,Используются в программе ANSYS Fluent,High,ГП № 6-2024.pdf,2026-07-03
PAR_971,PRO_2283,Уравнение турбулентного переноса тепла,,,,,Используется в программе ANSYS Fluent,High,ГП № 6-2024.pdf,2026-07-03
PAR_972,PRO_2283,Realizable (k – Ƥ) – модель турбулентности,,,,,Используется в программе ANSYS Fluent,High,ГП № 6-2024.pdf,2026-07-03
PAR_973,FAC_2286,Объем производства,тонн,135000,,,Максимальный объем производства хризотил-асбеста достигнут в 1990 году,High,ГП № 6-2024.pdf,2026-07-03
PAR_974,FAC_2287,Объем производства,тонн,,,,,High,ГП № 6-2024.pdf,2026-07-03
PAR_975,PRO_2293,Пространственное разрешение,м/пк,250,,,Спутниковое изображение складированных отходов рудообогащения,High,ГП № 6-2024.pdf,2026-07-03
PAR_976,PRO_2297,Максимум вегетационного индекса,,,,,Ежегодный расчёт максимума вегетационного индекса,High,ГП № 6-2024.pdf,2026-07-03
PAR_977,PRO_2301,Температура,°C,,,,Арктические условия,High,ГП № 6-2024.pdf,2026-07-03
PAR_978,PRO_2302,Влажность,,,,,Арктические условия,High,ГП № 6-2024.pdf,2026-07-03
PAR_979,EXP_2304,Максимум вегетационного индекса,безразмерный,,"4,8","65,9",Динамика восстановления природных экосистем,High,ГП № 6-2024.pdf,2026-07-03
PAR_980,EXP_2304,Тренд максимального вегетационного индекса,год–1,,"-87,5","124,2",Динамика восстановления природных экосистем,High,ГП № 6-2024.pdf,2026-07-03
PAR_981,EXP_2304,Тренд даты максимума вегетационного индекса,сутки/год,,"-1,2","1,3",Динамика восстановления природных экосистем,High,ГП № 6-2024.pdf,2026-07-03
PAR_982,EXP_2304,Тренд индекса стресса влажности растительности,год–1,,"-9,4","10,1",Динамика восстановления природных экосистем,High,ГП № 6-2024.pdf,2026-07-03
PAR_983,EXP_2304,Ночная температура поверхности,градус Цельсия,,"6,3","8,1",Динамика восстановления природных экосистем,High,ГП № 6-2024.pdf,2026-07-03
PAR_984,EXP_2304,Дисперсия минимальной температуры поверхности,градус Цельсия,,"1,6","4,7",Динамика восстановления природных экосистем,High,ГП № 6-2024.pdf,2026-07-03
PAR_985,PRO_2309,Значение индекса,,,,,Используется для оценки состояния растительного покрова,High,ГП № 6-2024.pdf,2026-07-03
PAR_986,EQU_2308,Пространственное разрешение,м/пк,,250,1000,Съемка земной поверхности,High,ГП № 6-2024.pdf,2026-07-03
PAR_987,FAC_2320,Уставный капитал,млн руб.,700,,,,High,ГП № 6-2024.pdf,2026-07-03
PAR_988,FAC_2320,Активы,млрд руб.,"16,0",,,,High,ГП № 6-2024.pdf,2026-07-03
PAR_989,FAC_2321,Уставный капитал,млрд руб.,"0,02",,,,High,ГП № 6-2024.pdf,2026-07-03
PAR_990,FAC_2321,Активы,млрд руб.,"0,3",,,,High,ГП № 6-2024.pdf,2026-07-03
PAR_991,FAC_2322,Уставный капитал,млрд руб.,"2,0",,,,High,ГП № 6-2024.pdf,2026-07-03
PAR_992,FAC_2322,Активы,млрд руб.,"7,5",,,,High,ГП № 6-2024.pdf,2026-07-03
PAR_993,FAC_2323,Уставный капитал,млн руб.,"4,5",,,,High,ГП № 6-2024.pdf,2026-07-03
PAR_994,FAC_2323,Активы,млрд руб.,"2,6",,,,High,ГП № 6-2024.pdf,2026-07-03
PAR_995,FAC_2324,Уставный капитал,,0,,,,High,ГП № 6-2024.pdf,2026-07-03
PAR_996,FAC_2324,Активы,млрд руб.,"3,6",,,,High,ГП № 6-2024.pdf,2026-07-03
PAR_997,PRO_2301,Температура,°C,,,,Фактор восстановления растительного покрова,High,ГП № 6-2024.pdf,2026-07-03
PAR_998,PRO_1573,гранулометрический состав горной массы,,,,,при открытой разработке месторождений,High,ГП № 6-2024.pdf,2026-07-03
PAR_999,PRO_1573,плотность пылегазового облака,,,,,при применении различных гранулированных промышленных взрывчатых веществ,High,ГП № 6-2024.pdf,2026-07-03
PAR_1000,MAT_2330,Содержание пыли,относительные единицы,,,,При применении различных промышленных взрывчатых веществ,High,ГП № 6-2024.pdf,2026-07-03
PAR_1001,MAT_2330,Высота пылегазового облака,,,,,При применении различных составов гранулированных ПВВ,High,ГП № 6-2024.pdf,2026-07-03
PAR_1002,MAT_2333,Масса,кг,,,,Единовременно взрываемая масса ПВВ,High,ГП № 6-2024.pdf,2026-07-03
PAR_1003,EQU_2334,Мощность,м3,более 30,30,,Единичная мощность экскаватора,High,ГП № 6-2024.pdf,2026-07-03
PAR_1004,MAT_2336,Содержание окислов азота,%,,2,70,При взрыве Гранулита 'ЕФ-П' на основе нано- и микро- дисперсной эмульсии топливной смеси,High,ГП № 6-2024.pdf,2026-07-03
PAR_1005,PRO_2339,масса заряда ВВ,кг,,,,Увеличение допустимой массы заряда ВВ при применении подпорной стенки,High,ГП № 6-2024.pdf,2026-07-03
PAR_1006,MAT_2340,размер капель,мкм,,"5,6","5,8",Средний размер капель после комбинированного физико-химического воздействия,High,ГП № 6-2024.pdf,2026-07-03
PAR_1007,MAT_2347,вес,кг,,,,Единовременно взрываемый вес ПВВ влияет на нагрузку на атмосферу,High,ГП № 6-2024.pdf,2026-07-03
PAR_1008,PRO_2354,Стадии процесса,,3,,,Процесс обезвоживания торфа характеризуется тремя стадиями.,High,ГП № 6-2024.pdf,2026-07-03
PAR_1009,PRO_1156,объем добычи,тонн,,,,Общий объем добычи торфа в России,High,ГП № 6-2024.pdf,2026-07-03
PAR_1010,PRO_2362,Влажность торфа,%,,84,93,Исходная влажность торфа перед обезвоживанием,High,ГП № 6-2024.pdf,2026-07-03
PAR_1011,PRO_2362,Толщина слоя торфяной крошки,см,3,,,Толщина подсушенной торфяной крошки при добыче фрезерным способом,High,ГП № 6-2024.pdf,2026-07-03
PAR_1012,PRO_2365,Значение коэффициента вариации,%,,0,100,Используется для оценки однородности прочностных свойств породного массива.,High,ГП № 6-2024.pdf,2026-07-03
PAR_1013,PRO_2367,коэффициент вариации прочности,,,,,одноосное сжатие и растяжение в локальных областях массива,High,ГП № 6-2024.pdf,2026-07-03
PAR_1014,MAT_2368,UCS,МПа,"93,7",,,Ново-Кальинское месторождение,High,ГП № 6-2024.pdf,2026-07-03
PAR_1015,MAT_2369,UCS,МПа,"151,1",,,Норильск-1,High,ГП № 6-2024.pdf,2026-07-03
PAR_1016,MAT_2370,UCS,МПа,"7,1",,,,High,ГП № 6-2024.pdf,2026-07-03
PAR_1017,EQU_2353,Давление прессования,атм,,,,Процесс обезвоживания торфяной пульпы,High,ГП № 6-2024.pdf,2026-07-03
PAR_1018,PRO_2374,Прочность,,,,,Зависит от масштаба рассматриваемого объекта и неоднородности материала,High,ГП № 6-2024.pdf,2026-07-03
PAR_1019,PRO_2374,Удельная поверхностная энергия,,,,,Используется в условии Гриффитса для определения критического напряжения на краю трещины,High,ГП № 6-2024.pdf,2026-07-03
PAR_1020,MAT_2375,Прочность на одноосное сжатие,,,,,,High,ГП № 6-2024.pdf,2026-07-03
PAR_1021,MAT_2376,Прочность на растяжение,,,,,,High,ГП № 6-2024.pdf,2026-07-03
PAR_1022,MAT_2377,Коэффициент вариации,,,,,,High,ГП № 6-2024.pdf,2026-07-03
PAR_1023,MAT_2378,Количество определений,,,,,,High,ГП № 6-2024.pdf,2026-07-03
PAR_1024,PRO_2379,Прочность пород,Не указана,,,,Для оценки удароопасности массива горных пород,High,ГП № 6-2024.pdf,2026-07-03
PAR_1025,PRO_2381,Значение,%,,10,20,Для сплошных руд,High,ГП № 6-2024.pdf,2026-07-03
PAR_1026,PRO_2382,Величина,Не указана,,,,,High,ГП № 6-2024.pdf,2026-07-03
PAR_1027,PRO_2383,Величина,Не указана,,,,,High,ГП № 6-2024.pdf,2026-07-03
PAR_1028,MAT_2394,Содержание твердых частиц,г/л,,7,17,При откачке из кимберлитовых рудников,High,ГП № 6-2024.pdf,2026-07-03
PAR_1029,EQU_2392,Средняя наработка до капитального ремонта,ч,,2610,1625,При увеличении содержания твердых частиц в воде,High,ГП № 6-2024.pdf,2026-07-03
PAR_1030,MAT_2394,концентрация твердых частиц,мг/л,,,более чем в 2 раза выше по сравнению с первыми годами эксплуатации,системы водоотлива кимберлитовых рудников,High,ГП № 6-2024.pdf,2026-07-03
PAR_1031,EQU_2408,средняя наработка до капитального ремонта,часы,,,,при повышении концентрации твердых частиц в шахтных водах,High,ГП № 6-2024.pdf,2026-07-03
PAR_1032,EQU_2392,номинальный напор,м,,,,,High,ГП № 6-2024.pdf,2026-07-03
PAR_1033,EQU_2392,коэффициент kN,,,,,учитывает отношение между текущей и номинальной потребляемой мощностью насосного агрегата,High,ГП № 6-2024.pdf,2026-07-03
PAR_1034,PRO_2412,условная интенсивность износа,,,,,Iizn,High,ГП № 6-2024.pdf,2026-07-03
PAR_1035,EQU_2414,номинальная подача,м³/ч,350,,,при условии отсутствия избыточной напорности,High,ГП № 6-2024.pdf,2026-07-03
PAR_1036,EQU_2414,максимальная наработка,ч,8760,,,за календарный год,High,ГП № 6-2024.pdf,2026-07-03
PAR_1037,EQU_2414,стоимость насоса,млн руб.,"13,3",,,,High,ГП № 6-2024.pdf,2026-07-03
PAR_1038,EQU_2414,стоимость заводской гидропяты,млн руб.,"0,7",,,,High,ГП № 6-2024.pdf,2026-07-03
PAR_1039,EQU_2414,затраты на восстановление гидропяты,млн руб.,"0,3",,,,High,ГП № 6-2024.pdf,2026-07-03
PAR_1040,MAT_2416,Удельный расход,кг/м3,,,,При бурении и взрывании,High,ГП № 6-2024.pdf,2026-07-03
PAR_1041,PRO_1887,Расстояние между скважинами,м,,,,,High,ГП № 6-2024.pdf,2026-07-03
PAR_1042,PRO_1887,Расстояние между рядами скважин,м,,,,,High,ГП № 6-2024.pdf,2026-07-03
PAR_1043,EQU_2392,Qmin,м³/ч,,200,280,Режим откачки №1 и №2,High,ГП № 6-2024.pdf,2026-07-03
PAR_1044,EQU_2392,T,ч,,"964,3","4898,2",Режим откачки №1 и №2,High,ГП № 6-2024.pdf,2026-07-03
PAR_1045,EQU_2392,Zsum,руб/м³,,"43,27","67,88",Режим откачки №1 и №2,High,ГП № 6-2024.pdf,2026-07-03
PAR_1046,PRO_1573,Неоднородность горного массива по трещиноватости,,,,,Данные шарошечного бурения,High,ГП № 6-2024.pdf,2026-07-03
PAR_1047,PRO_1573,Скорость детонации эмульсионных взрывчатых веществ,,,,,Зависимость от плотности и диаметра заряда взрывчатых веществ,High,ГП № 6-2024.pdf,2026-07-03
PAR_1048,PRO_1573,Степень затухания сейсмовзрывных колебаний,,,,,Влияние на скорость смещения охраняемых участков бортов карьера,High,ГП № 6-2024.pdf,2026-07-03
PAR_1049,PRO_2424,Скорость бурения,м/ч,,,,Зависит от физико-механических характеристик горных пород,High,ГП № 6-2024.pdf,2026-07-03
PAR_1050,MAT_961,Категория трещиноватости,,,,,Определяет параметры бурения и взрывного разрушения,High,ГП № 6-2024.pdf,2026-07-03
PAR_1051,PRO_1496,Радиус трещинообразования,м,,,,Определяется в зависимости от прочностных характеристик горных пород,High,ГП № 6-2024.pdf,2026-07-03
PAR_1052,MAT_961,Прочностные характеристики,МПа,,,,Определяются с помощью бурового станка,High,ГП № 6-2024.pdf,2026-07-03
PAR_1053,PRO_1573,Физико-механические свойства,,,,,Влияют на выбор параметров БВР,High,ГП № 6-2024.pdf,2026-07-03
PAR_1054,PRO_1573,Трещиноватость массива,,,,,Влияет на выбор параметров БВР,High,ГП № 6-2024.pdf,2026-07-03
PAR_1055,PRO_1573,Однородность и перемежаемость,,,,,В пределах взрываемого блока,High,ГП № 6-2024.pdf,2026-07-03
PAR_1056,PRO_1573,Степень обводненности пород,,,,,Влияет на выбор параметров БВР,High,ГП № 6-2024.pdf,2026-07-03
PAR_1057,PRO_1573,Технологические требования,,,,,Определяют выбор параметров БВР,High,ГП № 6-2024.pdf,2026-07-03
PAR_1058,PRO_1573,Прочностные характеристики,,,,,Уточняются в ходе бурения взрывных скважин,High,ГП № 6-2024.pdf,2026-07-03
PAR_1059,PRO_1573,Структурные особенности,,,,,Учитываются при корректировке предварительного проекта БВР,High,ГП № 6-2024.pdf,2026-07-03
PAR_1060,PRO_2430,эффективность,,,,,подтверждена для месторождений Оленегорского рудного поля,High,ГП № 6-2024.pdf,2026-07-03
PAR_1061,PRO_2430,Максимальный линейный размер кусков,мм,,,,"Параметр, влияющий на эффективность сухой магнитной сепарации",High,ГП № 6-2024.pdf,2026-07-03
PAR_1062,PRO_2430,Модуль крупности,,,,,Отношение максимального значения линейного размера куска к минимальному в классе крупности,High,ГП № 6-2024.pdf,2026-07-03
PAR_1063,PRO_2430,магнитная индукция,Тл,,,,Значение актуально для поверхности барабана магнитного сепаратора.,High,ГП № 6-2024.pdf,2026-07-03
PAR_1064,PRO_2430,скорость вращения барабана,об/мин,,,,,High,ГП № 6-2024.pdf,2026-07-03
PAR_1065,PRO_2430,крупность материала,мм,,,,Верхняя граница крупности сепарируемого материала.,High,ГП № 6-2024.pdf,2026-07-03
PAR_1066,PRO_2430,магнитная индукция,Тл,,"0,16","0,75",режим работы магнитного сепаратора,High,ГП № 6-2024.pdf,2026-07-03
PAR_1067,PRO_2430,скорость вращения барабана,Гц,,35,55,режим работы магнитного сепаратора,High,ГП № 6-2024.pdf,2026-07-03
PAR_1068,MAT_967,крупность материала,мм,,-350,0,исходная крупность материала,High,ГП № 6-2024.pdf,2026-07-03
PAR_1069,EQU_2446,магнитная индукция,Тл,,"0,16","0,75",значения магнитной индукции на поверхности обечайки барабана магнитного сепаратора,High,ГП № 6-2024.pdf,2026-07-03
PAR_1070,EQU_2446,скорость вращения обечайки,,,,,"параметр, позволяющий изменять соотношение магнитных и конкурирующих сил",High,ГП № 6-2024.pdf,2026-07-03
PAR_1071,EQU_2454,Потребляемая мощность,кВт,,836,1260,,High,ГП № 6-2024.pdf,2026-07-03
PAR_1072,EQU_2454,Удельный расход электроэнергии,кВт·ч/т,,6.71,9.94,,High,ГП № 6-2024.pdf,2026-07-03
PAR_1073,EQU_2456,Потребляемая мощность,кВт,,836,1260,Работа в последовательном цикле ММС-МШР,High,ГП № 6-2024.pdf,2026-07-03
PAR_1074,EQU_2456,Производительность,т/ч,,,,,High,ГП № 6-2024.pdf,2026-07-03
PAR_1075,PRO_2430,магнитная индукция,Тл,,,,значение магнитной индукции на поверхности обечайки барабана магнитного сепаратора,High,ГП № 6-2024.pdf,2026-07-03
PAR_1076,PRO_2430,скорость вращения,об/мин,,,,скорость вращения обечайки барабана магнитного сепаратора,High,ГП № 6-2024.pdf,2026-07-03
PAR_1077,EQU_2460,удельный расход электроэнергии,кВт·ч/т,,"6,71","9,94",Процесс измельчения,High,ГП № 6-2024.pdf,2026-07-03
PAR_1078,EQU_2460,средняя производительность,т/ч,138,,,,High,ГП № 6-2024.pdf,2026-07-03
PAR_1079,EQU_2460,средняя мощность,кВт,1080,,,,High,ГП № 6-2024.pdf,2026-07-03
PAR_1080,MAT_2468,диаметр оболочки заряда,мм,45,,,исследование детонационных характеристик,High,ГП № 6-2024.pdf,2026-07-03
PAR_1081,MAT_2471,Плотность,г/см³,"0,987",,,,High,ГП № 6-2024.pdf,2026-07-03
PAR_1082,EXP_2473,Скорость детонации,км/с,"4,8",,,Для ПЭВВ «Березит®» марки Э-100,High,ГП № 6-2024.pdf,2026-07-03
PAR_1083,PRO_2477,Плотность тока,А/м2,100,,,Условия эксперимента,High,ГП № 6-2024.pdf,2026-07-03
PAR_1084,PRO_2477,Концентрация солей,мг/дм3,,,,Результаты эксперимента,High,ГП № 6-2024.pdf,2026-07-03
PAR_1085,PRO_2484,Циркуляция раствора,,,,,С циркуляцией раствора через рассольные камеры и без неё,High,ГП № 6-2024.pdf,2026-07-03
PAR_1086,MAT_2486,Скорость детонации,м/с,,,,При проведении первичных экспериментов,High,ГП № 6-2024.pdf,2026-07-03
PAR_1087,MAT_2487,Скорость детонации,м/с,,,,,High,ГП № 6-2024.pdf,2026-07-03
PAR_1088,MAT_641,Полнота детонации,,,,,Испытания на специальных полигонах,High,ГП № 6-2024.pdf,2026-07-03
PAR_1089,EQU_2491,Массовая скорость продуктов взрыва,,,,,Измерение за фронтом детонационной волны,High,ГП № 6-2024.pdf,2026-07-03
PAR_1090,PRO_2499,Концентрация солей,г/дм3,,1,10,Стоки промышленных предприятий,High,ГП № 6-2024.pdf,2026-07-03
PAR_1091,MAT_424,Цена,руб/г,"6869,57",,,Цена 1 г товарного золота в рублях,High,ГП № 6-2024.pdf,2026-07-03
PAR_1092,PRO_2503,Значение,м³/т,,1.516,2.163,Значения коэффициента вскрыши для разных оптимальных оболочек,High,ГП № 6-2024.pdf,2026-07-03
PAR_1093,PRO_2511,Бортовое содержание Au,г/т,,0.4,0.8,Для месторождения 'Павлик',High,ГП № 6-2024.pdf,2026-07-03
PAR_1094,PRO_2511,Углы наклона бортов карьера,град,,38,60,Для геомеханических зон месторождения 'Павлик',High,ГП № 6-2024.pdf,2026-07-03
PAR_1095,EQU_2517,Тип пулинга,,,,,Влияет на качество обработки изображений угольных пород,High,ГП № 6-2024.pdf,2026-07-03
PAR_1096,EQU_2517,Размер агрегируемой области,,,,,Влияет на качество обработки изображений угольных пород,High,ГП № 6-2024.pdf,2026-07-03
PAR_1097,PRO_2518,Точность классификации,%,95,,,При применении к набору данных CoalRockImage5k,High,ГП № 6-2024.pdf,2026-07-03
PAR_1098,EXP_2521,Размер области пулинга,,,2x2,4x4,Эксперименты с автоматическим определением размера пулинга,High,ГП № 6-2024.pdf,2026-07-03
PAR_1099,EXP_2521,Точность классификации,%,,90.6,98.2,Различные типы пулинга,High,ГП № 6-2024.pdf,2026-07-03
PAR_1100,PRO_2501,Угол откоса уступа,градусы,60,,,,High,ГП № 6-2024.pdf,2026-07-03
PAR_1101,PRO_2501,Угол откоса борта,градусы,,35,50,,High,ГП № 6-2024.pdf,2026-07-03
PAR_1102,PRO_2501,Ширина бермы безопасности,метры,10,,,,High,ГП № 6-2024.pdf,2026-07-03
PAR_1103,PRO_2501,Ширина транспортной бермы,метры,,32,39,зависит от типа самосвалов,High,ГП № 6-2024.pdf,2026-07-03
PAR_1104,PRO_2501,Высота вскрышного уступа,метры,,10,15,,High,ГП № 6-2024.pdf,2026-07-03
PAR_1105,PRO_2501,Высота добычного уступа,метры,"7,5",,,,High,ГП № 6-2024.pdf,2026-07-03
PAR_1106,PRO_2501,Высота уступа в предельном положении,метры,30,,,,High,ГП № 6-2024.pdf,2026-07-03
PAR_1107,PRO_2523,Параметр Ȝ,,,0,1,Доля использования максимизации и усреднения при пулинговом процессе.,High,ГП № 6-2024.pdf,2026-07-03
PAR_1108,PRO_2524,Гиперпараметр p,,3,,,Определяет степень важности больших значений в процессе пулинга.,High,ГП № 6-2024.pdf,2026-07-03
PAR_1109,EXP_2527,Точность классификации,%,,90.6,97.1,Для максимизирующих пулингов разного размера,High,ГП № 6-2024.pdf,2026-07-03
PAR_1110,EXP_2527,Время построения прогноза,миллисекунды,,12.3,29.1,Для различных методов пулинга,High,ГП № 6-2024.pdf,2026-07-03
PAR_1111,PRO_2534,Температура,,,,,Параметр 'температура' влияет на коэффициенты при xcpq,High,ГП № 6-2024.pdf,2026-07-03
PAR_1112,PRO_2535,Параметр Ȝ,,≥ 0,0,,Настраивается вместе с остальными параметрами нейронной сети методом обратного распространения ошибки,High,ГП № 6-2024.pdf,2026-07-03
PAR_1113,PRO_2536,Параметр Ȝ,,≥ 0,0,,Настраивается вместе с остальными параметрами нейронной сети методом обратного распространения ошибки,High,ГП № 6-2024.pdf,2026-07-03
PAR_1114,PRO_2538,Точность классификации,%,,90,99.3,"Для антрацита, коксующегося и бурого угля при различных уровнях искажений",High,ГП № 6-2024.pdf,2026-07-03
PAR_1115,EQU_2542,Количество эпох обучения,эпохи,50,,,Обучение модели на каждом наборе данных,High,ГП № 6-2024.pdf,2026-07-03
PAR_1116,EQU_2543,Концентрация ПАВ,Не указана,,,,Для обеспечения оптимального разупрочнения мёрзлых пород,High,ГП № 6-2024.pdf,2026-07-03
PAR_1117,MAT_2544,Температура замерзания,°C,,,,Влияние на процесс разупрочнения мёрзлых пород,High,ГП № 6-2024.pdf,2026-07-03
PAR_1118,PRO_2538,Точность классификации,%,,91.3,97.4,Для различных типов угля,High,ГП № 6-2024.pdf,2026-07-03
PAR_1119,PRO_2546,Точность классификации,%,,81.2,92.8,Для различных типов угля,High,ГП № 6-2024.pdf,2026-07-03
PAR_1120,MAT_2552,концентрация,%,,2,18,в зависимости от температуры замерзания раствора,High,ГП № 6-2024.pdf,2026-07-03
PAR_1121,EQU_2554,длина скважины,м,5,,,,High,ГП № 6-2024.pdf,2026-07-03
PAR_1122,EQU_2554,диаметр скважины,м,"0,2",,,,High,ГП № 6-2024.pdf,2026-07-03
PAR_1123,MAT_2556,концентрация,%,,5,20,эксперименты на Эльгинском месторождении,High,ГП № 6-2024.pdf,2026-07-03
PAR_1124,MAT_2557,концентрация,Н,,"0,05","0,5",эксперименты на карьере 'Юбилейная АК АЛРОСА',High,ГП № 6-2024.pdf,2026-07-03
PAR_1125,PRO_2558,температура,°C,,-20,-5,эксперименты на Эльгинском месторождении,High,ГП № 6-2024.pdf,2026-07-03
PAR_1126,MAT_2544,Концентрация,%,,15,75,Для обеспечения оптимальной эффективности,High,ГП № 6-2024.pdf,2026-07-03
PAR_1127,EQU_2563,Объём герметичной оболочки цилиндра,относительно объёма скважины,,3,,Должен превосходить объём скважины не менее чем в три раза,High,ГП № 6-2024.pdf,2026-07-03
PAR_1128,EQU_2563,Высота цилиндра,относительно диаметра,,2,,Должна быть не менее чем в два раза больше диаметра,High,ГП № 6-2024.pdf,2026-07-03
PAR_1129,EQU_2573,Остаточный ресурс,Не указан,,,,Оценка остаточного ресурса подшипниковых узлов скольжения,High,ГП № 6-2024.pdf,2026-07-03
PAR_1130,EQU_2573,Температура,°C,84,,,Повышение температуры в узле скольжения при отклонении геометрии пустотелой опорной подшипниковой цапфы,High,ГП № 6-2024.pdf,2026-07-03
PAR_1131,EQU_2573,Радиальное биение,мм,"0,011 относительно 0,083",,,Критическое отклонение геометрии пустотелой опорной подшипниковой цапфы,High,ГП № 6-2024.pdf,2026-07-03
PAR_1132,EXP_2586,Температура,°C,,,,В режиме реального времени,High,ГП № 6-2024.pdf,2026-07-03
PAR_1133,EXP_2586,Мощность,МВт,20,,,Максимальный режим работы,High,ГП № 6-2024.pdf,2026-07-03
PAR_1134,EQU_2589,Температура,°C,,0,30,При эксплуатации в условиях плавучего комплекса,High,ГП № 6-2024.pdf,2026-07-03
PAR_1135,EQU_2589,Давление масла,кПа,,86,106,При эксплуатации в условиях плавучего комплекса,High,ГП № 6-2024.pdf,2026-07-03
PAR_1136,EQU_2594,Температура,°C,,"25,6","52,2",Границы карты Шухарта,High,ГП № 6-2024.pdf,2026-07-03
PAR_1137,EQU_2598,Продолжительность работы,лет,более 8,,,,High,ГП № 6-2024.pdf,2026-07-03
PAR_1138,PUB_895,Гранулометрический состав,,,,,Изменение гранулометрического состава угля при добыче и транспортировке в условиях Крайнего Севера,High,ГП № 6-2024.pdf,2026-07-03
PAR_1139,MAT_2613,Размер кусков,мм,,0,300,,High,ГП № 6-2024.pdf,2026-07-03
PAR_1140,MAT_2613,Зольность,%,16,,,,High,ГП № 6-2024.pdf,2026-07-03
PAR_1141,MAT_2613,Содержание влаги,%,7,,,в рабочем состоянии,High,ГП № 6-2024.pdf,2026-07-03
PAR_1142,MAT_2613,Теплота сгорания,МДж/кг,26,,,низшая теплота сгорания рабочего топлива,High,ГП № 6-2024.pdf,2026-07-03
PAR_1143,FAC_2617,Площадь,км²,1605000,,,,High,ГП № 6-2024.pdf,2026-07-03
PAR_1144,FAC_2617,Население,человек,65000,,,2023 год,High,ГП № 6-2024.pdf,2026-07-03
PAR_1145,FAC_2621,Площадь лесных ресурсов,млн га,"10,875",,,Земли лесного фонда,High,ГП № 6-2024.pdf,2026-07-03
PAR_1146,FAC_2621,Общий запас древесных лесных ресурсов,млн м3,"1138,3",,,,High,ГП № 6-2024.pdf,2026-07-03
PAR_1147,PRO_2624,температура воздуха,°C,0,,,весна,High,ГП № 6-2024.pdf,2026-07-03
PAR_1148,FAC_2626,площадь лесных ресурсов,га,,,,Общая площадь лесных ресурсов региона,High,ГП № 6-2024.pdf,2026-07-03
PAR_1149,FAC_2626,количество пожаров,штук,3945,,,За последние 20 лет,High,ГП № 6-2024.pdf,2026-07-03
PAR_1150,FAC_2626,площадь гарей,га,"976,2 тыс.",,,Общая площадь гарей за последние 20 лет,High,ГП № 6-2024.pdf,2026-07-03
PAR_1151,PUB_895,Коэффициент разубоживания,,,,,При оценке качества угольной продукции,High,ГП № 6-2024.pdf,2026-07-03
PAR_1152,PRO_2627,Объем естественной убыли,т,3000,,,Для пос. Зырянка,High,ГП № 6-2024.pdf,2026-07-03
PAR_1153,EQU_2633,Тяговое усилие,кН,72,,,,High,ГП № 6-2024.pdf,2026-07-03
PAR_1154,EQU_2633,Рабочий ход,мм,100,,,,High,ГП № 6-2024.pdf,2026-07-03
PAR_1155,FAC_2635,Потенциал заготовки древесины,млн м3,,"0,2","1,666",Ежегодный потенциал заготовки древесины в лесах Тувы.,High,ГП № 6-2024.pdf,2026-07-03
PAR_1156,EQU_2639,Угол поворота рычага,градусы,,45,79,Различные этапы работы устройства,High,ГП № 6-2024.pdf,2026-07-03
PAR_1157,EQU_2639,Расстояние,мм,,237.8,258.6,Различные этапы работы устройства,High,ГП № 6-2024.pdf,2026-07-03
PAR_1158,EQU_2639,Рабочий ход,мм,,2.7,20.8,Различные этапы работы устройства,High,ГП № 6-2024.pdf,2026-07-03
PAR_1159,EQU_2639,Сила,Н,,2989,10482,Различные этапы работы устройства,High,ГП № 6-2024.pdf,2026-07-03
PAR_1160,EQU_2641,Размер,мм,,,,Устройство имеет компактные размеры,High,ГП № 6-2024.pdf,2026-07-03
PAR_1161,MAT_2642,Длина,м,,,,Необходимость использования канатных анкеров большой длины,High,ГП № 6-2024.pdf,2026-07-03
PAR_1162,MAT_2648,Величина натяжения,%,30,,,От номинальной нагрузочной способности каната,High,ГП № 6-2024.pdf,2026-07-03
PAR_1163,EQU_2650,Длина свободного конца АК,мм,,200,300,,High,ГП № 6-2024.pdf,2026-07-03
PAR_1164,PRO_2652,Содержание металла в руде,%,,"0,4",,Минимальное промышленное содержание меди в руде,High,ГП № 6-2024.pdf,2026-07-03
PAR_1165,PRO_2653,Содержание металла в руде,%,,,,Более высокое содержание металла в руде по сравнению с кучным выщелачиванием,High,ГП № 6-2024.pdf,2026-07-03
PAR_1166,MAT_2659,Содержание меди,%,"0,173",,,Среднее содержание в некондиционной окисленной руде,High,ГП № 6-2024.pdf,2026-07-03
PAR_1167,MAT_2659,Содержание золота,г/т,"0,15",,,Среднее содержание в некондиционной окисленной руде,High,ГП № 6-2024.pdf,2026-07-03
PAR_1168,MAT_2654,содержание меди,не указано,повышенное в классе крупности –15 мм,,,экспериментальные исследования окисленной некондиционной поликомпонентной руды,High,ГП № 6-2024.pdf,2026-07-03
PAR_1169,MAT_2654,содержание золота и меди,не указано,"повышенное в классе крупности –2,5 мм",,,экспериментальные исследования окисленной некондиционной поликомпонентной руды,High,ГП № 6-2024.pdf,2026-07-03
PAR_1170,MAT_2664,Содержание меди,%,"0,182",,,Среднее содержание меди в пробе окисленной руды,High,ГП № 6-2024.pdf,2026-07-03
PAR_1171,MAT_2664,Содержание золота,г/т,"0,16",,,Среднее содержание золота в пробе окисленной руды,High,ГП № 6-2024.pdf,2026-07-03
PAR_1172,EXP_2668,Несущая способность,кг/см2,,0,более 60,Околоствольная зона скважины,High,ГП № 6-2024.pdf,2026-07-03
PAR_1173,PRO_2669,Глубина скважины,м,,1950,4085,,High,ГП № 6-2024.pdf,2026-07-03
PAR_1174,MAT_2674,Плотность,Единицы измерения не указаны,,,,Ступенчатое повышение плотности при углублении скважины,High,ГП № 6-2024.pdf,2026-07-03
PAR_1175,EXP_2676,Давление,Единицы измерения не указаны,,,,Гидроопрессовка открытого ствола скважины,High,ГП № 6-2024.pdf,2026-07-03
PAR_1176,PRO_2678,Рост несущей способности,кг/см2 в сутки,"0,4509",,,Для верхнекрасноцветных отложений скважины X1 месторождения Восточный Челекен,High,ГП № 6-2024.pdf,2026-07-03
PAR_1177,PRO_2679,Давление гидроразрыва пород водой,кг/см2,,,,Используется для описания расчётной величины гидроразрыва пород,High,ГП № 6-2024.pdf,2026-07-03
PAR_1178,EXP_2680,Глубина скважины,м,1793,1950,4085,Глубина проведения гидроопрессовок,High,ГП № 6-2024.pdf,2026-07-03
PAR_1179,PRO_2683,Рост производительности,%,,5,10,Внедрение BigData в горнодобывающую отрасль,High,ГП № 6-2024.pdf,2026-07-03
PAR_1180,PRO_2683,Снижение затрат,%,,10,25,Внедрение BigData в горнодобывающую отрасль,High,ГП № 6-2024.pdf,2026-07-03
PAR_1181,PRO_2690,"доля предприятий, использующих BigData",%,,5,68,динамика внедрения технологий BigData в 2015–2024 гг.,High,ГП № 6-2024.pdf,2026-07-03
PAR_1182,PRO_2690,среднегодовые темпы роста инвестиций,%,37,,,период активного старта цифровизации отрасли,High,ГП № 6-2024.pdf,2026-07-03
PAR_1183,EQU_2691,Рост производительности,%,,7,12,При использовании в горнодобывающей промышленности,High,ГП № 6-2024.pdf,2026-07-03
PAR_1184,EQU_2691,Снижение удельных затрат,%,,10,15,При использовании в горнодобывающей промышленности,High,ГП № 6-2024.pdf,2026-07-03
PAR_1185,PRO_28,Повышение содержания железа,%,,0.8,1.2,При использовании BigData оборудования,High,ГП № 6-2024.pdf,2026-07-03
PAR_1186,PRO_2690,"Доля предприятий, использующих BigData",%,,5,68,Динамика внедрения технологий BigData в горнодобывающей промышленности России в 2015–2024 гг.,High,ГП № 6-2024.pdf,2026-07-03
PAR_1187,PRO_2690,Инвестиции в технологии BigData,млрд руб.,,"1,2","37,5",Динамика инвестиций в технологии BigData в горнодобывающей промышленности России в 2015–2024 гг.,High,ГП № 6-2024.pdf,2026-07-03
PAR_1188,EQU_2706,Масса,т,,32,230,Различные модели техники,High,ГП № 1-2025.pdf,2026-07-03
PAR_1189,EQU_2706,Вместимость ковша,м3,,6,12,Гидравлические экскаваторы,High,ГП № 1-2025.pdf,2026-07-03
PAR_1190,EQU_2709,глубина бурения,м,55,,,бурение взрывных скважин при заоткоске бортов карьера и на других специальных технологических работах,High,ГП № 1-2025.pdf,2026-07-03
PAR_1191,EQU_2706,вместимость ковша гидравлических экскаваторов,м3,,6,36,,High,ГП № 1-2025.pdf,2026-07-03
PAR_1192,EQU_2706,грузоподъемность карьерных самосвалов,т,,90,320,,High,ГП № 1-2025.pdf,2026-07-03
PAR_1193,EQU_2706,грузоподъемность шарнирно-сочлененных самосвалов,т,40,,,,High,ГП № 1-2025.pdf,2026-07-03
PAR_1194,EQU_2706,вместимость ковша фронтальных погрузчиков,м3,,6,18,,High,ГП № 1-2025.pdf,2026-07-03
PAR_1195,EQU_643,Количество машин,штуки,25,,,В автопарке завода «ПВВ»,High,ГП № 1-2025.pdf,2026-07-03
PAR_1196,EQU_2719,экономия электроэнергии,,,,,при использовании сепаратора,High,ГП № 1-2025.pdf,2026-07-03
PAR_1197,EQU_2719,экономия воды,,,,,при использовании сепаратора,High,ГП № 1-2025.pdf,2026-07-03
PAR_1198,EQU_2720,снижение электропотребления,раз,5,,,при сопоставимой производительности и качеству работы,High,ГП № 1-2025.pdf,2026-07-03
PAR_1199,PRO_168,Объём производства,тонн в месяц,,2000,10000,Объёмы производства взрывчатых веществ на заводе АО «ПВВ»,High,ГП № 1-2025.pdf,2026-07-03
PAR_1200,EQU_2735,Тип,,Винтовой,,,,High,ГП № 1-2025.pdf,2026-07-03
PAR_1201,EQU_2735,Исполнение,,Горизонтальное и вертикальное,,,,High,ГП № 1-2025.pdf,2026-07-03
PAR_1202,PRO_2753,коэффициент вскрыши,,,,,изменяется по мере углубления карьера,High,ГП № 1-2025.pdf,2026-07-03
PAR_1203,PRO_2759,Угол наклона,градусы,,,,Уменьшается при увеличении количества и ширины транспортных берм,High,ГП № 1-2025.pdf,2026-07-03
PAR_1204,PRO_2760,Ширина проезжей части,метры,,,,Складывается из ширины двух автосамосвалов и зазоров между ними,High,ГП № 1-2025.pdf,2026-07-03
PAR_1205,PRO_2763,Оптимальный пункт своза грузов,,,,,Определяется по правилу Л.Д. Шевякова,High,ГП № 1-2025.pdf,2026-07-03
PAR_1206,PRO_2763,Коэффициент транспорта,,,,,Определяется по методу В.В. Ржевского,High,ГП № 1-2025.pdf,2026-07-03
PAR_1207,PRO_2232,Объём добычи,млн т,"438,7",,,2023 год,High,ГП № 1-2025.pdf,2026-07-03
PAR_1208,PRO_2232,Доля открытого способа,%,"72,2",,,2023 год,High,ГП № 1-2025.pdf,2026-07-03
PAR_1209,FAC_2768,Обеспеченность техническими средствами безопасности,%,,38.5,100,Уровень обеспечения шахт техническими средствами безопасности,High,ГП № 1-2025.pdf,2026-07-03
PAR_1210,FAC_2768,Доля рабочих мест с вредными условиями труда,%,,78.9,91.2,Изменение доли рабочих мест с вредными условиями труда с 2010 по 2023 год,High,ГП № 1-2025.pdf,2026-07-03
PAR_1211,FAC_2770,аварии,количество,1,,,авария на обогатительной фабрике в 2022 году,High,ГП № 1-2025.pdf,2026-07-03
PAR_1212,PUB_2769,затраты на промышленную безопасность и охрану труда,млн руб.,"21 660,8",,,2023 год,High,ГП № 1-2025.pdf,2026-07-03
PAR_1213,PRO_2771,Приведённое расстояние,м,,,,Для учёта энергозатрат при перемещении горной массы,High,ГП № 1-2025.pdf,2026-07-03
PAR_1214,PRO_2771,Приведённая высота подъёма,м,,,,Для учёта энергозатрат при подъёме горной массы,High,ГП № 1-2025.pdf,2026-07-03
PAR_1215,PRO_2774,Количество аварий,штук,,15,,За период 2014-2023 гг.,High,ГП № 1-2025.pdf,2026-07-03
PAR_1216,PRO_1772,Количество аварий,штук,,4,,За период 2014-2023 гг.,High,ГП № 1-2025.pdf,2026-07-03
PAR_1217,FAC_2775,Число пострадавших,чел.,,343,637,Динамика производственного травматизма за 2014–2023 гг.,High,ГП № 1-2025.pdf,2026-07-03
PAR_1218,FAC_2775,Кт/ч,чел/1 тыс. раб.,,2.7,4.7,Динамика производственного травматизма за 2014–2023 гг.,High,ГП № 1-2025.pdf,2026-07-03
PAR_1219,FAC_2775,Кт/д,чел/1 млн т,,0.8,1.7,Динамика производственного травматизма за 2014–2023 гг.,High,ГП № 1-2025.pdf,2026-07-03
PAR_1220,EQU_2779,Обеспеченность,%,96,,,,High,ГП № 1-2025.pdf,2026-07-03
PAR_1221,EQU_2780,Обеспеченность,%,"97,1",,,поверхностные,High,ГП № 1-2025.pdf,2026-07-03
PAR_1222,EQU_2781,Обеспеченность,%,95,,,подземные,High,ГП № 1-2025.pdf,2026-07-03
PAR_1223,EQU_2782,Обеспеченность,%,"96,8",,,,High,ГП № 1-2025.pdf,2026-07-03
PAR_1224,FAC_2786,глубина отработки,м,,500,1500,отработка карьером,High,ГП № 1-2025.pdf,2026-07-03
PAR_1225,FAC_2786,Глубина отработки,м,525,,,Открытый способ отработки,High,ГП № 1-2025.pdf,2026-07-03
PAR_1226,FAC_2786,Объем извлеченной горной массы,млн м3,350,,,Открытый способ отработки,High,ГП № 1-2025.pdf,2026-07-03
PAR_1227,FAC_2790,Проектная мощность,т/год,1000000,,,Добыча руды,High,ГП № 1-2025.pdf,2026-07-03
PAR_1228,FAC_2790,Глубина горных выработок,м,,-210,-615,Эксплуатируемые горизонты,High,ГП № 1-2025.pdf,2026-07-03
PAR_1229,PRO_2794,Глубина бурения,м,,28,77,Углубка наклонных скважин во вмещающие породы,High,ГП № 1-2025.pdf,2026-07-03
PAR_1230,PRO_2797,Длина проб,м,,10.4,19.7,Длина рядовых частных керновых проб кимберлитов,High,ГП № 1-2025.pdf,2026-07-03
PAR_1231,MAT_1922,Алмазоносность,кг,,176,429,Средние значения по пробам,High,ГП № 1-2025.pdf,2026-07-03
PAR_1232,FAC_2801,Глубина разведки,м,,-900,-1300,Интервал абсолютных отметок,High,ГП № 1-2025.pdf,2026-07-03
PAR_1233,PRO_2808,Логарифмическая дисперсия,,,0.52,1.72,Для различных месторождений,High,ГП № 1-2025.pdf,2026-07-03
PAR_1234,PRO_2808,Размер частиц,мм,,4,90,Щебень различных видов,High,ГП № 1-2025.pdf,2026-07-03
PAR_1235,MAT_2815,Логарифмическая дисперсия,,,"0,58","1,7","Зависит от блочности породы (мелкоблочные, среднеблочные, крупноблочные)",High,ГП № 1-2025.pdf,2026-07-03
PAR_1236,MAT_2816,Логарифмическая дисперсия,,,"0,68","1,82","Зависит от блочности породы (мелкоблочные, среднеблочные, крупноблочные)",High,ГП № 1-2025.pdf,2026-07-03
PAR_1237,PRO_1573,степень дробления,,,,,зависит от крепости и трещиноватости массивов,High,ГП № 1-2025.pdf,2026-07-03
PAR_1238,MAT_2817,выход товарных фракций,%,,20,30,при постоянной степени дробления,High,ГП № 1-2025.pdf,2026-07-03
PAR_1239,PRO_1573,Гранулометрический состав,,,,,Зависит от крепости и блочности горных пород,High,ГП № 1-2025.pdf,2026-07-03
PAR_1240,FAC_2814,Объем производства драгоценных металлов,тонны,,"23,7 (золото)",122 (серебро),2023 год,High,ГП № 1-2025.pdf,2026-07-03
PAR_1241,FAC_2825,Стоимость проекта,млрд долл. США,"8,5",,,,High,ГП № 1-2025.pdf,2026-07-03
PAR_1242,FAC_2828,мощность,МВт,36,,,,High,ГП № 1-2025.pdf,2026-07-03
PAR_1243,FAC_2829,мощность,МВт,70,,,,High,ГП № 1-2025.pdf,2026-07-03
PAR_1244,FAC_2830,мощность,МВт,39,,,,High,ГП № 1-2025.pdf,2026-07-03
PAR_1245,PUB_895,Зольность,%,,,,При обогащении угля,High,ГП № 1-2025.pdf,2026-07-03
PAR_1246,EQU_2334,Вместимость ковша,м³,,,55,При больших объемах вскрышных работ,High,ГП № 1-2025.pdf,2026-07-03
PAR_1247,EQU_2842,Грузоподъемность,т,,,450,При транспортировке угля,High,ГП № 1-2025.pdf,2026-07-03
PAR_1248,PRO_2844,Значение магнитуды,,,,,Параметр уменьшается почти на 50% при использовании новой технологии взрывов,High,ГП № 1-2025.pdf,2026-07-03
PAR_1249,PRO_2845,Значение скорости,,,,,Параметр уменьшается почти на 90% при использовании новой технологии взрывов,High,ГП № 1-2025.pdf,2026-07-03
PAR_1250,EQU_2847,Объем данных,ГБ/сутки,,,,Формирование гигабайтов информации в высоком разрешении,High,ГП № 1-2025.pdf,2026-07-03
PAR_1251,EQU_2848,Частота обработки данных,раз/60 с,1,,,Обработка данных с камер,High,ГП № 1-2025.pdf,2026-07-03
PAR_1252,PRO_2614,Тип полезного ископаемого,,Уголь,,,Пластовые и линзовидные тела с четкой границей распространения,High,ГП № 1-2025.pdf,2026-07-03
PAR_1253,PRO_2614,Горно-геологическое строение,,Осадочный тип,,,,High,ГП № 1-2025.pdf,2026-07-03
PAR_1254,PRO_2614,Технология разработки,,Бестранспортная технология и внутреннее отвалообразование,,,Горизонтальное и пологое залегание пластов,High,ГП № 1-2025.pdf,2026-07-03
PAR_1255,PRO_2808,Размер частиц,мм,,,,Определяется с помощью системы на основе ИИ,High,ГП № 1-2025.pdf,2026-07-03
PAR_1256,EQU_2862,Процент реализации искусственного интеллекта,%,,20,30,Применение на угольном предприятии,High,ГП № 1-2025.pdf,2026-07-03
PAR_1257,PRO_2865,"Количество ТС, двигающихся с нормированной или чуть выше скоростью",%,,,15,Увеличение количества ТС после введения нормирования скорости,High,ГП № 1-2025.pdf,2026-07-03
PAR_1258,PRO_2865,Срок оценки окупаемости затрат,год,1,,,Недостаточный срок для оценки окупаемости затрат на нормирование скорости движения,High,ГП № 1-2025.pdf,2026-07-03
PAR_1259,PRO_2866,Скорость движения,км/ч,,,,На дорогах горнодобывающих предприятий,High,ГП № 1-2025.pdf,2026-07-03
PAR_1260,EQU_2867,Время доставки,ч,,,,Оптимизация логистических процессов,High,ГП № 1-2025.pdf,2026-07-03
PAR_1261,PRO_2871,Скорость движения,км/ч,,,,Превышение скорости является ключевым фактором риска на дорогах горнодобывающих предприятий,High,ГП № 1-2025.pdf,2026-07-03
PAR_1262,EXP_2877,Протяжённость дорог,км,"24,3",,,Условия проведения эксперимента,High,ГП № 1-2025.pdf,2026-07-03
PAR_1263,EXP_2877,Повышение безопасности дорожного движения,%,15,,,Результаты эксперимента,High,ГП № 1-2025.pdf,2026-07-03
PAR_1264,EXP_2877,Экономия денежных средств,млн руб.,"5,2",,,Результаты эксперимента,High,ГП № 1-2025.pdf,2026-07-03
PAR_1265,EXP_2883,Ширина выработки,м,,"4,2","5,0",Фактическая ширина выработки за счёт вывалов,High,ГП № 1-2025.pdf,2026-07-03
PAR_1266,EXP_2883,Высота выработки,м,,"2,7","3,8",Изменение высоты выработки,High,ГП № 1-2025.pdf,2026-07-03
PAR_1267,EXP_2883,Прогиб кровли,м,"1,1",,,По замерам прогиб кровли у забоя,High,ГП № 1-2025.pdf,2026-07-03
PAR_1268,EXP_2883,Размеры полости,м,,8,12,Длина и ширина образовавшейся полости в верхней части пласта,High,ГП № 1-2025.pdf,2026-07-03
PAR_1269,PRO_2137,Глубина залегания угольного пласта,м,,200,,Более 200 м,High,ГП № 1-2025.pdf,2026-07-03
PAR_1270,PRO_2885,Концентрация метана,%,,,,Измерение концентрации метана в атмосфере выработки,High,ГП № 1-2025.pdf,2026-07-03
PAR_1271,PRO_2137,Длина защемлённой консоли основной кровли,м,,,,Уменьшение длины защемлённой консоли основной кровли может предотвратить горный удар,High,ГП № 1-2025.pdf,2026-07-03
PAR_1272,PRO_2882,Параметры дегазационных скважин,,,,,Параметры дегазационных скважин должны сделать угольный пласт абсолютно неупругим и снизить энергию горного удара,High,ГП № 1-2025.pdf,2026-07-03
PAR_1273,PRO_2886,Высота столба горных пород,м,,400,800,Над угольным пластом,High,ГП № 1-2025.pdf,2026-07-03
PAR_1274,PRO_2137,Время падения,с,,0.003,0.015,Падение горной массы на угольный пласт,High,ГП № 1-2025.pdf,2026-07-03
PAR_1275,MAT_2123,Средняя плотность горной массы,кг/м³,2500,,,,High,ГП № 1-2025.pdf,2026-07-03
PAR_1276,PRO_2887,Равновесное расстояние между ядрами атомов,нм,"0,107 для С–Н, 0,047 для Н–Н",,,Энергетические закономерности образования метана в угольном пласте,High,ГП № 1-2025.pdf,2026-07-03
PAR_1277,PRO_2887,Энергия связи,эВ,"4,29 для С–Н, 4,53 для Н–Н",,,Энергетические закономерности образования метана в угольном пласте,High,ГП № 1-2025.pdf,2026-07-03
PAR_1278,PRO_2137,Давление газа,атм,,,,Кратковременное увеличение давления газа в угольном пласте,High,ГП № 1-2025.pdf,2026-07-03
PAR_1279,MAT_2123,Молярный объём частиц,см³/моль,,,,Увеличение молярного объёма частиц в пористости угля,High,ГП № 1-2025.pdf,2026-07-03
PAR_1280,PUB_895,зольность,%,,"21,3","31,3",Результаты технического анализа угольного пласта 'Бреевский',High,ГП № 1-2025.pdf,2026-07-03
PAR_1281,PUB_895,влажность,%,,"7,5","9,2",Результаты технического анализа угольного пласта 'Бреевский',High,ГП № 1-2025.pdf,2026-07-03
PAR_1282,PUB_895,плотность,т/м3,"1,25",,,Плотность марки Г,High,ГП № 1-2025.pdf,2026-07-03
PAR_1283,EXP_2898,"координаты X, Y, Z",м,,1000,31000,Параметры искусственной модели геодинамического полигона,High,ГП № 1-2025.pdf,2026-07-03
PAR_1284,EXP_2898,горизонтальные и вертикальная скорости современных движений земной коры,мм/год,,,,Параметры искусственной модели геодинамического полигона,High,ГП № 1-2025.pdf,2026-07-03
PAR_1285,EXP_2898,рельеф,м,,100,460,Параметры искусственной модели геодинамического полигона,High,ГП № 1-2025.pdf,2026-07-03
PAR_1286,PRO_2904,значение,,,,,Используется в алгоритме для адаптации и коррекции анализа данных.,High,ГП № 1-2025.pdf,2026-07-03
PAR_1287,PRO_2907,температура,°C,,,,Параметры теплового режима рудного штабеля при кучном выщелачивании,High,ГП № 1-2025.pdf,2026-07-03
PAR_1288,PRO_2909,Температура пород,°C,,-5,0,Штабель без теплоизоляции бортов,High,ГП № 1-2025.pdf,2026-07-03
PAR_1289,PRO_2909,Глубина промерзания,м,,,,Различные виды теплоизоляции,High,ГП № 1-2025.pdf,2026-07-03
PAR_1290,PRO_2652,Температура рудного штабеля,°C,,-45,35,В условиях холодного климата,High,ГП № 1-2025.pdf,2026-07-03
PAR_1291,PRO_2652,Температура раствора,°C,,4,10,Среднегодовые значения,High,ГП № 1-2025.pdf,2026-07-03
PAR_1292,MAT_2917,Температура растворов,°C,,+3,+6,Зимний период,High,ГП № 1-2025.pdf,2026-07-03
PAR_1293,MAT_2917,Скорость фильтрации растворов,м/сут,,"0,25",1,Зимний и летний периоды,High,ГП № 1-2025.pdf,2026-07-03
PAR_1294,MAT_2917,Высота штабеля,м,10,,,,High,ГП № 1-2025.pdf,2026-07-03
PAR_1295,PRO_2921,Значение,Вт/(м2·К),,,,Зависит от различных покрытий и скорости ветра,High,ГП № 1-2025.pdf,2026-07-03
PAR_1296,MAT_2920,Толщина,м,"0,1",,,,High,ГП № 1-2025.pdf,2026-07-03
PAR_1297,MAT_2917,толщина теплоизоляции,м,,0.1,1,при различных режимах орошения и способах теплоизоляции,High,ГП № 1-2025.pdf,2026-07-03
PAR_1298,MAT_2911,толщина воздушного прослоя,см,3,,,,High,ГП № 1-2025.pdf,2026-07-03
PAR_1299,PRO_2928,Качество,балл,,1,256,Оценка уровня качества организационно-управленческой деятельности по шкале,High,ГП № 1-2025.pdf,2026-07-03
PAR_1300,PRO_2929,Уровень склонности к рискованному поведению,,,,,"Используется для классификации работников на три категории: с высоким, средним и низким уровнями склонности к рискованному поведению.",High,ГП № 1-2025.pdf,2026-07-03
PAR_1301,PRO_2930,Условия выполнения наряд-задания,,,,,Характеризуются с использованием реестра ОПС и чек-листов текущих рисков.,High,ГП № 1-2025.pdf,2026-07-03
PAR_1302,PRO_2919,температура окружающей среды,°C,,-,,Отрицательные температуры,High,ГП № 1-2025.pdf,2026-07-03
PAR_1303,PRO_2934,Вероятность наступления события,,,1,5,Используется для расчета уровня риска,High,ГП № 1-2025.pdf,2026-07-03
PAR_1304,PRO_2934,Тяжесть последствий,,,1,5,Используется для расчета уровня риска,High,ГП № 1-2025.pdf,2026-07-03
PAR_1305,PRO_2934,Уровень риска,балл,,1,25,Определяет необходимые действия руководства предприятия,High,ГП № 1-2025.pdf,2026-07-03
PAR_1306,PRO_2937,Количество выявленных ОПС,штуки,200,,,В ходе применения алгоритма в Восточной горнорудной компании,High,ГП № 1-2025.pdf,2026-07-03
PAR_1307,PRO_2937,Количество оценённых процессов,штуки,30,,,В ходе применения алгоритма в Восточной горнорудной компании,High,ГП № 1-2025.pdf,2026-07-03
PAR_1308,PRO_2937,Количество проведённых диагностик работников,штуки,1600,,,В ходе применения алгоритма в Восточной горнорудной компании,High,ГП № 1-2025.pdf,2026-07-03
PAR_1309,PRO_2943,Площадь,га,98 тыс.,,,Распределение земельного фонда региона по угодьям за 2021 г.,High,ГП № 1-2025.pdf,2026-07-03
PAR_1310,MAT_2949,Объемное сжатие,,,,,Режим объемного сжатия для улучшения эколого-экономических показателей,High,ГП № 1-2025.pdf,2026-07-03
PAR_1311,MAT_2954,Спектральный диапазон отражения,нм,,500,600,Защита растений от окислительного стресса,High,ГП № 1-2025.pdf,2026-07-03
PAR_1312,PRO_2959,Значение,,,"0,03","0,9",Для основной части массива,High,ГП № 1-2025.pdf,2026-07-03
PAR_1313,PRO_2959,Значение в зоне сгущения трещин,,,"0,4","0,6",В зоне сгущения трещин,High,ГП № 1-2025.pdf,2026-07-03
PAR_1314,MAT_2961,Коэффициент структурного ослабления,,,,,Функция нарушенности массива,High,ГП № 1-2025.pdf,2026-07-03
PAR_1315,MAT_2964,объемный вес,г/см3,"2,7",,,,High,ГП № 1-2025.pdf,2026-07-03
PAR_1316,MAT_2964,предел прочности при сжатии,МПа,13,,,,High,ГП № 1-2025.pdf,2026-07-03
PAR_1317,MAT_2964,предел прочности при растяжении,МПа,8,,,,High,ГП № 1-2025.pdf,2026-07-03
PAR_1318,MAT_2964,модуль сдвига,кг/см2,"2,5*10-5",,,,High,ГП № 1-2025.pdf,2026-07-03
PAR_1319,MAT_2964,влажность,%,,3,5,,High,ГП № 1-2025.pdf,2026-07-03
PAR_1320,MAT_2965,объемный вес,г/см3,"1,2",,,,High,ГП № 1-2025.pdf,2026-07-03
PAR_1321,MAT_2965,модуль упругости,кг/см2,270,,,,High,ГП № 1-2025.pdf,2026-07-03
PAR_1322,MAT_2966,Прочность,МПа,до 1,,1,Прочность твердеющих смесей по сравнению с вариантом без заполнения выработанного пространства,High,ГП № 1-2025.pdf,2026-07-03
PAR_1323,PRO_2968,Напряжения,МПа,,"1,2","7,2",Величина напряжений в зависимости от нарушенности и заполнения разломов,High,ГП № 1-2025.pdf,2026-07-03
PAR_1324,EQU_2975,емкость рабочего органа,м3,0.13,,,,High,ГП № 1-2025.pdf,2026-07-03
PAR_1325,PRO_2974,продолжительность добычного сезона,дней,60,,,характерная для региона,High,ГП № 1-2025.pdf,2026-07-03
PAR_1326,PRO_2978,Ширина выемочной области,м,,,,Определяется разностью между максимальным и минимальным радиусом копания выемочного оборудования,High,ГП № 1-2025.pdf,2026-07-03
PAR_1327,PRO_2978,Длина блока,м,,,,Приравнивается к ширине выемочной области,High,ГП № 1-2025.pdf,2026-07-03
PAR_1328,PRO_2978,Количество блоков на одном технологическом участке,,,,,Определяется исходя из длины транспортной полосы и длины блока,High,ГП № 1-2025.pdf,2026-07-03
PAR_1329,PRO_2993,сокращение среднего времени транспортировки,%,22,,,по сравнению с базовым сценарием,High,ГП № 1-2025.pdf,2026-07-03
PAR_1330,PRO_2993,повышение пропускной способности выработок,%,18,,,по сравнению с базовым сценарием,High,ГП № 1-2025.pdf,2026-07-03
PAR_1331,PRO_2993,снижение энергозатрат,%,14,,,по сравнению с базовым сценарием,High,ГП № 1-2025.pdf,2026-07-03
PAR_1332,EQU_2994,Эксплуатационная масса,кг,2410,,,,High,ГП № 1-2025.pdf,2026-07-03
PAR_1333,EQU_2994,Тяговый класс,,"0,9",,,,High,ГП № 1-2025.pdf,2026-07-03
PAR_1334,EQU_2994,Мощность двигателя,кВт,46,,,,High,ГП № 1-2025.pdf,2026-07-03
PAR_1335,EQU_2995,Эксплуатационная масса,кг,1050,,,,High,ГП № 1-2025.pdf,2026-07-03
PAR_1336,EQU_2995,Ёмкость кузова,м³,2,,,,High,ГП № 1-2025.pdf,2026-07-03
PAR_1337,EQU_2995,Грузоподъёмность,кг,2000,,,,High,ГП № 1-2025.pdf,2026-07-03
PAR_1338,EQU_2996,Грузоподъёмность,кг,550,,,"Длина вылета стрелы 3,5 м",High,ГП № 1-2025.pdf,2026-07-03
PAR_1339,EQU_2996,Максимальный радиус стрелы,м,"4,7",,,,High,ГП № 1-2025.pdf,2026-07-03
PAR_1340,PRO_2993,Время движения транспорта,Единицы времени,,,,Для каждого маршрута в подземной транспортной сети,High,ГП № 1-2025.pdf,2026-07-03
PAR_1341,PRO_2993,Пропускная способность маршрута,,,,,Для каждого маршрута в подземной транспортной сети,High,ГП № 1-2025.pdf,2026-07-03
PAR_1342,PRO_2993,Интенсивность транспортного потока,,,,,Для каждого маршрута в подземной транспортной сети,High,ГП № 1-2025.pdf,2026-07-03
PAR_1343,PRO_3000,Скорость обработки данных,мс,"15,4",,,,High,ГП № 1-2025.pdf,2026-07-03
PAR_1344,PRO_3000,Точность прогнозирования загруженности маршрутов,%,"97,2",,,,High,ГП № 1-2025.pdf,2026-07-03
PAR_1345,PRO_3000,Доля оптимизированных маршрутов,%,"84,9",,,,High,ГП № 1-2025.pdf,2026-07-03
PAR_1346,PRO_3000,Уровень интеграции с транспортными системами,%,"92,6",,,,High,ГП № 1-2025.pdf,2026-07-03
PAR_1347,PRO_2978,Длина рабочей площадки,м,384,,,,High,ГП № 1-2025.pdf,2026-07-03
PAR_1348,PRO_2978,Количество рабочей площадки,шт.,2,,,,High,ГП № 1-2025.pdf,2026-07-03
PAR_1349,PRO_2978,Ширина выемочного блока,м,"2,8",,,,High,ГП № 1-2025.pdf,2026-07-03
PAR_1350,PRO_2978,Длина выемочного блока,м,"2,8",,,,High,ГП № 1-2025.pdf,2026-07-03
PAR_1351,PRO_2978,Количество блоков на одной технологической площадке,шт.,240,,,,High,ГП № 1-2025.pdf,2026-07-03
PAR_1352,PRO_2978,Количество блоков за сезон,шт.,480,,,,High,ГП № 1-2025.pdf,2026-07-03
PAR_1353,PRO_2978,Объем вынимаемого сырья из одного блока,м3,2,,,,High,ГП № 1-2025.pdf,2026-07-03
PAR_1354,PRO_2978,Объем вынимаемого полезного ископаемого за сезон,м3,960,,,,High,ГП № 1-2025.pdf,2026-07-03
PAR_1355,PRO_2978,Коэффициент использования площади,,"0,82",,,,High,ГП № 1-2025.pdf,2026-07-03
PAR_1356,PRO_3002,Количество кластеров,,,2,10,Выбор оптимального количества кластеров на основе анализа динамики коэффициента силуэта,High,ГП № 1-2025.pdf,2026-07-03
PAR_1357,PRO_3008,Среднее время реакции,мс,154,,,Время реакции на потенциальные угрозы,High,ГП № 1-2025.pdf,2026-07-03
PAR_1358,PRO_3008,Коэффициент травматизма,случаев/1000 чел.,"5,8",,,Снижение травматизма после внедрения системы,High,ГП № 1-2025.pdf,2026-07-03
PAR_1359,PRO_3008,Уровень автоматизации мониторинга,%,"92,4",,,Уровень автоматизации процессов мониторинга,High,ГП № 1-2025.pdf,2026-07-03
PAR_1360,PRO_3012,Количество подключенных датчиков,штук,2562,,,К концу 2023 года,High,ГП № 1-2025.pdf,2026-07-03
PAR_1361,PRO_3012,Средняя скорость обновления информации,мс,125,,,,High,ГП № 1-2025.pdf,2026-07-03
PAR_1362,PRO_3012,Уровень автоматизации процессов,%,"78,4",,,,High,ГП № 1-2025.pdf,2026-07-03
PAR_1363,PRO_2993,Сокращение среднего времени транспортировки,%,"21,9",,,Результат внедрения интеллектуальной системы управления,High,ГП № 1-2025.pdf,2026-07-03
PAR_1364,PRO_2993,Повышение пропускной способности,%,18,,,Результат внедрения интеллектуальной системы управления,High,ГП № 1-2025.pdf,2026-07-03
PAR_1365,PRO_2993,Снижение энергозатрат,%,"16,2",,,Результат внедрения интеллектуальной системы управления,High,ГП № 1-2025.pdf,2026-07-03
PAR_1366,PRO_2993,Уменьшение количества инцидентов,%,"56,8",,,Результат внедрения интеллектуальной системы управления,High,ГП № 1-2025.pdf,2026-07-03
PAR_1367,FAC_3020,Запасы угля,тыс. т,23 102,,,Состояние запасов на 1 января 2022 г.,High,ГП № 1-2025.pdf,2026-07-03
PAR_1368,PUB_895,Стоимость,тыс. руб/т,,12,35,Для котельно-печного топлива в труднодоступных районах Якутии,High,ГП № 1-2025.pdf,2026-07-03
PAR_1369,FAC_3024,Объём добычи,тыс. т/год,,20,50,"Среднегодовой объём добычи угля, определяемый госзаказчиком",High,ГП № 1-2025.pdf,2026-07-03
PAR_1370,FAC_3024,Численность занятых,чел.,,15,50,Количество рабочих на предприятии,High,ГП № 1-2025.pdf,2026-07-03
PAR_1371,FAC_3024,Балансовые запасы,тыс. т,500,,,Запасы угля для первоначальной добычи,High,ГП № 1-2025.pdf,2026-07-03
PAR_1372,PRO_2232,Себестоимость,руб/т,,4500,,Себестоимость добычи угля в арктических районах Якутии,High,ГП № 1-2025.pdf,2026-07-03
PAR_1373,PRO_3027,снижение операционных затрат,%,22.5,,,при внедрении предиктивной аналитики,High,ГП № 1-2025.pdf,2026-07-03
PAR_1374,PRO_3027,повышение точности прогнозирования добычи,%,94.7,,,,High,ГП № 1-2025.pdf,2026-07-03
PAR_1375,PRO_3027,сокращение времени принятия решений,%,47.3,,,,High,ГП № 1-2025.pdf,2026-07-03
PAR_1376,PRO_3030,Индекс операционной эффективности OE,,,,,Используется для оценки эффективности управления карьерами,High,ГП № 1-2025.pdf,2026-07-03
PAR_1377,PRO_3030,Коэффициент точности прогнозирования FA,,,,1,Отражает степень соответствия прогнозных оценок фактическим данным,High,ГП № 1-2025.pdf,2026-07-03
PAR_1378,PRO_3030,Индекс временной эффективности принятия решений DM,,,,,Измеряет относительное сокращение временных затрат на принятие управленческих решений,High,ГП № 1-2025.pdf,2026-07-03
PAR_1379,PRO_3030,Интегральный показатель эколого-экономической эффективности EE,,,,,Оценивает эколого-экономическую эффективность управления карьерами,High,ГП № 1-2025.pdf,2026-07-03
PAR_1380,PRO_3032,Количество аварий после внедрения системы,,,,,После внедрения системы управления,High,ГП № 1-2025.pdf,2026-07-03
PAR_1381,PRO_3032,Базовое количество аварий,,,,,До внедрения системы управления,High,ГП № 1-2025.pdf,2026-07-03
PAR_1382,PRO_3031,Охват месторождений,%,,60,95,Прогнозные сценарии масштабирования синергетической модели управления,High,ГП № 1-2025.pdf,2026-07-03
PAR_1383,PRO_3031,Прирост индекса внедрения,п.п.,,+10,+20,Прогнозные сценарии масштабирования синергетической модели управления,High,ГП № 1-2025.pdf,2026-07-03
PAR_1384,PRO_3031,Увеличение объема данных,ТБ,,+50,+200,Прогнозные сценарии масштабирования синергетической модели управления,High,ГП № 1-2025.pdf,2026-07-03
PAR_1385,PRO_3031,Целевой OE,%,,"78,6","87,9",Прогнозные сценарии масштабирования синергетической модели управления,High,ГП № 1-2025.pdf,2026-07-03
PAR_1386,PRO_3031,Δ NPV проекта,млн USD,,+85,+235,Прогнозные сценарии масштабирования синергетической модели управления,High,ГП № 1-2025.pdf,2026-07-03
PAR_1387,PRO_3036,Значение граничной кривизны,,,,,При выемке пластов свиты,High,ГП № 1-2025.pdf,2026-07-03
PAR_1388,PRO_3034,Мощность пласта,м,,,,Для каждого добычного пласта свиты,High,ГП № 1-2025.pdf,2026-07-03
PAR_1389,PRO_3039,высота,метры,,,,Зависит от суммарной мощности последовательно вынимаемых пластов свиты,High,ГП № 1-2025.pdf,2026-07-03
PAR_1390,PRO_399,Глубина ведения работ,м,,,,Влияние на геомеханическое состояние горного массива,High,ГП № 1-2025.pdf,2026-07-03
PAR_1391,PRO_399,Степень водоносности пород,,,,,Учет при планировании горных работ,High,ГП № 1-2025.pdf,2026-07-03
PAR_1392,PRO_3047,Высота,м,,,,Зависит от мощности добычных пластов и других горно-геологических условий,High,ГП № 1-2025.pdf,2026-07-03
PAR_1393,PRO_3049,снижение,%,"31,1",,,за счет интеллектуальной оптимизации режимов работы техники и сокращения простоев,High,ГП № 1-2025.pdf,2026-07-03
PAR_1394,PRO_3050,увеличение,п.п.,"25,2",,,благодаря применению безотходных технологий и рециклингу вскрышных пород,High,ГП № 1-2025.pdf,2026-07-03
PAR_1395,PRO_3051,сокращение,%,"21,4",,,вследствие применения энергоэффективного оборудования и рекуперации энергии,High,ГП № 1-2025.pdf,2026-07-03
PAR_1396,PRO_3052,уменьшение,%,"39,8",,,ввиду внедрения практик восстановительной рекультивации и геоэкологического мониторинга,High,ГП № 1-2025.pdf,2026-07-03
PAR_1397,EXP_3053,Снижение простоев оборудования,%,41.7,,,,High,ГП № 1-2025.pdf,2026-07-03
PAR_1398,EXP_3053,Точность прогнозирования ключевых показателей,п.п.,,5.5,8.4,,High,ГП № 1-2025.pdf,2026-07-03
PAR_1399,EXP_3053,Снижение количества инцидентов,%,57.1,,,,High,ГП № 1-2025.pdf,2026-07-03
PAR_1400,EXP_3053,Снижение частоты травматизма,%,66.7,,,,High,ГП № 1-2025.pdf,2026-07-03
PAR_1401,EXP_3053,Снижение удельных выбросов CO2,%,31.1,,,,High,ГП № 1-2025.pdf,2026-07-03
PAR_1402,EXP_3053,Снижение энергоемкости,%,21.4,,,,High,ГП № 1-2025.pdf,2026-07-03
PAR_1403,PRO_3055,Безопасная глубина разработки,метры,,,,"Минимальная глубина, при которой нормальносекущие трещины ЗВТ не достигают нижней границы водного объекта",High,ГП № 1-2025.pdf,2026-07-03
PAR_1404,PRO_3062,Уровень консенсуса генерируемых планов,,"0,47",,,Влияние на эффективность системы,High,ГП № 1-2025.pdf,2026-07-03
PAR_1405,PRO_3062,Показатели отвалообразования,,"-0,31",,,Влияние на эффективность системы,High,ГП № 1-2025.pdf,2026-07-03
PAR_1406,PRO_3062,Удельные выбросы CO2,,"-0,25",,,Влияние на эффективность системы,High,ГП № 1-2025.pdf,2026-07-03
PAR_1407,PRO_3062,Eint,,,0.62,0.84,Динамика интегрального показателя эффективности вскрышных работ,High,ГП № 1-2025.pdf,2026-07-03
PAR_1408,PRO_3062,Cplan,,,0.71,0.92,Оценка согласованности генерируемых агентами планов,High,ГП № 1-2025.pdf,2026-07-03
PAR_1409,PRO_3069,Доля затрат,%,,60,70,Общие затраты при добыче полезных ископаемых открытым способом,High,ГП № 1-2025.pdf,2026-07-03
PAR_1410,TEC_3070,Тип агента,,,,,"Агенты-планировщики, агенты-исполнители, агенты-эксперты",High,ГП № 1-2025.pdf,2026-07-03
PAR_1411,EQU_3072,сокращение времени планирования,%,27,,,при применении к вскрышным работам,High,ГП № 1-2025.pdf,2026-07-03
PAR_1412,EQU_3072,снижение объемов перемещаемых пород,%,18,,,при применении к вскрышным работам,High,ГП № 1-2025.pdf,2026-07-03
PAR_1413,EQU_3072,уменьшение выбросов CO2,%,22,,,при применении к вскрышным работам,High,ГП № 1-2025.pdf,2026-07-03
PAR_1414,PRO_3073,значение,,,0.82,0.87,зависит от сегмента горнодобывающей промышленности,High,ГП № 1-2025.pdf,2026-07-03
PAR_1415,PRO_3064,значение,,,0.60,0.74,зависит от сценария использования вскрышных пород,High,ГП № 1-2025.pdf,2026-07-03
PAR_1416,PRO_3065,значение,т/т,,0.075,0.115,зависит от сценария использования вскрышных пород,High,ГП № 1-2025.pdf,2026-07-03
PAR_1417,EXP_3075,Объем проанализированных данных,ГБ,100,,,Общий объем проанализированных геологических данных,High,ГП № 1-2025.pdf,2026-07-03
PAR_1418,EXP_3075,"Соотношение обучающей, валидационной и тестовой выборок",%,,60,20,Разделение сформированных наборов данных,High,ГП № 1-2025.pdf,2026-07-03
PAR_1419,PRO_3081,точность анализа,%,95,,,при использовании методов глубокого машинного обучения,High,ГП № 1-2025.pdf,2026-07-03
PAR_1420,PRO_3082,Коэффициент корреляции,,0.946,,,Подтверждение адекватности прогнозов по месторождению,High,ГП № 1-2025.pdf,2026-07-03
PAR_1421,EXP_3083,Прирост выручки,млн руб.,3720.6,,,За первые 5 лет реализации проекта,High,ГП № 1-2025.pdf,2026-07-03
PAR_1422,EXP_3083,Снижение эксплуатационных затрат,млн руб.,982.4,,,За первые 5 лет реализации проекта,High,ГП № 1-2025.pdf,2026-07-03
PAR_1423,PRO_3084,Значение,безразмерная величина,,"0,62","0,84",применение МАС,High,ГП № 1-2025.pdf,2026-07-03
PAR_1424,PRO_3085,Значение,безразмерная величина,,"0,71","0,92",применение МАС,High,ГП № 1-2025.pdf,2026-07-03
PAR_1425,PRO_3086,Значение,безразмерная величина,,"0,74","0,62",применение МАС,High,ГП № 1-2025.pdf,2026-07-03
PAR_1426,PRO_3049,Значение,т/т,,"0,115","0,089",применение МАС,High,ГП № 1-2025.pdf,2026-07-03
PAR_1427,EQU_3087,Количество тележек,штуки,,20,максимально возможное,Зависит от длины транспортирования,High,ГП № 1-2025.pdf,2026-07-03
PAR_1428,EQU_3087,Производительность,млн т в год,,2,7,Распространенный диапазон производительности,High,ГП № 1-2025.pdf,2026-07-03
PAR_1429,EQU_3087,Расстояние транспортирования,км,,5,,Наиболее эффективны на расстоянии более 5 км,High,ГП № 1-2025.pdf,2026-07-03
PAR_1430,PRO_3093,Значение,га/млн т,,"7,6","6,2",Базовый сценарий и ГМО,High,ГП № 1-2025.pdf,2026-07-03
PAR_1431,PRO_3094,Значение,т/т,,"0,68","0,54",Базовый сценарий и ГМО,High,ГП № 1-2025.pdf,2026-07-03
PAR_1432,PRO_3095,Значение,т/т,,"0,092","0,079",Базовый сценарий и ГМО,High,ГП № 1-2025.pdf,2026-07-03
PAR_1433,PRO_3099,Точность сегментации,,"0,962",,,,High,ГП № 1-2025.pdf,2026-07-03
PAR_1434,PRO_3099,Средняя точность,,"0,936",,,,High,ГП № 1-2025.pdf,2026-07-03
PAR_1435,PRO_3099,Коэффициент сходства Дайса,,"0,949",,,,High,ГП № 1-2025.pdf,2026-07-03
PAR_1436,PRO_3100,Коэффициент детерминации,,"0,917",,,,High,ГП № 1-2025.pdf,2026-07-03
PAR_1437,PRO_3100,Средняя абсолютная ошибка,,"0,181",,,,High,ГП № 1-2025.pdf,2026-07-03
PAR_1438,PRO_3100,Средняя относительная ошибка прогноза,%,"5,28",,,,High,ГП № 1-2025.pdf,2026-07-03
PAR_1439,PRO_3101,Коэффициент детерминации,,"0,912",,,,High,ГП № 1-2025.pdf,2026-07-03
PAR_1440,PRO_3082,Точность сегментации геологических структур,%,95.2,,,Повышение точности сегментации по сравнению с традиционными методами,High,ГП № 1-2025.pdf,2026-07-03
PAR_1441,PRO_3082,Коэффициент детерминации,,0.917,0.743,,Прирост качества прогнозирования содержаний полезного компонента,High,ГП № 1-2025.pdf,2026-07-03
PAR_1442,PRO_3082,Коэффициент рудоносности,%,74.2,71.6,,Повышение эффективности оконтуривания рудных тел,High,ГП № 1-2025.pdf,2026-07-03
PAR_1443,EXP_3105,Коэффициент сцепления,,,,,"Зависит от множества факторов, включая нагрузку на боковую пластину, диаметр приводного колеса, ширину приводного колеса и другие.",High,ГП № 1-2025.pdf,2026-07-03
PAR_1444,EXP_3109,Нормальная нагрузка,Н,,"0,47","0,71",Влияние на коэффициент сцепления,High,ГП № 1-2025.pdf,2026-07-03
PAR_1445,EXP_3109,Давление в приводной шине,bar,,"0,1",1,Влияние на коэффициент сцепления,High,ГП № 1-2025.pdf,2026-07-03
PAR_1446,EQU_3131,диаметр скважин,мм,,64,102,,High,ГП № 2-2025.pdf,2026-07-03
PAR_1447,EQU_3131,глубина скважин,м,,,32,,High,ГП № 2-2025.pdf,2026-07-03
PAR_1448,MAT_3112,Коэффициент сцепления,,,"0,85","0,985",При рационально выбранных факторах,High,ГП № 1-2025.pdf,2026-07-03
PAR_1449,MAT_3110,Коэффициент сцепления,,,"0,4","0,46",,High,ГП № 1-2025.pdf,2026-07-03
PAR_1450,MAT_3111,Коэффициент сцепления,,,"0,51","0,61",,High,ГП № 1-2025.pdf,2026-07-03
PAR_1451,MAT_3113,Коэффициент сцепления,,,"0,5","0,7",,High,ГП № 1-2025.pdf,2026-07-03
PAR_1452,MAT_3114,Коэффициент сцепления,,,"0,59","0,6",,High,ГП № 1-2025.pdf,2026-07-03
PAR_1453,MAT_3133,Коэффициент сцепления,,,"0,55","0,56",,High,ГП № 1-2025.pdf,2026-07-03
PAR_1454,EQU_3141,Мощность,кВт,25,,,,High,ГП № 2-2025.pdf,2026-07-03
PAR_1455,EQU_3144,Сечение выработки,м²,,,49,,High,ГП № 2-2025.pdf,2026-07-03
PAR_1456,PRO_3145,Период применения,Годы,,1999,2024,Разработка карьерной техники БЕЛАЗ,High,ГП № 2-2025.pdf,2026-07-03
PAR_1457,PRO_3145,Период прорыва в области,Годы,,2021,2024,Сотрудничество с ОИМ НАН Беларуси,High,ГП № 2-2025.pdf,2026-07-03
PAR_1458,EQU_3146,Коэффициент технической готовности,,"0,91",,,,High,ГП № 2-2025.pdf,2026-07-03
PAR_1459,EQU_3146,Наработка в моточасах,мото-часов,5901,,,с декабря 2023 г.,High,ГП № 2-2025.pdf,2026-07-03
PAR_1460,EQU_3146,Пробег,тыс. км,"64,416",,,,High,ГП № 2-2025.pdf,2026-07-03
PAR_1461,EQU_3146,Общая перевезённая горная масса,млн тонн,"1,6",,,,High,ГП № 2-2025.pdf,2026-07-03
PAR_1462,EQU_3150,мощность,кВт,14,,,,High,ГП № 2-2025.pdf,2026-07-03
PAR_1463,EQU_3152,мощность,кВт,33,,,,High,ГП № 2-2025.pdf,2026-07-03
PAR_1464,EQU_3153,Количество состояний рабочего оборудования,штук,10000,,,Силовой расчёт на основе динамической модели,High,ГП № 2-2025.pdf,2026-07-03
PAR_1465,EXP_3158,Длительность цикла нагружения,часы,,,,Длительность цикла нагружения при проведении натурных испытаний.,High,ГП № 2-2025.pdf,2026-07-03
PAR_1466,EQU_3164,производительность,т/ч,,100,209,дробление на второй и третьей стадии,High,ГП № 2-2025.pdf,2026-07-03
PAR_1467,EQU_3169,производительность,т/ч,240,,240,при максимальной крупности питания 220 мм,High,ГП № 2-2025.pdf,2026-07-03
PAR_1468,EQU_3170,производительность,т/ч,,200,450,при максимальной крупности питания 650 мм,High,ГП № 2-2025.pdf,2026-07-03
PAR_1469,PRO_3173,щелочное число,,,,,Высокое щелочное число позволяет увеличивать межсервисный интервал замены масла примерно на 20%,High,ГП № 2-2025.pdf,2026-07-03
PAR_1470,PRO_3173,устойчивость к деструкции,,,,,"Загуститель устойчив к деструкции, что позволяет маслу сохранять стабильность вязкости и высокое давление в системе в течение всего интервала между техническими обслуживаниями",High,ГП № 2-2025.pdf,2026-07-03
PAR_1471,PRO_3173,температурная устойчивость,,,,,Улучшенный низкотемпературный пуск по сравнению с требованиями стандартов,High,ГП № 2-2025.pdf,2026-07-03
PAR_1472,EQU_3176,Эксплуатационная масса,т,,20,80,Для различных моделей бульдозеров,High,ГП № 2-2025.pdf,2026-07-03
PAR_1473,EQU_3123,эксплуатационная масса,т,,9,106,,High,ГП № 2-2025.pdf,2026-07-03
PAR_1474,EQU_3194,Угол установки лопаток,градусы,,11,21,"Для первого вентилятора угол установки лопаток составляет 21°, для второго — 11°.",High,ГП № 2-2025.pdf,2026-07-03
PAR_1475,PRO_3195,Частота первой гармоники,Гц,710,,,,High,ГП № 2-2025.pdf,2026-07-03
PAR_1476,EQU_3196,количество модулей,,,,,модульная конструкция вентилятора,High,ГП № 2-2025.pdf,2026-07-03
PAR_1477,EQU_3196,углы установки лопаток,градусы,,11,21,влияние на аэродинамические характеристики,High,ГП № 2-2025.pdf,2026-07-03
PAR_1478,EQU_3196,наличие или отсутствие НА,,,,,влияние на аэродинамические характеристики,High,ГП № 2-2025.pdf,2026-07-03
PAR_1479,EQU_3201,диаметр бурения,мм,,152,230,,High,ГП № 2-2025.pdf,2026-07-03
PAR_1480,EQU_3201,глубина бурения,м,,,45,,High,ГП № 2-2025.pdf,2026-07-03
PAR_1481,EQU_3205,Диаметр,м,0.9,,,,High,ГП № 2-2025.pdf,2026-07-03
PAR_1482,PRO_3206,Угол установки лопаток,градусы,,,,Может отличаться для каждого вентилятора при последовательной работе,High,ГП № 2-2025.pdf,2026-07-03
PAR_1483,EQU_3209,Диаметр рабочего колеса,м,0.9,,,,High,ГП № 2-2025.pdf,2026-07-03
PAR_1484,EQU_3209,Мощность электродвигателя,кВт,90,,,,High,ГП № 2-2025.pdf,2026-07-03
PAR_1485,EQU_3209,Рабочая точка Q,м³/с,14,,,При полном давлении Pv = 5000 Па,High,ГП № 2-2025.pdf,2026-07-03
PAR_1486,EQU_3209,Втулочное отношение,,0.655,,,Продиктовано главным образом габаритными размерами электродвигателя,High,ГП № 2-2025.pdf,2026-07-03
PAR_1487,MAT_3213,Предел прочности,МПа,600,,,,High,ГП № 2-2025.pdf,2026-07-03
PAR_1488,PRO_3212,Скорость вращения,об/мин,3000,,,,High,ГП № 2-2025.pdf,2026-07-03
PAR_1489,PRO_3212,Величина максимальных напряжений,МПа,276,,,При скорости вращения 3000 об/мин,High,ГП № 2-2025.pdf,2026-07-03
PAR_1490,MAT_3224,Количество рассолов,Не указано,Ограниченное количество,,,В составе закладочной смеси,High,ГП № 2-2025.pdf,2026-07-03
PAR_1491,FAC_3226,Глубина разработки,м,более 1000,,,,High,ГП № 2-2025.pdf,2026-07-03
PAR_1492,FAC_3227,Глубина разработки,м,,345,450,,High,ГП № 2-2025.pdf,2026-07-03
PAR_1493,MAT_280,глубина разработки,м,,1000,,глубокозалегающие месторождения,High,ГП № 2-2025.pdf,2026-07-03
PAR_1494,PRO_3232,прочность,,"0,8",,,глубокозалегающие месторождения,High,ГП № 2-2025.pdf,2026-07-03
PAR_1495,MAT_3234,Класс опасности,,5,,,По воздействию на окружающую среду,High,ГП № 2-2025.pdf,2026-07-03
PAR_1496,EQU_3236,Режим эксплуатации,,Оптимальный,,,Для обеспечения качества подготовки солеотходов,High,ГП № 2-2025.pdf,2026-07-03
PAR_1497,MAT_3243,Влажность,%,"7,7",5,10,Для использования в закладочной смеси,High,ГП № 2-2025.pdf,2026-07-03
PAR_1498,EQU_3255,Точность классификации,%,более 90,90,,Для выявления аномалий в работе оборудования,High,ГП № 2-2025.pdf,2026-07-03
PAR_1499,EQU_3255,Средняя относительная ошибка прогноза,%,менее 10,,10,Для прогнозирования отказов,High,ГП № 2-2025.pdf,2026-07-03
PAR_1500,EQU_3258,Производительность оборудования,%,,30,40,При внедрении систем на угольных предприятиях,High,ГП № 2-2025.pdf,2026-07-03
PAR_1501,EQU_3258,Затраты на обслуживание,%,,,25,При внедрении систем на угольных предприятиях,High,ГП № 2-2025.pdf,2026-07-03
PAR_1502,EQU_3258,Безопасность труда,%,,,95,При внедрении систем на угольных предприятиях,High,ГП № 2-2025.pdf,2026-07-03
PAR_1503,EQU_3259,Количество узлов сети,шт.,2150,,,,High,ГП № 2-2025.pdf,2026-07-03
PAR_1504,EQU_3259,Среднее количество датчиков на узел,шт.,18,,,,High,ГП № 2-2025.pdf,2026-07-03
PAR_1505,EQU_3259,Интегральный объем данных,ТБ/сут,12.4,,,,High,ГП № 2-2025.pdf,2026-07-03
PAR_1506,EQU_3259,Средняя скорость передачи в сети,Мбит/с,54.8,,,,High,ГП № 2-2025.pdf,2026-07-03
PAR_1507,EQU_3259,Вероятность потери пакета,%,0.0012,,,,High,ГП № 2-2025.pdf,2026-07-03
PAR_1508,PRO_3012,Производительность труда,т/чел.-смену,,"78,5","125,1",Динамика производительности труда на предприятиях после внедрения системы,High,ГП № 2-2025.pdf,2026-07-03
PAR_1509,PRO_3012,Энергоемкость добычи,кВт⋅ч/т,,"21,4","14,1",Снижение энергоемкости добычи после внедрения системы,High,ГП № 2-2025.pdf,2026-07-03
PAR_1510,PRO_3012,Коэффициент эксплуатационной готовности оборудования,%,,"84,3","95,2",Повышение коэффициента эксплуатационной готовности оборудования после внедрения системы,High,ГП № 2-2025.pdf,2026-07-03
PAR_1511,PRO_3012,Удельные выбросы метана,м³/т,,"12,8","7,5",Снижение удельных выбросов метана после внедрения системы,High,ГП № 2-2025.pdf,2026-07-03
PAR_1512,PRO_3012,Травматизм,случаев на 1 млн т добычи,,"1,12","0,47",Снижение травматизма после внедрения системы,High,ГП № 2-2025.pdf,2026-07-03
PAR_1513,PRO_3012,Снижение удельного потребления электроэнергии,кг у.т./т,"6,02",,,Добыча 1 т угля,High,ГП № 2-2025.pdf,2026-07-03
PAR_1514,PRO_3012,Снижение удельного потребления дизельного топлива,кг у.т./т,"0,95",,,Добыча 1 т угля,High,ГП № 2-2025.pdf,2026-07-03
PAR_1515,PRO_3012,Снижение удельного потребления мазута,кг у.т./т,"0,31",,,Добыча 1 т угля,High,ГП № 2-2025.pdf,2026-07-03
PAR_1516,PRO_3012,Снижение удельного потребления тепловой энергии,кг у.т./т,"1,05",,,Добыча 1 т угля,High,ГП № 2-2025.pdf,2026-07-03
PAR_1517,PRO_3012,Снижение удельного потребления природного газа,кг у.т./т,"0,51",,,Добыча 1 т угля,High,ГП № 2-2025.pdf,2026-07-03
PAR_1518,PRO_3265,Выбросы твердых частиц,кг/т,"0,18",,,В период 2020–2023 гг.,High,ГП № 2-2025.pdf,2026-07-03
PAR_1519,PRO_3265,Выбросы диоксида серы,кг/т,"0,29",,,В период 2020–2023 гг.,High,ГП № 2-2025.pdf,2026-07-03
PAR_1520,PRO_3265,Выбросы оксидов азота,кг/т,"0,1",,,В период 2020–2023 гг.,High,ГП № 2-2025.pdf,2026-07-03
PAR_1521,PRO_3265,Выбросы угарного газа,кг/т,"0,05",,,В период 2020–2023 гг.,High,ГП № 2-2025.pdf,2026-07-03
PAR_1522,PRO_3266,Сброс сточных вод,м³/т,"0,35",,,В период 2020–2023 гг.,High,ГП № 2-2025.pdf,2026-07-03
PAR_1523,PRO_3267,Образование отходов,кг/т,105,,,В период 2020–2023 гг.,High,ГП № 2-2025.pdf,2026-07-03
PAR_1524,PRO_3268,Увеличение производительности труда,%,59,,,Внедрение интеллектуальных систем,High,ГП № 2-2025.pdf,2026-07-03
PAR_1525,PRO_3268,Снижение энергоёмкости добычи,%,19,,,Внедрение интеллектуальных систем,High,ГП № 2-2025.pdf,2026-07-03
PAR_1526,PRO_3268,Сокращение аварийного простоя оборудования,случаев в месяц,4.3,,,Внедрение интеллектуальных систем,High,ГП № 2-2025.pdf,2026-07-03
PAR_1527,PRO_3268,Уменьшение удельных выбросов загрязняющих веществ,%,,30,35,Оптимизация производственных процессов,High,ГП № 2-2025.pdf,2026-07-03
PAR_1528,PRO_3268,Снижение травматизма,раз,3.5,,,Интеллектуализация управления промышленной безопасностью,High,ГП № 2-2025.pdf,2026-07-03
PAR_1529,PRO_3268,Снижение профзаболеваемости,раз,2.2,,,Интеллектуализация управления промышленной безопасностью,High,ГП № 2-2025.pdf,2026-07-03
PAR_1530,PRO_3274,Значение предела прочности,МПа,60,,,Для битуминозных доломитовых пород,High,ГП № 2-2025.pdf,2026-07-03
PAR_1531,PRO_3279,Годовая экономия энергоресурсов,кВт·ч,"14,6 млн",,,,High,ГП № 2-2025.pdf,2026-07-03
PAR_1532,PRO_3279,Экономический эффект,млн руб.,"98,4",,,,High,ГП № 2-2025.pdf,2026-07-03
PAR_1533,PRO_3280,Годовая экономия энергоресурсов,кВт·ч,"6,2 млн",,,,High,ГП № 2-2025.pdf,2026-07-03
PAR_1534,PRO_3281,Годовая экономия энергоресурсов,кВт·ч,"4,1 млн",,,,High,ГП № 2-2025.pdf,2026-07-03
PAR_1535,PRO_3281,Годовая экономия энергоресурсов,Гкал,"2,9 тыс.",,,,High,ГП № 2-2025.pdf,2026-07-03
PAR_1536,PRO_3282,Годовая экономия энергоресурсов,Гкал,"3,5 тыс.",,,,High,ГП № 2-2025.pdf,2026-07-03
PAR_1537,PRO_3283,Годовая экономия энергоресурсов,кВт·ч,"2,8 млн",,,,High,ГП № 2-2025.pdf,2026-07-03
PAR_1538,PRO_3284,Годовая экономия энергоресурсов,кВт·ч,"2,1 млн",,,,High,ГП № 2-2025.pdf,2026-07-03
PAR_1539,PRO_147,Предел прочности,МПа,,"54,5",129,Для керновых образцов доломита,High,ГП № 2-2025.pdf,2026-07-03
PAR_1540,PRO_3287,Ширина выработки,м,,,,,High,ГП № 2-2025.pdf,2026-07-03
PAR_1541,PRO_3287,Длина скважин передового торпедирования,м,,,,,High,ГП № 2-2025.pdf,2026-07-03
PAR_1542,PRO_3287,Высота выработки,м,,,,,High,ГП № 2-2025.pdf,2026-07-03
PAR_1543,PRO_2098,Значение скорости,м/с,,3822,6102,Лабораторные испытания керновых образцов,High,ГП № 2-2025.pdf,2026-07-03
PAR_1544,PRO_2098,Значение скорости,м/с,,5174,5773,Натурные измерения,High,ГП № 2-2025.pdf,2026-07-03
PAR_1545,EQU_3302,Давление,атм,,,,"Избыточное давление внутри колонны НКТ вызывает упругую деформацию, приводящую к перемещению фильтра",High,ГП № 2-2025.pdf,2026-07-03
PAR_1546,EQU_3303,Длина,м,,,,Используется для увеличения деформации колонны НКТ,High,ГП № 2-2025.pdf,2026-07-03
PAR_1547,EQU_3305,Грязеёмкость,,,,,Определяет период наработки фильтра до необходимости очистки или замены,High,ГП № 2-2025.pdf,2026-07-03
PAR_1548,EQU_3310,Производительность,м³/ч,25,,,,High,ГП № 2-2025.pdf,2026-07-03
PAR_1549,EQU_3310,Номинальный напор,м,400,,,,High,ГП № 2-2025.pdf,2026-07-03
PAR_1550,EQU_3303,Деформация,Не указана,,,,"Зависит от глубины водопонижающей скважины при P = 1,5 МПа",High,ГП № 2-2025.pdf,2026-07-03
PAR_1551,EQU_3314,Содержание механических примесей,Не указано,,,,В откачиваемой скважинной жидкости,High,ГП № 2-2025.pdf,2026-07-03
PAR_1552,PRO_3318,Уровень автоматизации процессов,%,,70,85,При внедрении РОВ в угольной отрасли,High,ГП № 2-2025.pdf,2026-07-03
PAR_1553,PRO_3318,Снижение затрат на добычу,%,,20,30,При внедрении РОВ в угольной отрасли,High,ГП № 2-2025.pdf,2026-07-03
PAR_1554,PRO_3318,Снижение углеродного следа,%,,15,25,При внедрении РОВ в угольной отрасли,High,ГП № 2-2025.pdf,2026-07-03
PAR_1555,EQU_3320,Частота обновления данных,секунды,1,,,В шахтах,High,ГП № 2-2025.pdf,2026-07-03
PAR_1556,EQU_3321,Количество узлов кластера,шт.,120,,,,High,ГП № 2-2025.pdf,2026-07-03
PAR_1557,EQU_3321,Ядра CPU,,2400,,,,High,ГП № 2-2025.pdf,2026-07-03
PAR_1558,EQU_3321,Объем оперативной памяти (RAM),ПБ,"4,8",,,,High,ГП № 2-2025.pdf,2026-07-03
PAR_1559,EQU_3321,Объем SSD,ТБ,32,,,,High,ГП № 2-2025.pdf,2026-07-03
PAR_1560,PRO_3330,Точность подсчёта запасов угля,%,94.5,,,После внедрения РОВ,High,ГП № 2-2025.pdf,2026-07-03
PAR_1561,PRO_3330,Длительность геологоразведки,мес,11.5,,,После внедрения РОВ,High,ГП № 2-2025.pdf,2026-07-03
PAR_1562,PRO_3318,NPV,млн руб.,1120,,,Экономические показатели внедрения РОВ,High,ГП № 2-2025.pdf,2026-07-03
PAR_1563,PRO_3318,IRR,%,32,,,Экономические показатели внедрения РОВ,High,ГП № 2-2025.pdf,2026-07-03
PAR_1564,PRO_3318,DPP,лет,"2,7",,,Экономические показатели внедрения РОВ,High,ГП № 2-2025.pdf,2026-07-03
PAR_1565,PRO_3318,LTIFR,,"1,2",,,Показатели промышленной безопасности и охраны труда,High,ГП № 2-2025.pdf,2026-07-03
PAR_1566,PRO_3318,Доля автоматически выявляемых опасных ситуаций,%,82,,,Показатели промышленной безопасности и охраны труда,High,ГП № 2-2025.pdf,2026-07-03
PAR_1567,PRO_3318,Среднее время реагирования на инциденты,мин,"2,7",,,Показатели промышленной безопасности и охраны труда,High,ГП № 2-2025.pdf,2026-07-03
PAR_1568,PRO_3335,Повышение производительности,%,18,,,Для горно-шахтного оборудования,High,ГП № 2-2025.pdf,2026-07-03
PAR_1569,PRO_3335,Снижение себестоимости добычи,%,12.3,,,,High,ГП № 2-2025.pdf,2026-07-03
PAR_1570,PRO_3335,Сокращение травматизма,%,45,,,,High,ГП № 2-2025.pdf,2026-07-03
PAR_1571,PRO_3335,Рост точности геологических моделей,%,94.5,,,,High,ГП № 2-2025.pdf,2026-07-03
PAR_1572,PRO_3335,Снижение выбросов,%,18,,,,High,ГП № 2-2025.pdf,2026-07-03
PAR_1573,PRO_3335,Рост уровня рекультивации,раз,2.1,,,,High,ГП № 2-2025.pdf,2026-07-03
PAR_1574,PRO_3254,Экономический эффект,млрд руб.,,120,150,Совокупный экономический эффект от тиражирования РОВ на угольных предприятиях России,High,ГП № 2-2025.pdf,2026-07-03
PAR_1575,PRO_3341,Площадь рекультивируемых земель,га/год,,1120,2342,Угольные предприятия,High,ГП № 2-2025.pdf,2026-07-03
PAR_1576,PRO_3343,Дебит метана,Не указана,,,В несколько раз выше исходного,При использовании предложенного метода дегазации,High,ГП № 2-2025.pdf,2026-07-03
PAR_1577,PRO_3346,Общая точность модели,%,95.4,,,Точность классификации состояний оборудования,High,ГП № 2-2025.pdf,2026-07-03
PAR_1578,PRO_3346,Сбалансированная точность,%,93.7,,,Точность с учетом несбалансированности классов,High,ГП № 2-2025.pdf,2026-07-03
PAR_1579,PRO_3353,Средний дебит метана из скважины,м³/мин,1.5,,,При установившемся среднем дебите метана из скважины,High,ГП № 2-2025.pdf,2026-07-03
PAR_1580,PRO_3354,Начальная газоносность угля,м³/кг,,,,,High,ГП № 2-2025.pdf,2026-07-03
PAR_1581,PRO_3354,Текущая газоносность угля,м³/кг,,,,,High,ГП № 2-2025.pdf,2026-07-03
PAR_1582,PRO_3355,Значение коэффициента,МПа-1,4.7∙10-3,"4,5×10-1",6×10-1,В ограниченном диапазоне давлений метана,High,ГП № 2-2025.pdf,2026-07-03
PAR_1583,PRO_2885,Изменение давления,МПа,"0,1",,,При дегазации угольного пласта,High,ГП № 2-2025.pdf,2026-07-03
PAR_1584,PRO_2885,Механическое напряжение,МПа,"0,7",,,"При изменении давления на 0,1 МПа",High,ГП № 2-2025.pdf,2026-07-03
PAR_1585,PRO_3359,Точность классификации,%,95,,,"Классификация паттернов вибраций, соответствующих различным состояниям оборудования",High,ГП № 2-2025.pdf,2026-07-03
PAR_1586,PRO_3359,Снижение аварийных простоев,%,40,,,Экспериментальные исследования на реальных данных,High,ГП № 2-2025.pdf,2026-07-03
PAR_1587,PRO_3359,Снижение затрат на аварийные ремонты,%,25,,,Экспериментальные исследования на реальных данных,High,ГП № 2-2025.pdf,2026-07-03
PAR_1588,PRO_3360,Время упреждения,ч,,4,8,Оптимальный горизонт превентивного реагирования для планирования технического обслуживания,High,ГП № 2-2025.pdf,2026-07-03
PAR_1589,EXP_3361,Снижение времени аварийных простоев,%,"34,7","29,4","40,1",Оценка среднего эффекта от внедрения по модели 'разность разностей',High,ГП № 2-2025.pdf,2026-07-03
PAR_1590,EXP_3361,Снижение затрат на ремонты,%,"24,2","19,8","28,6",Оценка среднего эффекта от внедрения по модели 'разность разностей',High,ГП № 2-2025.pdf,2026-07-03
PAR_1591,EXP_3365,Дебит метана,л/мин,25,,,Через одни сутки после открытия экспериментальной скважины,High,ГП № 2-2025.pdf,2026-07-03
PAR_1592,EXP_3365,Расстояние между дегазационными скважинами,м,15,,,,High,ГП № 2-2025.pdf,2026-07-03
PAR_1593,PRO_3366,Спектральный состав,,,,,Анализ вибрационных сигналов,High,ГП № 2-2025.pdf,2026-07-03
PAR_1594,PRO_3366,Амплитуда,,,,,Анализ вибрационных сигналов,High,ГП № 2-2025.pdf,2026-07-03
PAR_1595,PRO_3366,Частота,,,,,Анализ вибрационных сигналов,High,ГП № 2-2025.pdf,2026-07-03
PAR_1596,PRO_3368,Глубина CNN,слои,,6,12,Оптимальное количество слоёв для баланса точности и сложности модели,High,ГП № 2-2025.pdf,2026-07-03
PAR_1597,PRO_3368,Точность классификации,%,96.7,94.4,96.7,Точность классификации для CNN с 12 слоями,High,ГП № 2-2025.pdf,2026-07-03
PAR_1598,PRO_3370,Точность классификации,%,95.4,,,Для горнодобывающей промышленности,High,ГП № 2-2025.pdf,2026-07-03
PAR_1599,PRO_3370,Время упреждения прогноза,ч,,1,4,Выявление предотказных состояний,High,ГП № 2-2025.pdf,2026-07-03
PAR_1600,EXP_3379,Точность прогнозов,%,95,,,Прогнозирование смещения грунта,High,ГП № 2-2025.pdf,2026-07-03
PAR_1601,EXP_3379,Сокращение времени обработки данных,раз,3.5,,,Обработка данных с помощью параллельных нейросетевых моделей,High,ГП № 2-2025.pdf,2026-07-03
PAR_1602,EXP_3379,Снижение количества ошибок,%,28,,,Прогнозирование смещения грунта,High,ГП № 2-2025.pdf,2026-07-03
PAR_1603,PRO_3381,Точность измерений,мм,,1,2,Высокоточные геодезические измерения,High,ГП № 2-2025.pdf,2026-07-03
PAR_1604,PRO_3381,Частота измерений,раз в сутки,4,,,Высокоточные геодезические измерения,High,ГП № 2-2025.pdf,2026-07-03
PAR_1605,EXP_3384,NPV,млн руб.,460,380,540,"Прогноз на 10 лет с учётом начальных инвестиций, операционных затрат и ожидаемых выгод",High,ГП № 2-2025.pdf,2026-07-03
PAR_1606,EXP_3384,IRR,%,35,30,40,"Прогноз на 10 лет с учётом начальных инвестиций, операционных затрат и ожидаемых выгод",High,ГП № 2-2025.pdf,2026-07-03
PAR_1607,EXP_3384,DPP,лет,"2,3","1,9","2,7","Прогноз на 10 лет с учётом начальных инвестиций, операционных затрат и ожидаемых выгод",High,ГП № 2-2025.pdf,2026-07-03
PAR_1608,PRO_3385,MAE,мм,"1,5",,,Точность прогнозирования смещения грунта,High,ГП № 2-2025.pdf,2026-07-03
PAR_1609,PRO_3385,RMSE,мм,"2,1",,,Точность прогнозирования смещения грунта,High,ГП № 2-2025.pdf,2026-07-03
PAR_1610,PRO_3385,R2,,"0,98",,,Обобщающая способность модели,High,ГП № 2-2025.pdf,2026-07-03
PAR_1611,PRO_3388,Точность прогнозов,%,95,,,По сравнению с традиционными методами,High,ГП № 2-2025.pdf,2026-07-03
PAR_1612,PRO_3388,Ускорение обработки данных,раз,3.5,,,По сравнению с традиционными методами,High,ГП № 2-2025.pdf,2026-07-03
PAR_1613,PRO_3388,Снижение количества ошибок,%,28,,,По сравнению с традиционными методами,High,ГП № 2-2025.pdf,2026-07-03
PAR_1614,PRO_3393,уровень,м,,,,влияет на смещения грунтов,High,ГП № 2-2025.pdf,2026-07-03
PAR_1615,PRO_3395,нагрузка,кПа,,,,влияет на смещения грунтов,High,ГП № 2-2025.pdf,2026-07-03
PAR_1616,EXP_3400,температура,°C,,40,70,при проведении эксперимента с разделителем сред,High,ГП № 2-2025.pdf,2026-07-03
PAR_1617,EXP_3401,температура,°C,,40,70,при проведении эксперимента без разделителя сред,High,ГП № 2-2025.pdf,2026-07-03
PAR_1618,PRO_3402,Плотность теплового потока,Вт/м2,,,,При конвективном теплообмене,High,ГП № 2-2025.pdf,2026-07-03
PAR_1619,PRO_3402,Коэффициент теплопроводности флюида,Вт/м·°С,,,,,High,ГП № 2-2025.pdf,2026-07-03
PAR_1620,PRO_3402,Градиент температурного поля флюида,°С/м,,,,,High,ГП № 2-2025.pdf,2026-07-03
PAR_1621,PRO_3402,Скорость движения флюида,м/с,,,,,High,ГП № 2-2025.pdf,2026-07-03
PAR_1622,PRO_3402,температура грунтового массива,°C,,,,влияет на количество перенесенного тепла,High,ГП № 2-2025.pdf,2026-07-03
PAR_1623,PRO_3402,высота экспериментальной модели,м,,,,влияет на эффективность теплопереноса,High,ГП № 2-2025.pdf,2026-07-03
PAR_1624,EXP_3407,Температура,°C,,40,70,Зона 1 – зона повышенного температурного потенциала,High,ГП № 2-2025.pdf,2026-07-03
PAR_1625,EXP_3407,Высота,мм,500,,,Высота каждой секции,High,ГП № 2-2025.pdf,2026-07-03
PAR_1626,EQU_3411,Температура грунта,°C,,,,Влияние на интенсивность теплообмена,High,ГП № 2-2025.pdf,2026-07-03
PAR_1627,EQU_3411,Высота экспериментальной модели,м,,,,Влияние на процесс теплообмена,High,ГП № 2-2025.pdf,2026-07-03
PAR_1628,PRO_3402,Температура грунта,°C,,,,Заданные значения для каждого режима и конфигурации модели,High,ГП № 2-2025.pdf,2026-07-03
PAR_1629,EXP_3417,Количество перенесенного тепла,,,,,С наличием разделителя сред восходящих и нисходящих потоков в среднем на 25% выше,High,ГП № 2-2025.pdf,2026-07-03
PAR_1630,MAT_441,Стоимость,Не указана,Низкая,,,Для производства почвоулучшителей,High,ГП № 2-2025.pdf,2026-07-03
PAR_1631,MAT_441,Содержание органического вещества,%,,65,90,Определяет ценность торфа как органического удобрения,High,ГП № 2-2025.pdf,2026-07-03
PAR_1632,MAT_441,Содержание азота,%,,1.5,3.5,На сухое вещество,High,ГП № 2-2025.pdf,2026-07-03
PAR_1633,PRO_3341,Площадь нарушенных земель в России,тыс. га,"1096,8",,,2022 год,High,ГП № 2-2025.pdf,2026-07-03
PAR_1634,PRO_3341,Процент рекультивации от годовой нарушенности земель,%,"2,3",,,2022 год,High,ГП № 2-2025.pdf,2026-07-03
PAR_1635,MAT_3430,Содержание органического вещества,%,,60,,В сухих композициях органических удобрений,High,ГП № 2-2025.pdf,2026-07-03
PAR_1636,PRO_3431,pH,,,,,Регулируется в широком диапазоне в процессе производства гранулированных торфяных почвоулучшителей,High,ГП № 2-2025.pdf,2026-07-03
PAR_1637,MAT_3433,Содержание органических веществ,Процент,,,,Влияет на улучшение плодородия почвы,High,ГП № 2-2025.pdf,2026-07-03
PAR_1638,EQU_1344,Угол наклона траектории копания,°,,60,80,Линейно-наклонная траектория,High,ГП № 2-2025.pdf,2026-07-03
PAR_1639,PRO_3442,Угол наклона траектории движения ковша,Градусы,,60,80,Различные траектории движения ковша в забое,High,ГП № 2-2025.pdf,2026-07-03
PAR_1640,PRO_3442,"Значение работы, совершаемой двигателями подъёма и напора",кДж,,7500,,Разные траектории движения ковша,High,ГП № 2-2025.pdf,2026-07-03
PAR_1641,EQU_1628,Угол наклона траектории,градусы,,60,80,Экскавация горной породы,High,ГП № 2-2025.pdf,2026-07-03
PAR_1642,PRO_1629,Отрабатываемый единичный объем,м³,,"57,2","199,8",Линейно-наклонная траектория,High,ГП № 2-2025.pdf,2026-07-03
PAR_1643,PRO_1629,Средняя работа за цикл,кДж,,15359,17035,Линейно-наклонная и радиально-линейная траектории,High,ГП № 2-2025.pdf,2026-07-03
PAR_1644,EQU_1628,мощность привода подъема,кВт,"279,5",,,базовая мощность,High,ГП № 2-2025.pdf,2026-07-03
PAR_1645,EQU_1628,мощность привода напора,кВт,"57,5",,,базовая мощность,High,ГП № 2-2025.pdf,2026-07-03
PAR_1646,EQU_1628,средняя мощность приводов за базовый цикл,кВт,"616,5",,,сумма базовых мощностей,High,ГП № 2-2025.pdf,2026-07-03
PAR_1647,PRO_3460,боковое давление,,,,,с возрастанием бокового давления будут также возрастать значения пределов прочности образцов и их критические значения удельной энергии деформирования,High,ГП № 2-2025.pdf,2026-07-03
PAR_1648,MAT_853,предел прочности,МПа,843,,,при давлении 80 МПа в условиях трехосного сжатия,High,ГП № 2-2025.pdf,2026-07-03
PAR_1649,MAT_853,удельная энергия деформирования,МДж/м3,3.7,,,при давлении 80 МПа в условиях трехосного сжатия,High,ГП № 2-2025.pdf,2026-07-03
PAR_1650,PRO_449,Значение предела прочности,МПа,100,50,220,Одноосное сжатие образцов породы,High,ГП № 2-2025.pdf,2026-07-03
PAR_1651,PRO_3462,Значение удельной энергии,МДж/м3,,"0,03","0,40",Деформирование породы при трехосном осесимметричном сжатии,High,ГП № 2-2025.pdf,2026-07-03
PAR_1652,PRO_490,Предел прочности,МПа,,50,220,Одноосное сжатие,High,ГП № 2-2025.pdf,2026-07-03
PAR_1653,PRO_3462,Удельная энергия,МДж/м3,,"0,03","0,40",Одноосное сжатие,High,ГП № 2-2025.pdf,2026-07-03
PAR_1654,EXP_3463,Боковое давление,МПа,,10,80,Трехосное осесимметричное сжатие,High,ГП № 2-2025.pdf,2026-07-03
PAR_1655,MAT_3464,Минеральный состав,,,,,Определяется с помощью химического анализа образцов.,High,ГП № 2-2025.pdf,2026-07-03
PAR_1656,MAT_3467,Ключевые минералы,,"гипс, ангидрит, галит",,,Присутствие в рапах Амударьинского бассейна,High,ГП № 2-2025.pdf,2026-07-03
PAR_1657,MAT_3479,Дебит,м³/сут,,несколько,10000,Зависит от интервала вскрытия рапопроявляющего объекта,High,ГП № 2-2025.pdf,2026-07-03
PAR_1658,MAT_3479,Пластовое давление,МПа,,"43,7","64,0",В зависимости от местоположения,High,ГП № 2-2025.pdf,2026-07-03
PAR_1659,MAT_3479,Коэффициент аномальности пластового давления (КАПД),,,"1,50","1,92",В зависимости от местоположения,High,ГП № 2-2025.pdf,2026-07-03
PAR_1660,PRO_3460,Скорость осевого деформирования,мм/с,"0,3",,,,High,ГП № 2-2025.pdf,2026-07-03
PAR_1661,PRO_3460,Величина бокового давления,МПа,,5,80,,High,ГП № 2-2025.pdf,2026-07-03
PAR_1662,MAT_3479,Плотность,кг/м3,,1520,1920,В зависимости от глубины залегания и минерализации,High,ГП № 2-2025.pdf,2026-07-03
PAR_1663,MAT_3479,Содержание кальция,г/л,77,,,В верхней части соленосных отложений,High,ГП № 2-2025.pdf,2026-07-03
PAR_1664,MAT_3479,Содержание магния,г/л,31,,,В верхней части соленосных отложений,High,ГП № 2-2025.pdf,2026-07-03
PAR_1665,MAT_3479,Минеральный состав,,"Гипс, ангидрит, галит",,,,High,ГП № 2-2025.pdf,2026-07-03
PAR_1666,MAT_3479,Текстура,,Мелкозернистая до кристаллической,,,,High,ГП № 2-2025.pdf,2026-07-03
PAR_1667,EQU_3502,Количество показателей в датасете,штук,58,,,"Датасет, характеризующий использование сетевых распределённых хранилищ данных и цифровых технологий в глобальной горнодобывающей отрасли",High,ГП № 2-2025.pdf,2026-07-03
PAR_1668,PRO_3503,Индекс цифровизации,баллы,,0,100,Оценка уровня внедрения цифровых систем в горнодобывающем проекте,High,ГП № 2-2025.pdf,2026-07-03
PAR_1669,EXP_3504,Снижение удельных операционных затрат,долл/т,"-12,87",,,При увеличении индекса цифровизации на 1 пункт,High,ГП № 2-2025.pdf,2026-07-03
PAR_1670,EXP_3504,Повышение производительности труда,т/чел.-ч,"8,32",,,При увеличении индекса цифровизации на 1 пункт,High,ГП № 2-2025.pdf,2026-07-03
PAR_1671,PRO_3506,Уровень точности,%,"16,3","5,2","16,3",Результат применения цифровых технологий в геологоразведке,High,ГП № 2-2025.pdf,2026-07-03
PAR_1672,PRO_3507,Уровень производительности,%,"14,3","4,1","14,3",Результат применения цифровых технологий в добыче,High,ГП № 2-2025.pdf,2026-07-03
PAR_1673,PRO_3509,точность разведки,%,,90,95,при внедрении интеллектуальных систем хранения и обработки данных,High,ГП № 2-2025.pdf,2026-07-03
PAR_1674,PRO_1152,рост производительности,%,,18,27,при внедрении интеллектуальных систем хранения и обработки данных,High,ГП № 2-2025.pdf,2026-07-03
PAR_1675,PRO_3510,снижение удельных выбросов парниковых газов,%,,15,20,при внедрении интеллектуальных систем хранения и обработки данных,High,ГП № 2-2025.pdf,2026-07-03
PAR_1676,PRO_3511,Удельный вес в структуре затрат,%,,"6,4","28,6",Для различных стадий производственного процесса,High,ГП № 2-2025.pdf,2026-07-03
PAR_1677,PRO_3511,Интегральный эффект цифровизации,пп.,,"1,15","4,37",Снижение удельных операционных затрат,High,ГП № 2-2025.pdf,2026-07-03
PAR_1678,PRO_3514,Процент утилизации,%,,"67,3","83,8",Период 2019–2023 гг.,High,ГП № 2-2025.pdf,2026-07-03
PAR_1679,PRO_3516,Прирост извлекаемых запасов,%,,"7,8","12,4",При переходе с уровня традиционной 2D-геологоразведки на 3D-моделирование и при внедрении динамических 4D-моделей,High,ГП № 2-2025.pdf,2026-07-03
PAR_1680,PRO_3527,Точность предсказаний,Не применимо,Высокая,Не применимо,Не применимо,При использовании качественных исходных данных,High,ГП № 2-2025.pdf,2026-07-03
PAR_1681,PRO_3527,Скорость обработки данных,Не применимо,В реальном времени,Не применимо,Не применимо,При использовании алгоритмов ИНС,High,ГП № 2-2025.pdf,2026-07-03
PAR_1682,PRO_3541,Увеличение выхода товарного лития,%,,15,25,При внедрении цифровой системы управления,High,ГП № 2-2025.pdf,2026-07-03
PAR_1683,PRO_3541,Снижение затрат на добычу и обогащение,%,,,30,При внедрении цифровой системы управления,High,ГП № 2-2025.pdf,2026-07-03
PAR_1684,PRO_3541,Сокращение времени выполнения операций,%,,,20,При внедрении цифровой системы управления,High,ГП № 2-2025.pdf,2026-07-03
PAR_1685,EQU_3544,Среднее время выполнения пользовательских запросов,секунды,3,,,Выгрузка данных,High,ГП № 2-2025.pdf,2026-07-03
PAR_1686,PRO_3543,Уровень защищенности цифровой платформы,%,95,,,По стандарту ISO/IEC 27001,High,ГП № 2-2025.pdf,2026-07-03
PAR_1687,PRO_3545,количество несчастных случаев,случаев/млн чел.-ч,,4,10,До и после цифровизации,High,ГП № 2-2025.pdf,2026-07-03
PAR_1688,PRO_3545,среднее время реагирования,мин,,5,15,До и после цифровизации,High,ГП № 2-2025.pdf,2026-07-03
PAR_1689,PRO_3545,доля локализованных опасных зон,%,90,,,После цифровизации,High,ГП № 2-2025.pdf,2026-07-03
PAR_1690,PRO_3547,Уровень автоматизации процессов добычи лития,%,,35,75,Период 2020–2023 гг.,High,ГП № 2-2025.pdf,2026-07-03
PAR_1691,EQU_3548,Количество датчиков,шт.,,850,2500,Период 2020–2023 гг.,High,ГП № 2-2025.pdf,2026-07-03
PAR_1692,PRO_3547,Скорость обновления данных,мс,,500,100,Период 2020–2023 гг.,High,ГП № 2-2025.pdf,2026-07-03
PAR_1693,PRO_1115,Снижение затрат,%,25,,,На добычу и обогащение лития,High,ГП № 2-2025.pdf,2026-07-03
PAR_1694,PRO_1115,Период окупаемости инвестиций,лет,3.5,,,,High,ГП № 2-2025.pdf,2026-07-03
PAR_1695,EQU_3549,Частота обновления данных,с,1,,,,High,ГП № 2-2025.pdf,2026-07-03
PAR_1696,EQU_3549,Количество датчиков,шт.,2500,,,,High,ГП № 2-2025.pdf,2026-07-03
PAR_1697,EQU_3550,Количество,штуки,2500,,,Использованы для сбора данных о процессах добычи лития,High,ГП № 2-2025.pdf,2026-07-03
PAR_1698,EQU_3550,Объем данных,ТБ,50,,,"Общий объем данных, собранных с датчиков",High,ГП № 2-2025.pdf,2026-07-03
PAR_1699,PRO_3551,"Доля процессов добычи и обогащения, охваченных цифровой системой управления",%,90,,,,High,ГП № 2-2025.pdf,2026-07-03
PAR_1700,FAC_3261,Количество интегрированных источников данных,шт.,200,,,,High,ГП № 2-2025.pdf,2026-07-03
PAR_1701,PRO_3551,Уровень автоматизации процессов планирования и диспетчеризации,%,85,,,,High,ГП № 2-2025.pdf,2026-07-03
PAR_1702,EQU_3409,Тип циркуляции,,Естественная,,,При использовании термосифона,High,ГП № 2-2025.pdf,2026-07-03
PAR_1703,PRO_3402,Глубина залегания,м,,10,1000,Зоны с пониженной геотермальной степенью,High,ГП № 2-2025.pdf,2026-07-03
PAR_1704,EXP_3593,Точность классификации геологических объектов,%,95,,,При использовании предложенного интегрированного подхода,High,ГП № 2-2025.pdf,2026-07-03
PAR_1705,EXP_3593,Сокращение времени обработки данных,%,,30,40,При использовании предложенного интегрированного подхода,High,ГП № 2-2025.pdf,2026-07-03
PAR_1706,EXP_3593,Снижение затрат на геологоразведку,%,25,,,При использовании предложенного интегрированного подхода,High,ГП № 2-2025.pdf,2026-07-03
PAR_1707,PRO_3594,Точность классификации,,"0,96",,,,High,ГП № 2-2025.pdf,2026-07-03
PAR_1708,EQU_3595,Производительность сбора данных,км²/ч,,"2,5","25,0",Количество БПЛА: 5-50,High,ГП № 2-2025.pdf,2026-07-03
PAR_1709,EQU_3595,Точность GPS,м,,"1,5","0,5",Количество БПЛА: 5-50,High,ГП № 2-2025.pdf,2026-07-03
PAR_1710,EQU_3595,Доля потерянных данных,%,,"8,2","0,9",Количество БПЛА: 5-50,High,ГП № 2-2025.pdf,2026-07-03
PAR_1711,PRO_2518,Точность классификации,,,0.85,,Для всех 12 типов геологических объектов,High,ГП № 2-2025.pdf,2026-07-03
PAR_1712,PRO_3596,Время обработки данных,с/км2,,,,,High,ГП № 2-2025.pdf,2026-07-03
PAR_1713,PRO_3596,Экономические затраты,у.е./км2,,,,,High,ГП № 2-2025.pdf,2026-07-03
PAR_1714,PRO_3596,точность обработки данных,,,,,зависит от методов обработки данных,High,ГП № 2-2025.pdf,2026-07-03
PAR_1715,PRO_3596,скорость обработки данных,,,,,зависит от методов обработки данных,High,ГП № 2-2025.pdf,2026-07-03
PAR_1716,PRO_3599,Скорость обработки,км²/ч,,"0,13",125,Зависит от метода обработки,High,ГП № 2-2025.pdf,2026-07-03
PAR_1717,PRO_3599,Длительность проекта,мес.,,2,12,Зависит от метода обработки,High,ГП № 2-2025.pdf,2026-07-03
PAR_1718,PRO_3599,Общие затраты,тыс. долл. на 100 км²,,250,700,Зависит от метода обработки,High,ГП № 2-2025.pdf,2026-07-03
PAR_1719,EQU_3601,размеры,мм,,800×2000,8000×9000,,High,ГП № 2-2025.pdf,2026-07-03
PAR_1720,EQU_3602,типоразмеры,,,ВЦ-11,УВЦГ-15,,High,ГП № 2-2025.pdf,2026-07-03
PAR_1721,PRO_3603,площадь участка работ,км2,,50,1000,влияет на точность и производительность технологии,High,ГП № 2-2025.pdf,2026-07-03
PAR_1722,PRO_3603,залесенность территории,%,,0,80,влияет на точность и производительность технологии,High,ГП № 2-2025.pdf,2026-07-03
PAR_1723,PRO_3603,качество исходных геологических данных,балл,,1,5,влияет на точность и производительность технологии,High,ГП № 2-2025.pdf,2026-07-03
PAR_1724,PRO_3616,Точность классификации,%,,96,99,Прогноз на период до 2030 года,High,ГП № 2-2025.pdf,2026-07-03
PAR_1725,PRO_3616,Скорость обработки данных,км²/ч,,125,500,Прогноз на период до 2030 года,High,ГП № 2-2025.pdf,2026-07-03
PAR_1726,PRO_3616,Количество классов объектов,,,12,50,Прогноз на период до 2030 года,High,ГП № 2-2025.pdf,2026-07-03
PAR_1727,PRO_3616,Время обучения моделей,ч,,84,30,Прогноз на период до 2030 года,High,ГП № 2-2025.pdf,2026-07-03
PAR_1728,PRO_3616,Экономический эффект,млн долл./год,,50,300,Прогноз на период до 2030 года,High,ГП № 2-2025.pdf,2026-07-03
PAR_1729,FAC_3625,объем инвестиционной программы,млн рублей,более 400,,,2025 год,High,ГП № 3-2025.pdf,2026-07-03
PAR_1730,FAC_3625,объем запасов руды,т,63 тыс.,,,подготовленные запасы руды для добычи,High,ГП № 3-2025.pdf,2026-07-03
PAR_1731,EQU_3633,объём скального ковша,м³,12,,,,High,ГП № 3-2025.pdf,2026-07-03
PAR_1732,EQU_3633,производительность гидравлических насосов Kawasaki K5V212DTH,л/мин,345,,,,High,ГП № 3-2025.pdf,2026-07-03
PAR_1733,EQU_3633,скорость поворота верхней платформы,об/мин,4.5,,,,High,ГП № 3-2025.pdf,2026-07-03
PAR_1734,EQU_3639,Клиренс,мм,817,,,,High,ГП № 3-2025.pdf,2026-07-03
PAR_1735,EQU_3639,Рабочая ширина,мм,5854,,,,High,ГП № 3-2025.pdf,2026-07-03
PAR_1736,PRO_3647,время окисления,часы,120,,,ускорение природных процессов окисления сульфидных золотосодержащих минералов,High,ГП № 3-2025.pdf,2026-07-03
PAR_1737,FAC_3648,добыча руды,тонн,19 млн,,,2024 год,High,ГП № 3-2025.pdf,2026-07-03
PAR_1738,FAC_3648,переработка руды,тонн,"15,3 млн",,,2024 год,High,ГП № 3-2025.pdf,2026-07-03
PAR_1739,FAC_3648,коэффициент извлечения золота,%,"84,9",,,2024 год,High,ГП № 3-2025.pdf,2026-07-03
PAR_1740,FAC_3649,добыча руды,тонн,"27,6 млн",,,2024 год,High,ГП № 3-2025.pdf,2026-07-03
PAR_1741,FAC_3649,производство золота,тонн,"15,5",,,2024 год,High,ГП № 3-2025.pdf,2026-07-03
PAR_1742,EQU_3652,диаметр бурения скважин,мм,,90,229,,High,ГП № 3-2025.pdf,2026-07-03
PAR_1743,EQU_3652,глубина бурения,м,,,35,,High,ГП № 3-2025.pdf,2026-07-03
PAR_1744,FAC_3654,Количество филиалов,штуки,18,,,География присутствия,High,ГП № 3-2025.pdf,2026-07-03
PAR_1745,FAC_3654,Количество специалистов,человек,250,,,Квалификация персонала,High,ГП № 3-2025.pdf,2026-07-03
PAR_1746,FAC_3654,Количество единиц оборудования на обслуживании,штуки,500,,,Опыт и доверие заказчиков,High,ГП № 3-2025.pdf,2026-07-03
PAR_1747,MAT_3663,Прозрачность,,прозрачен как лёд,,,в естественной среде,High,ГП № 3-2025.pdf,2026-07-03
PAR_1748,MAT_3663,Устойчивость,,быстро разрушается,,,на воздухе,High,ГП № 3-2025.pdf,2026-07-03
PAR_1749,MAT_3666,Светимость,Цвет,Ярко-голубой,,,В длинных и средних волнах ультрафиолетового излучения,High,ГП № 3-2025.pdf,2026-07-03
PAR_1750,FAC_3668,Пропускная способность,человек,,,70,После модернизации,High,ГП № 3-2025.pdf,2026-07-03
PAR_1751,PRO_3682,Глубина выемки запасов верхней зоны,м,,300,350,Открытый способ разработки,High,ГП № 3-2025.pdf,2026-07-03
PAR_1752,PRO_3682,Высота открыто-подземного яруса,м,,180,220,Комбинированная разработка,High,ГП № 3-2025.pdf,2026-07-03
PAR_1753,PRO_3689,Влажность,%,,17,28,Пробоотбор из блоков секций хвостохранилища,High,ГП № 3-2025.pdf,2026-07-03
PAR_1754,PRO_3692,Выход гранул,%,не менее 30,30,,При использовании автоклавного кека,High,ГП № 3-2025.pdf,2026-07-03
PAR_1755,PRO_3692,Размеры гранул,мм,,5,30,При использовании автоклавного кека,High,ГП № 3-2025.pdf,2026-07-03
PAR_1756,PRO_3692,Влажность гранул,%,12,12,12,При использовании автоклавного кека,High,ГП № 3-2025.pdf,2026-07-03
PAR_1757,PRO_3692,Крупность гранул,мм,,5,30,Заданная крупность гранул,High,ГП № 3-2025.pdf,2026-07-03
PAR_1758,PRO_3692,Влажность гранул,%,,,12,Определённая влажность гранул,High,ГП № 3-2025.pdf,2026-07-03
PAR_1759,FAC_2621,объем инвестиций в основной капитал,млрд руб.,,"6,8","15,0","вклады (депозиты) юридических и физических лиц в рублях, привлеченные кредитными организациями республики, за период с начала 2014 г. по 2023 г.",High,ГП № 3-2025.pdf,2026-07-03
PAR_1760,EQU_3706,Разрешение,мм,До 1,,1,,High,ГП № 3-2025.pdf,2026-07-03
PAR_1761,EQU_3706,Дальность измерений,м,До 100,,100,,High,ГП № 3-2025.pdf,2026-07-03
PAR_1762,EQU_3706,Скорость сканирования,тыс. точек/с,До 300,,300,,High,ГП № 3-2025.pdf,2026-07-03
PAR_1763,EQU_3706,Точность позиционирования,мм,±5,-5,5,,High,ГП № 3-2025.pdf,2026-07-03
PAR_1764,EQU_3707,Разрешение,мм,До 2,,2,,High,ГП № 3-2025.pdf,2026-07-03
PAR_1765,EQU_3707,Дальность измерений,м,До 150,,150,,High,ГП № 3-2025.pdf,2026-07-03
PAR_1766,EQU_3707,Скорость сканирования,тыс. точек/с,До 200,,200,,High,ГП № 3-2025.pdf,2026-07-03
PAR_1767,EQU_3707,Точность позиционирования,мм,±10,-10,10,,High,ГП № 3-2025.pdf,2026-07-03
PAR_1768,FAC_2621,объем валового регионального продукта,млрд руб.,"107,8",,,2022 год,High,ГП № 3-2025.pdf,2026-07-03
PAR_1769,FAC_2621,индекс физического объема,%,"108,9",,,2022 год,High,ГП № 3-2025.pdf,2026-07-03
PAR_1770,FAC_2621,прогнозный объем валового регионального продукта,млрд руб.,"118,1",,,2023 год,High,ГП № 3-2025.pdf,2026-07-03
PAR_1771,FAC_2621,прогнозный индекс физического объема,%,"103,8",,,2023 год,High,ГП № 3-2025.pdf,2026-07-03
PAR_1772,PRO_3720,Сроки перехода,лет,,3,25,Мнения специалистов по срокам перехода на роботизированную технику при ведении горных работ разделились.,High,ГП № 3-2025.pdf,2026-07-03
PAR_1773,EQU_3706,Время выполнения одного цикла сканирования,минуты,15,,,Включая перемещение оператора,High,ГП № 3-2025.pdf,2026-07-03
PAR_1774,EQU_3707,Время выполнения одного цикла сканирования,минуты,30,,,Включая настройку стационарного прибора,High,ГП № 3-2025.pdf,2026-07-03
PAR_1775,EQU_3706,Время на обработку данных,минуты,30,,,Минимальная ручная корректировка благодаря высокой плотности облаков точек,High,ГП № 3-2025.pdf,2026-07-03
PAR_1776,EQU_3707,Время на обработку данных,минуты,60,,,Для устранения ошибок разреженных участков,High,ГП № 3-2025.pdf,2026-07-03
PAR_1777,EQU_3706,Температура,°C,,10,40,"Устойчив к температурным колебаниям, характерным для подземных выработок месторождения «Перевальное»",High,ГП № 3-2025.pdf,2026-07-03
PAR_1778,EQU_3707,Температура,°C,,10,40,"Устойчив к температурным колебаниям, характерным для подземных выработок месторождения «Перевальное»",High,ГП № 3-2025.pdf,2026-07-03
PAR_1779,EQU_3706,Влажность,,Высокая,,,"Не оказала значительного влияния на качество данных, большая устойчивость к конденсации влаги на оптических элементах благодаря встроенной системе защиты",High,ГП № 3-2025.pdf,2026-07-03
PAR_1780,EQU_3707,Влажность,,Высокая,,,Не оказала значительного влияния на качество данных,High,ГП № 3-2025.pdf,2026-07-03
PAR_1781,EQU_3706,Запылённость,,Высокая,,,Хорошее качество данных благодаря встроенным алгоритмам фильтрации шумов,High,ГП № 3-2025.pdf,2026-07-03
PAR_1782,EQU_3707,Запылённость,,Высокая,,,"Значительное снижение качества данных, лазерный луч рассеивается на частицах пыли",High,ГП № 3-2025.pdf,2026-07-03
PAR_1783,EQU_3706,Стоимость,млн руб.,2,,,,High,ГП № 3-2025.pdf,2026-07-03
PAR_1784,EQU_3707,Стоимость,млн руб.,3,,,,High,ГП № 3-2025.pdf,2026-07-03
PAR_1785,EQU_3722,Точность передачи координат,Не указано,,,,При строительстве тоннелей,High,ГП № 3-2025.pdf,2026-07-03
PAR_1786,EQU_3726,Точность измерений,не указана,не указано,не указано,не указано,Использование в геодезической сети для определения вертикальности сооружений,High,ГП № 3-2025.pdf,2026-07-03
PAR_1787,PRO_3728,Среднеквадратическая погрешность измерений (СКП),мм,,-3.8,3.8,Для координат X,High,ГП № 3-2025.pdf,2026-07-03
PAR_1788,PRO_3728,Среднеквадратическая погрешность измерений (СКП),мм,,-4.4,4.4,Для координат Y,High,ГП № 3-2025.pdf,2026-07-03
PAR_1789,PRO_3728,Среднеквадратическая погрешность измерений азимутов,секунды,,-6.9,6.9,При передаче способом соединительного треугольника с помощью ПВП,High,ГП № 3-2025.pdf,2026-07-03
PAR_1790,PRO_3517,Уровень внедрения в отрасли,%,"83,5",,,,High,ГП № 3-2025.pdf,2026-07-03
PAR_1791,PRO_3743,Уровень внедрения в отрасли,%,"68,2",,,,High,ГП № 3-2025.pdf,2026-07-03
PAR_1792,PRO_3744,Уровень внедрения в отрасли,%,"12,6",,,,High,ГП № 3-2025.pdf,2026-07-03
PAR_1793,PRO_3745,Уровень внедрения в отрасли,%,"28,7",,,,High,ГП № 3-2025.pdf,2026-07-03
PAR_1794,EXP_3749,рентабельность продаж,%,"42,3",,,,High,ГП № 3-2025.pdf,2026-07-03
PAR_1795,EXP_3749,темп роста выручки,%,"18,7",,,,High,ГП № 3-2025.pdf,2026-07-03
PAR_1796,EXP_3749,Капитальные расходы,млрд долл.,"9,5",,,,High,ГП № 3-2025.pdf,2026-07-03
PAR_1797,EXP_3749,Доля затрат на НИОКР,% от выручки,"0,5",,,,High,ГП № 3-2025.pdf,2026-07-03
PAR_1798,EXP_3749,Число патентов,ед/год,183,,,,High,ГП № 3-2025.pdf,2026-07-03
PAR_1799,EXP_3749,Рентабельность продаж,%,"42,3",,,,High,ГП № 3-2025.pdf,2026-07-03
PAR_1800,PRO_1127,оптимизированные параметры,,,,,активация хвостов обогащения руд,High,ГП № 3-2025.pdf,2026-07-03
PAR_1801,PRO_1130,время выщелачивания,часы,,0.2,1.0,выщелачивание в агитаторе,High,ГП № 3-2025.pdf,2026-07-03
PAR_1802,PRO_1130,время выщелачивания,секунды,10,,,механохимическая активация,High,ГП № 3-2025.pdf,2026-07-03
PAR_1803,EQU_3768,Энергоэффективность,,,,,При использовании бойков с криволинейной образующей боковой поверхности,High,ГП № 3-2025.pdf,2026-07-03
PAR_1804,PRO_3770,Эффект на производительность,%,"+23,5%",,,,High,ГП № 3-2025.pdf,2026-07-03
PAR_1805,PRO_3770,Сокращение затрат,%,"-17,2%",,,,High,ГП № 3-2025.pdf,2026-07-03
PAR_1806,PRO_1127,расход серной кислоты,г/л,6,,,извлечение металлов,High,ГП № 3-2025.pdf,2026-07-03
PAR_1807,PRO_1127,расход хлорида натрия,г/л,90,,,извлечение металлов,High,ГП № 3-2025.pdf,2026-07-03
PAR_1808,PRO_1127,соотношение твердой и жидкой фаз,,7,,,извлечение металлов,High,ГП № 3-2025.pdf,2026-07-03
PAR_1809,PRO_1127,частота вращения роторов,Гц,125,,,извлечение металлов,High,ГП № 3-2025.pdf,2026-07-03
PAR_1810,PRO_3775,Доля выхода негабаритов,%,37,,,При открытой разработке,High,ГП № 3-2025.pdf,2026-07-03
PAR_1811,EQU_3768,Энергоэффективность,,,,,Зависит от геометрических характеристик ударного узла,High,ГП № 3-2025.pdf,2026-07-03
PAR_1812,MAT_1881,Коэффициент крепости,,8,,,По шкале М.М. Протодьяконова,High,ГП № 3-2025.pdf,2026-07-03
PAR_1813,EQU_3779,Энергия удара,Не указана,,,,Зависит от формы бойка и его конструкции,High,ГП № 3-2025.pdf,2026-07-03
PAR_1814,EQU_3779,Форма,,,,,"Цилиндрическая, усеченный конус, криволинейная",High,ГП № 3-2025.pdf,2026-07-03
PAR_1815,MAT_3782,коэффициент запаса прочности,,"1,18",,,для бойка №4,High,ГП № 3-2025.pdf,2026-07-03
PAR_1816,EQU_3783,Коэффициент запаса прочности,,,1,,Для обеспечения прочности бойка с цилиндроконической оболочкой,High,ГП № 3-2025.pdf,2026-07-03
PAR_1817,EQU_3768,Длина,мм,700,,,,High,ГП № 3-2025.pdf,2026-07-03
PAR_1818,EQU_3768,Ширина клина,мм,40,,,,High,ГП № 3-2025.pdf,2026-07-03
PAR_1819,EQU_3768,Угол заострения,°,15,,,,High,ГП № 3-2025.pdf,2026-07-03
PAR_1820,EQU_3768,Диаметр ударного торца,мм,25,,,,High,ГП № 3-2025.pdf,2026-07-03
PAR_1821,MAT_1126,Щёлочность среды,,,7.77,8.25,"Учалинское, Гайское и Бурибаевское хвостохранилища",High,ГП № 3-2025.pdf,2026-07-03
PAR_1822,MAT_1126,Коэффициент однородности,,,14.19,22.79,"Учалинская, Гайская и Бурибаевская обогатительные фабрики",High,ГП № 3-2025.pdf,2026-07-03
PAR_1823,MAT_1126,Коэффициент фильтрации,,,66.76,100,"Учалинская, Гайская и Бурибаевская обогатительные фабрики",High,ГП № 3-2025.pdf,2026-07-03
PAR_1824,MAT_1126,радиус негативного воздействия,м,,200,,на почвенный слой,High,ГП № 3-2025.pdf,2026-07-03
PAR_1825,FAC_369,Однородность,,,5,,Гранулометрический состав,High,ГП № 3-2025.pdf,2026-07-03
PAR_1826,FAC_369,Кривизна,,,1,3,Гранулометрический состав,High,ГП № 3-2025.pdf,2026-07-03
PAR_1827,FAC_369,Кислотность,pH,,,,Диапазон кислотности от нейтрального до слабощелочного,High,ГП № 3-2025.pdf,2026-07-03
PAR_1828,PRO_3808,Апертура,,,3,25,Обработка изображений,High,ГП № 3-2025.pdf,2026-07-03
PAR_1829,PRO_3808,Апертура фильтра,,,3,25,Для улучшения качества изображений,High,ГП № 3-2025.pdf,2026-07-03
PAR_1830,PRO_3808,Средний уровень яркости,,,,,Количественная характеристика для анализа качества изображения,High,ГП № 3-2025.pdf,2026-07-03
PAR_1831,PRO_3808,Tenengrad,,,,,Количественная характеристика для анализа качества изображения,High,ГП № 3-2025.pdf,2026-07-03
PAR_1832,PRO_3808,Мера резкости,,,,,Количественная характеристика для анализа качества изображения,High,ГП № 3-2025.pdf,2026-07-03
PAR_1833,PRO_3812,Апертура,,,3,25,Фильтрация изображений,High,ГП № 3-2025.pdf,2026-07-03
PAR_1834,PRO_3808,Tenengrad,,,,,"Расчет для части изображения, содержащей источник освещения",High,ГП № 3-2025.pdf,2026-07-03
PAR_1835,PRO_3808,Мера резкости,,,,,"Расчет для части изображения, содержащей источник освещения",High,ГП № 3-2025.pdf,2026-07-03
PAR_1836,PRO_3808,Коэффициент,,,,,Определяет степень влияния нерезкой маски на исходное изображение.,High,ГП № 3-2025.pdf,2026-07-03
PAR_1837,PRO_3814,Средний квадрат градиента яркости,,,,,Используется для оценки размытия изображения.,High,ГП № 3-2025.pdf,2026-07-03
PAR_1838,MAT_1126,радиус негативного воздействия,м,,200,,почвенный слой,High,ГП № 3-2025.pdf,2026-07-03
PAR_1839,PRO_3821,Апертура,Размер матрицы,,3,25,При нерезком маскировании целесообразно ограничиться апертурами маски 11 и 13,High,ГП № 3-2025.pdf,2026-07-03
PAR_1840,PRO_3814,Значение,,,,,Максимальное значение достигается при фильтрации с применением апертур 11 и 13,High,ГП № 3-2025.pdf,2026-07-03
PAR_1841,EQU_3827,Уровень яркости,,,,,"Важный показатель качества цифровых изображений, полученных в шахтах",High,ГП № 3-2025.pdf,2026-07-03
PAR_1842,EQU_3827,Резкость изображения,,,,,Повышение резкости связано с использованием высокочастотных фильтров,High,ГП № 3-2025.pdf,2026-07-03
PAR_1843,PRO_3069,Линейный коэффициент вскрыши,,,,,Низкий коэффициент,High,ГП № 3-2025.pdf,2026-07-03
PAR_1844,EQU_3837,Высота ярусов автомобильных отвалов,м,,,,Для обеспечения устойчивости внутренних отвалов,High,ГП № 3-2025.pdf,2026-07-03
PAR_1845,EQU_3841,Годовой объем разработки и перемещения вскрыши,млн м3,"3,16",,,,High,ГП № 3-2025.pdf,2026-07-03
PAR_1846,PRO_3843,объём добычи,тонн,,,,зависит от спроса на уголь,High,ГП № 3-2025.pdf,2026-07-03
PAR_1847,FAC_3838,Объем подготовленных запасов угля,млн т,,20,22,Для обеспечения стабильной работы предприятия,High,ГП № 3-2025.pdf,2026-07-03
PAR_1848,PRO_3069,Годовой объем добычи угля,млн т,,7,8,Для поддержания стабильных объемов добычи,High,ГП № 3-2025.pdf,2026-07-03
PAR_1849,EQU_3852,ёмкость ковша,м³,8-10,8,10,,High,ГП № 3-2025.pdf,2026-07-03
PAR_1850,EQU_3854,грузоподъёмность,т,55,55,55,,High,ГП № 3-2025.pdf,2026-07-03
PAR_1851,EQU_3855,грузоподъёмность,т,91,91,91,,High,ГП № 3-2025.pdf,2026-07-03
PAR_1852,EQU_3856,грузоподъёмность,т,90,90,90,,High,ГП № 3-2025.pdf,2026-07-03
PAR_1853,EQU_3857,грузоподъёмность,т,130,130,130,,High,ГП № 3-2025.pdf,2026-07-03
PAR_1854,EQU_3859,Снижение аварийности,%,"-23,1","-25,5","-20,7",При использовании VR/AR технологий для обучения персонала,High,ГП № 3-2025.pdf,2026-07-03
PAR_1855,PRO_3858,ROI,%,268,237,300,При использовании VR/AR технологий,High,ГП № 3-2025.pdf,2026-07-03
PAR_1856,EXP_3861,Тип системы обучения,,,,,Анализ структуры инвестиций в обучение персонала на угледобывающих предприятиях России (2018–2023 гг.),High,ГП № 3-2025.pdf,2026-07-03
PAR_1857,EXP_3861,Доля предприятий,%,,"7,7","42,3",Типология систем обучения персонала на угледобывающих предприятиях России (2018–2023 гг.),High,ГП № 3-2025.pdf,2026-07-03
PAR_1858,EXP_3861,Средние инвестиции в обучение,% от ФОТ,,"1,2","8,3",Типология систем обучения персонала на угледобывающих предприятиях России (2018–2023 гг.),High,ГП № 3-2025.pdf,2026-07-03
PAR_1859,EXP_3861,Среднее число часов обучения на 1 сотрудника в год,часов,,"18,4","67,2",Типология систем обучения персонала на угледобывающих предприятиях России (2018–2023 гг.),High,ГП № 3-2025.pdf,2026-07-03
PAR_1860,EXP_3861,Охват персонала,%,,"37,6","94,3",Типология систем обучения персонала на угледобывающих предприятиях России (2018–2023 гг.),High,ГП № 3-2025.pdf,2026-07-03
PAR_1861,EXP_3861,Доля цифровых форматов в обучении,%,,"8,5","62,8",Типология систем обучения персонала на угледобывающих предприятиях России (2018–2023 гг.),High,ГП № 3-2025.pdf,2026-07-03
PAR_1862,EXP_3862,Коэффициент корреляции,,,-0.53,0.48,Влияние различных типов обучения на экономические показатели,High,ГП № 3-2025.pdf,2026-07-03
PAR_1863,EXP_3862,Уровень значимости,,<0.01,,,Статистическая значимость результатов анализа,High,ГП № 3-2025.pdf,2026-07-03
PAR_1864,PRO_3858,Инвестиции в обучение,% от ФОТ,,,,Для угледобывающих предприятий,High,ГП № 3-2025.pdf,2026-07-03
PAR_1865,PRO_3858,Охват персонала,%,,,,Для угледобывающих предприятий,High,ГП № 3-2025.pdf,2026-07-03
PAR_1866,PRO_3858,Часы обучения на 1 сотрудника в год,,,,,Для угледобывающих предприятий,High,ГП № 3-2025.pdf,2026-07-03
PAR_1867,PRO_3858,Качество программ обучения,Экспертная оценка,,,,Для угледобывающих предприятий,High,ГП № 3-2025.pdf,2026-07-03
PAR_1868,PRO_3858,Интеграция с HR-процессами,Индекс,,,,Для угледобывающих предприятий,High,ГП № 3-2025.pdf,2026-07-03
PAR_1869,PRO_3858,Технологичность обучения,Индекс,,,,Для угледобывающих предприятий,High,ГП № 3-2025.pdf,2026-07-03
PAR_1870,EXP_3863,ROI программ обучения,%,,142,263,Динамика ROI при увеличении инвестиций в обучение персонала,High,ГП № 3-2025.pdf,2026-07-03
PAR_1871,EXP_3863,Текучесть квалифицированных кадров,%,,6.2,14.8,Снижение текучести кадров при увеличении инвестиций в обучение,High,ГП № 3-2025.pdf,2026-07-03
PAR_1872,EXP_3863,Уровень аварийности,инцидентов на 1000 смен,,1.9,3.7,Снижение уровня аварийности при увеличении инвестиций в обучение,High,ГП № 3-2025.pdf,2026-07-03
PAR_1873,PRO_3867,Коэффициент запаса,,,,,Учитывает ослабление поперечного сечения при разрушении,High,ГП № 3-2025.pdf,2026-07-03
PAR_1874,MAT_1881,Прочность на растяжение,,,,,Определяет начало первой стадии разрушения,High,ГП № 3-2025.pdf,2026-07-03
PAR_1875,MAT_1881,Сдвиговая прочность,,,,,Определяет начало второй стадии разрушения,High,ГП № 3-2025.pdf,2026-07-03
PAR_1876,PRO_3868,Толщина поверхностного слоя,мм,,,,Толщина слоя с вновь образованными радиальными трещинами,High,ГП № 3-2025.pdf,2026-07-03
PAR_1877,PRO_3868,Угол внутреннего трения,градусы,,,,"Угол, под которым ориентированы трещины сдвига",High,ГП № 3-2025.pdf,2026-07-03
PAR_1878,MAT_3875,Радиус поперечного сечения,мм,50,,,Исходный радиус поперечного сечения образца,High,ГП № 3-2025.pdf,2026-07-03
PAR_1879,MAT_3875,Высота образца,мм,50,,,Исходная высота образца,High,ГП № 3-2025.pdf,2026-07-03
PAR_1880,MAT_1881,Прочность на растяжение,,,,,"Меньше, чем прочность на сдвиг",High,ГП № 3-2025.pdf,2026-07-03
PAR_1881,MAT_1881,Прочность на сдвиг,,,,,,High,ГП № 3-2025.pdf,2026-07-03
PAR_1882,PRO_3867,Стадии разрушения,,,,,Две стадии появления и постепенного развития трещин растяжения и трещин сдвига,High,ГП № 3-2025.pdf,2026-07-03
PAR_1883,PRO_2808,Размер частиц,мм,,,,При оценке эффективности технологических процессов горного производства,High,ГП № 3-2025.pdf,2026-07-03
PAR_1884,PRO_3882,Гранулометрический состав,,,,,Характеризует количественное соотношение кусков различной крупности в горной массе.,High,ГП № 3-2025.pdf,2026-07-03
PAR_1885,EQU_3884,Тип процессора,,AI процессор,,,,High,ГП № 3-2025.pdf,2026-07-03
PAR_1886,EQU_3884,Операционная система,,Linux AstraLinux,,,,High,ГП № 3-2025.pdf,2026-07-03
PAR_1887,MAT_3887,Максимальный линейный размер кусков,м,,0,1.4,Размер кусков в развале после взрыва,High,ГП № 3-2025.pdf,2026-07-03
PAR_1888,EQU_3891,Расстояние измерения,м,,,30,Для измерения дальности и размеров кусков,High,ГП № 3-2025.pdf,2026-07-03
PAR_1889,EQU_3891,Погрешность измерений грансостава,%,не более 5,,5,,High,ГП № 3-2025.pdf,2026-07-03
PAR_1890,EQU_3891,Процент детекции фракции грансостава,%,свыше 95,95,,,High,ГП № 3-2025.pdf,2026-07-03
PAR_1891,EQU_3891,Время постобработки снимков,мин,не более 3–5,3,5,,High,ГП № 3-2025.pdf,2026-07-03
PAR_1892,PRO_3896,Коэффициент сбалансированности,,,,,Определяет сбалансированность роста эффективности и безопасности производства,High,ГП № 3-2025.pdf,2026-07-03
PAR_1893,PRO_3896,Устойчивость роста инновационности персонала,,,,,Определяет устойчивость роста инновационности персонала,High,ГП № 3-2025.pdf,2026-07-03
PAR_1894,PRO_3896,Деловая активность и вовлеченность персонала,%,31,,,В условиях применения инновационного производственного менеджмента в АО «СУЭК-Красноярск»,High,ГП № 3-2025.pdf,2026-07-03
PAR_1895,PRO_3896,Уровень текучести кадров,%,5,,,В условиях применения инновационного производственного менеджмента в АО «СУЭК-Красноярск»,High,ГП № 3-2025.pdf,2026-07-03
PAR_1896,PRO_3896,Прирост производительности труда,%,47,,,В 2024 году по сравнению с 2020 годом в АО «СУЭК-Красноярск»,High,ГП № 3-2025.pdf,2026-07-03
PAR_1897,FAC_3901,Объем водопритоков,тыс. м3,,40,110,Среднегодовые объемы водопритоков в горные выработки,High,ГП № 3-2025.pdf,2026-07-03
PAR_1898,FAC_3901,Объем поверхностных осадков,тыс. м3,,2500,3500,Среднемесячные объемы поверхностных осадков по месяцам календарного года,High,ГП № 3-2025.pdf,2026-07-03
PAR_1899,PRO_3905,объем воды,м³/ч,,,,сбор воды рудником за 4 года,High,ГП № 3-2025.pdf,2026-07-03
PAR_1900,PRO_3906,число сейсмических событий,события,,,,зафиксированные сейсмостанцией рудника,High,ГП № 3-2025.pdf,2026-07-03
PAR_1901,PRO_3907,Энергия сейсмособытий,Дж,,10^4,10^5,Сейсмособытия на руднике Карнасурт,High,ГП № 3-2025.pdf,2026-07-03
PAR_1902,PRO_3907,Магнитуда,,,1,"1,4",Сейсмособытия с энергией > 10^5 Дж,High,ГП № 3-2025.pdf,2026-07-03
PAR_1903,PRO_3911,Объем водопритоков,тыс. м3,,500,1000,Зимний период,High,ГП № 3-2025.pdf,2026-07-03
PAR_1904,PRO_3911,Объем водопритоков,тыс. м3,,1000,,Весенне-летний и летне-осенний периоды,High,ГП № 3-2025.pdf,2026-07-03
PAR_1905,PRO_3912,Энергетические характеристики сейсмособытий,Дж,,104,105,Период осень–зима,High,ГП № 3-2025.pdf,2026-07-03
PAR_1906,FAC_3903,Глубина горных работ,м,700,,,,High,ГП № 3-2025.pdf,2026-07-03
PAR_1907,FAC_3903,Протяженность выработанного пространства,км,"6,5",,,По обеим отрабатываемым залежам,High,ГП № 3-2025.pdf,2026-07-03
PAR_1908,FAC_3903,Общая ширина выработанных пространств,км,"1,5",,,,High,ГП № 3-2025.pdf,2026-07-03
PAR_1909,EXP_3918,Частоты резонанса,Гц,,17,31,"Частоты, на которых возникает частотный резонанс при сейсмовзрывном воздействии.",High,ГП № 3-2025.pdf,2026-07-03
PAR_1910,PRO_3917,Скорость колебания горной породы,мм/с,,,,Для обеспечения сохранности приконтурного массива,High,ГП № 3-2025.pdf,2026-07-03
PAR_1911,PRO_3921,Значение,,,,,Применяется в анализе частотных характеристик сейсмовзрывных волн,High,ГП № 3-2025.pdf,2026-07-03
PAR_1912,PRO_3922,Значение,Гц,,,,Определяется для каждой компоненты скорости колебаний,High,ГП № 3-2025.pdf,2026-07-03
PAR_1913,PRO_1573,Добротность,,,,,Расчет добротности при анализе сейсмовзрывного воздействия,High,ГП № 3-2025.pdf,2026-07-03
PAR_1914,PRO_1573,Собственные частоты колебаний,,,,,Расчет собственных частот колебаний при анализе сейсмовзрывного воздействия,High,ГП № 3-2025.pdf,2026-07-03
PAR_1915,PRO_1573,Резонансная частота,,,,,Расчет резонансной частоты при анализе сейсмовзрывного воздействия,High,ГП № 3-2025.pdf,2026-07-03
PAR_1916,PRO_3917,Предельно допустимая скорость,мм/с,93,,,Для векторной скорости,High,ГП № 3-2025.pdf,2026-07-03
PAR_1917,PRO_3917,Сейсмобезопасное расстояние,м/кг1/3,"5,1","5,1",,"При величине приведенного расстояния 5,1 м/кг1/3 и более достигается уровень сейсмобезопасного воздействия",High,ГП № 3-2025.pdf,2026-07-03
PAR_1918,PRO_1573,Высота уступа,м,16,,,,High,ГП № 3-2025.pdf,2026-07-03
PAR_1919,PRO_1573,Глубина скважины,м,18,,,,High,ГП № 3-2025.pdf,2026-07-03
PAR_1920,PRO_1573,Диаметр скважины,мм,250,,,,High,ГП № 3-2025.pdf,2026-07-03
PAR_1921,PRO_1573,Длина заряда,м,14,,,,High,ГП № 3-2025.pdf,2026-07-03
PAR_1922,PRO_1573,"Масса, взрываемая за ступень",кг,9000,,,,High,ГП № 3-2025.pdf,2026-07-03
PAR_1923,PRO_3934,Качество процессов,,,,,Высокое качество процессов снижает риск возникновения негативного события,High,ГП № 3-2025.pdf,2026-07-03
PAR_1924,PRO_3935,Способность к оценке опасности,,,,,Способность работника адекватно оценивать уровень опасности и имеющиеся возможности по предотвращению негативного события,High,ГП № 3-2025.pdf,2026-07-03
PAR_1925,EXP_3944,Количество участников,человек,103,,,Общее количество участников семинара-практикума,High,ГП № 3-2025.pdf,2026-07-03
PAR_1926,FAC_3937,Уровень травматизма,,,,,Динамика уровня травматизма имеет скачкообразный характер,High,ГП № 3-2025.pdf,2026-07-03
PAR_1927,PRO_2714,Коэффициент эффективности,,,"0,86","0,94",при оптимальных условиях эксплуатации,High,ГП № 3-2025.pdf,2026-07-03
PAR_1928,EXP_3949,Уровень цифровизации,%,,65,,"Критический порог цифровизации, при котором наблюдается нелинейный характер зависимости между инвестициями в цифровые технологии и производственными результатами",High,ГП № 3-2025.pdf,2026-07-03
PAR_1929,EXP_3949,Время принятия управленческих решений,мин,,18,124,Сокращение времени принятия управленческих решений при внедрении интеллектуальных систем,High,ГП № 3-2025.pdf,2026-07-03
PAR_1930,PRO_3950,ROI через 3 года,%,267 ± 48,,,,High,ГП № 3-2025.pdf,2026-07-03
PAR_1931,PRO_3951,ROI через 3 года,%,87 ± 21,,,,High,ГП № 3-2025.pdf,2026-07-03
PAR_1932,PRO_3948,Эффективность,%,,15,23,Снижение операционных затрат,High,ГП № 3-2025.pdf,2026-07-03
PAR_1933,PRO_3948,Производительность,%,,28,38,Увеличение производительности,High,ГП № 3-2025.pdf,2026-07-03
PAR_1934,PRO_3948,Количество чрезвычайных ситуаций,%,,72,,Снижение количества чрезвычайных ситуаций,High,ГП № 3-2025.pdf,2026-07-03
PAR_1935,PRO_3956,Коэффициент эффективности,,,0.86,0.94,Оптимальные условия эксплуатации,High,ГП № 3-2025.pdf,2026-07-03
PAR_1936,FAC_2775,Средний уровень цифровизации,%,,46.3,72.4,Данные на конец 2024 года по разным регионам,High,ГП № 3-2025.pdf,2026-07-03
PAR_1937,FAC_2775,Инвестиции в ИТ,% выручки,,2.1,5.3,Данные на конец 2024 года по разным регионам,High,ГП № 3-2025.pdf,2026-07-03
PAR_1938,FAC_2775,Автономное оборудование,% парка,,15.3,47.8,Данные на конец 2024 года по разным регионам,High,ГП № 3-2025.pdf,2026-07-03
PAR_1939,FAC_2775,Производительность,т/чел.·год,,987,2156,Данные на конец 2024 года по разным регионам,High,ГП № 3-2025.pdf,2026-07-03
PAR_1940,EXP_3960,Рост производительности,%,"156,3%",,,Прогнозные модели указывают на возможность достижения «квантового скачка»,High,ГП № 3-2025.pdf,2026-07-03
PAR_1941,EXP_3960,Снижение фатальных случаев,на 1 млн т добычи,"с 0,34 до 0,03",,,Внедрение интеллектуальных систем,High,ГП № 3-2025.pdf,2026-07-03
PAR_1942,PRO_1115,Уровень цифровизации,%,,35,85,Оценка влияния цифровизации на производственные показатели угольных предприятий,High,ГП № 3-2025.pdf,2026-07-03
PAR_1943,PRO_1115,Производительность труда,т/чел.год,,1156,2634,Оценка влияния цифровизации на производственные показатели угольных предприятий,High,ГП № 3-2025.pdf,2026-07-03
PAR_1944,PRO_1115,Снижение операционных затрат,%,,"2,8","23,2",Оценка влияния цифровизации на производственные показатели угольных предприятий,High,ГП № 3-2025.pdf,2026-07-03
PAR_1945,PRO_1115,Энергоэффективность,кВт·ч/т,,"42,3","22,7",Оценка влияния цифровизации на производственные показатели угольных предприятий,High,ГП № 3-2025.pdf,2026-07-03
PAR_1946,PRO_1115,Коэффициент использования оборудования,,,"0,67","0,91",Оценка влияния цифровизации на производственные показатели угольных предприятий,High,ГП № 3-2025.pdf,2026-07-03
PAR_1947,PRO_1115,Время простоев,ч/мес,,"89,4","18,6",Оценка влияния цифровизации на производственные показатели угольных предприятий,High,ГП № 3-2025.pdf,2026-07-03
PAR_1948,PRO_1115,Точность прогнозирования добычи,%,,"73,2","96,8",Оценка влияния цифровизации на производственные показатели угольных предприятий,High,ГП № 3-2025.pdf,2026-07-03
PAR_1949,PRO_1115,Автоматизация процессов,%,,"18,4","89,2",Оценка влияния цифровизации на производственные показатели угольных предприятий,High,ГП № 3-2025.pdf,2026-07-03
PAR_1950,PRO_1115,Уровень травматизма,случаев/1000 чел.,,"8,7","1,2",Оценка влияния цифровизации на производственные показатели угольных предприятий,High,ГП № 3-2025.pdf,2026-07-03
PAR_1951,PRO_1115,Экологические нарушения,случаев/год,,"6,8","0,7",Оценка влияния цифровизации на производственные показатели угольных предприятий,High,ГП № 3-2025.pdf,2026-07-03
PAR_1952,PRO_1115,EBITDA маржа,%,,"12,4","34,2",Оценка влияния цифровизации на производственные показатели угольных предприятий,High,ГП № 3-2025.pdf,2026-07-03
PAR_1953,PRO_1115,Инновационная активность,баллы (1–10),,"3,2","9,4",Оценка влияния цифровизации на производственные показатели угольных предприятий,High,ГП № 3-2025.pdf,2026-07-03
PAR_1954,PRO_1115,Время цикла принятия решений,мин,,124,18,Оценка влияния цифровизации на производственные показатели угольных предприятий,High,ГП № 3-2025.pdf,2026-07-03
PAR_1955,PRO_3964,ROI,%,267,,,Экономическая эффективность,High,ГП № 3-2025.pdf,2026-07-03
PAR_1956,PRO_3965,Потенциальный эффект,млрд $,"234,8",,,Прогноз до 2030 года,High,ГП № 3-2025.pdf,2026-07-03
PAR_1957,PRO_3951,Потенциальный эффект,млрд $,"67,3",,,Прогноз до 2030 года,High,ГП № 3-2025.pdf,2026-07-03
PAR_1958,PRO_3969,Расход воздуха,м³/с,,,,Необходим для определения требуемого количества воздуха с учётом рециркуляции.,High,ГП № 3-2025.pdf,2026-07-03
PAR_1959,PRO_3969,Концентрация газа,мг/м³,,0,,Определяется на входе и выходе из вентиляционной системы.,High,ГП № 3-2025.pdf,2026-07-03
PAR_1960,PRO_3969,Коэффициент доставки,,,,,Зависит от типа вентиляционного става и длины выработки,High,ГП № 3-2025.pdf,2026-07-03
PAR_1961,PRO_3969,Коэффициент рециркуляции,,,30,32,Для обеспечения СПДК,High,ГП № 3-2025.pdf,2026-07-03
PAR_1962,PRO_3551,Рост производительности труда,%,"89,7",,,Анализ 52 предприятий за период 2022–2024 гг.,High,ГП № 3-2025.pdf,2026-07-03
PAR_1963,PRO_3551,Снижение операционных затрат,%,"23,2",,,Анализ 52 предприятий за период 2022–2024 гг.,High,ГП № 3-2025.pdf,2026-07-03
PAR_1964,PRO_3551,Сокращение аварийности,%,87,,,Анализ 52 предприятий за период 2022–2024 гг.,High,ГП № 3-2025.pdf,2026-07-03
PAR_1965,PRO_3976,Удельный стыковочный коэффициент воздухонепроницаемости,,,,,Зависит от качества соединения звеньев,High,ГП № 3-2025.pdf,2026-07-03
PAR_1966,PRO_3976,Диаметр трубопровода,м,2,,,,High,ГП № 3-2025.pdf,2026-07-03
PAR_1967,PRO_3976,Длина трубопровода,м,,100,5500,,High,ГП № 3-2025.pdf,2026-07-03
PAR_1968,PRO_3976,Аэродинамическое сопротивление трубопровода,,,,,,High,ГП № 3-2025.pdf,2026-07-03
PAR_1969,PRO_3979,длина выработки,м,,100,5500,расчет коэффициентов утечек,High,ГП № 3-2025.pdf,2026-07-03
PAR_1970,PRO_3979,диаметр трубопровода,м,2,,,расчет коэффициентов утечек,High,ГП № 3-2025.pdf,2026-07-03
PAR_1971,PRO_3979,расход воздуха,м³/с,20,,,расчет коэффициентов утечек,High,ГП № 3-2025.pdf,2026-07-03
PAR_1972,PRO_1775,инвестиции,%,37,,,за последние три года,High,ГП № 3-2025.pdf,2026-07-03
PAR_1973,PRO_3991,процент снижения,%,23.6,,,,High,ГП № 3-2025.pdf,2026-07-03
PAR_1974,PRO_3992,процент увеличения,%,29.4,,,,High,ГП № 3-2025.pdf,2026-07-03
PAR_1975,PRO_1115,расходы на цифровые технологии,% от выручки,,"2,9","3,7",средние показатели по горнодобывающей отрасли и угледобывающему сектору,High,ГП № 3-2025.pdf,2026-07-03
PAR_1976,PRO_3993,Процент инвестиций,%,17.8,,,,High,ГП № 3-2025.pdf,2026-07-03
PAR_1977,PRO_3994,Процент инвестиций,%,12.2,,,,High,ГП № 3-2025.pdf,2026-07-03
PAR_1978,PRO_3995,Индекс цифровой зрелости,,,,,Отражает уровень внедрения цифровых технологий в производство.,High,ГП № 3-2025.pdf,2026-07-03
PAR_1979,PRO_3996,Уровень рентабельности,%,,,,Отражает эффективность операционной деятельности компании.,High,ГП № 3-2025.pdf,2026-07-03
PAR_1980,PRO_3999,Среднее снижение операционных затрат,%,"23,6",,,,High,ГП № 3-2025.pdf,2026-07-03
PAR_1981,PRO_3999,Рост производительности труда,%,"17,8",,,,High,ГП № 3-2025.pdf,2026-07-03
PAR_1982,PRO_3999,Сокращение простоев,%,"42,3",,,,High,ГП № 3-2025.pdf,2026-07-03
PAR_1983,PRO_3999,Снижение энергопотребления,%,"12,4",,,,High,ГП № 3-2025.pdf,2026-07-03
PAR_1984,PRO_3999,Средний срок окупаемости,лет,"1,2",,,,High,ГП № 3-2025.pdf,2026-07-03
PAR_1985,PRO_4006,Количество параметров,шт.,27,,,Методика оценки цифровой зрелости,High,ГП № 3-2025.pdf,2026-07-03
PAR_1986,PRO_4006,Тематические блоки,шт.,5,,,Методика оценки цифровой зрелости,High,ГП № 3-2025.pdf,2026-07-03
PAR_1987,PRO_4007,Доля решений на основе искусственного интеллекта,%,31.7,,,,High,ГП № 3-2025.pdf,2026-07-03
PAR_1988,PRO_4007,Доля инвестиций в технологии цифровых двойников,%,18.2,,,,High,ГП № 3-2025.pdf,2026-07-03
PAR_1989,PRO_4007,Снижение операционных затрат,%,23.6,,,При внедрении систем предиктивного обслуживания,High,ГП № 3-2025.pdf,2026-07-03
PAR_1990,PRO_4007,Сокращение простоев оборудования,%,42.3,,,При внедрении систем предиктивного обслуживания,High,ГП № 3-2025.pdf,2026-07-03
PAR_1991,PUB_4008,Год публикации,,2025,,,,High,ГП № 3-2025.pdf,2026-07-03
PAR_1992,FAC_4010,Объём производства золота,млн унций,,"11,01","12,82",Период с 1933 по 1939 г.,High,ГП № 3-2025.pdf,2026-07-03
PAR_1993,PRO_4015,Выработка на одного работника,кг золота в год,1.0,,,"Трансвааль, 1939 г.",High,ГП № 3-2025.pdf,2026-07-03
PAR_1994,PRO_4015,Выработка на одного работника,кг золота в год,4.4,,,"США, 1939 г.",High,ГП № 3-2025.pdf,2026-07-03
PAR_1995,MAT_4016,Содержание золота,г/т,,7,8,,High,ГП № 3-2025.pdf,2026-07-03
PAR_1996,FAC_4022,Годовая выработка на одного работника,кг,"1,0",,,"Трансвааль, 1939 год",High,ГП № 3-2025.pdf,2026-07-03
PAR_1997,EXP_4026,метод,,статистический метод,,,оценка запасов нефти,High,ГП № 3-2025.pdf,2026-07-03
PAR_1998,EXP_4026,прогнозирование,,скользящее среднее,,,прогнозирование будущих значений,High,ГП № 3-2025.pdf,2026-07-03
PAR_1999,PRO_4015,Глубина разработки,км,,2.0,2.6,Большие глубины разработки в Трансваале,High,ГП № 3-2025.pdf,2026-07-03
PAR_2000,PRO_4015,Температура горных пород,°C,,36,37,На уровне 2.0–2.3 км,High,ГП № 3-2025.pdf,2026-07-03
PAR_2001,PRO_4035,Значение предельного дебита,т/сут,,"0,66","1,23",Месторождение Готурдепе,High,ГП № 3-2025.pdf,2026-07-03
PAR_2002,PRO_4036,Процент обводненности,%,97,,,,High,ГП № 3-2025.pdf,2026-07-03
PAR_2003,PRO_4037,Среднесуточный дебит,т/сут,,"0,9","562,2",Используется для расчета остаточных запасов нефти,High,ГП № 3-2025.pdf,2026-07-03
PAR_2004,PRO_4037,Коэффициент падения,,,"0,9382","0,9875",Используется для учета динамики изменения добычи нефти,High,ГП № 3-2025.pdf,2026-07-03
PAR_2005,PRO_4034,Коэффициент падения дебитов,,,,,Используется для определения остаточных извлекаемых запасов нефти,High,ГП № 3-2025.pdf,2026-07-03
PAR_2006,FAC_4039,Начальные дебиты новых и возвратных скважин,,,,,Определены с использованием графика поведения среднего дебита одной скважины по годам,High,ГП № 3-2025.pdf,2026-07-03
PAR_2007,FAC_4039,Начальный дебит новых и возвратных скважин,т/сут,"88,9",,,Для возвратных и новых скважин,High,ГП № 3-2025.pdf,2026-07-03
PAR_2008,FAC_4039,Количество возвратных скважин,шт,52,,,,High,ГП № 3-2025.pdf,2026-07-03
PAR_2009,FAC_4039,Необходимое количество дополнительных скважин,шт,15,,,Для расширения покрытия месторождения и обеспечения доступа к нефтяным запасам,High,ГП № 3-2025.pdf,2026-07-03
PAR_2010,PRO_4049,точность оценки,,,,,применяется для оценки запасов нефти и газа на месторождениях Юго-Западной Туркмении,High,ГП № 3-2025.pdf,2026-07-03
PAR_2011,EQU_3601,размеры,мм,,800,9000,,High,ГП № 4-2025.pdf,2026-07-03
PAR_2012,EQU_3602,типоразмеры,,,7,15,,High,ГП № 4-2025.pdf,2026-07-03
PAR_2013,PRO_4054,частота наблюдений,раз в сутки,24/7,,,для обеспечения непрерывности мониторинга,High,ГП № 4-2025.pdf,2026-07-03
PAR_2014,PRO_4056,угол откоса,градусы,,,,влияет на TCC и объёмы вскрышных работ,High,ГП № 4-2025.pdf,2026-07-03
PAR_2015,FAC_4062,объем добычи угля,тонн,2 миллиарда,,,Достижение рекордного объема добычи угля,High,ГП № 4-2025.pdf,2026-07-03
PAR_2016,EQU_4065,Мощность,МВт,,1.6,5,Суммарная мощность газогенераторных установок на шахтах Ерунаковская-VIII и Распадская,High,ГП № 4-2025.pdf,2026-07-03
PAR_2017,PRO_4067,Год начала утилизации,,2021,,,,High,ГП № 4-2025.pdf,2026-07-03
PAR_2018,MAT_2233,Содержание серы,%,"0,2",,,,High,ГП № 4-2025.pdf,2026-07-03
PAR_2019,MAT_2233,Зольность,%,7,,,,High,ГП № 4-2025.pdf,2026-07-03
PAR_2020,MAT_2233,Калорийность,Ккал/кг,свыше 4000,,,,High,ГП № 4-2025.pdf,2026-07-03
PAR_2021,EQU_4087,Эффективность разделения,,,,,При использовании в процессах переработки сырья,High,ГП № 4-2025.pdf,2026-07-03
PAR_2022,EQU_4090,Грузоподъемность,т,4,,,,High,ГП № 4-2025.pdf,2026-07-03
PAR_2023,EQU_4090,Скорость,км/ч,,0,45,По твердой поверхности,High,ГП № 4-2025.pdf,2026-07-03
PAR_2024,EQU_4090,Запас хода,км,более 500,,,,High,ГП № 4-2025.pdf,2026-07-03
PAR_2025,EQU_4090,Угол подъема,град,30,,,,High,ГП № 4-2025.pdf,2026-07-03
PAR_2026,EQU_4094,частота дискретизации,кГц,250,,,при измерении скорости детонации,High,ГП № 4-2025.pdf,2026-07-03
PAR_2027,MAT_1553,Срок службы,лет,,,100,При использовании в горнодобывающей промышленности,High,ГП № 4-2025.pdf,2026-07-03
PAR_2028,PRO_4102,градиентность,Тл,,0,"1,7",при мокрой и сухой магнитной сепарации,High,ГП № 4-2025.pdf,2026-07-03
PAR_2029,EQU_4105,время автономной работы,ч,не менее 12,12,,,High,ГП № 4-2025.pdf,2026-07-03
PAR_2030,EQU_4105,вес,г,800,800,,,High,ГП № 4-2025.pdf,2026-07-03
PAR_2031,EQU_4105,температурный режим,°C,,-40,50,,High,ГП № 4-2025.pdf,2026-07-03
PAR_2032,MAT_1553,способность растяжения,%,,700,,,High,ГП № 4-2025.pdf,2026-07-03
PAR_2033,MAT_1882,Удельная теплота взрыва,ккал/моль,,,,При использовании пенополистирола в качестве наполнителя,High,ГП № 4-2025.pdf,2026-07-03
PAR_2034,MAT_4111,Теплота образования,ккал/моль,,,,Для различных видов жидкого топлива,High,ГП № 4-2025.pdf,2026-07-03
PAR_2035,MAT_1380,Теплота образования,ккал/моль,,,,Для различных видов эмульгаторов,High,ГП № 4-2025.pdf,2026-07-03
PAR_2036,EQU_4105,скорость детонации,м/с,4983,,,,High,ГП № 4-2025.pdf,2026-07-03
PAR_2037,EQU_4114,скорость детонации,м/с,4980,,,,High,ГП № 4-2025.pdf,2026-07-03
PAR_2038,EQU_4115,скорость детонации,м/с,5108.1,,,,High,ГП № 4-2025.pdf,2026-07-03
PAR_2039,MAT_4117,удельная теплота взрыва,ккал/кг,,,,зависит от состава эмульсии и содержания гранул пенополистирола,High,ГП № 4-2025.pdf,2026-07-03
PAR_2040,EQU_4120,Увеличение объемов ГМ,%,,10,15,При сценарном использовании системы,High,ГП № 4-2025.pdf,2026-07-03
PAR_2041,EQU_4120,Доступность,,24/7,,,Для эффективного управления горными работами,High,ГП № 4-2025.pdf,2026-07-03
PAR_2042,EQU_4120,Режим работы,,реальный время,,,Для оперативного управления процессами,High,ГП № 4-2025.pdf,2026-07-03
PAR_2043,MAT_4129,Температура замерзания,°C,,-60,-90,Для 60%-ного водного раствора пергидроля и метанола,High,ГП № 4-2025.pdf,2026-07-03
PAR_2044,MAT_4137,Концентрация,%,14,,,В составе пергидроль-спиртового взрывчатого вещества,High,ГП № 4-2025.pdf,2026-07-03
PAR_2045,EQU_174,вес,т,,"1,6",200,модельный ряд экскаваторов,High,ГП № 4-2025.pdf,2026-07-03
PAR_2046,EQU_4146,эксплуатационная масса,,,,,,High,ГП № 4-2025.pdf,2026-07-03
PAR_2047,EQU_4146,объём ДВС,,,,,,High,ГП № 4-2025.pdf,2026-07-03
PAR_2048,EQU_4146,производительность насосов,,,,,,High,ГП № 4-2025.pdf,2026-07-03
PAR_2049,MAT_1888,вязкость,,,,,"Физико-механический показатель, обеспечивающий гибкость в работе взрывника",High,ГП № 4-2025.pdf,2026-07-03
PAR_2050,MAT_1888,плотность,,,,,"Физико-механический показатель, обеспечивающий гибкость в работе взрывника",High,ГП № 4-2025.pdf,2026-07-03
PAR_2051,EQU_4177,Полезная весовая нагрузка,т,,60,100,,High,ГП № 4-2025.pdf,2026-07-03
PAR_2052,EQU_1157,Объём ковша,м³,,4,35,,High,ГП № 4-2025.pdf,2026-07-03
PAR_2053,EQU_4178,Грузоподъёмность,т,,90,400,,High,ГП № 4-2025.pdf,2026-07-03
PAR_2054,EQU_4179,Грузоподъёмность,т,,40,100,,High,ГП № 4-2025.pdf,2026-07-03
PAR_2055,EQU_600,весовые коэффициенты целевой функции,,,,,оптимизация ЦД процессов управления ВА ГТК,High,ГП № 4-2025.pdf,2026-07-03
PAR_2056,EQU_600,число критериев оптимизации,,N,,,оптимизация ЦД процессов управления ВА ГТК,High,ГП № 4-2025.pdf,2026-07-03
PAR_2057,PRO_1116,Возможность построения 3D-модели местности,,,,,В процессе работы и движения,High,ГП № 4-2025.pdf,2026-07-03
PAR_2058,PRO_1116,Возможность позиционирования относительно модели местности,,,,,,High,ГП № 4-2025.pdf,2026-07-03
PAR_2059,PRO_1116,Возможность самостоятельного перемещения,,,,,Выполнение заданий по передвижению и выполнению работ,High,ГП № 4-2025.pdf,2026-07-03
PAR_2060,FAC_992,Вероятность травмы или аварии,,,,,При выявлении опасных производственных ситуаций,High,ГП № 4-2025.pdf,2026-07-03
PAR_2061,EQU_4199,минимальные размеры горной выработки,м,,3,3,,High,ГП № 4-2025.pdf,2026-07-03
PAR_2062,MAT_4201,длина,мм,,,3000,,High,ГП № 4-2025.pdf,2026-07-03
PAR_2063,EQU_4202,масса,кг,,,,настройка параметров карьерной техники,High,ГП № 4-2025.pdf,2026-07-03
PAR_2064,EQU_4202,скорость,км/ч,,,,настройка параметров карьерной техники,High,ГП № 4-2025.pdf,2026-07-03
PAR_2065,EQU_4202,мощность,кВт,,,,настройка параметров карьерной техники,High,ГП № 4-2025.pdf,2026-07-03
PAR_2066,EQU_4202,грузоподъёмность,т,,,,настройка параметров карьерной техники,High,ГП № 4-2025.pdf,2026-07-03
PAR_2067,EQU_4205,перепад высот,мм,460,,,условия работы с радиально-сверлильным станком,High,ГП № 4-2025.pdf,2026-07-03
PAR_2068,PRO_4213,Жёсткость связей,,,,,Параметры жёсткости связей для моделирования тектонических разломов,High,ГП № 4-2025.pdf,2026-07-03
PAR_2069,PRO_3784,Жёсткость,Н/м,,,,Параметры жёсткости пружинных элементов в зависимости от геологического строения массива,High,ГП № 4-2025.pdf,2026-07-03
PAR_2070,PRO_4213,Модуль упругости,Па,,,,Используется для вычисления эквивалентных жесткостей,High,ГП № 4-2025.pdf,2026-07-03
PAR_2071,PRO_4213,Площадь эквивалентного участка,м2,,,,Используется для вычисления эквивалентных жесткостей,High,ГП № 4-2025.pdf,2026-07-03
PAR_2072,PRO_4213,Моменты инерции,м4,,,,Используются для вычисления эквивалентных жесткостей,High,ГП № 4-2025.pdf,2026-07-03
PAR_2073,PRO_4213,Мощность тектоники,м,,,,Используется для вычисления эквивалентных жесткостей,High,ГП № 4-2025.pdf,2026-07-03
PAR_2074,PRO_4213,Погрешность,%,5,,,Превышение инженерной погрешности в 5% связано с накопленной погрешностью от численного интегрирования и погрешности чисел с плавающей точкой.,High,ГП № 4-2025.pdf,2026-07-03
PAR_2075,MAT_1291,Содержание,г/т,,"0,002%",800 г/т,Различные месторождения,High,ГП № 4-2025.pdf,2026-07-03
PAR_2076,PUB_895,Содержание урана,г/т,,4,800,Зависит от месторождения и степени метаморфизма угля.,High,ГП № 4-2025.pdf,2026-07-03
PAR_2077,MAT_1291,Цена,долл. США за тонну,"143 410,53",,,Цена на уран по Trading Economics.,High,ГП № 4-2025.pdf,2026-07-03
PAR_2078,PRO_748,Величина аэродинамического сопротивления,,,,,"Зависит от вида технологии, применяемой для проходки горных выработок, современных видов крепи и горного оборудования",High,ГП № 4-2025.pdf,2026-07-03
PAR_2079,PUB_895,Содержание урана,Не указано,,,,"Чем больше урана в угле, тем более он склонен к самовозгоранию",High,ГП № 4-2025.pdf,2026-07-03
PAR_2080,PRO_748,Тип сопротивления,,,,,Классификация аэродинамических сопротивлений,High,ГП № 4-2025.pdf,2026-07-03
PAR_2081,PRO_4254,Коэффициент аэродинамического сопротивления,,,,,Для горных выработок большого сечения – более 20 м2,High,ГП № 4-2025.pdf,2026-07-03
PAR_2082,PRO_4255,Величина общешахтного аэродинамического сопротивления,%,,20,50,В зависимости от схемы проветривания,High,ГП № 4-2025.pdf,2026-07-03
PAR_2083,PRO_4257,Минимальный гидравлический диаметр горной выработки,м,1,,,"Соответствует вентиляционной скважине или вентиляционному восстающему круглой формы с диаметром в 1 м, а также горной выработке квадратной формы с длиной сторон равной 1 м",High,ГП № 4-2025.pdf,2026-07-03
PAR_2084,PRO_4257,Коэффициент аэродинамического сопротивления трения,кгс·с2/м4,"0,13",,,Максимальное значение коэффициента аэродинамического сопротивления трения,High,ГП № 4-2025.pdf,2026-07-03
PAR_2085,PRO_4257,Минимальная скорость движения воздуха,м/с,"0,1",,,Для угольных шахт,High,ГП № 4-2025.pdf,2026-07-03
PAR_2086,EQU_4261,Производственная мощность,,,,,Для комплексного освоения угольных месторождений,High,ГП № 4-2025.pdf,2026-07-03
PAR_2087,PRO_4272,Сроки освоения месторождения,года,,,,"Сроки, необходимые для полного освоения угольного месторождения",High,ГП № 4-2025.pdf,2026-07-03
PAR_2088,PRO_4272,Применяемые технологии добычи,,,,,"Технологии, используемые для добычи угля",High,ГП № 4-2025.pdf,2026-07-03
PAR_2089,MAT_4286,модуль крупности,,,"0,022","0,078",,High,ГП № 4-2025.pdf,2026-07-03
PAR_2090,MAT_4286,содержание глинистых и пылеватых частиц,%,,39,367,,High,ГП № 4-2025.pdf,2026-07-03
PAR_2091,MAT_4286,насыпная плотность,т/м3,,"1,5","1,6",,High,ГП № 4-2025.pdf,2026-07-03
PAR_2092,MAT_3772,Количество,кг,,600,750,на 1 м3 закладки,High,ГП № 4-2025.pdf,2026-07-03
PAR_2093,MAT_4293,Количество,кг,,180,220,на 1 м3 закладки,High,ГП № 4-2025.pdf,2026-07-03
PAR_2094,MAT_4294,Количество,кг,,250,315,на 1 м3 закладки,High,ГП № 4-2025.pdf,2026-07-03
PAR_2095,MAT_3699,Количество,кг,,35,40,на 1 м3 закладки,High,ГП № 4-2025.pdf,2026-07-03
PAR_2096,MAT_4296,прочность,МПа,,"0,2","1,6",зависит от состава смеси и метода активации,High,ГП № 4-2025.pdf,2026-07-03
PAR_2097,PRO_4297,приращение прочности,%,,10,25,зависит от типа оборудования,High,ГП № 4-2025.pdf,2026-07-03
PAR_2098,EXP_4303,уровень ответственного бизнеса,,,0,160,оценка компаний в рейтинге,High,ГП № 4-2025.pdf,2026-07-03
PAR_2099,EXP_4303,соблюдение экологических норм,,,,,Оценка воздействия бизнеса на окружающую среду,High,ГП № 4-2025.pdf,2026-07-03
PAR_2100,EXP_4303,показатели комплексного воздействия на окружающую среду,,,,,Анализ влияния деятельности компании на экологию,High,ГП № 4-2025.pdf,2026-07-03
PAR_2101,EXP_4303,использование наилучших доступных технологий,,,,,Оценка применения современных технологий в бизнесе,High,ГП № 4-2025.pdf,2026-07-03
PAR_2102,PRO_4307,Время доставки,часы,,,,"Время, затраченное на доставку груза карьерными автосамосвалами",High,ГП № 4-2025.pdf,2026-07-03
PAR_2103,PRO_4307,Коэффициент загрузки транспортного средства,,,,,Показатель загрузки карьерного автосамосвала при перевозке груза,High,ГП № 4-2025.pdf,2026-07-03
PAR_2104,EQU_307,Вес груза,кг,,,,Мониторинг в режиме реального времени,High,ГП № 4-2025.pdf,2026-07-03
PAR_2105,EQU_307,Расход топлива,л/100 км,,,,Мониторинг в режиме реального времени,High,ГП № 4-2025.pdf,2026-07-03
PAR_2106,EQU_307,Мгновенная скорость,км/ч,,,,Мониторинг в режиме реального времени,High,ГП № 4-2025.pdf,2026-07-03
PAR_2107,EXP_4303,балл,,,90,160,"Рейтинг субъектов РФ, ориентированных на нормативно-правовую поддержку ответственного бизнеса",High,ГП № 4-2025.pdf,2026-07-03
PAR_2108,PRO_4310,Средняя абсолютная ошибка (MAE),,,,,Используется для анализа данных о перевозках,High,ГП № 4-2025.pdf,2026-07-03
PAR_2109,PRO_4310,Среднеквадратичная ошибка (RMSE),,,,,Используется для анализа данных о перевозках,High,ГП № 4-2025.pdf,2026-07-03
PAR_2110,PRO_4312,Объем данных,ГБ,,,,"Объем данных, генерируемых датчиками транспортного средства",High,ГП № 4-2025.pdf,2026-07-03
PAR_2111,EQU_1337,Количество узлов,шт.,,,,Количество узлов в кластере обработки,High,ГП № 4-2025.pdf,2026-07-03
PAR_2112,EQU_1335,Объем хранилища,ТБ,,,,Объем распределенного хранилища,High,ГП № 4-2025.pdf,2026-07-03
PAR_2113,PRO_4313,Среднее значение,,,,,Рассчитывается при анализе временных рядов,High,ГП № 4-2025.pdf,2026-07-03
PAR_2114,PRO_4313,Медиана,,,,,Рассчитывается при анализе временных рядов,High,ГП № 4-2025.pdf,2026-07-03
PAR_2115,PRO_4313,Мода,,,,,Рассчитывается при анализе временных рядов,High,ГП № 4-2025.pdf,2026-07-03
PAR_2116,PRO_4313,Стандартное отклонение,,,,,Рассчитывается при анализе временных рядов,High,ГП № 4-2025.pdf,2026-07-03
PAR_2117,PRO_4313,Дисперсия,,,,,Рассчитывается при анализе временных рядов,High,ГП № 4-2025.pdf,2026-07-03
PAR_2118,PRO_4313,Максимальное значение,,,,,Рассчитывается при анализе временных рядов,High,ГП № 4-2025.pdf,2026-07-03
PAR_2119,PRO_4313,Минимальное значение,,,,,Рассчитывается при анализе временных рядов,High,ГП № 4-2025.pdf,2026-07-03
PAR_2120,PRO_4313,Квартильные значения,,,,,Рассчитывается при анализе временных рядов,High,ГП № 4-2025.pdf,2026-07-03
PAR_2121,EQU_4326,КПД,%,,,,При использовании частичной теплоизоляции камеры сгорания,High,ГП № 4-2025.pdf,2026-07-03
PAR_2122,MAT_4324,Надежность,,,,,При использовании в дизельных двигателях,High,ГП № 4-2025.pdf,2026-07-03
PAR_2123,PRO_4325,Температура,°C,,,,Высокая температура в цилиндрах двигателя,High,ГП № 4-2025.pdf,2026-07-03
PAR_2124,MAT_4324,Адгезия,,,,,Обеспечение хорошего сцепления теплоизоляционного материала с металлической основой,High,ГП № 4-2025.pdf,2026-07-03
PAR_2125,EQU_4332,Топливная экономичность,,,,,При использовании материалов теплоизоляции,High,ГП № 4-2025.pdf,2026-07-03
PAR_2126,EQU_4332,Пусковые качества,,,,,При использовании материалов теплоизоляции,High,ГП № 4-2025.pdf,2026-07-03
PAR_2127,PUB_4333,resource utilization efficiency,,,,,Оценка эффективности использования ресурсов в добывающей промышленности Республики Саха (Якутия),High,ГП № 4-2025.pdf,2026-07-03
PAR_2128,EQU_4326,КПД,%,,,,При использовании теплоизоляции камеры сгорания,High,ГП № 4-2025.pdf,2026-07-03
PAR_2129,PRO_4337,Количество потерянной тепловой энергии,Дж,,,,При сгорании топлива в дизельном двигателе,High,ГП № 4-2025.pdf,2026-07-03
PAR_2130,EXP_4339,объем продукции Y,,,,,Используется в производственной функции CES для анализа экономической деятельности.,High,ГП № 4-2025.pdf,2026-07-03
PAR_2131,EXP_4339,стоимость основных фондов K,,,,,Используется в производственной функции CES для анализа экономической деятельности.,High,ГП № 4-2025.pdf,2026-07-03
PAR_2132,EXP_4339,численность занятых L,,,,,Используется в производственной функции CES для анализа экономической деятельности.,High,ГП № 4-2025.pdf,2026-07-03
PAR_2133,EXP_4349,Q,объем отгруженных товаров,,,,Объем отгруженных товаров собственного производства муниципального района,High,ГП № 4-2025.pdf,2026-07-03
PAR_2134,EXP_4349,K,стоимость основных фондов,,,,Стоимость основных фондов с учетом износа,High,ГП № 4-2025.pdf,2026-07-03
PAR_2135,EXP_4349,L,среднегодовая численность работников,,,,Среднегодовая численность работников предприятий,High,ГП № 4-2025.pdf,2026-07-03
PAR_2136,EXP_4349,Ơ,,,0,1,Доля капитала в производстве,High,ГП № 4-2025.pdf,2026-07-03
PAR_2137,EXP_4349,Ư,,,-1,∞,"Параметр, связанный с эластичностью замены",High,ГП № 4-2025.pdf,2026-07-03
PAR_2138,EXP_4349,Ʊ,,,,,Эластичность замены между капиталом и трудом,High,ГП № 4-2025.pdf,2026-07-03
PAR_2139,EXP_4349,R2,,,0,1,"Коэффициент детерминации, определяющий уровень соответствия данных статистической модели",High,ГП № 4-2025.pdf,2026-07-03
PAR_2140,MAT_4353,Насыпная плотность,кг/м3,,340,520,Изменение плотности породы в сравнении с базовой величиной,High,ГП № 4-2025.pdf,2026-07-03
PAR_2141,MAT_4353,Крупность,м,,"0,005","0,01",Размер куска материала,High,ГП № 4-2025.pdf,2026-07-03
PAR_2142,EXP_4359,R2,,,"0,32","0,99",Значения коэффициента детерминации для различных муниципальных районов Республики Саха (Якутия),High,ГП № 4-2025.pdf,2026-07-03
PAR_2143,EXP_4359,α,,,"0,51","0,53",Значения параметра α для различных муниципальных районов Республики Саха (Якутия),High,ГП № 4-2025.pdf,2026-07-03
PAR_2144,EXP_4359,ρ,,,"0,62","0,77",Значения параметра ρ для различных муниципальных районов Республики Саха (Якутия),High,ГП № 4-2025.pdf,2026-07-03
PAR_2145,PRO_4364,Величина стружки,,,,,Варьируемая величина стружки при копании.,High,ГП № 4-2025.pdf,2026-07-03
PAR_2146,PRO_4364,Крупность породы,,,,,Крупность породы при копании.,High,ГП № 4-2025.pdf,2026-07-03
PAR_2147,PRO_4364,Насыпная плотность породы,,,,,Насыпная плотность породы при копании.,High,ГП № 4-2025.pdf,2026-07-03
PAR_2148,EXP_4367,Толщина стружки,м,,"0,007","0,039",Определяет максимальные усилия копания ковшом экскаватора модельной породы,High,ГП № 4-2025.pdf,2026-07-03
PAR_2149,PRO_12,Продолжительность моделирования,с,"7,5",,,,High,ГП № 4-2025.pdf,2026-07-03
PAR_2150,PRO_12,Размер стороны тетраэдра,м,"0,01",,,Для создания сетки конечных элементов геометрической модели ковша экскаватора,High,ГП № 4-2025.pdf,2026-07-03
PAR_2151,FAC_4369,капитальные затраты,млн руб.,"5168,9",,,,High,ГП № 4-2025.pdf,2026-07-03
PAR_2152,FAC_4358,капитальные вложения,млрд руб.,"136,32",,,,High,ГП № 4-2025.pdf,2026-07-03
PAR_2153,FAC_4357,инвестиционные вложения,млрд руб.,70,,,,High,ГП № 4-2025.pdf,2026-07-03
PAR_2154,PRO_4373,Насыпная плотность,кг/м³,,340,520,Влияние на энергоёмкость процесса копания,High,ГП № 4-2025.pdf,2026-07-03
PAR_2155,PRO_4373,Крупность породы,м,,"0,005","0,039",Влияние на энергоёмкость процесса копания,High,ГП № 4-2025.pdf,2026-07-03
PAR_2156,PRO_4373,Величина стружки,м,,"0,007","0,05",Влияние на энергоёмкость процесса копания,High,ГП № 4-2025.pdf,2026-07-03
PAR_2157,FAC_4357,прирост валовой добавленной стоимости,млрд руб.,"11,6",,,,High,ГП № 4-2025.pdf,2026-07-03
PAR_2158,FAC_4375,прирост валовой добавленной стоимости,млрд руб.,,,,общий прирост ВДС с другими месторождениями,High,ГП № 4-2025.pdf,2026-07-03
PAR_2159,FAC_4376,прирост валовой добавленной стоимости,млрд руб.,,,,общий прирост ВДС с другими месторождениями,High,ГП № 4-2025.pdf,2026-07-03
PAR_2160,FAC_4368,прирост валовой добавленной стоимости,млрд руб.,,,,общий прирост ВДС с другими месторождениями,High,ГП № 4-2025.pdf,2026-07-03
PAR_2161,FAC_4377,рентабельность,,,,,применение инструмента ГЧП недостаточно для освоения месторождения,High,ГП № 4-2025.pdf,2026-07-03
PAR_2162,EQU_4378,производительность,м³/ч,1,,,,High,ГП № 4-2025.pdf,2026-07-03
PAR_2163,EQU_4379,производительность,м³/ч,1,,,,High,ГП № 4-2025.pdf,2026-07-03
PAR_2164,PRO_81,Степень очистки,%,,95,98,Для нерастворимых диспергированных примесей,High,ГП № 4-2025.pdf,2026-07-03
PAR_2165,EQU_4398,Производительность,м³/ч,,25,100,Для очистки сточных вод производительностью до 100 м³/ч,High,ГП № 4-2025.pdf,2026-07-03
PAR_2166,EQU_4399,Производительность,м³/ч,,50,100,Для очистки сточных вод производительностью свыше 100 м³/ч,High,ГП № 4-2025.pdf,2026-07-03
PAR_2167,MAT_4401,Концентрация загрязняющих веществ,мг/дм3,,,,После реагентной обработки и флотации,High,ГП № 4-2025.pdf,2026-07-03
PAR_2168,EQU_4403,Степень очистки,%,,,,По пяти показателям,High,ГП № 4-2025.pdf,2026-07-03
PAR_2169,EQU_4404,Степень очистки,%,,,,По восьми показателям,High,ГП № 4-2025.pdf,2026-07-03
PAR_2170,MAT_4407,Давление нагружения,Единицы давления,,,,Одноосное сжатие угольного образца,High,ГП № 4-2025.pdf,2026-07-03
PAR_2171,MAT_4407,температура,°C,240,,,Перед видимым разрушением испытуемого угольного образца,High,ГП № 4-2025.pdf,2026-07-03
PAR_2172,MAT_4407,напряжение,Па,12∙106,,,Перед разрушением угольного образца,High,ГП № 4-2025.pdf,2026-07-03
PAR_2173,EQU_4398,производительность,м³/ч,25,,,,High,ГП № 4-2025.pdf,2026-07-03
PAR_2174,EQU_4412,производительность,м³/ч,,50,100,,High,ГП № 4-2025.pdf,2026-07-03
PAR_2175,PRO_4413,Скорость распространения маятниковых волн,,,,,Используется в операторе связи для описания модуляции геовещества,High,ГП № 4-2025.pdf,2026-07-03
PAR_2176,PRO_4417,Расход газа,мл/мин,,"126,7","216,5",Входное давление: 5∙10–3 МПа,High,ГП № 4-2025.pdf,2026-07-03
PAR_2177,MAT_4407,Марка угля,,"ГЖ, Ж",,,,High,ГП № 4-2025.pdf,2026-07-03
PAR_2178,MAT_4407,Зольность,%,,"5,4","6,8",,High,ГП № 4-2025.pdf,2026-07-03
PAR_2179,PRO_460,Давление,МПа,6,,,Предельное давление нагружения угольных образцов,High,ГП № 4-2025.pdf,2026-07-03
PAR_2180,PRO_4420,Частота,Гц,,0.5,5,Низкочастотные процессы внутреннего микродеформирования,High,ГП № 4-2025.pdf,2026-07-03
PAR_2181,PUB_895,Проницаемость,не указана,,,,При пропускании газов через угольные образцы,High,ГП № 4-2025.pdf,2026-07-03
PAR_2182,PUB_895,Объем пор,нм,,0.5,1000,При измерении методом ртутной порометрии,High,ГП № 4-2025.pdf,2026-07-03
PAR_2183,EXP_4436,мощность междупластья,м,8,,,"При h = 8 м степень нагружения увеличивается с 0,35 до 0,7 за счет обрушения краевых частей целиков.",High,ГП № 4-2025.pdf,2026-07-03
PAR_2184,PRO_4439,Угол падения рудного тела,градусы,,,,Влияние на распределение нагрузок в целиках,High,ГП № 4-2025.pdf,2026-07-03
PAR_2185,PRO_4439,Глубина ведения горных работ,метры,,,,Влияние на распределение нагрузок в целиках,High,ГП № 4-2025.pdf,2026-07-03
PAR_2186,PRO_4439,Механические свойства вмещающих пород,,,,,Влияние на оптимальные размеры целиков,High,ГП № 4-2025.pdf,2026-07-03
PAR_2187,PRO_4439,Механические свойства закладочного материала,,,,,Влияние на оптимальные размеры целиков,High,ГП № 4-2025.pdf,2026-07-03
PAR_2188,PRO_4432,Глубина,м,,300,800,Проведение горных работ,High,ГП № 4-2025.pdf,2026-07-03
PAR_2189,PRO_4447,Угол,º,,40,90,Определение мощности междуэтажных целиков,High,ГП № 4-2025.pdf,2026-07-03
PAR_2190,PRO_4448,Толщина,м,,1,8,Определение мощности междуэтажных целиков,High,ГП № 4-2025.pdf,2026-07-03
PAR_2191,PRO_4451,Концентрация,Не указана,,,,Превышение концентраций вредных компонентов выхлопных газов оказывает негативное влияние на здоровье работающих под землёй,High,ГП № 4-2025.pdf,2026-07-03
PAR_2192,MAT_4453,Предельно допустимая концентрация (ПДК),%,"0,0017",,,В рабочей зоне персонала,High,ГП № 4-2025.pdf,2026-07-03
PAR_2193,MAT_4454,Предельно допустимая концентрация (ПДК),%,"0,00026",,,В рабочей зоне персонала,High,ГП № 4-2025.pdf,2026-07-03
PAR_2194,EXP_4460,Длина горной выработки,м,80,,,Параметры модели тупиковой горной выработки,High,ГП № 4-2025.pdf,2026-07-03
PAR_2195,EXP_4460,Ширина горной выработки,м,4,,,Параметры модели тупиковой горной выработки,High,ГП № 4-2025.pdf,2026-07-03
PAR_2196,EXP_4460,Высота горной выработки,м,3,,,Параметры модели тупиковой горной выработки,High,ГП № 4-2025.pdf,2026-07-03
PAR_2197,EXP_4460,Расстояние от тупика до источника выхлопа,м,23,,,Параметры модели тупиковой горной выработки,High,ГП № 4-2025.pdf,2026-07-03
PAR_2198,EXP_4460,Отставание конца вентиляционного става от тупиковой части выработки,м,15,,,Параметры модели тупиковой горной выработки,High,ГП № 4-2025.pdf,2026-07-03
PAR_2199,MAT_4463,Концентрация,ppm,,,,Результаты моделирования и натурных исследований,High,ГП № 4-2025.pdf,2026-07-03
PAR_2200,MAT_4464,Концентрация,,,,,Результаты моделирования для различных расположений выхлопной трубы,High,ГП № 4-2025.pdf,2026-07-03
PAR_2201,EQU_4465,Расположение,,,,,"Позади снизу ТС, сбоку ТС, позади сверху ТС",High,ГП № 4-2025.pdf,2026-07-03
PAR_2202,MAT_621,Потребность,%,,103,3535,Для достижения углеводородной нейтральности в части электрификации автотранспорта к 2050 г.,High,ГП № 4-2025.pdf,2026-07-03
PAR_2203,PRO_4477,Соотношение Q/q,,,"0,061","0,101",В зависимости от расположения выхлопной трубы,High,ГП № 4-2025.pdf,2026-07-03
PAR_2204,MAT_621,добыча,не указана,,,,Динамика добычи лития в разных странах,High,ГП № 4-2025.pdf,2026-07-03
PAR_2205,FAC_4482,проектная мощность,т/год,14000,,,,High,ГП № 4-2025.pdf,2026-07-03
PAR_2206,FAC_4484,добыча,тонны,,,,добыча литийсодержащих пегматитов,High,ГП № 4-2025.pdf,2026-07-03
PAR_2207,EQU_4493,мощность,кВт,566,,,,High,ГП № 5-2025.pdf,2026-07-03
PAR_2208,EQU_4493,объем,л,16.72,,,,High,ГП № 5-2025.pdf,2026-07-03
PAR_2209,EQU_4501,температура пуска,°C,-55,-55,,зимняя комплектация,High,ГП № 5-2025.pdf,2026-07-03
PAR_2210,FAC_4503,дата запуска,год,2025,,,,High,ГП № 4-2025.pdf,2026-07-03
PAR_2211,FAC_4504,этап разработки,,согласование финансирования,,,ожидается в 2025 году,High,ГП № 4-2025.pdf,2026-07-03
PAR_2212,FAC_4505,этап разработки,,согласование финансирования,,,ожидается в 2025 году,High,ГП № 4-2025.pdf,2026-07-03
PAR_2213,FAC_4506,дата запуска,год,2025,,,начало выпуска гидроксида лития высокой чистоты,High,ГП № 4-2025.pdf,2026-07-03
PAR_2214,PRO_4512,Срок создания продукта,год,,1,3,Длительность процесса разработки и производства нового продукта,High,ГП № 5-2025.pdf,2026-07-03
PAR_2215,MAT_4520,температура,°C,,,,при использовании реагента для определенной руды,High,ГП № 5-2025.pdf,2026-07-03
PAR_2216,MAT_4520,уровень pH,,,,,при использовании реагента для определенной руды,High,ГП № 5-2025.pdf,2026-07-03
PAR_2217,FAC_4523,производительность,тонн/сутки,250,,,,High,ГП № 5-2025.pdf,2026-07-03
PAR_2218,EQU_4531,Магнитуда колебания недр,,Практически незаметная,,,При использовании электронной системы инициирования,High,ГП № 5-2025.pdf,2026-07-03
PAR_2219,PRO_4537,Уровень напряжений,,,,,Может корректироваться на этапах разработки месторождений,High,ГП № 5-2025.pdf,2026-07-03
PAR_2220,PRO_4545,Прочность,Па,,,,При подземной добыче руд,High,ГП № 5-2025.pdf,2026-07-03
PAR_2221,PRO_4553,Природные напряжения,МПа,,,,,High,ГП № 5-2025.pdf,2026-07-03
PAR_2222,PRO_4553,Техногенные напряжения,МПа,,,,,High,ГП № 5-2025.pdf,2026-07-03
PAR_2223,PRO_4553,Предельные напряжения,МПа,,,,,High,ГП № 5-2025.pdf,2026-07-03
PAR_2224,PRO_4557,Время наблюдения,часы,12.5,,,"04.03.2025, 1 смена",High,ГП № 5-2025.pdf,2026-07-03
PAR_2225,PRO_4561,Производительное время работы,ч,"9,7",8,,Хронометраж работы бульдозера,High,ГП № 5-2025.pdf,2026-07-03
PAR_2226,PRO_4561,Объем работ за производительный час,м3/ч,"1416,4",1451,,Расчет на основе производительного времени,High,ГП № 5-2025.pdf,2026-07-03
PAR_2227,PRO_4561,Удельный расход топлива,л/тыс. м3,57,"57,4",,Расчет на основе расхода топлива,High,ГП № 5-2025.pdf,2026-07-03
PAR_2228,EQU_4564,Норма производительного времени в смене,ч,8,,,Для машиниста средней квалификации,High,ГП № 5-2025.pdf,2026-07-03
PAR_2229,EQU_4564,Объем работ в производительном часе,м3,1451,,,,High,ГП № 5-2025.pdf,2026-07-03
PAR_2230,EQU_4564,Удельный расход дизельного топлива,л/тыс.м3,"57,4",,,Горной массы при нормальных погодных условиях,High,ГП № 5-2025.pdf,2026-07-03
PAR_2231,PRO_4561,Объем работы за производительный час,м3,1451,,,При нормальных погодных условиях,High,ГП № 5-2025.pdf,2026-07-03
PAR_2232,PRO_4561,Количество производительных часов в смену,часы,8,,,Для оператора средней квалификации,High,ГП № 5-2025.pdf,2026-07-03
PAR_2233,PRO_4561,Удельный расход дизельного топлива,л/тыс. м3,57.4,,,На единицу выполненной работы,High,ГП № 5-2025.pdf,2026-07-03
PAR_2234,EXP_4570,Скорость детонации,км/с,,1.8,8.5,При проведении полигонных испытаний зарядов,High,ГП № 5-2025.pdf,2026-07-03
PAR_2235,PRO_1496,Масса взрываемого ВВ,кг,,,,Влияние на сейсмический эффект массовых взрывов,High,ГП № 5-2025.pdf,2026-07-03
PAR_2236,PRO_1496,Количество групп скважин,,,,,При различном удельном расходе ПВВ,High,ГП № 5-2025.pdf,2026-07-03
PAR_2237,PRO_1496,Глубина заложения зарядов,м,,,,,High,ГП № 5-2025.pdf,2026-07-03
PAR_2238,PRO_1496,Точность средств инициирования,,,,,,High,ГП № 5-2025.pdf,2026-07-03
PAR_2239,PRO_1573,Сейсмическое воздействие,,,,,"При проведении взрывов вблизи жилой застройки, охраняемых объектов и инженерных коммуникаций",High,ГП № 5-2025.pdf,2026-07-03
PAR_2240,PRO_1496,Скорость детонации,,,,,Влияние на структуру сейсмического поля,High,ГП № 5-2025.pdf,2026-07-03
PAR_2241,PRO_1496,Скорость выделения энергии,,,,,Влияние на векторную скорость смещения грунта,High,ГП № 5-2025.pdf,2026-07-03
PAR_2242,PRO_4569,Степень влияния факторов-концептов,,,,,Оценка состояния функциональной структуры технологической системы угольной шахты,High,ГП № 5-2025.pdf,2026-07-03
PAR_2243,PRO_1496,Скорость детонации,км/с,,"1,8","8,5","Для зарядов со скоростью детонации от 1,8 до 8,5 км/с изучены закономерности влияния скорости детонации на результирующую векторную скорость грунта.",High,ГП № 5-2025.pdf,2026-07-03
PAR_2244,PRO_4582,Время пробега волн,с,,,,При ультразвуковом сканировании определяются времена пробега прямых P и S волн в трех взаимно перпендикулярных направлениях.,High,ГП № 5-2025.pdf,2026-07-03
PAR_2245,PRO_1573,Первоначальная скорость разлета осколков,м/с,,45,194,Зависит от угла вылета и расстояния разлета,High,ГП № 5-2025.pdf,2026-07-03
PAR_2246,PRO_1573,Угол вылета осколков,град,,45,80,,High,ГП № 5-2025.pdf,2026-07-03
PAR_2247,PRO_1573,Максимальная высота осколков взрыва,м,,63,400,Зависит от первоначальной скорости и угла вылета,High,ГП № 5-2025.pdf,2026-07-03
PAR_2248,PRO_343,Размер охранной зоны,м,,40,90,Безопасная эксплуатация солнечных панелей при ведении буровзрывных работ,High,ГП № 5-2025.pdf,2026-07-03
PAR_2249,PRO_1573,Минимальное безопасное расстояние,м,200,200,,"Расстояние от верхних уступов северного борта карьера с установленными солнечными панелями, на котором возможно вести горные работы с применением буровзрывных работ",High,ГП № 5-2025.pdf,2026-07-03
PAR_2250,PRO_1573,Высота уступа,м,10,10,,Параметры БВР на месторождениях Южного Урала,High,ГП № 5-2025.pdf,2026-07-03
PAR_2251,PRO_1573,Глубина вертикальных скважин,м,,11.5,12,Параметры БВР на месторождениях Южного Урала,High,ГП № 5-2025.pdf,2026-07-03
PAR_2252,PRO_1573,Диаметр скважин,м,,0.165,0.220,Параметры БВР на месторождениях Южного Урала,High,ГП № 5-2025.pdf,2026-07-03
PAR_2253,PRO_4590,Сохранение нечеткого представления,,100%,,,На всех этапах моделирования,High,ГП № 5-2025.pdf,2026-07-03
PAR_2254,PRO_4590,Обеспечение принадлежности к кластеру,,100%,,,С позиций когнитивного подхода,High,ГП № 5-2025.pdf,2026-07-03
PAR_2255,PRO_1573,Параметры буровзрывной подготовки,,,,,При обеспечении безопасности охраняемых зон,High,ГП № 5-2025.pdf,2026-07-03
PAR_2256,EQU_4588,Срок ввода в эксплуатацию,Время,Минимальный,,,При установке на элементы горнотехнической системы,High,ГП № 5-2025.pdf,2026-07-03
PAR_2257,PRO_1573,Минимальная охранная зона,метры,,,,Для безопасного монтажа и эксплуатации солнечных панелей на верхних уступах карьера,High,ГП № 5-2025.pdf,2026-07-03
PAR_2258,FAC_1623,Угол откоса,градусы,,,,Влияние на размер охранной зоны,High,ГП № 5-2025.pdf,2026-07-03
PAR_2259,MAT_667,Размерность,,,,,Применяются на подземных самосвалах,High,ГП № 5-2025.pdf,2026-07-03
PAR_2260,MAT_667,Пробег,м.ч.,1687,,,Средний пробег шин размерности 29.5 R25 на ПАО «Гайский ГОК» в 2024 году,High,ГП № 5-2025.pdf,2026-07-03
PAR_2261,MAT_244,средний пробег,м.ч,,920,1687,испытания на подземных самосвалах,High,ГП № 5-2025.pdf,2026-07-03
PAR_2262,EQU_8,Тип моделирования,,Виртуальное моделирование,,,Используется для оценки прочности конструкции козырька,High,ГП № 5-2025.pdf,2026-07-03
PAR_2263,PRO_4604,Стандарт,,ГОСТ ISO 3449–2014,,,Требования к испытаниям на прочность конструкции,High,ГП № 5-2025.pdf,2026-07-03
PAR_2264,EQU_4609,Зона безопасности,мм,100,,,Ограничение для поверхности козырька,High,ГП № 5-2025.pdf,2026-07-03
PAR_2265,EQU_270,Средний пробег,м.ч.,,620,800,Длинные плечи откатки (более 1500 м),High,ГП № 5-2025.pdf,2026-07-03
PAR_2266,EQU_269,Средний пробег,м.ч.,,,,"Короткие плечи (менее 1500 м), увеличение ходимости более чем в 1,5 раза",High,ГП № 5-2025.pdf,2026-07-03
PAR_2267,EQU_4611,Средний пробег,м.ч.,,,,"Длинные плечи откатки, увеличение пробега в 1,5–2 раза",High,ГП № 5-2025.pdf,2026-07-03
PAR_2268,EQU_4614,средний пробег,м.ч,920,,,эксплуатируются на самосвалах в АО «Учалинский ГОК»,High,ГП № 5-2025.pdf,2026-07-03
PAR_2269,EQU_4615,средний пробег,м.ч,920,,,эксплуатируются на самосвалах в АО «Учалинский ГОК»,High,ГП № 5-2025.pdf,2026-07-03
PAR_2270,EQU_4616,средний пробег,м.ч,1596,,,эксплуатируются на самосвалах на длинных плечах откатки в АО «Учалинский ГОК»,High,ГП № 5-2025.pdf,2026-07-03
PAR_2271,EQU_4616,средний пробег,м.ч,1687,,,эксплуатируются на подземных самосвалах в ПАО «Гайский ГОК»,High,ГП № 5-2025.pdf,2026-07-03
PAR_2272,EQU_4618,Толщина поверхности,мм,,,,Оптимизация конструкции для увеличения грузоподъемности платформы,High,ГП № 5-2025.pdf,2026-07-03
PAR_2273,EQU_4618,Пластическая деформация,%,"до 0,001%",,"0,001%",При ударе стандартным предметом,High,ГП № 5-2025.pdf,2026-07-03
PAR_2274,PRO_4620,Толщина конструктивных элементов,мм,6,,,,High,ГП № 5-2025.pdf,2026-07-03
PAR_2275,PRO_4620,Целевой размер сетки,мм,50,,,,High,ГП № 5-2025.pdf,2026-07-03
PAR_2276,PRO_4620,Скорость стандартного предмета,м/с,"10,1",,,,High,ГП № 5-2025.pdf,2026-07-03
PAR_2277,PRO_4620,Масса стандартного предмета,кг,227,,,,High,ГП № 5-2025.pdf,2026-07-03
PAR_2278,PRO_2232,Доля открытой добычи,%,62,,,2023 год,High,ГП № 5-2025.pdf,2026-07-03
PAR_2279,PRO_2232,Доля подземной добычи,%,38,,,2023 год,High,ГП № 5-2025.pdf,2026-07-03
PAR_2280,PRO_4627,Добавленная стоимость,млрд долл.,"194,4",,,2024 год,High,ГП № 5-2025.pdf,2026-07-03
PAR_2281,PUB_895,Мировые запасы,%,22–23,22,23,Запасы угля в США,High,ГП № 5-2025.pdf,2026-07-03
PAR_2282,PUB_895,Добыча,млн тонн,519,519,519,Добыча угля в США в 2023 году,High,ГП № 5-2025.pdf,2026-07-03
PAR_2283,PUB_895,Экспорт,млн тонн,"90,7","90,7","90,7",Экспорт угля из США в 2023 году,High,ГП № 5-2025.pdf,2026-07-03
PAR_2284,FAC_4633,Проектная мощность,млн т угля в год,45,,,,High,ГП № 5-2025.pdf,2026-07-03
PAR_2285,FAC_4633,Средний коэффициент вскрыши,м³/т,"4,4",,,,High,ГП № 5-2025.pdf,2026-07-03
PAR_2286,MAT_2964,Прочность на сжатие,МПа,,"5,5","77,9",Для различных типов горных пород,High,ГП № 5-2025.pdf,2026-07-03
PAR_2287,EQU_4636,Производительность,м³/ч,,650,1400,В зависимости от прочности пород на сжатие,High,ГП № 5-2025.pdf,2026-07-03
PAR_2288,PRO_4640,прочность,,,,,определяет границы технологических зон для безвзрывной отработки,High,ГП № 5-2025.pdf,2026-07-03
PAR_2289,EQU_4642,производительность,м³/ч,,750,1100,при использовании ПАВ и прочности пород на сжатие от 60 до 80 МПа,High,ГП № 5-2025.pdf,2026-07-03
PAR_2290,MAT_2552,прочность пород на сжатие,МПа,,60,80,условия применения ПАВ для разупрочнения пород,High,ГП № 5-2025.pdf,2026-07-03
PAR_2291,PRO_4645,температура,°C,,-7,-1,Влияние на потери рудной массы при донном выпуске,High,ГП № 5-2025.pdf,2026-07-03
PAR_2292,MAT_4644,влажность,%,1,,,Влияние на потери при температуре очистного пространства от -1 °C до -7 °C,High,ГП № 5-2025.pdf,2026-07-03
PAR_2293,PRO_4650,Влажность,%,1,,,При выпуске руды,High,ГП № 5-2025.pdf,2026-07-03
PAR_2294,PRO_4645,Температура,°C,,-1,-7,При выпуске руды,High,ГП № 5-2025.pdf,2026-07-03
PAR_2295,PRO_4653,Максимальное напряжение,Не указано,,,,Рассчитывается по экспериментальным данным,High,ГП № 5-2025.pdf,2026-07-03
PAR_2296,PRO_4653,Минимальное напряжение,Не указано,,,,Рассчитывается по экспериментальным данным,High,ГП № 5-2025.pdf,2026-07-03
PAR_2297,EXP_4656,главные деформации,,,,,Измеряются на забое скважины,High,ГП № 5-2025.pdf,2026-07-03
PAR_2298,EXP_4656,главные напряжения,,,,,Рассчитываются по главным деформациям,High,ГП № 5-2025.pdf,2026-07-03
PAR_2299,EXP_4656,максимальное тангенциальное напряжение,,,,,Рассчитывается на торце скважины,High,ГП № 5-2025.pdf,2026-07-03
PAR_2300,PRO_4658,температура,°C,,-12,0,температура массива горных пород рудных месторождений Якутии,High,ГП № 5-2025.pdf,2026-07-03
PAR_2301,PRO_4658,влажность,,,,,влияние влажности на показатели извлечения рудной массы,High,ГП № 5-2025.pdf,2026-07-03
PAR_2302,EQU_4668,Углы расположения датчиков,градусы,,0,135,Измерение деформаций в массиве горных пород,High,ГП № 5-2025.pdf,2026-07-03
PAR_2303,EXP_4674,температура воздуха,°C,,-7,+1,температура воздуха в криокамере,High,ГП № 5-2025.pdf,2026-07-03
PAR_2304,EXP_4674,влажность рудной массы,%,1,0,1,степень увлажнения рудного материала,High,ГП № 5-2025.pdf,2026-07-03
PAR_2305,EXP_4677,Модуль упругости,ГПа,"87,0",,,Исходные данные для поверочного расчёта,High,ГП № 5-2025.pdf,2026-07-03
PAR_2306,EXP_4677,Коэффициент Пуассона,,"0,22",,,Исходные данные для поверочного расчёта,High,ГП № 5-2025.pdf,2026-07-03
PAR_2307,EXP_4683,Минимальное напряжение,МПа,"-11,3","-12,6","-11,7",Результаты численного решения системы уравнений по Пути 2,High,ГП № 5-2025.pdf,2026-07-03
PAR_2308,EXP_4683,Максимальное напряжение,МПа,"-56,6","-55,7","-57,7",Результаты численного решения системы уравнений по Пути 2,High,ГП № 5-2025.pdf,2026-07-03
PAR_2309,MAT_4684,давление течения,ГПа,0.48±0.05,,,При превышении этого давления происходит инициирование взрыва,High,ГП № 5-2025.pdf,2026-07-03
PAR_2310,EXP_4685,частость взрывов,%,,16,24,Для газифицированной эмульсии,High,ГП № 5-2025.pdf,2026-07-03
PAR_2311,EQU_4686,Масса навески,мг,50,,,Испытания на частость взрывов,High,ГП № 5-2025.pdf,2026-07-03
PAR_2312,EQU_4686,Высота сброса груза,мм,250,,,Испытания на частость взрывов,High,ГП № 5-2025.pdf,2026-07-03
PAR_2313,EQU_4687,Масса навески,мг,100,,,Определение нижнего предела чувствительности к удару,High,ГП № 5-2025.pdf,2026-07-03
PAR_2314,MAT_4695,Содержание компонентов,масс. %,,,,Компонентный состав эмульсии представлен в таблице 1,High,ГП № 5-2025.pdf,2026-07-03
PAR_2315,EQU_4699,Сопротивление,Ом,,500,1500,При изготовлении тензодатчика,High,ГП № 5-2025.pdf,2026-07-03
PAR_2316,EQU_4699,Калибровочный коэффициент,ГПа/мВ,"0,02967",,,При калибровке датчика,High,ГП № 5-2025.pdf,2026-07-03
PAR_2317,EQU_4700,Область спектральной чувствительности,мкм,,"0,3","1,8",,High,ГП № 5-2025.pdf,2026-07-03
PAR_2318,MAT_2486,Плотность,г/см3,"0,86",,,после газификации,High,ГП № 5-2025.pdf,2026-07-03
PAR_2319,MAT_2486,Нижний предел чувствительности к удару,мм,120,,,,High,ГП № 5-2025.pdf,2026-07-03
PAR_2320,FAC_4708,производительность,млн т руды в год,,18,21,Обогатительная фабрика №1,High,ГП № 5-2025.pdf,2026-07-03
PAR_2321,FAC_4708,производительность,млн т руды в год,,9,10,Обогатительная фабрика №2,High,ГП № 5-2025.pdf,2026-07-03
PAR_2322,FAC_4709,Отметка гребня,м,"277,00",,,Первичная ограждающая дамба,High,ГП № 5-2025.pdf,2026-07-03
PAR_2323,FAC_4709,Ширина гребня,м,"12,0",,,Первичная ограждающая дамба,High,ГП № 5-2025.pdf,2026-07-03
PAR_2324,FAC_4709,Заложение низового и верхового откосов,,"1:3,5",,,Первичная ограждающая дамба,High,ГП № 5-2025.pdf,2026-07-03
PAR_2325,FAC_4709,Общая длина по гребню,м,"9895,0",,,Первичная ограждающая дамба,High,ГП № 5-2025.pdf,2026-07-03
PAR_2326,FAC_4709,Максимальная высота,м,"13,0",,,Первичная ограждающая дамба,High,ГП № 5-2025.pdf,2026-07-03
PAR_2327,MAT_2486,Давление течения,ГПа,"0,48","0,43","0,53",При превышении этого значения возможен взрыв,High,ГП № 5-2025.pdf,2026-07-03
PAR_2328,MAT_2486,Чувствительность к удару,%,,16,24,При проведении стандартных испытаний по ГОСТ 4545–88,High,ГП № 5-2025.pdf,2026-07-03
PAR_2329,PRO_1506,Осветление воды,,,,,Необходимость обеспечения требуемых показателей осветления оборотной воды,High,ГП № 5-2025.pdf,2026-07-03
PAR_2330,MAT_1126,Плотность твёрдых частиц,т/м³,,"2,82","2,84",,High,ГП № 5-2025.pdf,2026-07-03
PAR_2331,EXP_4733,Количество записей,штук,"более 2,4 млн",,,"Данные о дефектах, инцидентах и метриках производительности",High,ГП № 5-2025.pdf,2026-07-03
PAR_2332,EQU_1655,Время простоя,ч/мес,,"11,4","18,7",До и после внедрения системы мониторинга,High,ГП № 5-2025.pdf,2026-07-03
PAR_2333,EQU_1655,Дополнительная добыча,т/мес,2347,0,,После внедрения системы мониторинга,High,ГП № 5-2025.pdf,2026-07-03
PAR_2334,EQU_1655,Точность прогнозирования,Безразмерная величина,"0,923 для краткосрочного прогнозирования и 0,867 для долгосрочного",,,При использовании ансамблевых методов и нейронных сетей LSTM,High,ГП № 5-2025.pdf,2026-07-03
PAR_2335,EQU_1655,Коэффициент стабильности прогнозов,Безразмерная величина,"0,891",,,При тестировании на данных различных предприятий,High,ГП № 5-2025.pdf,2026-07-03
PAR_2336,EQU_4735,Максимальная частота инцидентов,Интервал времени,14:00–18:00,,,"Локальное время, пик производственной активности",High,ГП № 5-2025.pdf,2026-07-03
PAR_2337,EQU_4735,Потребление вычислительных ресурсов,%,"8,7",,,От общей производительности серверной инфраструктуры предприятия,High,ГП № 5-2025.pdf,2026-07-03
PAR_2338,PRO_4737,Время обнаружения дефектов,ч,,"1,5","72,4",Время от момента возникновения дефекта до его обнаружения операторами,High,ГП № 5-2025.pdf,2026-07-03
PAR_2339,EXP_4738,Точность прогнозирования отказов,,"0,891",,,Коэффициент точности прогнозирования отказов ПО,High,ГП № 5-2025.pdf,2026-07-03
PAR_2340,EQU_4739,Коэффициент надёжности,,"0,997",,,Стабильность характеристик системы в течение 24 месяцев эксплуатации,High,ГП № 5-2025.pdf,2026-07-03
PAR_2341,EQU_4739,Точность прогнозирования отказов,,"0,891",,,,High,ГП № 5-2025.pdf,2026-07-03
PAR_2342,EQU_4739,Сокращение времени обнаружения дефектов,%,"67,3",,,,High,ГП № 5-2025.pdf,2026-07-03
PAR_2343,EQU_4742,Время внедрения,недели,"3,7",,,,High,ГП № 5-2025.pdf,2026-07-03
PAR_2344,PRO_4740,Время обнаружения критических ошибок,%,67.3,,,Сравнение с традиционными методами,High,ГП № 5-2025.pdf,2026-07-03
PAR_2345,PRO_4740,Коэффициент точности прогнозирования отказов,,0.891,,,,High,ГП № 5-2025.pdf,2026-07-03
PAR_2346,PRO_4740,Корреляция с фактическими инцидентами,,0.847,,,,High,ГП № 5-2025.pdf,2026-07-03
PAR_2347,EQU_4747,Величина вруба,,,,,"Величина вруба выбирается исходя из условий, при которых величина вруба превышает величину техногенной нарушенности приконтурных пород",High,ГП № 5-2025.pdf,2026-07-03
PAR_2348,EQU_4751,Тип движения,,Пространственная спираль,,,При разрушении горных пород,High,ГП № 5-2025.pdf,2026-07-03
PAR_2349,EQU_4751,Увеличение площади сечения выработки,,,,,Локальное увеличение площади сечения выработки на участке возведения перемычки,High,ГП № 5-2025.pdf,2026-07-03
PAR_2350,EQU_4751,Продольные направляющие,,,,,Используются для крепления и перемещения каретки с породоразрушающим исполнительным органом,High,ГП № 5-2025.pdf,2026-07-03
PAR_2351,EQU_4751,Каретка,,,,,Перемещается вдоль продольных направляющих и служит основой для установки манипулятора с породоразрушающим исполнительным органом,High,ГП № 5-2025.pdf,2026-07-03
PAR_2352,EQU_4751,Манипулятор,,,,,Устанавливается на каретке и служит для позиционирования породоразрушающего исполнительного органа относительно поверхности горной выработки,High,ГП № 5-2025.pdf,2026-07-03
PAR_2353,PRO_4748,Трудоемкость,Единицы измерения не указаны,,,,Высокая трудоемкость и значительные временные затраты,High,ГП № 5-2025.pdf,2026-07-03
PAR_2354,FAC_4760,запасы золота,тонны,83,,,категория C2,High,ГП № 5-2025.pdf,2026-07-03
PAR_2355,FAC_4761,запасы золота,тонны,15,,,,High,ГП № 5-2025.pdf,2026-07-03
PAR_2356,FAC_4762,запасы золота,тонны,"7,4",,,,High,ГП № 5-2025.pdf,2026-07-03
PAR_2357,FAC_4769,запасы золота,тонны,"22,8",,,,High,ГП № 5-2025.pdf,2026-07-03
PAR_2358,FAC_4773,Прогнозные ресурсы,тонны,"39,7",,,,High,ГП № 5-2025.pdf,2026-07-03
PAR_2359,FAC_4774,Запасы золота,тонны,"48,7",,,Запасы золота на Тарданском рудном узле,High,ГП № 5-2025.pdf,2026-07-03
PAR_2360,FAC_4775,Прогнозные ресурсы золота,тонны,,19,20,Гордеевское рудопроявление,High,ГП № 5-2025.pdf,2026-07-03
PAR_2361,EQU_4779,грузоподъёмность,тонны,136,,,БелАЗ-7513R,High,ГП № 5-2025.pdf,2026-07-03
PAR_2362,EQU_4782,Степень автономности,,,,,Высокая степень автономности и независимости от оператора,High,ГП № 5-2025.pdf,2026-07-03
PAR_2363,EQU_4782,Наличие искусственного интеллекта,,Есть,,,Оснащена системами искусственного интеллекта,High,ГП № 5-2025.pdf,2026-07-03
PAR_2364,EQU_4785,Увеличение производительности грузоперевозок,%,,15,20,По сравнению с пилотируемым транспортом,High,ГП № 5-2025.pdf,2026-07-03
PAR_2365,EQU_4785,Уменьшение расхода топлива,%,,10,15,По сравнению с пилотируемым транспортом,High,ГП № 5-2025.pdf,2026-07-03
PAR_2366,EQU_4785,Снижение износа автомобильных шин,%,,5,15,По сравнению с пилотируемым транспортом,High,ГП № 5-2025.pdf,2026-07-03
PAR_2367,EQU_4785,Сокращение расходов на техническое обслуживание,%,8,,,,High,ГП № 5-2025.pdf,2026-07-03
PAR_2368,EQU_4785,Повышение коэффициента использования автомобилей,%,,10,20,По сравнению с лучшей практикой вождения пилотируемого автомобильного транспорта,High,ГП № 5-2025.pdf,2026-07-03
PAR_2369,EQU_4788,Эффективность,,,,,Зависит от соответствия технологической среды и наличия нормативной базы,High,ГП № 5-2025.pdf,2026-07-03
PAR_2370,PRO_4789,Уровень автоматизации,Не применимо,Четвертый уровень,Не применимо,Не применимо,Полная автоматизация всех основных машин,High,ГП № 5-2025.pdf,2026-07-03
PAR_2371,EQU_1344,Количество операций в минуту,Операций в минуту,90,90,90,В течение одного цикла,High,ГП № 5-2025.pdf,2026-07-03
PAR_2372,FAC_2621,Доля дотаций из федерального бюджета,%,более 40,40,,Последние три года,High,ГП № 5-2025.pdf,2026-07-03
PAR_2373,FAC_2621,Уровень расчётной бюджетной обеспеченности,,,"0,213","0,717",2022-2024 гг.,High,ГП № 5-2025.pdf,2026-07-03
PAR_2374,FAC_2621,Рост объёма валового регионального продукта (ВРП),%,"46,3",,,2018-2022 гг.,High,ГП № 5-2025.pdf,2026-07-03
PAR_2375,EXP_4795,Уровень цифровизации,,,,,Влияние на производительность труда,High,ГП № 5-2025.pdf,2026-07-03
PAR_2376,EXP_4795,Темп роста,%,,-100,"414,3",Изменение профессиональной структуры персонала,High,ГП № 5-2025.pdf,2026-07-03
PAR_2377,PUB_4803,снижение доли работников на традиционных рабочих местах,%,21.4,,,в результате цифровизации,High,ГП № 5-2025.pdf,2026-07-03
PAR_2378,PUB_4803,рост спроса на IT-специалистов,%,285,,,в результате цифровизации,High,ГП № 5-2025.pdf,2026-07-03
PAR_2379,PUB_4803,рост спроса на операторов роботизированных систем,%,156,,,в результате цифровизации,High,ГП № 5-2025.pdf,2026-07-03
PAR_2380,PUB_4803,экономический коэффициент эффективности цифровизации,,2.12,,,,High,ГП № 5-2025.pdf,2026-07-03
PAR_2381,PUB_4803,срок окупаемости инвестиций,лет,4.2,,,сокращение с 7.8 лет до 4.2 лет в результате цифровизации,High,ГП № 5-2025.pdf,2026-07-03
PAR_2382,PRO_4806,Индекс цифровой зрелости,баллы,,0.26,0.81,Зависимость производительности труда от уровня цифровизации предприятия,High,ГП № 5-2025.pdf,2026-07-03
PAR_2383,PRO_4807,"Себестоимость добычи, руб/т",руб/т,,1567,2485,Зависимость себестоимости добычи угля от уровня цифровизации предприятия,High,ГП № 5-2025.pdf,2026-07-03
PAR_2384,PRO_1115,Рост производительности труда,%,,46.2,,Угледобывающие предприятия,High,ГП № 5-2025.pdf,2026-07-03
PAR_2385,PRO_1115,Сокращение доли традиционных рабочих профессий,%,,21.4,,Угольная промышленность,High,ГП № 5-2025.pdf,2026-07-03
PAR_2386,PRO_1115,Рост потребности в IT-специалистах,%,,283.3,,Угольная промышленность,High,ГП № 5-2025.pdf,2026-07-03
PAR_2387,PRO_1115,Рост потребности в операторах роботизированных систем,%,,154.5,,Угольная промышленность,High,ГП № 5-2025.pdf,2026-07-03
PAR_2388,EQU_4813,Эффективность распределения энергии,,,,,При использовании поворотного сопла и интеллектуальных сопловых аппаратов с применением CFD-технологии,High,ГП № 5-2025.pdf,2026-07-03
PAR_2389,EQU_4813,Угол поворота сопла,градусы,,0,360,Зависимость параметров работы эжектора от угла поворота сопла,High,ГП № 5-2025.pdf,2026-07-03
PAR_2390,EQU_4813,Параметр,,,-0.866,1,Зависимость параметра от угла поворота сопла,High,ГП № 5-2025.pdf,2026-07-03
PAR_2391,EQU_4813,Угол α,градусы,,0,360,Определяет направление потока рабочей среды.,High,ГП № 5-2025.pdf,2026-07-03
PAR_2392,EQU_4813,Угол β,градусы,,180,360,Определяет направление потока рабочей среды.,High,ГП № 5-2025.pdf,2026-07-03
PAR_2393,EQU_4813,Коэффициент Kα,,,,,Учитывает угол отклонения потока рабочей среды.,High,ГП № 5-2025.pdf,2026-07-03
PAR_2394,EQU_4813,Коэффициент Kqx,,,0,1,Учитывает условие разделения потока рабочей среды на два потока.,High,ГП № 5-2025.pdf,2026-07-03
PAR_2395,EQU_4813,Коэффициент Kqy,,,0,1,Учитывает условие разделения потока рабочей среды на два потока.,High,ГП № 5-2025.pdf,2026-07-03
PAR_2396,EQU_4813,Коэффициент Kx,,+1/-1,-1,1,Учитывает направление силы Fx.,High,ГП № 5-2025.pdf,2026-07-03
PAR_2397,EQU_4813,Коэффициент Ky,,+1/-1,-1,1,Учитывает направление силы Fy.,High,ГП № 5-2025.pdf,2026-07-03
PAR_2398,EQU_4813,Угловая скорость,рад/с,,,,При повороте диффузора вокруг оси сопла Лаваля,High,ГП № 5-2025.pdf,2026-07-03
PAR_2399,EQU_4825,Угловая скорость движения сопла,рад/с,,,,Может быть постоянной во времени или меняться во времени,High,ГП № 5-2025.pdf,2026-07-03
PAR_2400,MAT_4832,насыщенность галитом,%,,65,70,в разрезе соленосной серии Амударьинской синеклизы,High,ГП № 5-2025.pdf,2026-07-03
PAR_2401,MAT_4832,насыщенность ангидритом,%,,25,30,в разрезе соленосной серии Амударьинской синеклизы,High,ГП № 5-2025.pdf,2026-07-03
PAR_2402,MAT_4832,насыщенность карбонатными породами,%,,10,,в разрезе соленосной серии Амударьинской синеклизы,High,ГП № 5-2025.pdf,2026-07-03
PAR_2403,MAT_4844,Степень деградации,,,,,Период эксплуатации,High,ГП № 5-2025.pdf,2026-07-03
PAR_2404,FAC_4849,мощность,метры,,80,130,"осевая зона бассейна Байрамали, Сундукли",High,ГП № 5-2025.pdf,2026-07-03
PAR_2405,FAC_4849,КАПД,,,1.8,1.9,район Сундукли,High,ГП № 5-2025.pdf,2026-07-03
PAR_2406,FAC_4849,минерализация рассолов,г/л,,160,340,,High,ГП № 5-2025.pdf,2026-07-03
PAR_2407,MAT_4844,Вязкость,мм²/с,,,,При различных температурах эксплуатации,High,ГП № 5-2025.pdf,2026-07-03
PAR_2408,MAT_4844,Кислотное число,мг KOH/г,,,,Для оценки состояния масла,High,ГП № 5-2025.pdf,2026-07-03
PAR_2409,MAT_4844,Щелочное число,мг KOH/г,,,,Для оценки состояния масла,High,ГП № 5-2025.pdf,2026-07-03
PAR_2410,PRO_4852,Концентрация,г/л,,"93,3","340,3",В скважинах месторождения Сакар,High,ГП № 5-2025.pdf,2026-07-03
PAR_2411,MAT_4854,температура масла,°C,,90,100,В процессе эксплуатации карьерного самосвала БелАЗ 7560,High,ГП № 5-2025.pdf,2026-07-03
PAR_2412,MAT_4854,шкала работоспособности масла,ед.,,650,701,В процессе эксплуатации карьерного самосвала БелАЗ 7560,High,ГП № 5-2025.pdf,2026-07-03
PAR_2413,PRO_4858,шкала ШРМ,единицы,,600,740,оценка состояния масла,High,ГП № 5-2025.pdf,2026-07-03
PAR_2414,PRO_4856,содержание элементов,,,,,определение состава масла,High,ГП № 5-2025.pdf,2026-07-03
PAR_2415,MAT_4844,температура,°C,,100,120,в процессе эксплуатации,High,ГП № 5-2025.pdf,2026-07-03
PAR_2416,MAT_4844,работоспособность,ед.,,672,998,в процессе эксплуатации,High,ГП № 5-2025.pdf,2026-07-03
PAR_2417,FAC_4369,Чистый дисконтированный доход,млн руб.,1685,,,Экономический анализ проекта,High,ГП № 5-2025.pdf,2026-07-03
PAR_2418,FAC_4369,Внутренняя норма доходности,%,31.6,,,Экономический анализ проекта,High,ГП № 5-2025.pdf,2026-07-03
PAR_2419,FAC_4369,Срок окупаемости,лет,3.2,,,Экономический анализ проекта,High,ГП № 5-2025.pdf,2026-07-03
PAR_2420,FAC_4873,Количество успешно реализованных проектов,штук,более 1000,,,по всей России,High,ГП № 6-2025.pdf,2026-07-03
PAR_2421,FAC_4873,Количество вывезенных отходов из Арктики,тонн,более 18000,,,,High,ГП № 6-2025.pdf,2026-07-03
PAR_2422,FAC_4369,капитальные затраты,млн руб.,"5168,9",,,Оценка экономической целесообразности разработки месторождения,High,ГП № 5-2025.pdf,2026-07-03
PAR_2423,FAC_4369,чистый дисконтированный доход,млн руб.,1685,,,Оценка экономической целесообразности разработки месторождения,High,ГП № 5-2025.pdf,2026-07-03
PAR_2424,FAC_4369,внутренняя норма доходности,%,"31,6",,,Оценка экономической целесообразности разработки месторождения,High,ГП № 5-2025.pdf,2026-07-03
PAR_2425,FAC_4369,индекс доходности,,"1,56",,,Оценка экономической целесообразности разработки месторождения,High,ГП № 5-2025.pdf,2026-07-03
PAR_2426,FAC_4369,срок окупаемости вложений,лет,"3,2",,,Оценка экономической целесообразности разработки месторождения,High,ГП № 5-2025.pdf,2026-07-03
PAR_2427,EQU_4902,тип данных,,,,,статические эталоны и динамические пространственные данные,High,ГП № 6-2025.pdf,2026-07-03
PAR_2428,FAC_4903,управление доступом,,гибкое управление ролевым доступом,,,"создание личных и публичных пространств, настройка прав для разных групп пользователей",High,ГП № 6-2025.pdf,2026-07-03
PAR_2429,PRO_4906,Частота отбора проб,Пробы/период,,,,Регулярный отбор проб для создания базы данных и оптимизации графиков ТО,High,ГП № 6-2025.pdf,2026-07-03
PAR_2430,EQU_4875,объём ковша,м³,"15,5",,,,High,ГП № 6-2025.pdf,2026-07-03
PAR_2431,EQU_4912,Диапазон напряжения,В,,180,550,,High,ГП № 6-2025.pdf,2026-07-03
PAR_2432,EQU_4912,Диапазон температур,°C,,-50,70,,High,ГП № 6-2025.pdf,2026-07-03
PAR_2433,EQU_4914,Напряжение,В,110/24,,,,High,ГП № 6-2025.pdf,2026-07-03
PAR_2434,PRO_4916,Содержание металлов износа,,,,,При анализе состояния технических жидкостей,High,ГП № 6-2025.pdf,2026-07-03
PAR_2435,PRO_4916,Продукты окисления,,,,,При анализе состояния технических жидкостей,High,ГП № 6-2025.pdf,2026-07-03
PAR_2436,PRO_4916,Сажа,,,,,При анализе состояния технических жидкостей,High,ГП № 6-2025.pdf,2026-07-03
PAR_2437,PRO_4916,Топливо,,,,,При анализе состояния технических жидкостей,High,ГП № 6-2025.pdf,2026-07-03
PAR_2438,PRO_4916,Вода,,,,,При анализе состояния технических жидкостей,High,ГП № 6-2025.pdf,2026-07-03
PAR_2439,PRO_4916,Вязкость,,,,,При анализе состояния технических жидкостей,High,ГП № 6-2025.pdf,2026-07-03
PAR_2440,EQU_4921,Производительность,кубометров воды в час,10,,10,,High,ГП № 6-2025.pdf,2026-07-03
PAR_2441,EQU_4921,Срок службы,лет,,15,,,High,ГП № 6-2025.pdf,2026-07-03
PAR_2442,EQU_4925,Эксплуатационная масса,т,290,,,,High,ГП № 6-2025.pdf,2026-07-03
PAR_2443,EQU_4925,Двигатель,,"Weichai 16M33, V-образный, 16-цилиндровый",,,1997 л.с. / 1468 кВт при 1800 об/мин,High,ГП № 6-2025.pdf,2026-07-03
PAR_2444,EQU_4925,Гидравлические насосы,л/мин,"Kawasaki K7V280DT, 4x410+2x460",,6 × 427,,High,ГП № 6-2025.pdf,2026-07-03
PAR_2445,EQU_4925,Гидравлический распределитель,л/мин,KYB C0045,,3x750,,High,ГП № 6-2025.pdf,2026-07-03
PAR_2446,EQU_4925,Макс. высота резания,мм,15086,,,,High,ГП № 6-2025.pdf,2026-07-03
PAR_2447,EQU_4925,Габариты,мм,17649 × 7858 × 7924,,,,High,ГП № 6-2025.pdf,2026-07-03
PAR_2448,EQU_4925,Ковш,м³,15.5,,,сверхусиленный,High,ГП № 6-2025.pdf,2026-07-03
PAR_2449,EQU_4925,Макс. усилие копания,кН,1016 / 978,,,ковш/рукоять,High,ГП № 6-2025.pdf,2026-07-03
PAR_2450,EQU_4925,Длина стрелы / рукояти,м,6.57 / 4.6,,,,High,ГП № 6-2025.pdf,2026-07-03
PAR_2451,FAC_4930,Количество участников,чел.,более 5000,,,На данный момент,High,ГП № 6-2025.pdf,2026-07-03
PAR_2452,PRO_4942,TCO,Стоимость,,,,Включает все капитальные и операционные расходы на протяжении жизненного цикла системы,High,ГП № 6-2025.pdf,2026-07-03
PAR_2453,PRO_4942,Net Benefit,Стоимость,,,,Сопоставляет полную стоимость владения с совокупными монетизированными выгодами,High,ГП № 6-2025.pdf,2026-07-03
PAR_2454,PRO_4952,Точность контроля,,,,,На всех этапах производства,High,ГП № 6-2025.pdf,2026-07-03
PAR_2455,EQU_4953,Точность позиционирования,,,,,В подземных рудниках,High,ГП № 6-2025.pdf,2026-07-03
PAR_2456,PRO_4954,Эффективность управления,,,,,При бурении глубоких скважин,High,ГП № 6-2025.pdf,2026-07-03
PAR_2457,PRO_4964,KPI,,,,,"Используются для трансформации абстрактной потребности в конкретный, верифицируемый проект.",High,ГП № 6-2025.pdf,2026-07-03
PAR_2458,EXP_4965,TCO,руб.,15 млн,,,Совокупная стоимость владения VTOL-системой за пять лет.,High,ГП № 6-2025.pdf,2026-07-03
PAR_2459,EXP_4965,Net Benefit,руб.,4–9 млн,4 млн,9 млн,Разница между выгодами и затратами на проект мониторинга ЛЭП с использованием VTOL-системы.,High,ГП № 6-2025.pdf,2026-07-03
PAR_2460,FAC_4971,год начала работы,,1951,,,,High,ГП № 6-2025.pdf,2026-07-03
PAR_2461,FAC_4971,год остановки производства,,2008,,,,High,ГП № 6-2025.pdf,2026-07-03
PAR_2462,FAC_4975,Поголовье оленей,голов,около 20 тыс.,,,,High,ГП № 6-2025.pdf,2026-07-03
PAR_2463,FAC_4982,Запасы олова,т,"763,5 тыс.",,,,High,ГП № 6-2025.pdf,2026-07-03
PAR_2464,FAC_4983,Запасы золота,т,,,,,High,ГП № 6-2025.pdf,2026-07-03
PAR_2465,FAC_4985,Запасы золота,т,175,,,,High,ГП № 6-2025.pdf,2026-07-03
PAR_2466,MAT_4988,Концентрация метановых ресурсов,Не указана,,,,Эксплуатационные дебиты метана,High,ГП № 6-2025.pdf,2026-07-03
PAR_2467,EQU_4993,Концентрация метановоздушной смеси,,,,,Для обеспечения стабильного выхода,High,ГП № 6-2025.pdf,2026-07-03
PAR_2468,MAT_1265,Объем,м³/ч,,,,Расчет объема используемых метановых ресурсов,High,ГП № 6-2025.pdf,2026-07-03
PAR_2469,EXP_5008,Количество участников,человек,,118,,Экспертный опрос представителей горнодобывающих предприятий,High,ГП № 6-2025.pdf,2026-07-03
PAR_2470,EXP_5008,Количество образовательных программ,программы,47,,,Анализ образовательных программ вузов РФ,High,ГП № 6-2025.pdf,2026-07-03
PAR_2471,EXP_5008,Количество студентов,человек,15112,,,Анализ данных о студентах горно-геологического профиля,High,ГП № 6-2025.pdf,2026-07-03
PAR_2472,EXP_5010,Разрыв в компетенциях,баллы,,0.4,2.6,Оценка разрыва между требованиями работодателей и уровнем подготовки выпускников по традиционным инженерным и цифровым компетенциям,High,ГП № 6-2025.pdf,2026-07-03
PAR_2473,EXP_5010,Уровень подготовки выпускников,%,,18,91,Доля выпускников с достаточным уровнем подготовки по различным компетенциям,High,ГП № 6-2025.pdf,2026-07-03
PAR_2474,PRO_5020,Процент пересмотра рабочих программ,%,,58,62,Профессиональный цикл,High,ГП № 6-2025.pdf,2026-07-03
PAR_2475,PRO_5020,Эффективность формирования практических навыков,%,,35,40,Использование виртуальных тренажерных комплексов и программных симуляторов,High,ГП № 6-2025.pdf,2026-07-03
PAR_2476,PRO_5020,Процент целевого обучения,%,,24.3,42,,High,ГП № 6-2025.pdf,2026-07-03
PAR_2477,PRO_5024,Анизотропия поля напряжений,,,,,При выраженной анизотропии внешнего поля напряжений,High,ГП № 6-2025.pdf,2026-07-03
PAR_2478,FAC_5028,Количество патентных семейств,штук,,,,Китай имеет наибольшее число патентных семейств,High,ГП № 6-2025.pdf,2026-07-03
PAR_2479,FAC_5028,Распределение по странам,,,,,"Патентные семейства распределены между Китаем, Россией, США, Канадой и Австралией",High,ГП № 6-2025.pdf,2026-07-03
PAR_2480,FAC_5035,Глубина ведения горных работ,м,1000,700,,При достижении глубин 700 м на поверхности шахтного поля стали появляться протяженные трещины,High,ГП № 6-2025.pdf,2026-07-03
PAR_2481,EQU_5043,Соответствие исходных и модельных параметров,,,,,Необходимо для выполнения анализа вентиляционной сети,High,ГП № 6-2025.pdf,2026-07-03
PAR_2482,PRO_5045,Высотная отметка,метры,,,,Используется для корректного отображения выработок в модели,High,ГП № 6-2025.pdf,2026-07-03
PAR_2483,PRO_5045,Масштаб схемы,,,,,Необходим для пересчета длин выработок в модели,High,ГП № 6-2025.pdf,2026-07-03
PAR_2484,PRO_5047,Тип проекции,,,,,"Выбор типа проекции (горизонтальная, прямоугольная, косоугольная) для соединения выработок в узлах.",High,ГП № 6-2025.pdf,2026-07-03
PAR_2485,EQU_5048,Проверка правильности соединений,,,,,Периодическая проверка правильности выполненных соединений в различных проекциях.,High,ГП № 6-2025.pdf,2026-07-03
PAR_2486,EQU_5055,производительность,м³/ч,,,,,High,ГП № 6-2025.pdf,2026-07-03
PAR_2487,EQU_5056,герметичность,,,,,при имитации утечек,High,ГП № 6-2025.pdf,2026-07-03
PAR_2488,PRO_1115,Объем инвестиций,млрд руб.,,"4,2","7,4",Динамика инвестиций в цифровые технологии предприятий горнодобывающей промышленности России в 2019–2024 гг.,High,ГП № 6-2025.pdf,2026-07-03
PAR_2489,PRO_1115,Темп роста,%,,"83,8","145,1",Темп роста инвестиций в цифровые технологии к предыдущему году,High,ГП № 6-2025.pdf,2026-07-03
PAR_2490,PRO_1115,Доля в общих инвестициях отрасли,%,,"1,7","2,5",Доля инвестиций в цифровые технологии в общих инвестициях горнодобывающей отрасли,High,ГП № 6-2025.pdf,2026-07-03
PAR_2491,PRO_5070,Процент снижения,%,,15,20,Внедрение IoT-технологий,High,ГП № 6-2025.pdf,2026-07-03
PAR_2492,PRO_1775,Снижение эксплуатационных расходов,%,"5,0",,,При внедрении цифровых двойников,High,ГП № 6-2025.pdf,2026-07-03
PAR_2493,PRO_1775,Повышение производительности,%,"1,7",,,,High,ГП № 6-2025.pdf,2026-07-03
PAR_2494,PRO_1775,Сокращение простоев,%,"16,9",,,,High,ГП № 6-2025.pdf,2026-07-03
PAR_2495,PRO_1775,Период окупаемости,мес.,"25,8",,,,High,ГП № 6-2025.pdf,2026-07-03
PAR_2496,PRO_5075,Снижение эксплуатационных расходов,%,,3,5,Внедрение интегрированных систем управления на горнодобывающих предприятиях,High,ГП № 6-2025.pdf,2026-07-03
PAR_2497,PRO_5075,Повышение производительности труда,%,,3,5,Внедрение интегрированных систем управления на горнодобывающих предприятиях,High,ГП № 6-2025.pdf,2026-07-03
PAR_2498,PRO_5076,Снижение эксплуатационных расходов,%,,3,7,Внедрение цифровых двойников на горнотехнических объектах,High,ГП № 6-2025.pdf,2026-07-03
PAR_2499,PRO_5076,Повышение производительности труда,%,,1,2,Внедрение цифровых двойников на горнотехнических объектах,High,ГП № 6-2025.pdf,2026-07-03
PAR_2500,PRO_5076,Повышение надежности оборудования,%,,1,3,Внедрение цифровых двойников на горнотехнических объектах,High,ГП № 6-2025.pdf,2026-07-03
PAR_2501,PRO_5084,Тип данных,,Радиолокационные данные,,,Используются для анализа деформаций земной поверхности,High,ГП № 6-2025.pdf,2026-07-03
PAR_2502,PRO_5086,Повышение эффективности процесса,%,,20,25,Для горнотранспортного оборудования,High,ГП № 6-2025.pdf,2026-07-03
PAR_2503,PRO_5087,Повышение эффективности процесса,%,,30,35,Для контроля качества и безопасности,High,ГП № 6-2025.pdf,2026-07-03
PAR_2504,PRO_5088,Повышение эффективности процесса,%,,15,18,Для буровзрывных работ,High,ГП № 6-2025.pdf,2026-07-03
PAR_2505,PRO_5089,Повышение эффективности процесса,%,,17,22,Для управления горнотранспортным комплексом,High,ГП № 6-2025.pdf,2026-07-03
PAR_2506,PRO_5090,Повышение эффективности процесса,%,,10,15,Для анализа геологоразведочных данных,High,ГП № 6-2025.pdf,2026-07-03
PAR_2507,PRO_5093,пространственное разрешение,м,,5,20,при мониторинге деформаций земной поверхности,High,ГП № 6-2025.pdf,2026-07-03
PAR_2508,PRO_5094,точность измерения деформаций,мм,,,,при анализе интерферометрической фазы двух когерентных SAR-снимков,High,ГП № 6-2025.pdf,2026-07-03
PAR_2509,EQU_5098,Частота,ГГц,,"0,25",40,Различные диапазоны частот используются в системах РСА для мониторинга различных объектов и процессов.,High,ГП № 6-2025.pdf,2026-07-03
PAR_2510,EQU_5098,Длина волны,см,,"0,75",120,Длина волны зависит от частоты и определяет проникающую способность радара.,High,ГП № 6-2025.pdf,2026-07-03
PAR_2511,PRO_5099,Тип поляризации,,VV,,,Используется для анализа смещений земной поверхности,High,ГП № 6-2025.pdf,2026-07-03
PAR_2512,PRO_5099,Тип съемки,,Широкополосная интерферометрия (IW),,,Используется для анализа смещений земной поверхности,High,ГП № 6-2025.pdf,2026-07-03
PAR_2513,PRO_5103,Точность измерения,метры,,,,Регистрация смещений земной поверхности,High,ГП № 6-2025.pdf,2026-07-03
PAR_2514,PRO_5115,Тип системы,,,,,Закрытая или открытая система,High,ГП № 6-2025.pdf,2026-07-03
PAR_2515,FAC_1264,Количество подсистем,шт.,,4,,"Включает горнотехническую, организационную, управленческую, социально-экономическую и экологическую подсистемы.",High,ГП № 6-2025.pdf,2026-07-03
PAR_2516,EQU_5123,Высота орбиты,км,693,,,,High,ГП № 6-2025.pdf,2026-07-03
PAR_2517,EQU_5123,Период обращения,мин,"98,5",,,,High,ГП № 6-2025.pdf,2026-07-03
PAR_2518,EQU_5123,Наклонение орбиты,град,"98,18",,,,High,ГП № 6-2025.pdf,2026-07-03
PAR_2519,EQU_5123,Разрешение,м,до 5,,,,High,ГП № 6-2025.pdf,2026-07-03
PAR_2520,EQU_5123,Частота обновления данных,дней,от 6 до 12,6,12,в зависимости от режима работы,High,ГП № 6-2025.pdf,2026-07-03
PAR_2521,EQU_5124,Высота орбиты,км,693,,,,High,ГП № 6-2025.pdf,2026-07-03
PAR_2522,EQU_5124,Период обращения,мин,"98,5",,,,High,ГП № 6-2025.pdf,2026-07-03
PAR_2523,EQU_5124,Наклонение орбиты,град,"98,18",,,,High,ГП № 6-2025.pdf,2026-07-03
PAR_2524,EQU_5124,Разрешение,м,до 5,,,,High,ГП № 6-2025.pdf,2026-07-03
PAR_2525,EQU_5124,Частота обновления данных,дней,от 6 до 12,6,12,в зависимости от режима работы,High,ГП № 6-2025.pdf,2026-07-03
PAR_2526,PRO_5132,Экологическая сбалансированность,,,,,Достижение баланса между негативным воздействием и эколого-компенсирующими решениями,High,ГП № 6-2025.pdf,2026-07-03
PAR_2527,PRO_5132,Экологический эффект,,,,,Положительная динамика снижения экологического ущерба и повышения эффекта от компенсирующих мероприятий,High,ГП № 6-2025.pdf,2026-07-03
PAR_2528,PRO_5132,Экологический ущерб,,,,,"Негативное воздействие, возникающее во всех технологических процессах горнодобывающего производства",High,ГП № 6-2025.pdf,2026-07-03
PAR_2529,PRO_1775,Прирост производительности,%,,6.6,,"Предприятия контрольной группы показали прирост производительности 6,6%, отражающий общеотраслевую динамику от обновления техники.",High,ГП № 6-2025.pdf,2026-07-03
PAR_2530,EQU_5138,Прирост производительности,%,,18.3,24.7,,High,ГП № 6-2025.pdf,2026-07-03
PAR_2531,EQU_5138,Сокращение расхода топлива,%,,12.6,15.4,,High,ГП № 6-2025.pdf,2026-07-03
PAR_2532,EQU_5139,Коэффициент извлечения,процентных пункта,,4.2,6.8,,High,ГП № 6-2025.pdf,2026-07-03
PAR_2533,EQU_5140,Производительность,%,,5,10,Рост времени работы с 78.4 до 87.2%,High,ГП № 6-2025.pdf,2026-07-03
PAR_2534,PRO_3551,Прирост производительности труда,%,"35,2",,,2021–2024 гг.,High,ГП № 6-2025.pdf,2026-07-03
PAR_2535,PRO_3551,Снижение себестоимости добычи,%,"13,6",,,2021–2024 гг.,High,ГП № 6-2025.pdf,2026-07-03
PAR_2536,PRO_5141,Снижение себестоимости,%,"8,4",,,,High,ГП № 6-2025.pdf,2026-07-03
PAR_2537,PRO_3551,Производительность труда,т/чел-мес,,"294,8","398,7",2021–2024 гг.,High,ГП № 6-2025.pdf,2026-07-03
PAR_2538,PRO_5143,Коэффициент использования техники,,"0,823","0,684",,После внедрения системы,High,ГП № 6-2025.pdf,2026-07-03
PAR_2539,EQU_5145,Среднесуточная производительность самосвала,т,2304,1847,,После внедрения системы,High,ГП № 6-2025.pdf,2026-07-03
PAR_2540,PRO_5150,Температура поверхности,°C,,,,Период максимальной вегетации,High,ГП № 6-2025.pdf,2026-07-03
PAR_2541,PRO_5150,Индекс стресса влажности растений,,,,,,High,ГП № 6-2025.pdf,2026-07-03
PAR_2542,PRO_5150,Концентрация оксидов азота,,,,,Тропосфера,High,ГП № 6-2025.pdf,2026-07-03
PAR_2543,PRO_5151,Время работы оборудования,%,,78.4,87.2,,High,ГП № 6-2025.pdf,2026-07-03
PAR_2544,PRO_5152,Коэффициент извлечения угля,%,,87.6,92.8,,High,ГП № 6-2025.pdf,2026-07-03
PAR_2545,PRO_5153,Удельный расход электроэнергии,%,12.2,,,,High,ГП № 6-2025.pdf,2026-07-03
PAR_2546,EQU_5158,Коэффициент извлечения угля,%,,"87,6","92,8",Эффективность работы системы,High,ГП № 6-2025.pdf,2026-07-03
PAR_2547,EQU_5158,Точность прогнозирования качественных параметров,%,,"73,4","91,7",Эффективность работы системы,High,ГП № 6-2025.pdf,2026-07-03
PAR_2548,PRO_5153,Срок окупаемости,года,"2,4",,,Эффективность инвестиций,High,ГП № 6-2025.pdf,2026-07-03
PAR_2549,PRO_5160,Срок окупаемости,года,"2,9",,,Эффективность инвестиций,High,ГП № 6-2025.pdf,2026-07-03
PAR_2550,PRO_1783,Срок окупаемости,года,"3,2",,,Эффективность инвестиций,High,ГП № 6-2025.pdf,2026-07-03
PAR_2551,PRO_5163,NPP,кг углерода × м-2×год-1,,0.040,0.513,Мониторинговые полигоны Ковдорского месторождения,High,ГП № 6-2025.pdf,2026-07-03
PAR_2552,PRO_2299,Расстояние от источника техногенного воздействия,км,,0,10,Лимитирование восстановления растительного покрова техногенным загрязнением атмосферы оксидами азота,High,ГП № 6-2025.pdf,2026-07-03
PAR_2553,PRO_5169,Расстояние от источника загрязнения,км,,0,12,Зависимость NPP от расстояния до источника загрязнения,High,ГП № 6-2025.pdf,2026-07-03
PAR_2554,MAT_5171,Детонационная способность,,,,,Высокая детонационная способность при низких температурах,High,ГП № 6-2025.pdf,2026-07-03
PAR_2555,MAT_5161,Годовые температуры,°C,-2,,,Медленный темп восстановления природной среды,High,ГП № 6-2025.pdf,2026-07-03
PAR_2556,PRO_5175,Разрешение спутникового изображения,м,250x250,,,,High,ГП № 6-2025.pdf,2026-07-03
PAR_2557,MAT_5171,Низкотемпературные свойства,,,,,Эффективность при низких температурах,High,ГП № 6-2025.pdf,2026-07-03
PAR_2558,MAT_5171,Гранулометрический состав,,,,,При взрывании АСДТ и гранулитами с твердыми дисперсными горючими веществами,High,ГП № 6-2025.pdf,2026-07-03
PAR_2559,MAT_5181,Текучесть,,Сохраняют текучесть при низких температурах,,,В условиях северных и арктических регионов,High,ГП № 6-2025.pdf,2026-07-03
PAR_2560,MAT_5187,Содержание воды,процент,,,,Перед очисткой,High,ГП № 6-2025.pdf,2026-07-03
PAR_2561,MAT_5187,Содержание механических загрязнений,процент,,,,Перед очисткой,High,ГП № 6-2025.pdf,2026-07-03
PAR_2562,FAC_5196,Запасы лития,тыс. т,"596,2",,,"Разведанные запасы (категория C2, забалансовые)",High,ГП № 6-2025.pdf,2026-07-03
PAR_2563,FAC_5196,Содержание Li2O в сподумене,%,,"6,5","7,6",,High,ГП № 6-2025.pdf,2026-07-03
PAR_2564,MAT_2336,Температура,°C,,,,Для использования в арктических условиях,High,ГП № 6-2025.pdf,2026-07-03
PAR_2565,FAC_5196,Запасы лития,тыс. т,596,,,Оценка запасов лития в форме Li2O,High,ГП № 6-2025.pdf,2026-07-03
PAR_2566,MAT_5208,Вязкость,,,,,Зависит от содержания НПО,High,ГП № 6-2025.pdf,2026-07-03
PAR_2567,MAT_5208,Температура фильтруемости,°C,,,,Улучшенные низкотемпературные свойства при использовании зимних и арктических марок дизельного топлива,High,ГП № 6-2025.pdf,2026-07-03
PAR_2568,MAT_5208,Температура помутнения,°C,,,,Улучшенные низкотемпературные свойства при использовании зимних и арктических марок дизельного топлива,High,ГП № 6-2025.pdf,2026-07-03
PAR_2569,FAC_5215,Ресурсы,т,"≈0,6 млн",,,Li2O,High,ГП № 6-2025.pdf,2026-07-03
PAR_2570,MAT_5219,Содержание Li2O,%,,,,В концентрате сподумена,High,ГП № 6-2025.pdf,2026-07-03
PAR_2571,EQU_5220,Планируемая добыча,т/год,2000000,,,Руды в год,High,ГП № 6-2025.pdf,2026-07-03
PAR_2572,FAC_5224,Площадь участка,км²,45,,,,High,ГП № 6-2025.pdf,2026-07-03
PAR_2573,PRO_5226,Весовые коэффициенты,,,,,Используются для определения критериев локальной модели,High,ГП № 6-2025.pdf,2026-07-03
PAR_2574,PRO_5227,Точность модели,%,85,,,Для района Туюканского рудного узла,High,ГП № 6-2025.pdf,2026-07-03
PAR_2575,EQU_5232,Геологические факторы,,,,,Используются для концентрации полезных ископаемых,High,ГП № 6-2025.pdf,2026-07-03
PAR_2576,PRO_5234,Масштаб геологической карты,1:200 000,,,,Для части листа государственной геологической карты О-49-XII,High,ГП № 6-2025.pdf,2026-07-03
PAR_2577,FAC_5248,доля дорог с твердым покрытием,%,40.9,,,Республика Тыва,High,ГП № 6-2025.pdf,2026-07-03
PAR_2578,FAC_5248,доля грунтовых дорог,%,59.1,,,Республика Тыва,High,ГП № 6-2025.pdf,2026-07-03
PAR_2579,FAC_5248,"доля дорог, не соответствующих нормативным требованиям",%,41,,,"Республика Тыва, 2023 год",High,ГП № 6-2025.pdf,2026-07-03
PAR_2580,FAC_5237,Плотность дорог,км на 1000 км²,"22,2",,,2023 год,High,ГП № 6-2025.pdf,2026-07-03
PAR_2581,FAC_5237,Доля дорог с твёрдым покрытием,%,"40,9",,,2023 год,High,ГП № 6-2025.pdf,2026-07-03
PAR_2582,FAC_5237,Общая протяжённость,км,"9161,4",,,на 1 января 2024 года,High,ГП № 6-2025.pdf,2026-07-03
PAR_2583,PRO_5253,Физико-географическое положение,,,,,Описание объектов исследования,High,ГП № 6-2025.pdf,2026-07-03
PAR_2584,PRO_5253,Экологические параметры,,,,,Характеристика нарушенных земель как экосистем,High,ГП № 6-2025.pdf,2026-07-03
PAR_2585,PRO_5253,Геохимические и геотехнические параметры,,,,,"Минеральный, химический, гранулометрический состав и т.д.",High,ГП № 6-2025.pdf,2026-07-03
PAR_2586,PRO_5253,Социально-экономические параметры,,,,,"Финансовые затраты, законодательные и нормативные акты и т.д.",High,ГП № 6-2025.pdf,2026-07-03
PAR_2587,PRO_2306,Физико-механические параметры,,,,,"Определяют структуру внутреннего пространства формируемых почв и минеральных субстратов, дисперсность и удельную поверхность составляющих частиц, водоудерживающую способность.",High,ГП № 6-2025.pdf,2026-07-03
PAR_2588,PRO_2306,Физико-химические и химические параметры,,,,,"Описывают элементный и косвенным образом вещественный состав почвенных и минеральных компонентов, их качественные и количественные изменения в процессе почвообразования.",High,ГП № 6-2025.pdf,2026-07-03
PAR_2589,MAT_5264,Степень очистки,%,,94,100,Моно-раствор и модельная смесь,High,ГП № 6-2025.pdf,2026-07-03
PAR_2590,MAT_5265,Степень очистки,%,,55,100,Моно-раствор и модельная смесь,High,ГП № 6-2025.pdf,2026-07-03
PAR_2591,MAT_5266,Степень очистки,%,,87,93,Моно-раствор и модельная смесь,High,ГП № 6-2025.pdf,2026-07-03
PAR_2592,MAT_5267,Степень очистки,%,,6,90,Моно-раствор и модельная смесь,High,ГП № 6-2025.pdf,2026-07-03
PAR_2593,EQU_1235,Погрешность расчета координат гипоцентра,м,,25,100,Районы повышенной точности и за пределами районов повышенной точности,High,ГП № 6-2025.pdf,2026-07-03
PAR_2594,PRO_2047,Скорость деформирования пород,Не указана,,,,При ведении горных работ на больших территориях,High,ГП № 6-2025.pdf,2026-07-03
PAR_2595,PRO_2047,Перераспределение напряжений,Не указана,,,,По сравнению с естественными процессами в нетронутом массиве,High,ГП № 6-2025.pdf,2026-07-03
PAR_2596,MAT_5266,прочность,%,,99.9,,,High,ГП № 6-2025.pdf,2026-07-03
PAR_2597,MAT_5265,прочность,%,,99.94,,,High,ГП № 6-2025.pdf,2026-07-03
PAR_2598,MAT_5274,прочность,%,,75,,,High,ГП № 6-2025.pdf,2026-07-03
PAR_2599,MAT_5264,прочность,%,,98,,,High,ГП № 6-2025.pdf,2026-07-03
PAR_2600,MAT_5267,прочность,%,,90-95,,,High,ГП № 6-2025.pdf,2026-07-03
PAR_2601,EQU_758,Высота фильтрующего слоя загрузки,м,0.15,,,,High,ГП № 6-2025.pdf,2026-07-03
PAR_2602,EQU_758,Диаметр,м,0.05,,,,High,ГП № 6-2025.pdf,2026-07-03
PAR_2603,PRO_5268,Время проскока,Не указано,,,,Зависит от типа сорбента и иона,High,ГП № 6-2025.pdf,2026-07-03
PAR_2604,MAT_5264,Динамическая ёмкость,мг/л,,,,Для сульфат-ионов,High,ГП № 6-2025.pdf,2026-07-03
PAR_2605,MAT_5265,Динамическая ёмкость,мг/л,,,,Для сульфат-ионов,High,ГП № 6-2025.pdf,2026-07-03
PAR_2606,MAT_5266,Динамическая ёмкость,мг/л,,,,Для сульфат-ионов,High,ГП № 6-2025.pdf,2026-07-03
PAR_2607,MAT_5267,Динамическая ёмкость,мг/л,,,,Для сульфат-ионов,High,ГП № 6-2025.pdf,2026-07-03
PAR_2608,MAT_5274,Динамическая ёмкость,мг/л,,,,Для сульфат-ионов,High,ГП № 6-2025.pdf,2026-07-03
PAR_2609,PRO_5282,Vp,км/с,"5,7",,,,High,ГП № 6-2025.pdf,2026-07-03
PAR_2610,PRO_5282,Vs,км/с,"3,2",,,,High,ГП № 6-2025.pdf,2026-07-03
PAR_2611,PRO_1221,Частота вступления P-волны,Гц,,3,60,Для высокочастотного и низкочастотного событий,High,ГП № 6-2025.pdf,2026-07-03
PAR_2612,PRO_5283,Соотношение сигнал-фон,,более 1000,,,,High,ГП № 6-2025.pdf,2026-07-03
PAR_2613,PRO_5284,Энергия события,Дж,8.0E+02,,,При падении пород по рудоспуску,High,ГП № 6-2025.pdf,2026-07-03
PAR_2614,EQU_5291,Частота сигнала,Гц,,5,8,Регистрация сейсмических сигналов,High,ГП № 6-2025.pdf,2026-07-03
PAR_2615,EQU_1235,Количество зарегистрированных сейсмособытий,штук,,1500000,,На Кировском руднике с июня 1987 года,High,ГП № 6-2025.pdf,2026-07-03
PAR_2616,EQU_1235,Количество зарегистрированных сейсмособытий,штук,,900000,,На Расвумчоррском руднике с апреля 2001 года,High,ГП № 6-2025.pdf,2026-07-03
PAR_2617,PRO_4477,Расход свежего воздуха,м³/ч,null,null,null,Необходим для подачи в горные выработки с эксплуатируемыми в них машинами с двигателями внутреннего сгорания.,High,ГП № 6-2025.pdf,2026-07-03
PAR_2618,PRO_5270,время простоя,%,,0,10,максимально допустимое время простоя системы сбора сейсмособытий,High,ГП № 6-2025.pdf,2026-07-03
PAR_2619,EQU_5296,частота оцифровки,Гц,1000,,,,High,ГП № 6-2025.pdf,2026-07-03
PAR_2620,EQU_5297,частота оцифровки,Гц,1000,,,,High,ГП № 6-2025.pdf,2026-07-03
PAR_2621,EQU_5303,Расход воздуха,м³/мин/л.с.,,"1,55","3,5",Эксперимент по измерению выбросов,High,ГП № 6-2025.pdf,2026-07-03
PAR_2622,PRO_5305,Объемная концентрация CO,%,,,,Расстояние от выхлопной трубы,High,ГП № 6-2025.pdf,2026-07-03
PAR_2623,PRO_5305,Объемная концентрация NOx,%,,,,Расстояние от выхлопной трубы,High,ГП № 6-2025.pdf,2026-07-03
PAR_2624,EQU_5306,Расход воздуха,м³/мин на 1 л.с.,,"3,51","7,52","Зависит от экологического класса двигателя, технического состояния каталитической системы и системы очистки выхлопных газов, а также от режима работы двигателя",High,ГП № 6-2025.pdf,2026-07-03
PAR_2625,EQU_5306,Температура выхлопных газов,°C,,16,200,Измеряется при холостом ходе и максимальных оборотах,High,ГП № 6-2025.pdf,2026-07-03
PAR_2626,EQU_5306,Расход выхлопных газов,м³/мин,,"1,26","23,94",Измеряется при холостом ходе и максимальных оборотах,High,ГП № 6-2025.pdf,2026-07-03
PAR_2627,PRO_5311,Концентрация оксида углерода (CO),% по объёму,"0,0017",,,В рудничной атмосфере,High,ГП № 6-2025.pdf,2026-07-03
PAR_2628,PRO_5311,Концентрация диоксида азота (NO2),% по объёму,"0,00026",,,В рудничной атмосфере,High,ГП № 6-2025.pdf,2026-07-03
PAR_2629,PRO_5311,Концентрация диоксида серы (SO2),% по объёму,"0,00038",,,В рудничной атмосфере,High,ГП № 6-2025.pdf,2026-07-03
PAR_2630,PRO_5311,Концентрация сероводорода (H2S),% по объёму,"0,00071",,,В рудничной атмосфере,High,ГП № 6-2025.pdf,2026-07-03
PAR_2631,EQU_5306,Расход воздуха,м³/мин,,"1,55","3,51",Зависит от типа дизельного оборудования,High,ГП № 6-2025.pdf,2026-07-03
PAR_2632,EQU_5306,Выбросы NOx,г/ч на л.с.,"1,05",,,Для машин с дизельными ДВС,High,ГП № 6-2025.pdf,2026-07-03
PAR_2633,PRO_5317,Удельный расход воздуха,м³/мин на л.с.,3,,,Для проветривания горных выработок,High,ГП № 6-2025.pdf,2026-07-03
PAR_2634,EQU_5318,Концентрация загрязняющих веществ,,,,,В выхлопных газах,High,ГП № 6-2025.pdf,2026-07-03
PAR_2635,EXP_5319,Температура выхлопных газов,°C,,,,При работе горнотранспортного оборудования,High,ГП № 6-2025.pdf,2026-07-03
PAR_2636,EQU_5322,масштабный прототип,,1:4,,,для тестирования и отладки алгоритмов управления,High,ГП № 6-2025.pdf,2026-07-03
PAR_2637,EQU_5325,Напряженно-деформированное состояние,,,,,Регистрация напряженно-деформированного состояния опорных пят и поперечных балок перекрытий секций крепи,High,ГП № 6-2025.pdf,2026-07-03
PAR_2638,EQU_5333,Тип упругого элемента,,Арочный тип,,,Используется в ГП МШК,High,ГП № 6-2025.pdf,2026-07-03
PAR_2639,PRO_5337,Сигнал СТП,мВ,,-16,24,При касании почвы опорами ГП МШК,High,ГП № 6-2025.pdf,2026-07-03
PAR_2640,PRO_1611,SSIM,,,,,Показатель для анализа схожести изображений,High,ГП № 6-2025.pdf,2026-07-03
PAR_2641,PRO_1611,MSE,,,,,Показатель для анализа схожести изображений,High,ГП № 6-2025.pdf,2026-07-03
PAR_2642,PRO_5345,Перекрытие кадров,%,,40,80,Рабочий диапазон для поиска оптимальных кадров,High,ГП № 6-2025.pdf,2026-07-03
PAR_2643,PRO_5345,Количество кадров,кадры,,17,30,Рабочий диапазон для поиска оптимальных кадров,High,ГП № 6-2025.pdf,2026-07-03
PAR_2644,EQU_5325,режим работы,,,,,"разгрузка, передвижка, распор",High,ГП № 6-2025.pdf,2026-07-03
PAR_2645,PRO_5349,Перекрытие кадров,%,60,40,80,Построение фотограмметрических моделей,High,ГП № 6-2025.pdf,2026-07-03
PAR_2646,PRO_5349,Скорость движения БПЛА,м/с,,,,Влияние на количество пригодных для построения модели кадров,High,ГП № 6-2025.pdf,2026-07-03
PAR_2647,PRO_5350,Значение SSIM,,,0,1,Оценка визуального сходства двух изображений,High,ГП № 6-2025.pdf,2026-07-03
PAR_2648,PRO_5351,Значение MSE,,,0,100,Оценка различий между двумя изображениями,High,ГП № 6-2025.pdf,2026-07-03
PAR_2649,PRO_5354,Освещение,,,,,"Важный фактор, влияющий на качество фотограмметрической модели",High,ГП № 6-2025.pdf,2026-07-03
PAR_2650,PRO_5354,Текстура массива,,,,,Влияние на выбор показателей для определения оптимального кадра,High,ГП № 6-2025.pdf,2026-07-03
PAR_2651,PRO_5358,Освещенность,Лк,,,,Подземные горные выработки,High,ГП № 6-2025.pdf,2026-07-03
PAR_2652,PRO_5358,Запыленность,,,,,Подземные горные выработки,High,ГП № 6-2025.pdf,2026-07-03
PAR_2653,PRO_5358,Задымленность,,,,,Подземные горные выработки,High,ГП № 6-2025.pdf,2026-07-03
PAR_2654,PRO_5358,Влажность,,,,,Подземные горные выработки,High,ГП № 6-2025.pdf,2026-07-03
PAR_2655,PRO_5367,Эффективное напряжение,МПа,,0,50,Диапазон эффективных напряжений для оценки проницаемости,High,ГП № 6-2025.pdf,2026-07-03
PAR_2656,PRO_5367,Глубина,м,,0,1500,Диапазон глубин для оценки проницаемости,High,ГП № 6-2025.pdf,2026-07-03
PAR_2657,PRO_5369,проницаемость,мД,,,,зависит от эффективного напряжения,High,ГП № 6-2025.pdf,2026-07-03
PAR_2658,PRO_5370,эффективное напряжение,,,,,влияет на проницаемость угольного пласта,High,ГП № 6-2025.pdf,2026-07-03
PAR_2659,PRO_1573,Расстояние до охраняемых объектов,Метры,,,,При расширении бортов карьера,High,ГП № 6-2025.pdf,2026-07-03
PAR_2660,PRO_2047,Интенсивность воздействия,,,,,На здания и сооружения в горно-геологических условиях,High,ГП № 6-2025.pdf,2026-07-03
PAR_2661,PRO_5367,Проницаемость,м²,,,,"Зависит от структурных, тектонических, термодинамических и флюидодинамических характеристик угля",High,ГП № 6-2025.pdf,2026-07-03
PAR_2662,PRO_5367,Напряжения,Па,,,,Включают горизонтальные и вертикальные компоненты,High,ГП № 6-2025.pdf,2026-07-03
PAR_2663,PRO_5367,Деформации,,,,,"Связаны с упругими, пластическими и хрупкими изменениями массива",High,ГП № 6-2025.pdf,2026-07-03
PAR_2664,PRO_5367,Пористость,%,,,,,High,ГП № 6-2025.pdf,2026-07-03
PAR_2665,PRO_5367,Вязкость флюида,Па×с,,,,,High,ГП № 6-2025.pdf,2026-07-03
PAR_2666,PRO_5367,Температура,К,,,,,High,ГП № 6-2025.pdf,2026-07-03
PAR_2667,PRO_5367,Пластовое давление флюида,Па,,,,,High,ГП № 6-2025.pdf,2026-07-03
PAR_2668,PRO_5367,Размеры трещин и пор,м,,,,,High,ГП № 6-2025.pdf,2026-07-03
PAR_2669,PRO_5367,Плотность угля,кг/м³,,,,,High,ГП № 6-2025.pdf,2026-07-03
PAR_2670,PRO_5367,Угол ориентации трещин,град,,,,,High,ГП № 6-2025.pdf,2026-07-03
PAR_2671,PRO_5369,Эффективное напряжение,МПа,,5,15,"Диапазон эффективного напряжения, при котором проницаемость падает нелинейно",High,ГП № 6-2025.pdf,2026-07-03
PAR_2672,PRO_5369,Модуль Юнга,Па,,,,,High,ГП № 6-2025.pdf,2026-07-03
PAR_2673,PRO_5369,Коэффициент Пуассона,,,,,,High,ГП № 6-2025.pdf,2026-07-03
PAR_2674,PRO_1573,Эквивалентная масса заряда,кг,"7,7",,,Для условий карьера 'Железный' при одновременном взрывании 10 скважин,High,ГП № 6-2025.pdf,2026-07-03
PAR_2675,PRO_5375,Интервал замедления,мс,,30,50,"При интервале замедления от 30 до 50 мс безопасное расстояние должно быть увеличено в 1,2 раза",High,ГП № 6-2025.pdf,2026-07-03
PAR_2676,PRO_5379,Избыточное давление на фронте волны,Па,,600,1800,При взрыве на НСИ,High,ГП № 6-2025.pdf,2026-07-03
PAR_2677,PRO_5379,Избыточное давление на фронте волны,Па,,975,100,В условиях карьера 'Железный',High,ГП № 6-2025.pdf,2026-07-03
PAR_2678,PRO_5380,Давление ударной воздушной волны,Па,,,,"При взрыве, инициированном неэлектрической системой, давление ударной воздушной волны более чем в 2 раза меньше, чем при взрыве с детонирующим шнуром.",High,ГП № 6-2025.pdf,2026-07-03
PAR_2679,PRO_1573,Масса взрывчатого вещества,тонны,211,,,Взрыв блока гор. +94/+106 м,High,ГП № 6-2025.pdf,2026-07-03
PAR_2680,EXP_5383,Расстояние от взрываемого блока,метры,1615,,,,High,ГП № 6-2025.pdf,2026-07-03
PAR_2681,PRO_5382,Значение,мм/с,,"0,5",4,При взрыве блока гор. +94/+106 м,High,ГП № 6-2025.pdf,2026-07-03
PAR_2682,EQU_5387,Рабочий диапазон частот,Гц,,2,250,Условия карьера,High,ГП № 6-2025.pdf,2026-07-03
PAR_2683,PRO_2047,Пороговый уровень скорости смещения,мм/с,1,,,Инструментальные наблюдения,High,ГП № 6-2025.pdf,2026-07-03
PAR_2684,EQU_5390,Напор,м,,120,,Рабочая точка,High,ГП № 6-2025.pdf,2026-07-03
PAR_2685,EQU_5390,Величина подачи,м³/ч,,300,,Рабочая точка,High,ГП № 6-2025.pdf,2026-07-03
PAR_2686,PRO_5391,Увеличение напора,%,,3.2,6.1,Рабочая точка,High,ГП № 6-2025.pdf,2026-07-03
PAR_2687,PRO_5391,Увеличение гидравлического КПД,%,,3,6,Рабочая точка,High,ГП № 6-2025.pdf,2026-07-03
PAR_2688,EQU_5393,Гидравлический КПД,%,,3.0,6.0,При добавлении лопаток второго ряда,High,ГП № 6-2025.pdf,2026-07-03
PAR_2689,EQU_5393,Напор,%,,3.2,6.1,При добавлении лопаток второго ряда,High,ГП № 6-2025.pdf,2026-07-03
PAR_2690,EQU_5393,Подача,м³/ч,,150,325,,High,ГП № 6-2025.pdf,2026-07-03
PAR_2691,EQU_5396,Подача,м³/ч,300,,,,High,ГП № 6-2025.pdf,2026-07-03
PAR_2692,EQU_5396,Напор,м,120,,,,High,ГП № 6-2025.pdf,2026-07-03
PAR_2693,EQU_5396,Скорость вращения вала,об/мин,1450,,,,High,ГП № 6-2025.pdf,2026-07-03
PAR_2694,EQU_5396,Коэффициент быстроходности,,"72,1",,,,High,ГП № 6-2025.pdf,2026-07-03
PAR_2695,EQU_5402,Градиенты смещений,,,,,Используются для оценки уровня потенциальной геодинамической опасности,High,ГП № 6-2025.pdf,2026-07-03
PAR_2696,PRO_5410,Глубина залегания,м,,1060,1270,Для месторождения в Центральной Азии,High,ГП № 6-2025.pdf,2026-07-03
PAR_2697,EXP_5413,Пластовое давление,МПа,10,,,Изменение пластового давления за период 2012–2018 гг.,High,ГП № 6-2025.pdf,2026-07-03
PAR_2698,PRO_5422,Коэффициент пористости,%,23,,,,High,ГП № 6-2025.pdf,2026-07-03
PAR_2699,PRO_5422,Коэффициент сжимаемости порового пространства,1/МПа,5 · 10^-3,,,,High,ГП № 6-2025.pdf,2026-07-03
PAR_2700,PRO_5421,Изменение пластового давления,МПа,10,,,2012–2018 гг.,High,ГП № 6-2025.pdf,2026-07-03
PAR_2701,EXP_5425,Потенциал развития туризма,,,,,"Ранжирование на очень высокий, высокий, средний, низкий и очень низкий уровни",High,ГП № 6-2025.pdf,2026-07-03
PAR_2702,FAC_5424,Количество действующих или когда-либо действовавших промышленных предприятий,ед.,,,,,High,ГП № 6-2025.pdf,2026-07-03
PAR_2703,PRO_5428,Наклоны,,,10^-5,,За период 7 лет,High,ГП № 6-2025.pdf,2026-07-03
PAR_2704,PRO_5428,Относительные горизонтальные деформации,,,10^-5,,За период 7 лет,High,ГП № 6-2025.pdf,2026-07-03
PAR_2705,EQU_3602,объемный расход,м³/с,10,,,,High,ГП № 2_2026_d.pdf,2026-07-03
PAR_2706,EQU_3602,полное давление,Па,4000,,,,High,ГП № 2_2026_d.pdf,2026-07-03
PAR_2707,EQU_5440,Мощность двигателя,л/с,,,2100,"Максимальная мощность двигателя, которую можно испытать на стенде.",High,ГП № 2_2026_d.pdf,2026-07-03
PAR_2708,EQU_5440,Крутящий момент,Нм,,,7500,"Максимальный крутящий момент, который можно измерить на стенде.",High,ГП № 2_2026_d.pdf,2026-07-03
PAR_2709,EQU_5440,Частота вращения,об/мин,,,4000,"Максимальная частота вращения, которую можно измерить на стенде.",High,ГП № 2_2026_d.pdf,2026-07-03
PAR_2710,EQU_5446,Коррозионная устойчивость,,,,,Высокая абразивность и коррозионная активность шахтных и карьерных вод,High,ГП № 6-2025.pdf,2026-07-03
PAR_2711,EQU_5446,Твёрдость,,,,,Высокая абразивность и коррозионная активность шахтных и карьерных вод,High,ГП № 6-2025.pdf,2026-07-03
PAR_2712,EQU_5446,Гидравлический КПД,,,,,Оптимизация конструкции рабочего колеса,High,ГП № 6-2025.pdf,2026-07-03
PAR_2713,FAC_5448,добыча угля,млн т,35,,,2025 год,High,ГП № 2_2026_d.pdf,2026-07-03
PAR_2714,FAC_5449,добыча угля,млн т,,,более 10,,High,ГП № 2_2026_d.pdf,2026-07-03
PAR_2715,FAC_5451,добыча угля,млн т,,,более 17,,High,ГП № 2_2026_d.pdf,2026-07-03
PAR_2716,FAC_5453,Объём добычи,млн т в год,40,,,Общий объём добычи угля,High,ГП № 2_2026_d.pdf,2026-07-03
PAR_2717,FAC_5457,Добыча угля,млн т,,"185,4","255,6",Период с 2010 по 2024 год,High,ГП № 2_2026_d.pdf,2026-07-03
PAR_2718,FAC_5457,Доля от общей добычи по РФ,%,,"43,2",59,Период с 2010 по 2030 год,High,ГП № 2_2026_d.pdf,2026-07-03
PAR_2719,EQU_5458,грузоподъёмность,тонны,130,,,,High,ГП № 2_2026_d.pdf,2026-07-03
PAR_2720,EQU_5459,грузоподъёмность,тонны,320,,,,High,ГП № 2_2026_d.pdf,2026-07-03
PAR_2721,MAT_5461,Вес,карат,"135,75",,,,High,ГП № 2_2026_d.pdf,2026-07-03
PAR_2722,EQU_5464,грузоподъёмность,тонны,27,,,,High,ГП № 2_2026_d.pdf,2026-07-03
PAR_2723,EQU_5465,грузоподъёмность,тонны,5,,,,High,ГП № 2_2026_d.pdf,2026-07-03
PAR_2724,EQU_5466,грузоподъёмность,тонны,12,,,,High,ГП № 2_2026_d.pdf,2026-07-03
PAR_2725,EQU_5467,грузоподъёмность,тонны,40,,,,High,ГП № 2_2026_d.pdf,2026-07-03
PAR_2726,EQU_5468,грузоподъёмность,тонны,75,,,,High,ГП № 2_2026_d.pdf,2026-07-03
PAR_2727,FAC_5470,Объём добычи,карат,"4,16 миллиона",,,2025 год,High,ГП № 2_2026_d.pdf,2026-07-03
PAR_2728,MAT_5472,Вес,карат,"135,75",,,Алмаз 'Геннадий Пивень',High,ГП № 2_2026_d.pdf,2026-07-03
PAR_2729,FAC_1264,Себестоимость продукции,Рубль за единицу продукции,,,,Влияние цифровизации на производственные процессы,High,ГП № 2_2026_d.pdf,2026-07-03
PAR_2730,EQU_539,грузоподъемность,тонн,130,,,,High,ГП № 2_2026_d.pdf,2026-07-03
PAR_2731,MAT_5473,объем бака,литров,1400,,,на машине установлено два полноразмерных СПГ-бака по 1400 л каждый,High,ГП № 2_2026_d.pdf,2026-07-03
PAR_2732,EQU_5474,мощность двигателя,л.с.,1068,,,,High,ГП № 2_2026_d.pdf,2026-07-03
PAR_2733,EQU_539,мощность двигателя,кВт,1194,,,,High,ГП № 2_2026_d.pdf,2026-07-03
PAR_2734,TEC_5475,Скорость развития,Не применимо,"Намного быстрее, чем у других технологий",,,,High,ГП № 2_2026_d.pdf,2026-07-03
PAR_2735,TEC_5476,Понимание окружающего мира,Не применимо,Эффективное управление реальностью,,,,High,ГП № 2_2026_d.pdf,2026-07-03
PAR_2736,MAT_5477,Вязкость,,Низкая,,,,High,ГП № 2_2026_d.pdf,2026-07-03
PAR_2737,PRO_5478,Скорость работы,,Высокая,,,,High,ГП № 2_2026_d.pdf,2026-07-03
PAR_2738,EQU_5485,Качество,,,,,"Оригинальные фильтры гарантированы производителем техники, аналоги сопоставимы с оригиналами, контрафакт представляет угрозу технике.",High,ГП № 2_2026_d.pdf,2026-07-03
PAR_2739,EQU_5486,КПД,%,91,,,,High,ГП № 2_2026_d.pdf,2026-07-03
PAR_2740,MAT_5489,Эффективность фильтрации,,,,,Задерживает загрязнения как минимум вдвое эффективнее традиционных материалов,High,ГП № 2_2026_d.pdf,2026-07-03
PAR_2741,PRO_5501,Количество исполнителей,,,1,,Бизнес-процесс 'to-be',High,ГП № 2_2026_d.pdf,2026-07-03
PAR_2742,PRO_5501,Количество систем,,1,,,Бизнес-процесс 'to-be',High,ГП № 2_2026_d.pdf,2026-07-03
PAR_2743,FAC_5525,Геоэкологическая ёмкость,,,,,Количественные показатели геоэкологической ёмкости для оценки перспективности создания туристско-рекреационных кластеров,High,ГП № 2_2026_d.pdf,2026-07-03
PAR_2744,EQU_5534,мощность угольного пласта,м,,до 7,,Применяется при разработке пологих угольных пластов мощностью до 7 м,High,ГП № 2_2026_d.pdf,2026-07-03
PAR_2745,EQU_5536,режим работы,,автоматизированный,,,Выполнение технологических операций по выемке угля очистным комбайном предусмотрено в автоматизированном режиме,High,ГП № 2_2026_d.pdf,2026-07-03
PAR_2746,EQU_5538,Тип движения,,Возвратно-поступательное движение,,,,High,ГП № 2_2026_d.pdf,2026-07-03
PAR_2747,EQU_5536,Уровень автономности,,Заданный уровень автономности,,,,High,ГП № 2_2026_d.pdf,2026-07-03
PAR_2748,EQU_5543,степень подвижности,,три или более,,,применяется в промышленной среде,High,ГП № 2_2026_d.pdf,2026-07-03
PAR_2749,PRO_1573,Интегральный критерий адаптации,,,,1,Используется для оценки эффективности и безопасности буровзрывных работ,High,ГП № 2_2026_d.pdf,2026-07-03
PAR_2750,PRO_5550,Kадапт,,,0,1,"Рассчитывается по математической модели, объединяющей частные нормализованные критерии эффективности и безопасности БВР.",High,ГП № 2_2026_d.pdf,2026-07-03
PAR_2751,EXP_5552,Весовой коэффициент,,,,,Используется для определения приоритетности критериев эффективности и безопасности,High,ГП № 2_2026_d.pdf,2026-07-03
PAR_2752,EXP_5553,Нормализованный критерий,,"0,2",,,"Значение нормализованного критерия, умноженного на весовой коэффициент",High,ГП № 2_2026_d.pdf,2026-07-03
PAR_2753,PRO_1496,удельное количество пыли,кг/кг,,"0,040","0,3",при взрыве заряда взрывчатых веществ,High,ГП № 2_2026_d.pdf,2026-07-03
PAR_2754,PRO_1496,размер частиц пыли,мкм,,1,500,,High,ГП № 2_2026_d.pdf,2026-07-03
PAR_2755,PRO_5550,Качество дробления,,,,1,Оценка эффективности дробления горных пород,High,ГП № 2_2026_d.pdf,2026-07-03
PAR_2756,PRO_5550,Сейсмическая безопасность,,,,1,Оценка уровня сейсмического воздействия взрывов,High,ГП № 2_2026_d.pdf,2026-07-03
PAR_2757,PRO_5550,Дальность разлета кусков горной породы,,,,1,"Оценка расстояния, на которое разлетаются куски горной породы при взрыве",High,ГП № 2_2026_d.pdf,2026-07-03
PAR_2758,PRO_5550,Соответствие импульса взрыва свойствам массива,,,,1,Оценка соответствия параметров взрыва свойствам горной породы,High,ГП № 2_2026_d.pdf,2026-07-03
PAR_2759,PRO_5550,Экономические затраты,,,,1,Оценка стоимости проведения буровзрывных работ,High,ГП № 2_2026_d.pdf,2026-07-03
PAR_2760,MAT_5557,скорость продольных волн,км/с,,"5,0","5,6",при давлении от 0 до 20 МПа,High,ГП № 2_2026_d.pdf,2026-07-03
PAR_2761,PRO_1496,предел прочности на одноосное сжатие,МПа,,,,,High,ГП № 2_2026_d.pdf,2026-07-03
PAR_2762,PRO_5560,Удельный объем пыли,м3 на 1 м заряда,,"2,29·10-3","3,47·10-3","При взрывании скважины диаметром 0,25 м граммонитом М-21",High,ГП № 2_2026_d.pdf,2026-07-03
PAR_2763,PRO_5560,Удельная масса пыли,кг на 1 кг взрывчатых веществ,,"0,18","0,25","При взрывании скважины диаметром 0,25 м граммонитом М-21",High,ГП № 2_2026_d.pdf,2026-07-03
PAR_2764,MAT_4576,Плотность заряжания,кг/м3,,,,При взрыве заряда ВВ в трещиноватом массиве,High,ГП № 2_2026_d.pdf,2026-07-03
PAR_2765,MAT_4576,Скорость детонации,м/с,,,,При взрыве заряда ВВ в трещиноватом массиве,High,ГП № 2_2026_d.pdf,2026-07-03
PAR_2766,PRO_4433,Предел прочности породы на растяжение,Па,,,,При определении среднего размера куска при взрыве одиночного заряда ВВ,High,ГП № 2_2026_d.pdf,2026-07-03
PAR_2767,PRO_4433,Коэффициент Пуассона,,,,,При определении среднего размера куска при взрыве одиночного заряда ВВ,High,ГП № 2_2026_d.pdf,2026-07-03
PAR_2768,MAT_5559,Диаметр,м,"0,25",,,При взрывании скважины,High,ГП № 2_2026_d.pdf,2026-07-03
PAR_2769,PRO_5568,Значение,м3,,"2,29·10–3","3,47·10–3",На 1 м заряда ВВ,High,ГП № 2_2026_d.pdf,2026-07-03
PAR_2770,PRO_5569,Значение,кг,,"0,18","0,25",На 1 кг ВВ,High,ГП № 2_2026_d.pdf,2026-07-03
PAR_2771,PRO_5570,Тип навигации,,,,,"Для открытых объектов используется GNSS/RTK-навигация, для подземных – автономная SLAM-навигация",High,ГП № 2_2026_d.pdf,2026-07-03
PAR_2772,PRO_5570,Тип освещения,,,,,Для подземных объектов требуется мощное искусственное освещение,High,ГП № 2_2026_d.pdf,2026-07-03
PAR_2773,EQU_5576,Точность моделирования,сантиметры,,3,5,При использовании контрольных точек и правильной организации съёмки,High,ГП № 2_2026_d.pdf,2026-07-03
PAR_2774,PRO_5356,Тип камеры,,RGB-камера 20–40 Мп,,,Для открытых горных выработок,High,ГП № 2_2026_d.pdf,2026-07-03
PAR_2775,PRO_5356,Тип камеры,,Светосильная камера с ИК-поддержкой,,,Для подземных выработок,High,ГП № 2_2026_d.pdf,2026-07-03
PAR_2776,PRO_5578,точность,см,,3,5,при оптимальных параметрах съёмки и применении опорных точек,High,ГП № 2_2026_d.pdf,2026-07-03
PAR_2777,PRO_5578,погрешность,см,,15,20,в подземных условиях при использовании систем визуально-инерциального позиционирования и SLAM-алгоритмов,High,ГП № 2_2026_d.pdf,2026-07-03
PAR_2778,MAT_5586,содержание общего железа,%,"69,7",,,,High,ГП № 2_2026_d.pdf,2026-07-03
PAR_2779,MAT_5586,доля кремнезёма,%,"2,4",,,,High,ГП № 2_2026_d.pdf,2026-07-03
PAR_2780,MAT_2441,краевой угол смачивания,градусы,,"22,7 ± 1,1",,,High,ГП № 2_2026_d.pdf,2026-07-03
PAR_2781,MAT_2441,дзета-потенциал,мВ,,"-13,7 ± 0,3",,рН 9–10,High,ГП № 2_2026_d.pdf,2026-07-03
PAR_2782,PRO_5594,концентрация твердой фазы,% (масс.),50,,,при подготовке водной суспензии,High,ГП № 2_2026_d.pdf,2026-07-03
PAR_2783,PRO_5594,рН,,,9,10,при подщелачивании жидкой фазы,High,ГП № 2_2026_d.pdf,2026-07-03
PAR_2784,EXP_5598,диаметр таблетки,мм,10,,,при сжатии порошка магнетита,High,ГП № 2_2026_d.pdf,2026-07-03
PAR_2785,EXP_5599,концентрация образца,мг/мл,10,,,при подготовке водной суспензии,High,ГП № 2_2026_d.pdf,2026-07-03
PAR_2786,PRO_1772,Тип угольного пласта,,,,,горизонтальные и пологие угольные пласты,High,ГП № 2_2026_d.pdf,2026-07-03
PAR_2787,FAC_5611,Уклон поверхности,градусы,,3,5,Для сельскохозяйственного использования,High,ГП № 2_2026_d.pdf,2026-07-03
PAR_2788,MAT_2441,содержание Fe3O4,%,97+,,,,High,ГП № 2_2026_d.pdf,2026-07-03
PAR_2789,PRO_5623,Коэффициент наполнения ковша,,,,,Снижение коэффициента наполнения ковша при снятии верхнего потенциально плодородного слоя,High,ГП № 2_2026_d.pdf,2026-07-03
PAR_2790,PRO_5623,Средневзвешенный угол поворота драглайна,градусы,,116,121,Увеличение средневзвешенного угла поворота драглайна при селективной схеме экскавации,High,ГП № 2_2026_d.pdf,2026-07-03
PAR_2791,MAT_2441,краевой угол смачивания,градусы,,,,исходный образец,High,ГП № 2_2026_d.pdf,2026-07-03
PAR_2792,MAT_2441,дзета-потенциал,,,,,исходный образец,High,ГП № 2_2026_d.pdf,2026-07-03
PAR_2793,MAT_2441,электродный потенциал,%,0,,,исходный образец,High,ГП № 2_2026_d.pdf,2026-07-03
PAR_2794,MAT_5618,краевой угол смачивания,градусы,,,,режим 2,High,ГП № 2_2026_d.pdf,2026-07-03
PAR_2795,MAT_5618,дзета-потенциал,,,,,режим 2,High,ГП № 2_2026_d.pdf,2026-07-03
PAR_2796,MAT_5618,электродный потенциал,%,+2,,,режим 2,High,ГП № 2_2026_d.pdf,2026-07-03
PAR_2797,MAT_5619,краевой угол смачивания,градусы,,,,режим 3,High,ГП № 2_2026_d.pdf,2026-07-03
PAR_2798,MAT_5619,дзета-потенциал,,,,,режим 3,High,ГП № 2_2026_d.pdf,2026-07-03
PAR_2799,MAT_5619,электродный потенциал,%,+28,,,режим 3,High,ГП № 2_2026_d.pdf,2026-07-03
PAR_2800,MAT_5630,краевой угол смачивания,градусы,,,,режим 5,High,ГП № 2_2026_d.pdf,2026-07-03
PAR_2801,MAT_5630,дзета-потенциал,,,,,режим 5,High,ГП № 2_2026_d.pdf,2026-07-03
PAR_2802,MAT_5630,электродный потенциал,%,-10,-20,,режим 5,High,ГП № 2_2026_d.pdf,2026-07-03
PAR_2803,MAT_5631,краевой угол смачивания,градусы,,,,режим 6,High,ГП № 2_2026_d.pdf,2026-07-03
PAR_2804,MAT_5631,дзета-потенциал,,,,,режим 6,High,ГП № 2_2026_d.pdf,2026-07-03
PAR_2805,MAT_5631,электродный потенциал,%,+7,,+20,режим 6,High,ГП № 2_2026_d.pdf,2026-07-03
PAR_2806,MAT_1483,Добыча бокситов,млн т,3,,,Россия,High,ГП № 2_2026_d.pdf,2026-07-03
PAR_2807,MAT_5643,Добыча хромовых руд,тыс. т,,650,750,Россия,High,ГП № 2_2026_d.pdf,2026-07-03
PAR_2808,MAT_5645,Запасы,млн т,180,,,СНГ,High,ГП № 2_2026_d.pdf,2026-07-03
PAR_2809,EQU_5647,Точность мониторинга,,,,,Высокая точность при оценке вибрационного загрязнения от горнодобывающих предприятий,High,ГП № 2_2026_d.pdf,2026-07-03
PAR_2810,PRO_5651,Амплитуда колебаний,мм/с,0.37,,,Вибрация от промышленного оборудования с очень низкой PPV на частотах 7–10 Гц,High,ГП № 2_2026_d.pdf,2026-07-03
PAR_2811,PRO_5651,Частота колебаний,Гц,,7,10,Вибрация от промышленного оборудования,High,ГП № 2_2026_d.pdf,2026-07-03
PAR_2812,MAT_5657,Содержание молибдена,%,,,,,High,ГП № 2_2026_d.pdf,2026-07-03
PAR_2813,MAT_5658,Содержание вольфрама,%,,,,,High,ГП № 2_2026_d.pdf,2026-07-03
PAR_2814,PRO_5662,Показатель геометрического рассеяния,,,,,Зависит от дистанции и типа волны,High,ГП № 2_2026_d.pdf,2026-07-03
PAR_2815,PRO_5663,Коэффициент поглощения среды,,,,,Связан с неупругими свойствами грунта,High,ГП № 2_2026_d.pdf,2026-07-03
PAR_2816,EQU_5641,Размер антенны,метры,,,,Компактность антенны позволяет разворачивать систему непосредственно у охраняемых объектов.,High,ГП № 2_2026_d.pdf,2026-07-03
PAR_2817,PRO_5674,Точность определения координат,,Невысокая,,,Амплитудная локация не претендует на высокую точность определения координат.,High,ГП № 2_2026_d.pdf,2026-07-03
PAR_2818,MAT_5676,Спрос,кт,,35380,52000,Прогнозируемый рост спроса к 2040 году,High,ГП № 2_2026_d.pdf,2026-07-03
PAR_2819,MAT_5676,Инвестиции в развитие добычи,%,5,,,Рост инвестиций в 2024 году,High,ГП № 2_2026_d.pdf,2026-07-03
PAR_2820,MAT_5679,Покрытие N – 1,%,35–40,35,40,При выпадении крупнейшего поставщика дефицит составит 60–65% совокупного спроса,High,ГП № 2_2026_d.pdf,2026-07-03
PAR_2821,MAT_5680,Покрытие N – 1,%,35–40,35,40,При выпадении крупнейшего поставщика дефицит составит 60–65% совокупного спроса,High,ГП № 2_2026_d.pdf,2026-07-03
PAR_2822,MAT_5681,Покрытие N – 1,%,<55,,55,,High,ГП № 2_2026_d.pdf,2026-07-03
PAR_2823,MAT_5680,потенциал рециклинга к 2050 г.,%,10,,,сокращение потребности в первичной добыче,High,ГП № 2_2026_d.pdf,2026-07-03
PAR_2824,MAT_5679,N – 1 покрытие спроса,%,35–40,35,40,прогноз на 2035 г.,High,ГП № 2_2026_d.pdf,2026-07-03
PAR_2825,PRO_5683,Значение HHI,,,1500,2500,Интерпретация значений HHI: менее 1500 – низкая концентрация; 1500–2500 – умеренная; свыше 2500 – высокая.,High,ГП № 2_2026_d.pdf,2026-07-03
PAR_2826,PRO_5684,Объём импорта,,,,,,High,ГП № 2_2026_d.pdf,2026-07-03
PAR_2827,PRO_5684,Объём экспорта,,,,,,High,ГП № 2_2026_d.pdf,2026-07-03
PAR_2828,PRO_5684,Объём внутреннего производства,,,,,,High,ГП № 2_2026_d.pdf,2026-07-03
PAR_2829,FAC_5688,Запасы Li2O,т,,,34% российских запасов,Мурманская область,High,ГП № 2_2026_d.pdf,2026-07-03
PAR_2830,FAC_5689,Запасы REE,т,,,,Якутия,High,ГП № 2_2026_d.pdf,2026-07-03
PAR_2831,PRO_1681,Снижение операционных затрат,%,,15,25,При комплексном подходе к цифровизации горного производства в парадигме Industry 4.0,High,ГП № 2_2026_d.pdf,2026-07-03
PAR_2832,PRO_3999,Снижение непредвиденных простоев,%,,35,50,Экономический эффект от внедрения систем предиктивного обслуживания,High,ГП № 2_2026_d.pdf,2026-07-03
PAR_2833,PRO_3999,Сокращение затрат на техническое обслуживание,%,,20,25,Экономический эффект от внедрения систем предиктивного обслуживания,High,ГП № 2_2026_d.pdf,2026-07-03
PAR_2834,PRO_3999,Увеличение срока службы оборудования,%,,15,20,Экономический эффект от внедрения систем предиктивного обслуживания,High,ГП № 2_2026_d.pdf,2026-07-03
PAR_2835,EQU_5697,Сокращение времени разработки конструкции,%,,30,40,При применении CAD/CAM при проектировании горных машин,High,ГП № 2_2026_d.pdf,2026-07-03
PAR_2836,PRO_5700,Сокращение времени разработки,%,,30,40,Комплексная оптимизация конструкции до этапа физического прототипирования,High,ГП № 2_2026_d.pdf,2026-07-03
PAR_2837,EQU_5701,Точность прогнозирования отказов,%,,85,93,Комбинация традиционных методов диагностики и нейросетевых алгоритмов,High,ГП № 2_2026_d.pdf,2026-07-03
PAR_2838,EXP_5706,Цена сырья,Не указана,,,,Вариация ключевых параметров (±20%) для полиметаллического проекта,High,ГП № 2_2026_d.pdf,2026-07-03
PAR_2839,EXP_5706,NPV,млн долл.,,,,Зависимость от цены сырья,High,ГП № 2_2026_d.pdf,2026-07-03
PAR_2840,PRO_5708,Волатильность цен,,,,,Мировые сырьевые рынки в 2023–2025 гг.,High,ГП № 2_2026_d.pdf,2026-07-03
PAR_2841,PRO_5709,Количество симуляций,штук,10 000,,,,High,ГП № 2_2026_d.pdf,2026-07-03
PAR_2842,PRO_5710,Вероятность NPV > 0,%,"49,98",,,При положительном детерминированном NPV,High,ГП № 2_2026_d.pdf,2026-07-03
PAR_2843,PRO_5711,Систематическая переоценка инвестиционной привлекательности,,,,,Детерминированный NPV систематически переоценивает инвестиционную привлекательность,High,ГП № 2_2026_d.pdf,2026-07-03
PAR_2844,MAT_5716,E[NPV],млн долл.,42,,,при r = 15%,High,ГП № 2_2026_d.pdf,2026-07-03
PAR_2845,MAT_5717,E[NPV],млн долл.,,,,"при r = 15%, P > 79%",High,ГП № 2_2026_d.pdf,2026-07-03
PAR_2846,MAT_5718,E[NPV],млн долл.,442,,,"при r = 12%, P(NPV > 0) = 90,5%",High,ГП № 2_2026_d.pdf,2026-07-03
PAR_2847,PRO_5708,NPV,млн долл.,,337,612,Оценка NPV для различных горнодобывающих проектов,High,ГП № 2_2026_d.pdf,2026-07-03
PAR_2848,PRO_5719,NPV,млн долл.,,,,Систематическая переоценка NPV горнодобывающих проектов,High,ГП № 2_2026_d.pdf,2026-07-03
PAR_2849,PRO_5720,RMSE,%,,"3,8","5,2",Точность модели для оценки волатильности цен на металлы,High,ГП № 2_2026_d.pdf,2026-07-03
PAR_2850,PRO_5725,μ,% годовых,,,,Дрейф модели GBM для меди и золота,High,ГП № 2_2026_d.pdf,2026-07-03
PAR_2851,PRO_5725,σ,%,,,,Волатильность модели GBM для меди и золота,High,ГП № 2_2026_d.pdf,2026-07-03
PAR_2852,PRO_5726,κ,1/год,,,,Скорость возврата модели MRP для меди и золота,High,ГП № 2_2026_d.pdf,2026-07-03
PAR_2853,PRO_5726,θ,долл/т (долл/унц.),,,,Долгосрочное равновесие модели MRP для меди и золота,High,ГП № 2_2026_d.pdf,2026-07-03
PAR_2854,PRO_5720,σξ,%,,,,Волатильность долгосрочная модели SS для меди и золота,High,ГП № 2_2026_d.pdf,2026-07-03
PAR_2855,PRO_5720,ρχξ,,,,,Корреляция факторов модели SS для меди и золота,High,ГП № 2_2026_d.pdf,2026-07-03
PAR_2856,EQU_5728,Энергоэффективность,%,,,,"Снижение удельного расхода топлива до 42,2% при использовании автоматизированной системы управления.",High,ГП № 2_2026_d.pdf,2026-07-03
PAR_2857,EQU_5728,Расход технологической воды,%,,,20,Снижение количества технологической воды до 20% при использовании автоматизированной системы управления.,High,ГП № 2_2026_d.pdf,2026-07-03
PAR_2858,EQU_5734,производительность,м³/ч,100,,,,High,ГП № 2_2026_d.pdf,2026-07-03
PAR_2859,EQU_5737,Расход топлива,кг/сут,,310.8,537.6,До и после автоматизации,High,ГП № 2_2026_d.pdf,2026-07-03
PAR_2860,EQU_5737,Объем промытой породы,м3/сут,2200,,,,High,ГП № 2_2026_d.pdf,2026-07-03
PAR_2861,EQU_5737,Удельный расход,г/м3,,143,244,До и после автоматизации,High,ГП № 2_2026_d.pdf,2026-07-03
PAR_2862,EQU_5740,Производительность,Не указана,,,,Используется для оценки эффективности различных типов промывочных приборов,High,ГП № 2_2026_d.pdf,2026-07-03
PAR_2863,EQU_5740,Расход топлива,Не указана,,,,Используется для оценки эффективности различных типов промывочных приборов,High,ГП № 2_2026_d.pdf,2026-07-03
PAR_2864,EQU_5740,Затраты,Не указана,,,,Используется для оценки эффективности различных типов промывочных приборов,High,ГП № 2_2026_d.pdf,2026-07-03
PAR_2865,MAT_5742,Содержание общего железа,%,,"59,9","68,0",,High,ГП № 2_2026_d.pdf,2026-07-03
PAR_2866,MAT_5742,Содержание серы,%,,"0,09","0,78",,High,ГП № 2_2026_d.pdf,2026-07-03
PAR_2867,EQU_5745,Мощность,кВт,110,,,,High,ГП № 2_2026_d.pdf,2026-07-03
PAR_2868,PRO_5746,Снижение затрат на дизельное топливо,%,"42,2",,,При использовании насоса 1Д 800-56Б,High,ГП № 2_2026_d.pdf,2026-07-03
PAR_2869,PRO_5746,Снижение расхода технологической воды,%,20,,,При использовании насоса 1Д 800-56Б,High,ГП № 2_2026_d.pdf,2026-07-03
PAR_2870,EQU_5749,Относительная погрешность определения S,%,0.13,,,При использовании рентгеновской трубки с молибденовым анодом и первичным фильтром из титана,High,ГП № 2_2026_d.pdf,2026-07-03
PAR_2871,EQU_5749,Относительная погрешность определения Fe,%,0.98,,,При использовании рентгеновской трубки с молибденовым анодом и первичным фильтром из титана,High,ГП № 2_2026_d.pdf,2026-07-03
PAR_2872,PRO_5752,Массовая доля серы,%,,,,Определяется в ходе эксперимента по калибровке анализатора,High,ГП № 2_2026_d.pdf,2026-07-03
PAR_2873,PRO_5752,Массовая доля железа,%,,,,Определяется в ходе эксперимента по калибровке анализатора,High,ГП № 2_2026_d.pdf,2026-07-03
PAR_2874,EXP_5753,Анодное напряжение,кВ,26,,,Условия проведения эксперимента,High,ГП № 2_2026_d.pdf,2026-07-03
PAR_2875,EXP_5753,Анодный ток,мкА,500,,,Условия проведения эксперимента,High,ГП № 2_2026_d.pdf,2026-07-03
PAR_2876,EQU_5764,Расстояние до забоя,м,,"7,5",10,При работе ГКЗ,High,ГП № 2_2026_d.pdf,2026-07-03
PAR_2877,PRO_5765,Высота уступа,м,,25,30,,High,ГП № 2_2026_d.pdf,2026-07-03
PAR_2878,EQU_5767,Длина рабочего участка струи гидромонитора,м,не менее 30,30,,При давлении воды на насадке гидромонитора,High,ГП № 2_2026_d.pdf,2026-07-03
PAR_2879,EQU_5764,Давление на насадке,МПа,,"0,05","0,65",Влияние давления на производительность гидромонитора,High,ГП № 2_2026_d.pdf,2026-07-03
PAR_2880,PRO_5175,Тип съёмки,,,,,Лидарная и фотограмметрическая съёмка,High,ГП № 2_2026_d.pdf,2026-07-03
PAR_2881,EQU_5764,Длина рабочего участка струи,м,,,,Зависит от физико-механических свойств горных пород и напора на насадке гидромонитора,High,ГП № 2_2026_d.pdf,2026-07-03
PAR_2882,PRO_5777,Производительность ГЗК,м³/ч,,,,Определяется в зависимости от горнотехнических условий работы.,High,ГП № 2_2026_d.pdf,2026-07-03
PAR_2883,EQU_5764,Давление воды на насадке,МПа,,,,Влияет на производительность ГЗК.,High,ГП № 2_2026_d.pdf,2026-07-03
PAR_2884,EQU_5780,Время полёта,часы,,,,Для безопасного обеспечения горных работ,High,ГП № 2_2026_d.pdf,2026-07-03
PAR_2885,PRO_5783,Величина смещения,см,,10,,"Величины смещений менее 10 см исключались, так как выходили за полученную величину ошибки измерений на контрольных точках.",High,ГП № 2_2026_d.pdf,2026-07-03
PAR_2886,PRO_5788,Количество точек в облаке,Точки,399 245 977,,,Результат обработки данных ВЛС,High,ГП № 2_2026_d.pdf,2026-07-03
PAR_2887,PRO_5356,Точность определения координат траектории полета,,,,,Точность определения координат траектории полета беспилотного воздушного судна,High,ГП № 2_2026_d.pdf,2026-07-03
PAR_2888,PRO_5792,объем рынка,млрд долл.,,4.66,9.19,глобальный рынок автоматизации буровых работ в 2024 и 2034 годах,High,ГП № 2_2026_d.pdf,2026-07-03
PAR_2889,EQU_5795,Скорость проходки,Процент,,30,,Повышение скорости бурения минимум на 30%,High,ГП № 2_2026_d.pdf,2026-07-03
PAR_2890,PRO_5076,Темп роста рынка,Процент,26.54,,,Среднегодовой темп роста рынка цифровых двойников в нефтегазовом секторе,High,ГП № 2_2026_d.pdf,2026-07-03
PAR_2891,PRO_5796,Снижение незапланированных простоев,%,20,,,Внедрение технологий машинного обучения в буровое оборудование нефтяных компаний,High,ГП № 2_2026_d.pdf,2026-07-03
PAR_2892,PRO_5796,Снижение операционных затрат,%,10-15,10,15,Внедрение технологий машинного обучения в буровое оборудование нефтяных компаний,High,ГП № 2_2026_d.pdf,2026-07-03
PAR_2893,PRO_5796,Увеличение скорости бурения,%,26-30,26,30,Внедрение технологий машинного обучения в буровое оборудование нефтяных компаний,High,ГП № 2_2026_d.pdf,2026-07-03
PAR_2894,EQU_5802,Высота полёта,м,100,,,Полёты над цифровой моделью местности карьера,High,ГП № 2_2026_d.pdf,2026-07-03
PAR_2895,EQU_5803,Высота полёта,м,70,,,Детальное изучение юго-восточного борта карьера,High,ГП № 2_2026_d.pdf,2026-07-03
PAR_2896,EQU_5804,Скорость сканирования,т/с,720 000,,,,High,ГП № 2_2026_d.pdf,2026-07-03
PAR_2897,EQU_5804,Дальность сканирования,м,190,,,Коэффициент отражения 10%,High,ГП № 2_2026_d.pdf,2026-07-03
PAR_2898,PRO_5808,Повышение производительности,%,,55,75,При полной автоматизации,High,ГП № 2_2026_d.pdf,2026-07-03
PAR_2899,PRO_5809,Повышение производительности,%,,25,35,При частичной модернизации,High,ГП № 2_2026_d.pdf,2026-07-03
PAR_2900,EQU_699,Коэффициент технологической совместимости,,0.83,,,,High,ГП № 2_2026_d.pdf,2026-07-03
PAR_2901,EQU_5810,Коэффициент технологической совместимости,,0.78,,,,High,ГП № 2_2026_d.pdf,2026-07-03
PAR_2902,PRO_5076,Коэффициент технологической совместимости,,0.71,,,,High,ГП № 2_2026_d.pdf,2026-07-03
PAR_2903,PRO_5796,Повышение производительности,%,,55,75,При комплексном внедрении искусственного интеллекта,High,ГП № 2_2026_d.pdf,2026-07-03
PAR_2904,PRO_5796,Снижение аварийности,%,,60,70,При комплексном внедрении искусственного интеллекта,High,ГП № 2_2026_d.pdf,2026-07-03
PAR_2905,PRO_5796,Экономия энергоресурсов,%,,28,35,При комплексном внедрении искусственного интеллекта,High,ГП № 2_2026_d.pdf,2026-07-03
PAR_2906,FAC_5814,производительность,т/день/оператор,1100,,,,High,ГП № 2_2026_d.pdf,2026-07-03
PAR_2907,FAC_5814,прибыль,млн/работник/год,~1,,,40%-ная норма прибыли в условиях падающих цен на уголь,High,ГП № 2_2026_d.pdf,2026-07-03
PAR_2908,FAC_5815,экономия,кВт·ч,2000000,,,ежегодно,High,ГП № 2_2026_d.pdf,2026-07-03
PAR_2909,FAC_5817,мощность платформы,петафлопс,64,,200,централизованная промышленная интернет-платформа,High,ГП № 2_2026_d.pdf,2026-07-03
PAR_2910,PRO_5818,Энергопотребление,кВт·ч,2 млн,,,Снижение энергопотребления на 2 млн кВт·ч ежегодно,High,ГП № 2_2026_d.pdf,2026-07-03
PAR_2911,FAC_5819,Вычислительная мощность,петафлопс,64,,200,Первая фаза развертывания с планируемым расширением до 200 петафлопс,High,ГП № 2_2026_d.pdf,2026-07-03
PAR_2912,PRO_5820,Снижение OPEX,%,,7,12,При использовании пастообразных смесей для заполнения выработанного пространства,High,ГП № 2_2026_d.pdf,2026-07-03
PAR_2913,PRO_5822,DSCR,,"1,50x","1,20x","1,70x","Минимальный коэффициент покрытия обслуживания долга, требуемый банками",High,ГП № 2_2026_d.pdf,2026-07-03
PAR_2914,PRO_5822,Ставка дисконтирования,%,,"7,5",21,Изменение ключевой ставки Банка России,High,ГП № 2_2026_d.pdf,2026-07-03
PAR_2915,FAC_5824,Норма прибыли,%,40,,,Благодаря комплексной автоматизации транспортных систем,High,ГП № 2_2026_d.pdf,2026-07-03
PAR_2916,FAC_5825,Снижение энергопотребления,млн кВт.ч,2,,,Благодаря оптимизации транспортной системы,High,ГП № 2_2026_d.pdf,2026-07-03
PAR_2917,PRO_5827,запасы,т,120,,,типовой проект золотодобычи,High,ГП № 2_2026_d.pdf,2026-07-03
PAR_2918,PRO_5827,CAPEX,млрд руб.,94,,,типовой проект золотодобычи,High,ГП № 2_2026_d.pdf,2026-07-03
PAR_2919,PRO_5827,срок отработки,лет,18,,,типовой проект золотодобычи,High,ГП № 2_2026_d.pdf,2026-07-03
PAR_2920,PRO_5827,содержание,г/т,"3,2",,,типовой проект золотодобычи,High,ГП № 2_2026_d.pdf,2026-07-03
PAR_2921,PRO_5828,DSCR,,"≥ 1,50","1,50",,Пороговое значение для привлечения финансирования,High,ГП № 2_2026_d.pdf,2026-07-03
PAR_2922,PRO_5828,IRR,%,≥ 16,16,,Пороговое значение для привлечения финансирования,High,ГП № 2_2026_d.pdf,2026-07-03
PAR_2923,PRO_5828,Equity IRR,%,≥ 22,22,,Пороговое значение для привлечения финансирования,High,ГП № 2_2026_d.pdf,2026-07-03
PAR_2924,PRO_5828,Запасы C1,%,≥ 60,60,,Пороговое значение для привлечения финансирования,High,ГП № 2_2026_d.pdf,2026-07-03
PAR_2925,PRO_5828,Оффтейк,%,≥ 50,50,,Пороговое значение для привлечения финансирования,High,ГП № 2_2026_d.pdf,2026-07-03
PAR_2926,MAT_3430,Механическая прочность,,,,,Высокая механическая прочность гранул позволяет механизированное внесение в грунты различного типа,High,ГП № 2_2026_d.pdf,2026-07-03
PAR_2927,MAT_3430,Крошимость,,,,,Высокая крошимость гранул позволяет механизированное внесение в грунты различного типа,High,ГП № 2_2026_d.pdf,2026-07-03
PAR_2928,MAT_5835,Массовая доля сухого вещества,%,не менее 25,25,,,High,ГП № 2_2026_d.pdf,2026-07-03
PAR_2929,MAT_5835,Массовая доля органического вещества,%,не менее 70,70,,от сухого вещества,High,ГП № 2_2026_d.pdf,2026-07-03
PAR_2930,MAT_5835,Массовая доля влаги,%,не более 60,,60,,High,ГП № 2_2026_d.pdf,2026-07-03
PAR_2931,MAT_5835,pH,,"6,0 – 6,5",6.0,6.5,pH сол.,High,ГП № 2_2026_d.pdf,2026-07-03
PAR_2932,MAT_5835,Массовая доля азота общего N,%,"0,7",0.7,,,High,ГП № 2_2026_d.pdf,2026-07-03
PAR_2933,MAT_5835,Массовая доля фосфора общего P2O5,%,"0,5",0.5,,,High,ГП № 2_2026_d.pdf,2026-07-03
PAR_2934,MAT_5835,Массовая доля калия общего K2O,%,"0,3",0.3,,,High,ГП № 2_2026_d.pdf,2026-07-03
PAR_2935,MAT_5837,Эффективность,,,,,Выраженное ускорение всхожести и усиление начального роста растений по сравнению с контрольным вариантом.,High,ГП № 2_2026_d.pdf,2026-07-03
PAR_2936,EQU_5843,Диаметр фильеры,мм,13,,,,High,ГП № 2_2026_d.pdf,2026-07-03
PAR_2937,EQU_5844,Температура сушки,°C,,50,60,,High,ГП № 2_2026_d.pdf,2026-07-03
PAR_2938,EQU_5846,Точность,г,"± 0,01",,,,High,ГП № 2_2026_d.pdf,2026-07-03
PAR_2939,EQU_5847,Скорость сжатия,м/мин,"0,05",,,,High,ГП № 2_2026_d.pdf,2026-07-03
PAR_2940,MAT_5849,Диаметр,мм,,11.5,13.0,Размерно-массовые параметры гранул,High,ГП № 2_2026_d.pdf,2026-07-03
PAR_2941,MAT_5849,Длина,мм,,10.0,11.0,Размерно-массовые параметры гранул,High,ГП № 2_2026_d.pdf,2026-07-03
PAR_2942,MAT_5849,Объем,м3·10-6,,1.04,1.46,Размерно-массовые параметры гранул,High,ГП № 2_2026_d.pdf,2026-07-03
PAR_2943,MAT_5849,Влажность,%,,38.0,69.4,Размерно-массовые параметры гранул,High,ГП № 2_2026_d.pdf,2026-07-03
PAR_2944,MAT_5849,Масса,г,,0.8,2.1,Размерно-массовые параметры гранул,High,ГП № 2_2026_d.pdf,2026-07-03
PAR_2945,MAT_5849,Плотность,кг/м3,769,,,Параметры гранул,High,ГП № 2_2026_d.pdf,2026-07-03
PAR_2946,MAT_5849,Объемная усадка,%,28.76,,,Параметры гранул,High,ГП № 2_2026_d.pdf,2026-07-03
PAR_2947,MAT_5849,Влагоёмкость,%,255,,,Параметры гранул,High,ГП № 2_2026_d.pdf,2026-07-03
PAR_2948,MAT_5849,Прочность на сжатие,МПа,2.28,,,Параметры гранул,High,ГП № 2_2026_d.pdf,2026-07-03
PAR_2949,MAT_5849,Крошимость,%,99.7,,,Параметры гранул,High,ГП № 2_2026_d.pdf,2026-07-03
PAR_2950,FAC_5851,Класс условий труда,,3.2,,,Итоговый класс условий труда,High,ГП № 2_2026_d.pdf,2026-07-03
PAR_2951,FAC_5851,Эффективность СИЗ,,Не оценивалась,,,Для всех факторов,High,ГП № 2_2026_d.pdf,2026-07-03
PAR_2952,MAT_4401,концентрация взвешенных веществ,мг/л,,до 300,,в исходном потоке сточной воды,High,ГП № 2_2026_d.pdf,2026-07-03
PAR_2953,MAT_4401,концентрация взвесей,мг/л,,,не более 50,после усреднения потока,High,ГП № 2_2026_d.pdf,2026-07-03
PAR_2954,EQU_4412,Давление,МПа,,0.3,0.5,Условия работы напорного флотатора,High,ГП № 2_2026_d.pdf,2026-07-03
PAR_2955,PRO_5872,Уровень шума,дБ,,,,На предприятиях по очистке сточных вод,High,ГП № 2_2026_d.pdf,2026-07-03
PAR_2956,PRO_5872,Уровень вибрации,м/с²,,,,На предприятиях по очистке сточных вод,High,ГП № 2_2026_d.pdf,2026-07-03
PAR_2957,PRO_5880,выбросы парниковых газов,тонны CO2-экв.,,,,Суммарные выбросы парниковых газов Scope 1 и Scope 2,High,ГП № 2_2026_d.pdf,2026-07-03
PAR_2958,PRO_5880,объём добычи,тысячи тонн,,,,Объём добычи полезного ископаемого,High,ГП № 2_2026_d.pdf,2026-07-03
PAR_2959,PRO_5879,IDEC,% ВРП,"-0,0127",,,Коэффициент при IDEC в панельной регрессии,High,ГП № 2_2026_d.pdf,2026-07-03
PAR_2960,PRO_5879,индекс HHI,,,0.48,0.58,"Кемеровская область, 2019-2025 гг.",High,ГП № 2_2026_d.pdf,2026-07-03
PAR_2961,PRO_5879,углеродоёмкость,т CO2-экв. на тысячу тонн,1.82,,,угольные регионы,High,ГП № 2_2026_d.pdf,2026-07-03
PAR_2962,PRO_5880,CI,т CO2-экв/тыс. т,,"0,78","2,05",Для различных регионов РФ,High,ГП № 2_2026_d.pdf,2026-07-03
PAR_2963,PRO_5886,IDEC,% ВРП,,"0,47","3,42",Для различных регионов РФ,High,ГП № 2_2026_d.pdf,2026-07-03
PAR_2964,PRO_5879,инвестиции,% ВРП,"≥ 3,5%","3,5%",,Пороговое значение инвестиций в декарбонизацию для ускорения диверсификации моноресурсных регионов,High,ГП № 2_2026_d.pdf,2026-07-03
PAR_2965,PRO_5879,углеродоёмкость,т CO2-экв/тыс. т,"1,72–2,05","1,72","2,05",Углеродоёмкость добычи в угольных регионах,High,ГП № 2_2026_d.pdf,2026-07-03
PAR_2966,EQU_5896,Время замера,с,20,,,Линейные размеры детектора с учетом свинцовой защиты,High,ГП № 2_2026_d.pdf,2026-07-03
PAR_2967,EQU_5896,Фон в помещении,CPM,,75,104,Естественный фоновый уровень радиации в помещении,High,ГП № 2_2026_d.pdf,2026-07-03
PAR_2968,MAT_5895,Концентрация KCl,%,,"6,10","46,53",Содержание хлорида калия в образцах породы,High,ГП № 2_2026_d.pdf,2026-07-03
PAR_2969,EQU_5898,Высота установки,м,,,,Оптимальная высота установки датчика над почвой определяется эмпирическим путем,High,ГП № 2_2026_d.pdf,2026-07-03
PAR_2970,EXP_5901,Количество измерений,,,,,Определяется эмпирическим путем,High,ГП № 2_2026_d.pdf,2026-07-03
PAR_2971,MAT_3238,Содержание KCl,Не указано,,,,Используется для определения границ продуктивных пластов,High,ГП № 2_2026_d.pdf,2026-07-03
PAR_2972,PRO_5903,Уровень Ȗ-излучения,Не указано,,,,Измеряется с помощью сцинтилляционного детектора,High,ГП № 2_2026_d.pdf,2026-07-03
PAR_2973,PRO_5907,естественный радиационный фон,CPM,"88,15",,,при проведении 20 замеров,High,ГП № 2_2026_d.pdf,2026-07-03
PAR_2974,EXP_5908,время экспозиции,с,20,,,,High,ГП № 2_2026_d.pdf,2026-07-03
PAR_2975,MAT_3238,Содержание 40K,не указано,,,,В различных пропластках неодинаково,High,ГП № 2_2026_d.pdf,2026-07-03
PAR_2976,EQU_5896,Граничное значение СРМ,импульсы,400,,,Граничное значение между продуктивными и вмещающими пластами,High,ГП № 2_2026_d.pdf,2026-07-03
PAR_2977,PRO_5915,Погрешность определения границ залегания продуктивного пласта,см,,,25,"По вертикали, не превышает 7,8% от общей высоты хода комбайна",High,ГП № 2_2026_d.pdf,2026-07-03
PAR_2978,EXP_5918,нормальная нагрузка,МПа,,"0,5","3,5",Испытания образцов уртита на жёсткость и разрушение,High,ГП № 2_2026_d.pdf,2026-07-03
PAR_2979,EXP_5918,отношение нормальной к тангенциальной жёсткости,,"15,83","15,03","213,81",Испытания образцов уртита на жёсткость и разрушение,High,ГП № 2_2026_d.pdf,2026-07-03
PAR_2980,MAT_458,угол наклона трещины относительно оси керна,градусы,77,58,86,образец №4,High,ГП № 2_2026_d.pdf,2026-07-03
PAR_2981,MAT_458,диаметр керна,мм,45,,,образец №4,High,ГП № 2_2026_d.pdf,2026-07-03
PAR_2982,MAT_458,длина образца,мм,113.8,,,образец №4,High,ГП № 2_2026_d.pdf,2026-07-03
PAR_2983,MAT_458,содержание нефелина,%,,70,85,,High,ГП № 2_2026_d.pdf,2026-07-03
PAR_2984,MAT_458,содержание пироксенита,%,,10,20,,High,ГП № 2_2026_d.pdf,2026-07-03
PAR_2985,MAT_458,содержание сфена,%,,5,10,,High,ГП № 2_2026_d.pdf,2026-07-03
PAR_2986,PRO_5925,Сокращение цикла конверсии денежных средств,Дни,"18,7",,,"Внедрение факторинга сокращает цикл конверсии денежных средств в среднем с 94,3 до 75,6 дня.",High,ГП № 2_2026_d.pdf,2026-07-03
PAR_2987,PRO_5925,Снижение доли просроченной дебиторской задолженности,Процентных пунктов,"12,4",,,,High,ГП № 2_2026_d.pdf,2026-07-03
PAR_2988,PRO_5925,Уменьшение потребности в краткосрочных кредитах,%,"23,1",,,,High,ГП № 2_2026_d.pdf,2026-07-03
PAR_2989,EXP_5926,Нормальная нагрузка,,,,,Методика постоянной нормальной нагрузки,High,ГП № 2_2026_d.pdf,2026-07-03
PAR_2990,EXP_5926,Нормальная жёсткость,,,,,Зависимость от величины приложенной нагрузки и геометрии образцов,High,ГП № 2_2026_d.pdf,2026-07-03
PAR_2991,EXP_5926,Тангенциальная жёсткость,,,,,Зависимость от величины приложенной нагрузки и геометрии образцов,High,ГП № 2_2026_d.pdf,2026-07-03
PAR_2992,PRO_5930,Значение,,,,,Определяется в процессе испытаний образцов уртита на сдвиг по трещине,High,ГП № 2_2026_d.pdf,2026-07-03
PAR_2993,PRO_5931,Значение,,,,,Определяется в процессе испытаний образцов уртита на сдвиг по трещине,High,ГП № 2_2026_d.pdf,2026-07-03
PAR_2994,PRO_5925,Сокращение продолжительности цикла конверсии,дни,18.7,,,при применении факторинга,High,ГП № 2_2026_d.pdf,2026-07-03
PAR_2995,PRO_5937,Средневзвешенная стоимость краткосрочного финансирования,% годовых,"16,8",,,Для группы F,High,ГП № 2_2026_d.pdf,2026-07-03
PAR_2996,PRO_5937,Доля просроченной дебиторской задолженности,%,"8,3",,,Для группы F,High,ГП № 2_2026_d.pdf,2026-07-03
PAR_2997,PRO_5937,Потребность в краткосрочных кредитах / Выручка,%,"11,4",,,Для группы F,High,ГП № 2_2026_d.pdf,2026-07-03
PAR_2998,EXP_5938,ΔCCC,дни,,"-22,1","-11,3",Средняя разница между группами F и NF в рамках каждой размерной когорты,High,ГП № 2_2026_d.pdf,2026-07-03
PAR_2999,EXP_5938,ΔDSO,дни,,"-20,3","-9,8",Средняя разница между группами F и NF в рамках каждой размерной когорты,High,ГП № 2_2026_d.pdf,2026-07-03
PAR_3000,EXP_5938,NEF / Выручка,%,,"0,09","0,31",Отношение чистой экономии от факторинга к годовой выручке,High,ГП № 2_2026_d.pdf,2026-07-03
PAR_3001,EXP_5938,ΔP(gap),п.п.,,"-41,8","-18,4",Снижение вероятности кассового разрыва при шоке -30%,High,ГП № 2_2026_d.pdf,2026-07-03
PAR_3002,PRO_5940,уровень цифровизации,%,,25,,нелинейная зависимость между уровнем цифровизации и эффективностью,High,ГП № 2_2026_d.pdf,2026-07-03
PAR_3003,PRO_5940,прирост индекса инвестиционной привлекательности,балл,,"0,3","1,8",прогноз динамики индекса инвестиционной привлекательности при различных сценариях цифровизации,High,ГП № 2_2026_d.pdf,2026-07-03
PAR_3004,PRO_5944,Корреляция с инвестиционной привлекательностью,,"r = 0,89",,,Корреляционно-регрессионный анализ панельных данных по 12 сырьевым регионам РФ,High,ГП № 2_2026_d.pdf,2026-07-03
PAR_3005,PRO_5944,Коэффициент детерминации,,"R2 = 0,79",,,Корреляционно-регрессионный анализ панельных данных по 12 сырьевым регионам РФ,High,ГП № 2_2026_d.pdf,2026-07-03
PAR_3006,PRO_5944,"Процент компаний, использующих цифровые платформы",%,11.6,,,"Горнодобывающая отрасль России, 2023 год",High,ГП № 2_2026_d.pdf,2026-07-03
PAR_3007,PRO_5944,Снижение операционных расходов,%,,12,15,Внедрение цифровых платформ в горнодобывающей отрасли,High,ГП № 2_2026_d.pdf,2026-07-03
PAR_3008,PRO_5944,Ускорение финансовых закрытий,%,30,,,Внедрение цифровых платформ в горнодобывающей отрасли,High,ГП № 2_2026_d.pdf,2026-07-03
PAR_3009,PRO_5944,Снижение транзакционных издержек,%,,18,22,Внедрение цифровых платформ в горнодобывающей отрасли,High,ГП № 2_2026_d.pdf,2026-07-03
PAR_3010,PRO_5946,Индекс инвестиционной привлекательности,баллы,,,,"Зависит от уровня цифровизации финансового управления, объёма инвестиций в основной капитал и себестоимости добычи.",High,ГП № 2_2026_d.pdf,2026-07-03
PAR_3011,PRO_5947,Индекс технической эффективности,,,,,"Рассчитывается на основе затрат на ИТ-инфраструктуру, численности ИТ-персонала и числа внедрённых программных модулей.",High,ГП № 2_2026_d.pdf,2026-07-03
PAR_3012,PRO_5944,WACC,%,,"11,8","14,7",средневзвешенная стоимость капитала горнодобывающих предприятий при цифровизации финансового управления,High,ГП № 2_2026_d.pdf,2026-07-03
PAR_3013,PRO_5944,OPEX-экономия,%,,"5,2","16,8",прирост OPEX-экономии при цифровизации финансового управления,High,ГП № 2_2026_d.pdf,2026-07-03
PAR_3014,MAT_621,прогнозный дефицит,%,38,,,к 2035 году,High,ГП № 2_2026_d.pdf,2026-07-03
PAR_3015,MAT_2289,индекс Херфиндаля–Хиршмана,,5880,,,,High,ГП № 2_2026_d.pdf,2026-07-03
PAR_3016,MAT_3609,индекс Херфиндаля–Хиршмана,,4990,,,,High,ГП № 2_2026_d.pdf,2026-07-03
PAR_3017,MAT_621,дефицит,%,37.9,,,Базовый сценарий,High,ГП № 2_2026_d.pdf,2026-07-03
PAR_3018,MAT_621,среднегодовой темп роста спроса,%,9.6,,,,High,ГП № 2_2026_d.pdf,2026-07-03
PAR_3019,MAT_621,дефицит,%,15.2,,,Высокий сценарий,High,ГП № 2_2026_d.pdf,2026-07-03
PAR_3020,MAT_621,индекс Герфиндаля–Хиршмана,,2218,,,рынок лития,High,ГП № 2_2026_d.pdf,2026-07-03
PAR_3021,MAT_2289,индекс Герфиндаля–Хиршмана,,5880,,,рынок кобальта,High,ГП № 2_2026_d.pdf,2026-07-03
PAR_3022,MAT_3609,индекс Герфиндаля–Хиршмана,,4990,,,рынок РЗМ,High,ГП № 2_2026_d.pdf,2026-07-03
PAR_3023,MAT_5959,Спрос,Процент,,6,30,Увеличение спроса на КМС в 2024 году,High,ГП № 2_2026_d.pdf,2026-07-03
PAR_3024,MAT_621,Спрос,Процент,30,,,Увеличение спроса на литий в 2024 году,High,ГП № 2_2026_d.pdf,2026-07-03
PAR_3025,MAT_2289,Спрос,Процент,6-8,6,8,Увеличение спроса на кобальт в 2024 году,High,ГП № 2_2026_d.pdf,2026-07-03
PAR_3026,MAT_5681,Спрос,Процент,6-8,6,8,Увеличение спроса на никель в 2024 году,High,ГП № 2_2026_d.pdf,2026-07-03
PAR_3027,MAT_5960,Спрос,Процент,6-8,6,8,Увеличение спроса на РЗМ в 2024 году,High,ГП № 2_2026_d.pdf,2026-07-03
PAR_3028,MAT_2289,Дефицит,%,"8,8",,,Базовый сценарий,High,ГП № 2_2026_d.pdf,2026-07-03
PAR_3029,MAT_2289,Профицит,%,"5,9",,,Высокий сценарий,High,ГП № 2_2026_d.pdf,2026-07-03
PAR_3030,MAT_621,Спрос 2035,тыс. т LCE,3300,,,,High,ГП № 2_2026_d.pdf,2026-07-03
PAR_3031,MAT_621,Предложение 2035,тыс. т LCE,2800,,,Высокий сценарий,High,ГП № 2_2026_d.pdf,2026-07-03
PAR_3032,MAT_5955,Спрос 2035,тыс. т REO,270,,,,High,ГП № 2_2026_d.pdf,2026-07-03
PAR_3033,MAT_5955,Предложение 2035,тыс. т REO,340,,,Высокий сценарий,High,ГП № 2_2026_d.pdf,2026-07-03
PAR_3034,EXP_4815,Коэффициент корреляции,,"-0,6587",,,Между темпами роста выручки горной промышленности и темпами роста чистой прибыли металлургии за 2023 к 2022 г.,High,ГП № 2_2026_d.pdf,2026-07-03
PAR_3035,PRO_5961,Уравнение модели,,Y = 976200 * X1 + 1728720 * X2 + 0.024092 * X3 - 63000 * X4 + 6844 * X5 + 0.826989 * X6 - 0.008556 * X7,,,Модель взаимосвязи чистой прибыли горнодобывающих компаний и финансовых показателей металлургической отрасли,High,ГП № 2_2026_d.pdf,2026-07-03
PAR_3036,MAT_2289,HHI,,,4624,5880,2018-2024,High,ГП № 2_2026_d.pdf,2026-07-03
PAR_3037,MAT_621,мировое производство,тыс. т,240,,,2024 г.,High,ГП № 2_2026_d.pdf,2026-07-03
PAR_3038,MAT_5955,N – 1 покрытия,%,25,,,,High,ГП № 2_2026_d.pdf,2026-07-03
PAR_3039,PRO_5966,Темп роста выручки металлургической отрасли,коэффициент,9.762e+05,,,2022–2023 гг.,High,ГП № 2_2026_d.pdf,2026-07-03
PAR_3040,PRO_5966,Темп роста чистой прибыли горнодобывающей отрасли,коэффициент,-6.3e+04,,,2022–2023 гг.,High,ГП № 2_2026_d.pdf,2026-07-03
PAR_3041,EQU_810,Число сотрудников,человек,,4,154,Рост числа сотрудников с 2006 года,High,ГП №1_2026_d.pdf,2026-07-03
PAR_3042,FAC_5974,Год основания,год,2017,,,,High,ГП №1_2026_d.pdf,2026-07-03
PAR_3043,FAC_5978,Тип производства,,Жирные кислоты и их производные,,,Для флотации апатитовых руд,High,ГП №1_2026_d.pdf,2026-07-03
PAR_3044,FAC_5979,Тип продукции,,Органические коагулянты,,,Для очистки шахтных и сточных вод,High,ГП №1_2026_d.pdf,2026-07-03
PAR_3045,EQU_5990,Прочность,,,,,Высокая прочность при работе в тяжелых горных условиях,High,ГП №1_2026_d.pdf,2026-07-03
PAR_3046,EQU_5991,Износостойкость,,,,,Высокая износостойкость при работе в тяжелых горных условиях,High,ГП №1_2026_d.pdf,2026-07-03
PAR_3047,EQU_5988,вес,т,40,,,,High,ГП №1_2026_d.pdf,2026-07-03
PAR_3048,EQU_5988,глубина бурения,м,54,,,,High,ГП №1_2026_d.pdf,2026-07-03
PAR_3049,EQU_5988,диаметр скважин,мм,,150,230,,High,ГП №1_2026_d.pdf,2026-07-03
PAR_3050,MAT_3609,Потребность Российской Федерации,тыс. т в год,,100,250,,High,ГП №1_2026_d.pdf,2026-07-03
PAR_3051,FAC_5997,Толщина продуктивного пласта,см,70,,90,При выработке штрек увеличивают до 90 для обеспечения доступа рабочим,High,ГП №1_2026_d.pdf,2026-07-03
PAR_3052,FAC_6001,количество участников,компании,,500,,Юбилейная выставка 2026 года,High,ГП №1_2026_d.pdf,2026-07-03
PAR_3053,FAC_6001,дата проведения,дата,22–24 апреля 2026 года,,,Юбилейная выставка,High,ГП №1_2026_d.pdf,2026-07-03
PAR_3054,FAC_6001,место проведения,локация,"Москва, Крокус Экспо",,,Юбилейная выставка 2026 года,High,ГП №1_2026_d.pdf,2026-07-03
PAR_3055,EXP_6014,Сила звука,дБ,,,,При перепаде давления на фронте ударной воздушной волны,High,ГП №1_2026_d.pdf,2026-07-03
PAR_3056,EXP_6014,Перепад давления,Па,,,,На фронте ударной воздушной волны,High,ГП №1_2026_d.pdf,2026-07-03
PAR_3057,FAC_6027,Объём хранения,т,,,,Для взрывчатых материалов,High,ГП №1_2026_d.pdf,2026-07-03
PAR_3058,PRO_1496,Температура,°C,,-50,50,"Диапазон температур, при которых проводятся взрывные работы",High,ГП №1_2026_d.pdf,2026-07-03
PAR_3059,EQU_6034,Количество дефектов,шт,,,,На 20 кранов,High,ГП №1_2026_d.pdf,2026-07-03
PAR_3060,EQU_6036,Срок службы,Время,,,Нормативный срок службы,Около 80% грузоподъёмных машин выработали нормативный срок службы.,High,ГП №1_2026_d.pdf,2026-07-03
PAR_3061,PRO_6038,Цель,,Создание нормативно-технических основ применения БВС,,,Разработка стандартов для использования БВС в строительной отрасли и маркшейдерских работах,High,ГП №1_2026_d.pdf,2026-07-03
PAR_3062,EQU_6044,Грузоподъёмность,т,,,,Повышенная грузоподъёмность по сравнению с козловым грейферным краном,High,ГП №1_2026_d.pdf,2026-07-03
PAR_3063,EQU_6044,Высота подъёма,м,,,,Большая высота подъёма по сравнению с козловым грейферным краном,High,ГП №1_2026_d.pdf,2026-07-03
PAR_3064,EQU_6044,Скорость движения тележки,м/с,,,,Увеличенная скорость движения тележки по сравнению с козловым грейферным краном,High,ГП №1_2026_d.pdf,2026-07-03
PAR_3065,EQU_6044,Длина пролёта,м,120,,,,High,ГП №1_2026_d.pdf,2026-07-03
PAR_3066,PRO_6052,Эффективность функционирования,,,,,Максимизация общей эффективности функционирования системы водообеспечения,High,ГП №1_2026_d.pdf,2026-07-03
PAR_3067,PRO_6052,Риск,,,,,Минимизация общего риска при функционировании системы водообеспечения,High,ГП №1_2026_d.pdf,2026-07-03
PAR_3068,PRO_6054,Температура воды,°C,,,,Зависит от времени года,High,ГП №1_2026_d.pdf,2026-07-03
PAR_3069,EQU_6055,Степень обеспеченности подачи воды,,Высокая,,,При наличии затопленных водоприемников,High,ГП №1_2026_d.pdf,2026-07-03
PAR_3070,PRO_6052,Геомеханические составляющие,,,,,Учитываются при выборе конструктивных проектных решений и места расположения водозаборных сооружений.,High,ГП №1_2026_d.pdf,2026-07-03
PAR_3071,PRO_6052,Гидрологические процессы,,,,,Учитываются при разработке проектных правил и процедур.,High,ГП №1_2026_d.pdf,2026-07-03
PAR_3072,PRO_6079,Значение ИПМУ,,,,,Показывает «запас прочности» региона,High,ГП №1_2026_d.pdf,2026-07-03
PAR_3073,PRO_6080,Взвешенный риск региона,,,,,Учитывает рискоемкость компаний,High,ГП №1_2026_d.pdf,2026-07-03
PAR_3074,PRO_6081,Итоговый индекс рискоустойчивости региона,,,,,Основывается на ИПМУ и ВРР,High,ГП №1_2026_d.pdf,2026-07-03
PAR_3075,MAT_6088,Температура,°C,,,,В течение года,High,ГП №1_2026_d.pdf,2026-07-03
PAR_3076,MAT_6091,Толщина,м,,0.5,,Для обеспечения мерзлого состояния намороженного ЛМ,High,ГП №1_2026_d.pdf,2026-07-03
PAR_3077,MAT_4116,Толщина,м,,0.1,,Для обеспечения мерзлого состояния намороженного ЛМ,High,ГП №1_2026_d.pdf,2026-07-03
PAR_3078,MAT_6094,толщина,м,"6,5",,,карьер «Интернациональный» АК «Алроса»,High,ГП №1_2026_d.pdf,2026-07-03
PAR_3079,MAT_6095,толщина,м,,2,"2,5",карьер «Интернациональный» АК «Алроса»,High,ГП №1_2026_d.pdf,2026-07-03
PAR_3080,MAT_6102,Толщина,м,,,,Соответствует глубине техногенного озера,High,ГП №1_2026_d.pdf,2026-07-03
PAR_3081,EXP_6107,Выборочная совокупность,человек,613,,,,High,ГП №1_2026_d.pdf,2026-07-03
PAR_3082,EXP_6107,Процент респондентов с высшим или незаконченным высшим образованием,%,"43,6",,,,High,ГП №1_2026_d.pdf,2026-07-03
PAR_3083,EQU_6113,Эффективность очистки,%,,,,Эффективность очистки сточных вод на станции,High,ГП №1_2026_d.pdf,2026-07-03
PAR_3084,EQU_6112,Объем обрабатываемой воды,м³/ч,,,,"Объем воды, обрабатываемой очистными сооружениями",High,ГП №1_2026_d.pdf,2026-07-03
PAR_3085,MAT_6115,Концентрация,кг/м³,,1,3,Добавление в буровой раствор для стабилизации стенок скважин,High,ГП №1_2026_d.pdf,2026-07-03
PAR_3086,MAT_6115,Концентрация,кг/м³,,1,3,При использовании в буровом растворе,High,ГП №1_2026_d.pdf,2026-07-03
PAR_3087,MAT_6115,Концентрация,кг/м³,,1,3,Оптимальный диапазон для достижения максимальной эффективности и экономичности,High,ГП №1_2026_d.pdf,2026-07-03
PAR_3088,MAT_6115,Концентрация,кг/м³,,1,3,Оптимальный баланс эффективности и экономичности,High,ГП №1_2026_d.pdf,2026-07-03
PAR_3089,MAT_6115,Поглощение воды,крат,400,,,Обеспечивает блокировку пор и стабилизацию стенок,High,ГП №1_2026_d.pdf,2026-07-03
PAR_3090,MAT_6115,Адгезия,,Высокая,,,"Стабилизация структур пород, предотвращение обрушений",High,ГП №1_2026_d.pdf,2026-07-03
PAR_3091,PRO_4796,Рост производительности,%,,8,15,Интеграция больших данных в управление,High,ГП №1_2026_d.pdf,2026-07-03
PAR_3092,PRO_4796,Снижение операционных рисков,%,,12,20,Интеграция больших данных в управление,High,ГП №1_2026_d.pdf,2026-07-03
PAR_3093,PRO_1775,Прирост производительности,%,,,,Оценка влияния Big Data на производительность горной промышленности,High,ГП №1_2026_d.pdf,2026-07-03
PAR_3094,PRO_1775,Снижение рисков простоев и аварий,%,,,,Оценка влияния Big Data на риски простоев и аварий в горной промышленности,High,ГП №1_2026_d.pdf,2026-07-03
PAR_3095,PRO_1775,Сокращение затрат,%,,,,Оценка влияния Big Data на затраты в горной промышленности,High,ГП №1_2026_d.pdf,2026-07-03
PAR_3096,PRO_6147,Годовая добыча угля,тыс. т,,1,1000,Классификация угледобывающих предприятий по производственной мощности,High,ГП №1_2026_d.pdf,2026-07-03
PAR_3097,PRO_6147,Балансовые запасы угля,млн т,,5,30,Классификация угледобывающих предприятий по геолого-экономическому критерию,High,ГП №1_2026_d.pdf,2026-07-03
PAR_3098,FAC_6149,Мощность предприятия,тыс. т/г,,10,200,Для небольших угольных предприятий в труднодоступных районах Крайнего Севера России,High,ГП №1_2026_d.pdf,2026-07-03
PAR_3099,FAC_3024,Объем добычи,тыс. т/год,,10,200,Добыча угля в труднодоступных районах Арктики,High,ГП №1_2026_d.pdf,2026-07-03
PAR_3100,PUB_895,Зольность,%,,,,Качество угля,High,ГП №1_2026_d.pdf,2026-07-03
PAR_3101,PUB_895,Низшая теплота сгорания,МДж/кг,,,,Свойства угля,High,ГП №1_2026_d.pdf,2026-07-03
PAR_3102,FAC_6152,Численность работников,человек,,20,40,При существующих подходах к управлению,High,ГП №1_2026_d.pdf,2026-07-03
PAR_3103,PRO_6151,Срок выполнения работ,месяцев,36,36,42,При последовательном выполнении работ,High,ГП №1_2026_d.pdf,2026-07-03
PAR_3104,MAT_3604,Массовая доля титаномагнетита,%,,"0,4","1,2",Содержание титаномагнетита в добываемых рудах,High,ГП №1_2026_d.pdf,2026-07-03
PAR_3105,FAC_3024,Мощность,тыс. т/год,,10,200,Локальные угольные разрезы в арктических районах,High,ГП №1_2026_d.pdf,2026-07-03
PAR_3106,MAT_6159,массовая доля железа общего,%,,57.4,63.9,в зависимости от месторождения,High,ГП №1_2026_d.pdf,2026-07-03
PAR_3107,MAT_6159,содержание диоксида титана,%,,7,13,в зависимости от месторождения,High,ГП №1_2026_d.pdf,2026-07-03
PAR_3108,MAT_6163,выход концентрата,%,"2,6",,,из исходной руды,High,ГП №1_2026_d.pdf,2026-07-03
PAR_3109,MAT_6163,содержание железа общего,%,"22,7",,,,High,ГП №1_2026_d.pdf,2026-07-03
PAR_3110,MAT_6163,содержание диоксида титана,%,"5,9",,,,High,ГП №1_2026_d.pdf,2026-07-03
PAR_3111,MAT_6167,массовая доля,%,"0,41",,,,High,ГП №1_2026_d.pdf,2026-07-03
PAR_3112,MAT_2044,содержание железа общего,%,,,,в пробах из Хибинских месторождений,High,ГП №1_2026_d.pdf,2026-07-03
PAR_3113,MAT_2044,содержание диоксида титана,%,,,,в пробах из Хибинских месторождений,High,ГП №1_2026_d.pdf,2026-07-03
PAR_3114,MAT_6170,содержание Feобщ,%,"61,62",,,при использовании мокрой магнитной сепарации,High,ГП №1_2026_d.pdf,2026-07-03
PAR_3115,MAT_6170,содержание TiO2,%,"7,35",,,при использовании мокрой магнитной сепарации,High,ГП №1_2026_d.pdf,2026-07-03
PAR_3116,MAT_6170,сквозное извлечение Feобщ,%,65,,,при использовании мокрой магнитной сепарации,High,ГП №1_2026_d.pdf,2026-07-03
PAR_3117,MAT_6170,содержание Feобщ,%,63,,,при использовании магнитно-гравитационной сепарации,High,ГП №1_2026_d.pdf,2026-07-03
PAR_3118,MAT_6170,сквозное извлечение Feобщ,%,"63,7",,,при использовании магнитно-гравитационной сепарации,High,ГП №1_2026_d.pdf,2026-07-03
PAR_3119,MAT_6159,массовая доля Feобщ,%,,"61,7","64,7",проба №1,High,ГП №1_2026_d.pdf,2026-07-03
PAR_3120,MAT_6159,массовая доля Feобщ,%,,"63,9","64,8",проба №2,High,ГП №1_2026_d.pdf,2026-07-03
PAR_3121,PRO_6156,Напряженность магнитного поля,Э,,600,1000,Сепарация титаномагнетитового концентрата,High,ГП №1_2026_d.pdf,2026-07-03
PAR_3122,MAT_6170,Массовая доля железа,%,"58,7",,,Получение концентрата с использованием МГС,High,ГП №1_2026_d.pdf,2026-07-03
PAR_3123,MAT_6170,Массовая доля диоксида титана,%,"13,0",,,Получение концентрата с использованием МГС из апатит-нефелиновых руд Хибинских месторождений,High,ГП №1_2026_d.pdf,2026-07-03
PAR_3124,MAT_6181,Прочность,МПа,"5,2",,,Используется при стохастическом подходе,High,ГП №1_2026_d.pdf,2026-07-03
PAR_3125,MAT_6181,Прочность,МПа,"4,1",,,Используется при детерминированном подходе,High,ГП №1_2026_d.pdf,2026-07-03
PAR_3126,PRO_6182,Коэффициент извлечения,%,"84,3",,,,High,ГП №1_2026_d.pdf,2026-07-03
PAR_3127,PRO_6183,Коэффициент извлечения,%,"89,7",,,,High,ГП №1_2026_d.pdf,2026-07-03
PAR_3128,MAT_1399,Содержание меди,%,"2,15",,,,High,ГП №1_2026_d.pdf,2026-07-03
PAR_3129,PRO_6190,Потери руды в целиках,,,,,При недооценке геологической неопределённости,High,ГП №1_2026_d.pdf,2026-07-03
PAR_3130,PRO_6190,Устойчивость выработанных пространств,,,,,При нарушении устойчивости выработанных пространств,High,ГП №1_2026_d.pdf,2026-07-03
PAR_3131,MAT_6194,Содержание меди,%,,"0,8","3,2",Для каждого объекта сформирована детальная блочная модель,High,ГП №1_2026_d.pdf,2026-07-03
PAR_3132,EQU_126,Глубина разработки,м,,250,850,Различные горно-геологические условия,High,ГП №1_2026_d.pdf,2026-07-03
PAR_3133,PRO_6195,Эффект самородка,,"0,12",,,Сферическая модель вариограммы,High,ГП №1_2026_d.pdf,2026-07-03
PAR_3134,MAT_3224,Плотность,т/м³,"2,12",,,,High,ГП №1_2026_d.pdf,2026-07-03
PAR_3135,MAT_3224,Соотношение цемента к общей массе сухих компонентов,,"0,18",,,,High,ГП №1_2026_d.pdf,2026-07-03
PAR_3136,PRO_6196,Значение прочности,МПа,"5,2",,,Для обеспечения требуемых прочностных характеристик искусственного массива,High,ГП №1_2026_d.pdf,2026-07-03
PAR_3137,PRO_6200,Средний объем транспортирования за смену,т,53950,,,Применение DQN-агента на Лебединском месторождении,High,ГП №1_2026_d.pdf,2026-07-03
PAR_3138,PRO_6200,Количество завершенных рейсов за смену,шт,407,,,Применение DQN-агента на Лебединском месторождении,High,ГП №1_2026_d.pdf,2026-07-03
PAR_3139,PRO_6200,Средняя длина очереди у экскаваторов,шт,"1,65",,,Применение DQN-агента на Лебединском месторождении,High,ГП №1_2026_d.pdf,2026-07-03
PAR_3140,EQU_1485,Скорость движения,км/ч,,35,40,,High,ГП №1_2026_d.pdf,2026-07-03
PAR_3141,EQU_1485,Коэффициент готовности,,,0.82,0.85,,High,ГП №1_2026_d.pdf,2026-07-03
PAR_3142,EQU_2334,Коэффициент готовности,,,0.88,0.92,,High,ГП №1_2026_d.pdf,2026-07-03
PAR_3143,EQU_5146,грузоподъемность,тонны,,130,450,"Различные модели самосвалов БелАЗ, используемые на предприятиях КМА",High,ГП №1_2026_d.pdf,2026-07-03
PAR_3144,EQU_3156,Время ожидания,ч,,"86,3","127,4",Время ожидания транспортного парка за смену,High,ГП №1_2026_d.pdf,2026-07-03
PAR_3145,EQU_5146,коэффициент технической готовности,,,"0,82","0,91",при интеграции предиктивного обслуживания с адаптивными алгоритмами распределения нагрузки,High,ГП №1_2026_d.pdf,2026-07-03
PAR_3146,EQU_6205,грузоподъемность,т,240,,,,High,ГП №1_2026_d.pdf,2026-07-03
PAR_3147,EQU_5146,грузоподъемность,т,130,,,,High,ГП №1_2026_d.pdf,2026-07-03
PAR_3148,EQU_5458,Грузоподъемность,тонны,130,,,,High,ГП №1_2026_d.pdf,2026-07-03
PAR_3149,PRO_6208,Коэффициент технической готовности,,,"0,82","0,91",Для карьерных самосвалов БелАЗ на месторождениях КМА,High,ГП №1_2026_d.pdf,2026-07-03
PAR_3150,PRO_6208,Прирост производительности,%,"11,93",,,Для карьерных самосвалов БелАЗ на месторождениях КМА,High,ГП №1_2026_d.pdf,2026-07-03
PAR_3151,PRO_6208,Сокращение очередей,%,"41,90",,,Для карьерных самосвалов БелАЗ на месторождениях КМА,High,ГП №1_2026_d.pdf,2026-07-03
PAR_3152,PRO_6210,Время ожидания транспорта,ч/смену,,86.3,127.4,Оптимизация транспортных потоков в карьерах,High,ГП №1_2026_d.pdf,2026-07-03
PAR_3153,PRO_6210,Расход топлива,л/ч,11,,,Режим холостого хода,High,ГП №1_2026_d.pdf,2026-07-03
PAR_3154,PRO_6210,Экономия топлива,л,331650,,,Годовая экономия при оптимизации транспортных потоков,High,ГП №1_2026_d.pdf,2026-07-03
PAR_3155,EXP_6214,Точность классификации,%,"95,73",,,Для оптимизированной 3D-2D CNN на датасете Cuprite,High,ГП №1_2026_d.pdf,2026-07-03
PAR_3156,EXP_6214,Каппа-коэффициент,,"0,951",,,Для оптимизированной 3D-2D CNN на датасете Cuprite,High,ГП №1_2026_d.pdf,2026-07-03
PAR_3157,PRO_6218,Диапазон длин волн,нм,,400,2500,Для определения спектральных признаков рудных минералов,High,ГП №1_2026_d.pdf,2026-07-03
PAR_3158,EQU_6217,Разрешение,м,"0,3–1,0",,,Для гиперспектральной съёмки,High,ГП №1_2026_d.pdf,2026-07-03
PAR_3159,PRO_6221,R²,,"0,866",,,оценка содержания никеля,High,ГП №1_2026_d.pdf,2026-07-03
PAR_3160,PRO_6222,R²,,"0,75",,,оценка содержания меди,High,ГП №1_2026_d.pdf,2026-07-03
PAR_3161,PRO_6222,RMSE,мг/л,"0,004",,,оценка содержания меди,High,ГП №1_2026_d.pdf,2026-07-03
PAR_3162,PRO_6221,RMSE,мг/кг,"1,321",,,оценка содержания никеля,High,ГП №1_2026_d.pdf,2026-07-03
PAR_3163,MAT_6227,Абсорбция,нм,,450,500,Переходы Fe2+ → Fe3+,High,ГП №1_2026_d.pdf,2026-07-03
PAR_3164,MAT_6228,Абсорбция,нм,650,,,Переходы d-электронов Ni2+,High,ГП №1_2026_d.pdf,2026-07-03
PAR_3165,MAT_6229,Абсорбция,нм,,850,920,,High,ГП №1_2026_d.pdf,2026-07-03
PAR_3166,MAT_6230,Абсорбция,нм,,800,850,,High,ГП №1_2026_d.pdf,2026-07-03
PAR_3167,EQU_2517,точность классификации,%,95.73,93.86,95.73,Оптимизированные 3D-2D CNN на эталонных датасетах минералов,High,ГП №1_2026_d.pdf,2026-07-03
PAR_3168,PRO_6239,Точность классификации,%,"95,73","80,3","96,2","Идеальные условия (сухая обнажённая порода, угол Солнца >60°, безоблачно)",High,ГП №1_2026_d.pdf,2026-07-03
PAR_3169,MAT_6244,КПД трансмиссии,%,,81,88,По сравнению с дизель-электрическим приводом при идентичной грузоподъемности 290–320 т,High,ГП №1_2026_d.pdf,2026-07-03
PAR_3170,MAT_6244,Энергетическая эффективность,%,,81,88,Сравнение с дизель-электрическими приводами,High,ГП №1_2026_d.pdf,2026-07-03
PAR_3171,MAT_6248,Стоимость,USD/kg,,5.79,6.85,Для достижения экономической эффективности,High,ГП №1_2026_d.pdf,2026-07-03
PAR_3172,MAT_6244,Стоимость,долл/кВт,,1200,1800,серийное производство,High,ГП №1_2026_d.pdf,2026-07-03
PAR_3173,MAT_6244,Ресурс работы,ч,,25000,30000,,High,ГП №1_2026_d.pdf,2026-07-03
PAR_3174,PRO_6254,Удельная энергоемкость,кВт·ч/кг,,"2,0","2,4",системы высокого давления,High,ГП №1_2026_d.pdf,2026-07-03
PAR_3175,MAT_6257,Емкость,%,52,52,100,При температуре -40°C,High,ГП №1_2026_d.pdf,2026-07-03
PAR_3176,EQU_6259,КПД,%,"47,4","31,8","58,2",При температуре от -40°C до +20°C,High,ГП №1_2026_d.pdf,2026-07-03
PAR_3177,EQU_6259,Время прогрева,мин,22-28,8,28,При температуре от -40°C до +5°C,High,ГП №1_2026_d.pdf,2026-07-03
PAR_3178,EQU_3156,Грузоподъёмность,т,,130,320,,High,ГП №1_2026_d.pdf,2026-07-03
PAR_3179,PRO_6262,Годовая транспортная работа,тонно-километров,"48,7 млн",,,,High,ГП №1_2026_d.pdf,2026-07-03
PAR_3180,EXP_6263,Удельная мощность,кВт на модуль,,100,120,для транспортных приложений,High,ГП №1_2026_d.pdf,2026-07-03
PAR_3181,MAT_6248,Стоимость,долл/кг,"6,30",,,,High,ГП №1_2026_d.pdf,2026-07-03
PAR_3182,MAT_4335,Стоимость,долл/л,"1,05",,,,High,ГП №1_2026_d.pdf,2026-07-03
PAR_3183,EQU_6265,Капитальные затраты,млн долл,"6,60",,,,High,ГП №1_2026_d.pdf,2026-07-03
PAR_3184,EQU_6267,Энергоэффективность,%,"87,3",,,,High,ГП №1_2026_d.pdf,2026-07-03
PAR_3185,EQU_6267,Удельный расход,МДж/т·км,,"1,53","2,87",,High,ГП №1_2026_d.pdf,2026-07-03
PAR_3186,PRO_875,Частота колебаний,Гц,,,,Влияние частоты вибровоздействия на повышение трещиноватости угольного пласта,High,ГП №1_2026_d.pdf,2026-07-03
PAR_3187,PRO_6276,Частота вибрации,Гц,,1,100,Лабораторные эксперименты с образцами угля,High,ГП №1_2026_d.pdf,2026-07-03
PAR_3188,PRO_6276,Амплитуда,мм,,"0,4","3,9",Лабораторные эксперименты с образцами угля,High,ГП №1_2026_d.pdf,2026-07-03
PAR_3189,PUB_895,Метаноотдача,м³/т,,"0,1","7,8",При вибровоздействии,High,ГП №1_2026_d.pdf,2026-07-03
PAR_3190,FAC_6278,Возраст титанита,млн лет,"1896,2 ± 6,2",,,Подтверждение синорогенного формирования Cu-Ag минерализации,High,ГП №1_2026_d.pdf,2026-07-03
PAR_3191,PRO_6276,Частота,Гц,,,,В диапазоне резонансных частот,High,ГП №1_2026_d.pdf,2026-07-03
PAR_3192,MAT_880,Проницаемость,,Низкая,,,,High,ГП №1_2026_d.pdf,2026-07-03
PAR_3193,PRO_6284,точность классификации,%,95–98,95,98,в задачах минерального прогнозирования,High,ГП №1_2026_d.pdf,2026-07-03
PAR_3194,PRO_6286,Частота,Гц,,0,100,Эксперимент по исследованию газоотдачи из угля,High,ГП №1_2026_d.pdf,2026-07-03
PAR_3195,PRO_6286,Амплитуда,мм,,"0,1","3,9",Эксперимент по исследованию газоотдачи из угля,High,ГП №1_2026_d.pdf,2026-07-03
PAR_3196,PRO_6290,Порог P,Безразмерная величина,,"0,50","0,95",Эффективность поисковых работ при различных порогах вероятности,High,ГП №1_2026_d.pdf,2026-07-03
PAR_3197,PRO_6290,Площадь,км²,,48,2736,Площадь поисковых работ при различных порогах вероятности,High,ГП №1_2026_d.pdf,2026-07-03
PAR_3198,PRO_6290,Доля площади,%,,"0,4","22,8",Доля площади поисковых работ при различных порогах вероятности,High,ГП №1_2026_d.pdf,2026-07-03
PAR_3199,PRO_6290,Захваченные проявления,Количество,,12,40,Количество захваченных рудопроявлений при различных порогах вероятности,High,ГП №1_2026_d.pdf,2026-07-03
PAR_3200,PRO_6290,Полнота,%,,"28,6","95,2",Полнота поисковых работ при различных порогах вероятности,High,ГП №1_2026_d.pdf,2026-07-03
PAR_3201,FAC_6278,Запасы Cu,млн т,"26,7",,,,High,ГП №1_2026_d.pdf,2026-07-03
PAR_3202,FAC_6278,Среднее содержание Cu,%,"1,05",,,,High,ГП №1_2026_d.pdf,2026-07-03
PAR_3203,PRO_6289,точность,%,"94,87",,,Прогнозирование медно-порфировой минерализации Удоканского типа,High,ГП №1_2026_d.pdf,2026-07-03
PAR_3204,FAC_6278,запасы меди,млн т,"26,7",,,,High,ГП №1_2026_d.pdf,2026-07-03
PAR_3205,PRO_6303,Величина горизонтального смещения горной массы,не указана,,,,Определяется на основании экспериментальных работ с использованием маркеров-датчиков,High,ГП №1_2026_d.pdf,2026-07-03
PAR_3206,PRO_6289,learning rate,,"0,0001",,,Параметры оптимизатора Adam,High,ГП №1_2026_d.pdf,2026-07-03
PAR_3207,PRO_6289,ȕ1,,"0,9",,,Параметры оптимизатора Adam,High,ГП №1_2026_d.pdf,2026-07-03
PAR_3208,PRO_6289,ȕ2,,"0,999",,,Параметры оптимизатора Adam,High,ГП №1_2026_d.pdf,2026-07-03
PAR_3209,PRO_6289,İ,,10-8,,,Параметры оптимизатора Adam,High,ГП №1_2026_d.pdf,2026-07-03
PAR_3210,PRO_6289,L2-регуляризация,,"0,001",,,,High,ГП №1_2026_d.pdf,2026-07-03
PAR_3211,PRO_6308,Количество трещин Jv,шт.,,,,Зависимость от удельного сопротивления Ω,High,ГП №1_2026_d.pdf,2026-07-03
PAR_3212,PRO_6308,Удельное сопротивление Ω,Ом*м,,,,Зависимость от количества трещин Jv,High,ГП №1_2026_d.pdf,2026-07-03
PAR_3213,MAT_961,Горизонтальное смещение,м,,0.1,6.8,,High,ГП №1_2026_d.pdf,2026-07-03
PAR_3214,MAT_961,Плотность пород,кг/м3,,2700,3210,,High,ГП №1_2026_d.pdf,2026-07-03
PAR_3215,MAT_961,Модуль Юнга,109Па,,43.8,61,,High,ГП №1_2026_d.pdf,2026-07-03
PAR_3216,MAT_961,Количество трещин,шт./м,,2.5,7.3,,High,ГП №1_2026_d.pdf,2026-07-03
PAR_3217,MAT_961,Коэффициент Пуассона,,,0.19,0.2,,High,ГП №1_2026_d.pdf,2026-07-03
PAR_3218,MAT_961,Предел прочности на одноосное сжатие,МПа,,68.55,75.97,,High,ГП №1_2026_d.pdf,2026-07-03
PAR_3219,MAT_961,Предел прочности на растяжение,МПа,,3.8,6.7,,High,ГП №1_2026_d.pdf,2026-07-03
PAR_3220,MAT_961,RQD,%,,73.1,98,,High,ГП №1_2026_d.pdf,2026-07-03
PAR_3221,PRO_6311,корреляция с количеством трещин N на метр,,"-0,977",,,,High,ГП №1_2026_d.pdf,2026-07-03
PAR_3222,PRO_6311,корреляция со средним расстоянием a между трещинами,,"0,684",,,,High,ГП №1_2026_d.pdf,2026-07-03
PAR_3223,PRO_6314,Температура,°C,,50,,Влияние повышенной температуры на процесс твердения набрызгбетонного крепления,High,ГП №1_2026_d.pdf,2026-07-03
PAR_3224,PRO_6314,Влажность,,,,,Влияние низкой влажности на процесс твердения набрызгбетонного крепления,High,ГП №1_2026_d.pdf,2026-07-03
PAR_3225,PRO_6311,Горизонтальное смещение S,,,,,"Корреляция с RQD -0,795",High,ГП №1_2026_d.pdf,2026-07-03
PAR_3226,PRO_6311,Плотность P,,,,,"Корреляция с RQD 0,829",High,ГП №1_2026_d.pdf,2026-07-03
PAR_3227,PRO_6311,Количество трещин N,на метр,,,,"Корреляция с RQD -0,977",High,ГП №1_2026_d.pdf,2026-07-03
PAR_3228,PRO_6311,Предел прочности на растяжение,,,,,"Корреляция с RQD -0,767",High,ГП №1_2026_d.pdf,2026-07-03
PAR_3229,PRO_6329,Значение,,,0.5,20,Для массивных не трещиноватых горных пород и разрушенного сильнотрещиноватого массива горных пород,High,ГП №1_2026_d.pdf,2026-07-03
PAR_3230,PRO_6330,Значение,,,0.5,4.0,Для плоской и неровной поверхности трещин,High,ГП №1_2026_d.pdf,2026-07-03
PAR_3231,PRO_6331,Значение,,,0.75,20.0,"Без изменения и при изменении поверхности трещин, в т.ч. при включении глины",High,ГП №1_2026_d.pdf,2026-07-03
PAR_3232,PRO_6332,Значение,,,0.05,1.0,При необводненном массиве горных пород или с незначительными притоком и давлением и при интенсивном водном притоке или давлении,High,ГП №1_2026_d.pdf,2026-07-03
PAR_3233,PRO_6333,Значение,,,2.5,20.0,В горных крепких породах и в случае наличия многочисленных зон ослабления горных пород,High,ГП №1_2026_d.pdf,2026-07-03
PAR_3234,PRO_2090,Глубина,м,,2000,,Шахта 'Глубокая',High,ГП №1_2026_d.pdf,2026-07-03
PAR_3235,EQU_6337,Длина анкерной крепи,м,2.4,,,Для условий выработок РВ-1 и РВ-2,High,ГП №1_2026_d.pdf,2026-07-03
PAR_3236,EQU_6337,Шаг установки анкеров,мм,800x800,,,Для условий выработок РВ-1 и РВ-2,High,ГП №1_2026_d.pdf,2026-07-03
PAR_3237,EQU_6337,Толщина набрызгбетона,мм,70,,,Для условий выработок РВ-1 и РВ-2,High,ГП №1_2026_d.pdf,2026-07-03
PAR_3238,PRO_6340,температура,°C,,18,22,нормальные условия твердения бетона,High,ГП №1_2026_d.pdf,2026-07-03
PAR_3239,PRO_6340,относительная влажность воздуха,%,,90,,нормальные условия твердения бетона,High,ГП №1_2026_d.pdf,2026-07-03
PAR_3240,PRO_6344,Температура,°C,,50,,Условия повышенных температур,High,ГП №1_2026_d.pdf,2026-07-03
PAR_3241,PRO_6344,Влажность,%,,22,31,Низкая влажность,High,ГП №1_2026_d.pdf,2026-07-03
PAR_3242,MAT_6339,прочность при сжатии,МПа,,"16,6","26,7",при различных условиях хранения,High,ГП №1_2026_d.pdf,2026-07-03
PAR_3243,EQU_6348,Линейная скорость вращения,м/с,,10,15,При глубоком фрезеровании торфа,High,ГП №1_2026_d.pdf,2026-07-03
PAR_3244,EQU_6348,Глубина фрезерования,м,"0,4",,,,High,ГП №1_2026_d.pdf,2026-07-03
PAR_3245,EQU_6348,Количество режущих элементов,ед.,,100,200,,High,ГП №1_2026_d.pdf,2026-07-03
PAR_3246,PRO_6349,Глубина резания,см,,1,2,Эксперимент с маятниковым копром,High,ГП №1_2026_d.pdf,2026-07-03
PAR_3247,EQU_6350,Скорость резания,м/с,"3,64",,,Эксперимент с торфяным сырьём,High,ГП №1_2026_d.pdf,2026-07-03
PAR_3248,MAT_273,Объём стружки,м³,,"2,674 · 10^-5","7,83 · 10^-5",Глубина резания 1 см и 2 см,High,ГП №1_2026_d.pdf,2026-07-03
PAR_3249,EQU_6352,геометрия,,,,,для глубокого фрезерования торфяной залежи,High,ГП №1_2026_d.pdf,2026-07-03
PAR_3250,EQU_6352,расположение резцов,,,,,на фрезерном барабане,High,ГП №1_2026_d.pdf,2026-07-03
PAR_3251,EQU_6355,Потребляемая мощность,Вт,"9690,408",,,Резание торфа прямоугольными резцами,High,ГП №1_2026_d.pdf,2026-07-03
PAR_3252,EQU_6355,Теоретическая мощность по Самсонову,Вт,"11257,372",,,,High,ГП №1_2026_d.pdf,2026-07-03
PAR_3253,EQU_6355,Потребляемая мощность для фрезерования торфа треугольными резцами,Вт,"5814,244",,,,High,ГП №1_2026_d.pdf,2026-07-03
PAR_3254,EQU_6355,Потребляемая мощность для фрезерования торфа чашечными резцами,Вт,"10894,702",,,,High,ГП №1_2026_d.pdf,2026-07-03
PAR_3255,EQU_810,Наработка на отказ,км,,,,Среднее значение наработки на отказ эталонного образца,High,ГП №1_2026_d.pdf,2026-07-03
PAR_3256,EQU_810,Пробег,км,,,,Пробег горной машины до последнего эксплуатационного отказа (ремонта),High,ГП №1_2026_d.pdf,2026-07-03
PAR_3257,EQU_810,Средняя скорость движения,км/ч,,,,,High,ГП №1_2026_d.pdf,2026-07-03
PAR_3258,EQU_810,Пробег,км,,,,Эксплуатационные условия,High,ГП №1_2026_d.pdf,2026-07-03
PAR_3259,PRO_6364,Вероятность отказа,,,,,Зависит от условий эксплуатации и конструктивных особенностей,High,ГП №1_2026_d.pdf,2026-07-03
PAR_3260,PRO_6366,Пробег,Единицы измерения не указаны,,,,Нарастающее значение пробега горных машин за каждую временную дискрету модельного времени,High,ГП №1_2026_d.pdf,2026-07-03
PAR_3261,EXP_6367,Интервал пробега,не указана,,,,Определяется в ходе моделирования для оценки вероятности выхода из строя горно-металлургического оборудования,High,ГП №1_2026_d.pdf,2026-07-03
PAR_3262,EXP_6367,Вероятность выхода из строя,,,0,1,Рассчитывается на основе аналитических зависимостей для оценки технического состояния горно-металлургического оборудования,High,ГП №1_2026_d.pdf,2026-07-03
PAR_3263,FAC_6370,геологическая структура,,,,,сложная геологическая структура пласта,High,ГП №1_2026_d.pdf,2026-07-03
PAR_3264,PRO_6122,Время бурения,Часы,,,,Сокращение времени бурения при применении передовых технологий,High,ГП №1_2026_d.pdf,2026-07-03
PAR_3265,PRO_6378,Объём добычи,Единицы измерения объёма,,,,Увеличение объёма добычи при применении передовых технологий бурения,High,ГП №1_2026_d.pdf,2026-07-03
PAR_3266,PRO_6380,Давление,атм,,,,Высокое давление для создания трещин в коллекторе,High,ГП №1_2026_d.pdf,2026-07-03
PAR_3267,EQU_6383,Депрессия,,,,,Соотношение депрессий внутри эксплуатируемых пластов для эффективной добычи ресурсов,High,ГП №1_2026_d.pdf,2026-07-03
PAR_3268,EQU_6390,Расход топлива,л/ч,,,,Минимальные расходы топлива при высокой эффективности,High,ГП №1_2026_d.pdf,2026-07-03
PAR_3269,MAT_6392,Механическая скорость бурения,м/ч,,,,Бурение в твёрдых и прочных породах,High,ГП №1_2026_d.pdf,2026-07-03
PAR_3270,PRO_2673,Глубина скважины,м,,,,Зависит от геологических условий месторождения,High,ГП №1_2026_d.pdf,2026-07-03
PAR_3271,PRO_2673,Давление,атм,,,,В процессе бурения и эксплуатации скважины,High,ГП №1_2026_d.pdf,2026-07-03
